{"type":"FeatureCollection","features":[{"type":"Feature","properties":{"nombre":"LOS BASTOS","codigo":"BAS","operador":"TECPETROL S.A.","participacion":"TECPETROL S.A.: 100 %","pozos":0,"boe_acum_mboe":null,"petroleo_acum_mbbl":null,"npv_musd_mediano":null,"eur_mbbl_mediana":null,"vaca_muerta":0,"operador_principal":null,"boe_por_pozo_mboe":null},"geometry":{"type":"Polygon","coordinates":[[[-68.50936,-38.88744],[-68.50884,-38.95949],[-68.72226,-38.9602],[-68.72246,-38.90616],[-68.76858,-38.90626],[-68.76878,-38.84841],[-68.6741,-38.84818],[-68.67421,-38.85608],[-68.66299,-38.85601],[-68.66289,-38.86572],[-68.6285,-38.86571],[-68.61397,-38.87316],[-68.59942,-38.8737],[-68.57992,-38.88769],[-68.56883,-38.88915],[-68.55862,-38.88728],[-68.50936,-38.88744]]]}},{"type":"Feature","properties":{"nombre":"FORTIN DE PIEDRA","codigo":"FOR","operador":"TECPETROL S.A.","participacion":"TECPETROL S.A.: 100 %","pozos":197,"boe_acum_mboe":288753.7,"petroleo_acum_mbbl":18076.5,"npv_musd_mediano":-9.4,"eur_mbbl_mediana":38.1,"vaca_muerta":197,"operador_principal":"Tecpetrol","boe_por_pozo_mboe":1465.8},"geometry":{"type":"MultiPolygon","coordinates":[[[[-68.9878,-38.51642],[-68.98768,-38.62181],[-69.10475,-38.62173],[-69.10461,-38.60201],[-69.06786,-38.60184],[-69.06782,-38.57316],[-69.03295,-38.57312],[-69.03293,-38.53898],[-69.01418,-38.53882],[-69.01405,-38.5165],[-68.9878,-38.51642]]],[[[-68.98132,-38.48087],[-68.98129,-38.49196],[-69.00962,-38.4918],[-69.00942,-38.50638],[-69.03045,-38.50637],[-69.03045,-38.51383],[-69.03886,-38.51383],[-69.04056,-38.51528],[-69.04748,-38.52569],[-69.04925,-38.53063],[-69.04876,-38.53403],[-69.05098,-38.53745],[-69.05811,-38.54168],[-69.06013,-38.54653],[-69.06445,-38.54812],[-69.07421,-38.55973],[-69.08729,-38.56741],[-69.08916,-38.57128],[-69.09792,-38.57718],[-69.10819,-38.57918],[-69.11338,-38.58203],[-69.13573,-38.59967],[-69.14781,-38.60451],[-69.16715,-38.60838],[-69.17496,-38.60458],[-69.18353,-38.6054],[-69.1986,-38.61408],[-69.20334,-38.61534],[-69.20835,-38.61997],[-69.21697,-38.62169],[-69.23123,-38.62166],[-69.2308,-38.5153],[-69.05657,-38.51547],[-69.05654,-38.44467],[-68.96491,-38.44468],[-68.9649,-38.48083],[-68.98132,-38.48087]]]]}},{"type":"Feature","properties":{"nombre":"AGUA SALADA","codigo":"SAL","operador":"TECPETROL S.A.","participacion":"YPF S.A.: 30.00 % TECPETROL S.A.: 70.00 %","pozos":0,"boe_acum_mboe":null,"petroleo_acum_mbbl":null,"npv_musd_mediano":null,"eur_mbbl_mediana":null,"vaca_muerta":0,"operador_principal":null,"boe_por_pozo_mboe":null},"geometry":{"type":"Polygon","coordinates":[[[-67.72976,-38.52465],[-67.79797,-38.52535],[-67.79867,-38.48342],[-67.93536,-38.48474],[-67.936,-38.44158],[-67.88228,-38.44108],[-67.88307,-38.39026],[-67.9523,-38.3909],[-67.95262,-38.36855],[-68.08381,-38.36961],[-68.08449,-38.31554],[-68.05591,-38.31532],[-67.97096,-38.25786],[-67.97143,-38.22452],[-67.73504,-38.22221],[-67.72976,-38.52465]]]}},{"type":"Feature","properties":{"nombre":"CERRO BANDERA","codigo":"CBA","operador":"OILSTONE ENERGIA S.A.","participacion":"OILSTONE ENERGIA S.A.: 100 %","pozos":0,"boe_acum_mboe":null,"petroleo_acum_mbbl":null,"npv_musd_mediano":null,"eur_mbbl_mediana":null,"vaca_muerta":0,"operador_principal":null,"boe_por_pozo_mboe":null},"geometry":{"type":"Polygon","coordinates":[[[-69.44858,-38.8741],[-69.44889,-38.92364],[-69.49506,-38.92343],[-69.49544,-38.97746],[-69.5877,-38.97707],[-69.58726,-38.92302],[-69.79452,-38.9218],[-69.45965,-38.80162],[-69.46007,-38.87405],[-69.44858,-38.8741]]]}},{"type":"Feature","properties":{"nombre":"EL SOSNEADO","codigo":"ESO","operador":"PETROQUIMICA COMODORO RIVADAVIA S.A.","participacion":"PETROQUIMICA COMODORO RIVADAVIA S.A.: 100 %","pozos":0,"boe_acum_mboe":null,"petroleo_acum_mbbl":null,"npv_musd_mediano":null,"eur_mbbl_mediana":null,"vaca_muerta":0,"operador_principal":null,"boe_por_pozo_mboe":null},"geometry":{"type":"Polygon","coordinates":[[[-69.36045,-34.94656],[-69.36098,-35.06734],[-69.61336,-35.06632],[-69.62218,-35.05277],[-69.62078,-35.04662],[-69.62884,-35.0238],[-69.66184,-34.97677],[-69.67425,-34.96865],[-69.55765,-34.96925],[-69.55757,-34.94576],[-69.36045,-34.94656]]]}},{"type":"Feature","properties":{"nombre":"MEDANITO","codigo":"NIT","operador":"RIBEIRO S.R.L","participacion":"PETROQUIMICA COMODORO RIVADAVIA S.A.: 80 % PAMPETROL S.A.P.E.M: 20 %","pozos":0,"boe_acum_mboe":null,"petroleo_acum_mbbl":null,"npv_musd_mediano":null,"eur_mbbl_mediana":null,"vaca_muerta":0,"operador_principal":null,"boe_por_pozo_mboe":null},"geometry":{"type":"Polygon","coordinates":[[[-67.36343,-37.91202],[-67.35784,-38.16305],[-67.58429,-38.16599],[-67.5857,-38.0935],[-67.72388,-38.09507],[-67.7325,-38.0734],[-67.73916,-38.07536],[-67.74843,-38.05685],[-67.75731,-38.05568],[-67.75744,-38.05129],[-67.81112,-38.03835],[-67.8117,-38.00864],[-67.7771,-37.9961],[-67.72992,-37.9979],[-67.73233,-38.05102],[-67.61841,-38.04973],[-67.61935,-38.00198],[-67.72992,-37.9979],[-67.83344,-37.92505],[-67.83844,-37.92509],[-67.82359,-37.91909],[-67.36343,-37.91202]]]}},{"type":"Feature","properties":{"nombre":"EL TRAPIAL - CURAMCHED","codigo":"HUA","operador":"CHEVRON ARGENTINA S.R.L.","participacion":"CHEVRON ARGENTINA S.R.L.: 100 %","pozos":46,"boe_acum_mboe":19807.2,"petroleo_acum_mbbl":13794.7,"npv_musd_mediano":13.9,"eur_mbbl_mediana":1375.5,"vaca_muerta":46,"operador_principal":"Chevron","boe_por_pozo_mboe":430.6},"geometry":{"type":"Polygon","coordinates":[[[-69.18162,-37.36127],[-69.1817,-37.39325],[-69.253,-37.39312],[-69.29442,-37.42738],[-69.29474,-37.50959],[-69.40303,-37.50927],[-69.40301,-37.50593],[-69.46135,-37.50571],[-69.46152,-37.53386],[-69.52662,-37.53359],[-69.52588,-37.42781],[-69.6094,-37.42741],[-69.60886,-37.35984],[-69.18162,-37.36127]]]}},{"type":"Feature","properties":{"nombre":"UMBRAL","codigo":"Z149","operador":"PETROLERA PIEDRA DEL AGUILA S.A.","participacion":"PETROLERA PIEDRA DEL AGUILA S.A.: 100 %","pozos":0,"boe_acum_mboe":null,"petroleo_acum_mbbl":null,"npv_musd_mediano":null,"eur_mbbl_mediana":null,"vaca_muerta":0,"operador_principal":null,"boe_por_pozo_mboe":null},"geometry":{"type":"Polygon","coordinates":[[[-69.36185,-39.57739],[-69.30365,-39.57756],[-69.30374,-39.59706],[-69.31762,-39.61355],[-69.36204,-39.61342],[-69.36185,-39.57739]]]}},{"type":"Feature","properties":{"nombre":"SEÑAL CERRO BAYO","codigo":"CBY","operador":"BENTIA ENERGY S.A.","participacion":"INGENIERIA SIMA S.A.: 30 % BENTIA ENERGY S.A.: 70 %","pozos":0,"boe_acum_mboe":null,"petroleo_acum_mbbl":null,"npv_musd_mediano":null,"eur_mbbl_mediana":null,"vaca_muerta":0,"operador_principal":null,"boe_por_pozo_mboe":null},"geometry":{"type":"Polygon","coordinates":[[[-68.67088,-37.59071],[-68.67055,-37.66278],[-68.77255,-37.66302],[-68.77277,-37.59095],[-68.67088,-37.59071]]]}},{"type":"Feature","properties":{"nombre":"CHIHUIDO DE LA SIERRA NEGRA","codigo":"CSN","operador":"YPF S.A.","participacion":"COMPAÑIA DE DESARROLLO NO CONVENCIONAL S.R.L.: 7 % YPF S.A.: 93 %","pozos":16,"boe_acum_mboe":3695.0,"petroleo_acum_mbbl":2650.9,"npv_musd_mediano":1.2,"eur_mbbl_mediana":441.2,"vaca_muerta":15,"operador_principal":"YPF","boe_por_pozo_mboe":230.9},"geometry":{"type":"Polygon","coordinates":[[[-69.07123,-37.17038],[-69.0713,-37.23706],[-69.19526,-37.23692],[-69.19533,-37.26485],[-69.15249,-37.26492],[-69.15268,-37.35502],[-69.11881,-37.35506],[-69.00142,-37.28574],[-69.00142,-37.24249],[-68.93721,-37.24249],[-68.93754,-37.36957],[-68.92996,-37.36885],[-68.91915,-37.37026],[-68.89104,-37.3766],[-68.88571,-37.37871],[-68.88202,-37.38478],[-68.87442,-37.39001],[-68.86365,-37.39254],[-68.86358,-37.43343],[-68.94267,-37.4335],[-68.94266,-37.45602],[-69.16873,-37.45591],[-69.16851,-37.36131],[-69.45069,-37.36061],[-69.44991,-37.22992],[-69.1682,-37.23066],[-69.16807,-37.17029],[-69.07123,-37.17038]]]}},{"type":"Feature","properties":{"nombre":"OCTOGONO","codigo":"OCT","operador":"BENTIA ENERGY S.A.","participacion":"BENTIA ENERGY S.A.: 100 %","pozos":12,"boe_acum_mboe":2394.0,"petroleo_acum_mbbl":73.3,"npv_musd_mediano":null,"eur_mbbl_mediana":null,"vaca_muerta":0,"operador_principal":"BENTIA ENERGY S.A.","boe_por_pozo_mboe":199.5},"geometry":{"type":"Polygon","coordinates":[[[-69.27689,-38.92707],[-69.23769,-38.92402],[-69.2342,-38.92131],[-69.21638,-38.88773],[-69.17347,-38.87383],[-69.13055,-38.88771],[-69.11269,-38.92121],[-69.13043,-38.95484],[-69.17225,-38.96837],[-69.17217,-38.93696],[-69.27309,-38.93677],[-69.27689,-38.92707]]]}},{"type":"Feature","properties":{"nombre":"DON RUIZ","codigo":"DRU","operador":"BENTIA ENERGY S.A.","participacion":"BENTIA ENERGY S.A.: 100 %","pozos":0,"boe_acum_mboe":null,"petroleo_acum_mbbl":null,"npv_musd_mediano":null,"eur_mbbl_mediana":null,"vaca_muerta":0,"operador_principal":null,"boe_por_pozo_mboe":null},"geometry":{"type":"Polygon","coordinates":[[[-68.80338,-37.57262],[-68.80336,-37.58108],[-68.74449,-37.58097],[-68.74446,-37.59089],[-68.77277,-37.59095],[-68.77255,-37.66302],[-68.67055,-37.66279],[-68.67064,-37.64288],[-68.60094,-37.64268],[-68.60083,-37.66469],[-68.61558,-37.66474],[-68.61549,-37.68214],[-68.76512,-37.68253],[-68.76504,-37.70956],[-68.81944,-37.70965],[-68.81977,-37.57264],[-68.80338,-37.57262]]]}},{"type":"Feature","properties":{"nombre":"SEÑAL PICADA - PUNTA BARDA","codigo":"SPR","operador":"YPF S.A.","participacion":"YPF S.A.: 100 %","pozos":0,"boe_acum_mboe":null,"petroleo_acum_mbbl":null,"npv_musd_mediano":null,"eur_mbbl_mediana":null,"vaca_muerta":0,"operador_principal":null,"boe_por_pozo_mboe":null},"geometry":{"type":"Polygon","coordinates":[[[-68.43797,-37.54264],[-68.41833,-37.54828],[-68.41329,-37.54814],[-68.40483,-37.55219],[-68.40174,-37.54745],[-68.39327,-37.54251],[-68.37157,-37.54196],[-68.34881,-37.54757],[-68.32822,-37.54376],[-68.32309,-37.54024],[-68.31864,-37.5397],[-68.30583,-37.54297],[-68.29237,-37.55333],[-68.26413,-37.567],[-68.25474,-37.56914],[-68.25145,-37.57306],[-68.24075,-37.57779],[-68.21441,-37.58445],[-68.19227,-37.58534],[-68.18403,-37.58191],[-68.16531,-37.57872],[-68.15277,-37.57928],[-68.10546,-37.59075],[-68.09175,-37.58775],[-68.08144,-37.58799],[-68.06753,-37.59319],[-68.05647,-37.58932],[-68.03709,-37.59101],[-68.02017,-37.59465],[-68.00798,-37.59954],[-67.98657,-37.60193],[-67.95981,-37.60019],[-67.94388,-37.60139],[-67.93425,-37.6034],[-67.9251,-37.60766],[-67.90869,-37.60992],[-67.893,-37.60824],[-67.8488,-37.61633],[-67.83675,-37.62129],[-67.81094,-37.64181],[-67.79674,-37.64188],[-67.782,-37.65338],[-67.77824,-37.66034],[-67.77107,-37.66581],[-67.76523,-37.67642],[-67.97878,-37.6967],[-67.97904,-37.67867],[-68.07932,-37.67949],[-68.07902,-37.70472],[-68.07493,-37.71009],[-68.14642,-37.71063],[-68.14593,-37.75297],[-68.36376,-37.75432],[-68.36408,-37.72012],[-68.47291,-37.72065],[-68.4735,-37.64046],[-68.43797,-37.54264]]]}},{"type":"Feature","properties":{"nombre":"PASO DE LAS BARDAS NORTE","codigo":"PBN","operador":"YPF S.A.","participacion":"YPF S.A.: 100 %","pozos":4,"boe_acum_mboe":3205.2,"petroleo_acum_mbbl":168.8,"npv_musd_mediano":-5.4,"eur_mbbl_mediana":178.0,"vaca_muerta":1,"operador_principal":"YPF","boe_por_pozo_mboe":801.3},"geometry":{"type":"Polygon","coordinates":[[[-69.44954,-37.16864],[-69.4497,-37.19477],[-69.5139,-37.19451],[-69.51316,-37.08549],[-69.38161,-37.08597],[-69.38198,-37.16681],[-69.38596,-37.16638],[-69.38887,-37.16946],[-69.39514,-37.1711],[-69.39731,-37.17375],[-69.40749,-37.17513],[-69.4322,-37.17273],[-69.44132,-37.16442],[-69.44954,-37.16864]]]}},{"type":"Feature","properties":{"nombre":"CAÑADON AMARILLO","codigo":"CAM","operador":"QUINTANA E&P ARGENTINA S.R.L.","participacion":"QUINTANA E&P ARGENTINA S.R.L.: 10 % COMPAÑIA TSB S.A: 10 % QUINTANA ENERGY INVESTMENTS S.A.: 79 % GAS STORAGE AND MIDSTREAM SERVICES S.A.: 1 %","pozos":0,"boe_acum_mboe":null,"petroleo_acum_mbbl":null,"npv_musd_mediano":null,"eur_mbbl_mediana":null,"vaca_muerta":0,"operador_principal":null,"boe_por_pozo_mboe":null},"geometry":{"type":"Polygon","coordinates":[[[-69.16808,-37.17771],[-69.19014,-37.17433],[-69.20309,-37.16897],[-69.21272,-37.17191],[-69.22389,-37.17169],[-69.23774,-37.16125],[-69.25432,-37.15536],[-69.25534,-37.15236],[-69.25979,-37.14813],[-69.26658,-37.14495],[-69.2688,-37.14064],[-69.28509,-37.1417],[-69.29241,-37.14492],[-69.29741,-37.14496],[-69.30776,-37.15206],[-69.32795,-37.14564],[-69.33164,-37.14576],[-69.33857,-37.14968],[-69.35642,-37.1516],[-69.36878,-37.15965],[-69.38194,-37.15965],[-69.38161,-37.08598],[-69.45355,-37.08573],[-69.45468,-36.94447],[-69.4878,-36.87902],[-69.44971,-36.86612],[-69.44726,-36.77939],[-69.16721,-36.78012],[-69.16808,-37.17771]]]}},{"type":"Feature","properties":{"nombre":"LAS MANADAS","codigo":"LSMA","operador":"BENTIA ENERGY S.A.","participacion":"BENTIA ENERGY S.A.: 70 % INGENIERIA SIMA S.A.: 30 %","pozos":3,"boe_acum_mboe":366.7,"petroleo_acum_mbbl":282.5,"npv_musd_mediano":-2.6,"eur_mbbl_mediana":279.8,"vaca_muerta":3,"operador_principal":"BENTIA ENERGY S.A.","boe_por_pozo_mboe":122.2},"geometry":{"type":"Polygon","coordinates":[[[-68.90478,-37.72631],[-68.90469,-37.79836],[-69.09997,-37.79836],[-69.09993,-37.76333],[-68.95475,-37.76336],[-68.95477,-37.72634],[-68.90478,-37.72631]]]}},{"type":"Feature","properties":{"nombre":"LOMA DE LA MINA","codigo":"LDM","operador":"E.M.E.S.A","participacion":"E.M.E.S.A: 100 %","pozos":0,"boe_acum_mboe":null,"petroleo_acum_mbbl":null,"npv_musd_mediano":null,"eur_mbbl_mediana":null,"vaca_muerta":0,"operador_principal":null,"boe_por_pozo_mboe":null},"geometry":{"type":"Polygon","coordinates":[[[-69.55685,-34.86709],[-69.43493,-34.86759],[-69.43532,-34.94643],[-69.55739,-34.94593],[-69.55685,-34.86709]],[[-69.50434,-34.92353],[-69.5082,-34.93944],[-69.48887,-34.94261],[-69.48503,-34.92669],[-69.50434,-34.92353]],[[-69.4904,-34.88984],[-69.49851,-34.89444],[-69.47821,-34.91856],[-69.47014,-34.91398],[-69.4904,-34.88984]],[[-69.51531,-34.89802],[-69.52351,-34.90253],[-69.5071,-34.92277],[-69.49886,-34.91824],[-69.51531,-34.89802]],[[-69.46266,-34.89961],[-69.47199,-34.90221],[-69.46465,-34.92004],[-69.45528,-34.91753],[-69.46266,-34.89961]]]}},{"type":"Feature","properties":{"nombre":"LOS LEONES","codigo":"LOLE","operador":"PETROLERA PIEDRA DEL AGUILA S.A.","participacion":"PETROLERA PIEDRA DEL AGUILA S.A.: 100 %","pozos":0,"boe_acum_mboe":null,"petroleo_acum_mbbl":null,"npv_musd_mediano":null,"eur_mbbl_mediana":null,"vaca_muerta":0,"operador_principal":null,"boe_por_pozo_mboe":null},"geometry":{"type":"Polygon","coordinates":[[[-69.39518,-39.55477],[-69.37337,-39.55484],[-69.37342,-39.56385],[-69.35014,-39.56392],[-69.35021,-39.57743],[-69.36185,-39.57739],[-69.3619,-39.5882],[-69.40148,-39.58807],[-69.40142,-39.57726],[-69.43208,-39.57715],[-69.39518,-39.55477]]]}},{"type":"Feature","properties":{"nombre":"VOLCAN AUCA MAHUIDA","codigo":"VOL","operador":"BENTIA ENERGY S.A.","participacion":"BENTIA ENERGY S.A.: 70 % INGENIERIA SIMA S.A.: 30 %","pozos":0,"boe_acum_mboe":null,"petroleo_acum_mbbl":null,"npv_musd_mediano":null,"eur_mbbl_mediana":null,"vaca_muerta":0,"operador_principal":null,"boe_por_pozo_mboe":null},"geometry":{"type":"Polygon","coordinates":[[[-68.81953,-37.6451],[-68.81916,-37.79826],[-68.90469,-37.79836],[-68.90478,-37.72631],[-68.95477,-37.72634],[-68.95475,-37.76336],[-69.03321,-37.76336],[-69.03318,-37.70379],[-69.0105,-37.7038],[-69.01049,-37.65695],[-68.96686,-37.65694],[-68.96688,-37.62901],[-68.87342,-37.62895],[-68.87339,-37.64517],[-68.81953,-37.6451]]]}},{"type":"Feature","properties":{"nombre":"LOMA CAMPANA","codigo":"LCAM","operador":"YPF S.A.","participacion":"YPF S.A.: 50 % COMPAÑIA DE HIDROCARBURO NO CONVENCIONAL S.R.L.: 50 %","pozos":876,"boe_acum_mboe":284502.4,"petroleo_acum_mbbl":228730.4,"npv_musd_mediano":-2.2,"eur_mbbl_mediana":384.4,"vaca_muerta":845,"operador_principal":"YPF","boe_por_pozo_mboe":324.8},"geometry":{"type":"Polygon","coordinates":[[[-68.50605,-38.52607],[-68.51855,-38.51853],[-68.52005,-38.51649],[-68.51785,-38.51179],[-68.51897,-38.51032],[-68.52905,-38.50919],[-68.53243,-38.50715],[-68.53847,-38.49663],[-68.53848,-38.4937],[-68.5426,-38.4902],[-68.55718,-38.48586],[-68.57215,-38.47624],[-68.57965,-38.46952],[-68.59086,-38.46429],[-68.59201,-38.46048],[-68.60398,-38.4526],[-68.62078,-38.44739],[-68.61931,-38.4424],[-68.63054,-38.43305],[-68.63433,-38.42251],[-68.65038,-38.4167],[-68.66044,-38.41614],[-68.67203,-38.4068],[-68.678,-38.40388],[-68.69031,-38.40157],[-68.70038,-38.39661],[-68.71342,-38.39606],[-68.719,-38.39841],[-68.7231,-38.39784],[-68.72424,-38.39198],[-68.72648,-38.39081],[-68.7317,-38.3917],[-68.73172,-38.38643],[-68.72985,-38.38525],[-68.73731,-38.38292],[-68.74291,-38.37853],[-68.74555,-38.37033],[-68.76271,-38.36333],[-68.78914,-38.36338],[-68.80103,-38.36985],[-68.81594,-38.36665],[-68.81705,-38.36519],[-68.82189,-38.36578],[-68.82301,-38.36755],[-68.83232,-38.36668],[-68.842,-38.36874],[-68.85763,-38.36759],[-68.86842,-38.3761],[-68.86989,-38.38226],[-68.87921,-38.38462],[-68.88069,-38.38901],[-68.88589,-38.39371],[-68.9045,-38.39871],[-68.90749,-38.40311],[-68.90822,-38.40839],[-68.91529,-38.41338],[-68.91827,-38.41866],[-68.92162,-38.41895],[-68.92422,-38.42452],[-68.92906,-38.42893],[-68.92942,-38.43566],[-68.9339,-38.43684],[-68.94097,-38.4474],[-68.9488,-38.45384],[-68.94954,-38.45854],[-68.95364,-38.4644],[-68.95438,-38.46997],[-68.95288,-38.47232],[-68.954,-38.47467],[-68.95885,-38.47906],[-68.96489,-38.48083],[-68.96486,-38.42],[-68.9282,-38.42005],[-68.92838,-38.29384],[-68.74773,-38.29361],[-68.6911,-38.32951],[-68.61039,-38.32918],[-68.59425,-38.31753],[-68.5151,-38.36675],[-68.56814,-38.40722],[-68.50665,-38.44599],[-68.50605,-38.52607]]]}},{"type":"Feature","properties":{"nombre":"FILO MORADO","codigo":"FIM","operador":"YPF S.A.","participacion":"YPF S.A.: 100 %","pozos":2,"boe_acum_mboe":229.3,"petroleo_acum_mbbl":198.3,"npv_musd_mediano":null,"eur_mbbl_mediana":null,"vaca_muerta":0,"operador_principal":"YPF","boe_por_pozo_mboe":114.6},"geometry":{"type":"Polygon","coordinates":[[[-69.61858,-37.19312],[-69.61995,-37.35983],[-69.72153,-37.35922],[-69.71995,-37.19255],[-69.61858,-37.19312]]]}},{"type":"Feature","properties":{"nombre":"LOMA LA LATA - SIERRA BARROSA","codigo":"LDL","operador":"YPF S.A.","participacion":"YPF S.A.: 100 %","pozos":229,"boe_acum_mboe":95185.0,"petroleo_acum_mbbl":1224.9,"npv_musd_mediano":1.8,"eur_mbbl_mediana":482.4,"vaca_muerta":12,"operador_principal":"YPF","boe_por_pozo_mboe":415.7},"geometry":{"type":"MultiPolygon","coordinates":[[[[-68.78913,-38.36338],[-68.75897,-38.3642],[-68.74555,-38.37033],[-68.74291,-38.37853],[-68.73731,-38.38291],[-68.72985,-38.38524],[-68.73171,-38.38642],[-68.73169,-38.3917],[-68.72648,-38.3908],[-68.72424,-38.39197],[-68.7231,-38.39783],[-68.71899,-38.39841],[-68.71342,-38.39605],[-68.70038,-38.3966],[-68.69031,-38.40156],[-68.678,-38.40387],[-68.67202,-38.40679],[-68.66044,-38.41613],[-68.65037,-38.41669],[-68.63432,-38.42251],[-68.63054,-38.43304],[-68.61931,-38.44239],[-68.62077,-38.44738],[-68.60397,-38.4526],[-68.592,-38.46047],[-68.59086,-38.46428],[-68.57965,-38.46952],[-68.57215,-38.47623],[-68.55718,-38.48585],[-68.5426,-38.49019],[-68.53848,-38.4937],[-68.53846,-38.49662],[-68.53242,-38.50715],[-68.52905,-38.50919],[-68.51896,-38.51032],[-68.51784,-38.51178],[-68.52005,-38.51648],[-68.51854,-38.51852],[-68.50605,-38.52606],[-68.50604,-38.53661],[-68.48916,-38.5454],[-68.4828,-38.553],[-68.47335,-38.5596],[-68.46263,-38.56189],[-68.44578,-38.56285],[-68.61255,-38.56349],[-68.62064,-38.57985],[-68.62123,-38.52462],[-68.6263,-38.52483],[-68.64654,-38.51996],[-68.65267,-38.52113],[-68.65896,-38.51954],[-68.66178,-38.52077],[-68.66254,-38.51923],[-68.67365,-38.5206],[-68.70381,-38.53704],[-68.70335,-38.64812],[-68.77933,-38.64829],[-68.7789,-38.78914],[-69.00606,-38.78937],[-69.00606,-38.80919],[-69.06473,-38.80915],[-69.06467,-38.68846],[-68.89574,-38.68856],[-68.89585,-38.63436],[-68.9877,-38.63448],[-68.98775,-38.49929],[-68.96483,-38.49928],[-68.96489,-38.48082],[-68.95884,-38.47906],[-68.954,-38.47466],[-68.95288,-38.47232],[-68.95438,-38.46997],[-68.95364,-38.4644],[-68.94954,-38.45853],[-68.94916,-38.45443],[-68.94097,-38.44739],[-68.9339,-38.43683],[-68.92942,-38.43566],[-68.92906,-38.42892],[-68.92422,-38.42451],[-68.92236,-38.41983],[-68.91826,-38.41865],[-68.91529,-38.41337],[-68.90822,-38.40838],[-68.90748,-38.4031],[-68.9045,-38.39871],[-68.88588,-38.39371],[-68.88068,-38.38901],[-68.8792,-38.38461],[-68.86989,-38.38226],[-68.86841,-38.37609],[-68.85763,-38.36759],[-68.84199,-38.36874],[-68.83232,-38.36667],[-68.823,-38.36754],[-68.82188,-38.36577],[-68.81705,-38.36518],[-68.81593,-38.36665],[-68.80103,-38.36985],[-68.78913,-38.36338]]],[[[-68.30854,-38.7922],[-68.5569,-38.79293],[-68.5574,-38.71123],[-68.30854,-38.7922]]]]}},{"type":"Feature","properties":{"nombre":"CHIHUIDO DE LA SALINA SUR","codigo":"CSS","operador":"QUINTANA E&P ARGENTINA S.R.L.","participacion":"COMPAÑIA TSB S.A: 10 % QUINTANA E&P ARGENTINA S.R.L.: 10 % QUINTANA ENERGY INVESTMENTS S.A.: 79 % GAS STORAGE AND MIDSTREAM SERVICES S.A.: 1 %","pozos":0,"boe_acum_mboe":null,"petroleo_acum_mbbl":null,"npv_musd_mediano":null,"eur_mbbl_mediana":null,"vaca_muerta":0,"operador_principal":null,"boe_por_pozo_mboe":null},"geometry":{"type":"Polygon","coordinates":[[[-69.56137,-37.06965],[-69.56206,-37.16519],[-69.61826,-37.15258],[-69.61858,-37.19312],[-69.63716,-37.19302],[-69.63614,-37.06928],[-69.56137,-37.06965]]]}},{"type":"Feature","properties":{"nombre":"LOS CALDENES","codigo":"LOCA","operador":"YPF S.A.","participacion":"YPF S.A.: 100 %","pozos":4,"boe_acum_mboe":496.6,"petroleo_acum_mbbl":66.1,"npv_musd_mediano":null,"eur_mbbl_mediana":null,"vaca_muerta":0,"operador_principal":"YPF","boe_por_pozo_mboe":124.2},"geometry":{"type":"Polygon","coordinates":[[[-67.96834,-38.4425],[-67.96775,-38.48119],[-68.03018,-38.52587],[-68.12765,-38.52664],[-68.12865,-38.44378],[-67.96834,-38.4425]]]}},{"type":"Feature","properties":{"nombre":"RINCON DEL MANGRULLO","codigo":"RDM","operador":"YPF S.A.","participacion":"YPF S.A.: 50 % PAMPA ENERGIA S.A.: 50 %","pozos":193,"boe_acum_mboe":118423.6,"petroleo_acum_mbbl":1958.6,"npv_musd_mediano":null,"eur_mbbl_mediana":null,"vaca_muerta":58,"operador_principal":"YPF","boe_por_pozo_mboe":613.6},"geometry":{"type":"Polygon","coordinates":[[[-69.40053,-38.53643],[-69.23093,-38.53688],[-69.23117,-38.64508],[-69.44135,-38.64456],[-69.44116,-38.59942],[-69.32373,-38.59972],[-69.32968,-38.59431],[-69.33385,-38.59342],[-69.34182,-38.59829],[-69.34699,-38.59787],[-69.35488,-38.5882],[-69.36883,-38.57883],[-69.3818,-38.56542],[-69.38623,-38.55877],[-69.38861,-38.55812],[-69.39333,-38.54831],[-69.40054,-38.54165],[-69.40053,-38.53643]]]}},{"type":"Feature","properties":{"nombre":"VALLE DEL RIO GRANDE","codigo":"VRG","operador":"YPF S.A.","participacion":"YPF S.A.: 100 %","pozos":1,"boe_acum_mboe":6.1,"petroleo_acum_mbbl":5.5,"npv_musd_mediano":-10.7,"eur_mbbl_mediana":10.2,"vaca_muerta":1,"operador_principal":"YPF","boe_por_pozo_mboe":6.1},"geometry":{"type":"Polygon","coordinates":[[[-69.63711,-35.88817],[-69.63739,-35.92242],[-69.44239,-35.92329],[-69.44334,-36.09452],[-69.56659,-36.09402],[-69.56761,-36.23103],[-69.68998,-36.23032],[-69.68942,-36.16726],[-69.72163,-36.16706],[-69.71907,-35.88771],[-69.63711,-35.88817]]]}},{"type":"Feature","properties":{"nombre":"CHIHUIDO DE LA SALINA","codigo":"CHS","operador":"QUINTANA E&P ARGENTINA S.R.L.","participacion":"GAS STORAGE AND MIDSTREAM SERVICES S.A.: 1 % QUINTANA ENERGY INVESTMENTS S.A.: 79 % QUINTANA E&P ARGENTINA S.R.L.: 10 % COMPAÑIA TSB S.A: 10 %","pozos":0,"boe_acum_mboe":null,"petroleo_acum_mbbl":null,"npv_musd_mediano":null,"eur_mbbl_mediana":null,"vaca_muerta":0,"operador_principal":null,"boe_por_pozo_mboe":null},"geometry":{"type":"Polygon","coordinates":[[[-69.6158,-36.9593],[-69.56056,-36.95958],[-69.56137,-37.06966],[-69.61669,-37.06938],[-69.6158,-36.9593]]]}},{"type":"Feature","properties":{"nombre":"CERRO FORTUNOSO","codigo":"CFO","operador":"YPF S.A.","participacion":"YPF S.A.: 100 %","pozos":0,"boe_acum_mboe":null,"petroleo_acum_mbbl":null,"npv_musd_mediano":null,"eur_mbbl_mediana":null,"vaca_muerta":0,"operador_principal":null,"boe_por_pozo_mboe":null},"geometry":{"type":"Polygon","coordinates":[[[-69.31038,-36.16704],[-69.31091,-36.32011],[-69.44457,-36.32002],[-69.44375,-36.16662],[-69.31038,-36.16704]]]}},{"type":"Feature","properties":{"nombre":"CAJON DE LOS CABALLOS (SECTOR ORIENTAL)","codigo":"CCSO","operador":"YPF S.A.","participacion":"COMPAÑÍA GENERAL DE COMBUSTIBLES S.A.: 10 % DESARROLLOS PETROLEROS y GANADEROS S.A.: 15 % YPF S.A.: 60 % PHOENIX GLOBAL RESOURCES S.A.: 15 %","pozos":0,"boe_acum_mboe":null,"petroleo_acum_mbbl":null,"npv_musd_mediano":null,"eur_mbbl_mediana":null,"vaca_muerta":0,"operador_principal":null,"boe_por_pozo_mboe":null},"geometry":{"type":"Polygon","coordinates":[[[-69.15412,-35.83028],[-69.15445,-35.99999],[-69.24448,-35.99984],[-69.24455,-36.14916],[-69.31031,-36.14901],[-69.31038,-36.16703],[-69.44375,-36.16661],[-69.44378,-36.17112],[-69.46111,-36.17105],[-69.46067,-36.09445],[-69.44334,-36.09452],[-69.44264,-35.96835],[-69.33178,-35.96871],[-69.33121,-35.83352],[-69.15412,-35.83028]]]}},{"type":"Feature","properties":{"nombre":"ALTIPLANICIE DEL PAYUN","codigo":"ADP","operador":"QUINTANA E&P ARGENTINA S.R.L.","participacion":"QUINTANA ENERGY INVESTMENTS S.A.: 79 % GAS STORAGE AND MIDSTREAM SERVICES S.A.: 1 % COMPAÑIA TSB S.A: 10 % QUINTANA E&P ARGENTINA S.R.L.: 10 %","pozos":0,"boe_acum_mboe":null,"petroleo_acum_mbbl":null,"npv_musd_mediano":null,"eur_mbbl_mediana":null,"vaca_muerta":0,"operador_principal":null,"boe_por_pozo_mboe":null},"geometry":{"type":"Polygon","coordinates":[[[-69.16681,-36.59989],[-69.1672,-36.78011],[-69.44726,-36.77939],[-69.44621,-36.59917],[-69.16681,-36.59989]]]}},{"type":"Feature","properties":{"nombre":"CONFLUENCIA SUR","codigo":"CON","operador":"TANGO ENERGY ARGENTINA S.A.","participacion":"QUINTANA E&P ARGENTINA S.R.L.: 14.42 % TANGO ENERGY ARGENTINA S.A.: 85.58 %","pozos":0,"boe_acum_mboe":null,"petroleo_acum_mbbl":null,"npv_musd_mediano":null,"eur_mbbl_mediana":null,"vaca_muerta":0,"operador_principal":null,"boe_por_pozo_mboe":null},"geometry":{"type":"Polygon","coordinates":[[[-69.55367,-36.91274],[-69.57366,-36.96003],[-69.62362,-36.95978],[-69.6036,-36.9125],[-69.55367,-36.91274]]]}},{"type":"Feature","properties":{"nombre":"DON JOSE","codigo":"Z042","operador":"PETROLERA DEL COMAHUE S.A.","participacion":"PETROLERA DEL COMAHUE S.A.: 90.00 % EDHIPSA: 10.00 %","pozos":0,"boe_acum_mboe":null,"petroleo_acum_mbbl":null,"npv_musd_mediano":null,"eur_mbbl_mediana":null,"vaca_muerta":0,"operador_principal":null,"boe_por_pozo_mboe":null},"geometry":{"type":"Polygon","coordinates":[[[-67.67692,-39.02956],[-67.65383,-39.0293],[-67.65349,-39.04731],[-67.67659,-39.04757],[-67.67692,-39.02956]]]}},{"type":"Feature","properties":{"nombre":"FLOR DE ROCA","codigo":"Z047","operador":"PETROLERA DEL COMAHUE S.A.","participacion":"EDHIPSA: 10.00 % PETROLERA DEL COMAHUE S.A.: 90.00 %","pozos":0,"boe_acum_mboe":null,"petroleo_acum_mbbl":null,"npv_musd_mediano":null,"eur_mbbl_mediana":null,"vaca_muerta":0,"operador_principal":null,"boe_por_pozo_mboe":null},"geometry":{"type":"Polygon","coordinates":[[[-67.54674,-39.07123],[-67.54711,-39.05322],[-67.49745,-39.05258],[-67.49707,-39.07059],[-67.51166,-39.07078],[-67.52118,-39.06765],[-67.52958,-39.06902],[-67.53123,-39.07103],[-67.54674,-39.07123]]]}},{"type":"Feature","properties":{"nombre":"PUESTO SURVELIN","codigo":"BLLO","operador":"PETROLERA DEL COMAHUE S.A.","participacion":"EDHIPSA: 10.00 % PETROLERA DEL COMAHUE S.A.: 90.00 %","pozos":0,"boe_acum_mboe":null,"petroleo_acum_mbbl":null,"npv_musd_mediano":null,"eur_mbbl_mediana":null,"vaca_muerta":0,"operador_principal":null,"boe_por_pozo_mboe":null},"geometry":{"type":"Polygon","coordinates":[[[-67.31556,-38.51645],[-67.26971,-38.51578],[-67.26883,-38.55262],[-67.31471,-38.55284],[-67.31556,-38.51645]]]}},{"type":"Feature","properties":{"nombre":"FONDO DE LA LEGUA","codigo":"FDLL","operador":"SAN JORGE PETROLEUM S.A.","participacion":"SAN JORGE PETROLEUM S.A.: 100 %","pozos":0,"boe_acum_mboe":null,"petroleo_acum_mbbl":null,"npv_musd_mediano":null,"eur_mbbl_mediana":null,"vaca_muerta":0,"operador_principal":null,"boe_por_pozo_mboe":null},"geometry":{"type":"MultiPolygon","coordinates":[[[[-69.45014,-37.30198],[-69.45049,-37.36056],[-69.58706,-37.35995],[-69.58696,-37.34643],[-69.51812,-37.34675],[-69.51794,-37.31972],[-69.5405,-37.31962],[-69.54037,-37.3016],[-69.45014,-37.30198]]],[[[-69.27118,-37.14299],[-69.25215,-37.15545],[-69.22059,-37.1716],[-69.21026,-37.17377],[-69.19291,-37.17349],[-69.1679,-37.18064],[-69.16801,-37.23063],[-69.2815,-37.23042],[-69.28132,-37.18147],[-69.44942,-37.18096],[-69.44933,-37.16529],[-69.44206,-37.16275],[-69.42885,-37.161],[-69.40589,-37.1684],[-69.39684,-37.16828],[-69.3796,-37.16164],[-69.34996,-37.15772],[-69.32299,-37.15035],[-69.29911,-37.15099],[-69.27552,-37.14298],[-69.27118,-37.14299]]]]}},{"type":"Feature","properties":{"nombre":"LOMA MONTOSA OESTE","codigo":"LMO","operador":"PETROLEOS SUDAMERICANOS S.A.","participacion":"PETROLEOS SUDAMERICANOS S.A.: 70.00 % JCR S.A.: 30.00 %","pozos":0,"boe_acum_mboe":null,"petroleo_acum_mbbl":null,"npv_musd_mediano":null,"eur_mbbl_mediana":null,"vaca_muerta":0,"operador_principal":null,"boe_por_pozo_mboe":null},"geometry":{"type":"Polygon","coordinates":[[[-68.14628,-37.75286],[-68.14512,-37.85464],[-68.36326,-37.85604],[-68.36414,-37.75423],[-68.14628,-37.75286]]]}},{"type":"Feature","properties":{"nombre":"CENTRO ESTE","codigo":"CEE","operador":"PETROLEOS SUDAMERICANOS S.A.","participacion":"PETROLEOS SUDAMERICANOS S.A.: 70.00 % JCR S.A.: 30.00 %","pozos":0,"boe_acum_mboe":null,"petroleo_acum_mbbl":null,"npv_musd_mediano":null,"eur_mbbl_mediana":null,"vaca_muerta":0,"operador_principal":null,"boe_por_pozo_mboe":null},"geometry":{"type":"Polygon","coordinates":[[[-67.75821,-37.67561],[-67.75506,-37.72771],[-67.73358,-37.76446],[-68.02354,-37.76722],[-68.02264,-37.83568],[-68.10391,-37.83633],[-68.09777,-37.8543],[-68.14511,-37.85466],[-68.14677,-37.71052],[-68.07527,-37.70998],[-68.07187,-37.71446],[-68.07167,-37.73067],[-68.01269,-37.73019],[-67.97896,-37.70783],[-67.97912,-37.69657],[-67.75821,-37.67561]]]}},{"type":"Feature","properties":{"nombre":"AGUA DEL CAJON","codigo":"CAO","operador":"CAPEX S.A.","participacion":"CAPEX S.A.: 100 %","pozos":140,"boe_acum_mboe":21727.2,"petroleo_acum_mbbl":2369.3,"npv_musd_mediano":-0.9,"eur_mbbl_mediana":380.8,"vaca_muerta":16,"operador_principal":"Capex","boe_por_pozo_mboe":155.2},"geometry":{"type":"Polygon","coordinates":[[[-68.20081,-38.95782],[-68.50879,-38.95941],[-68.50989,-38.79321],[-68.30841,-38.79218],[-68.30753,-38.89723],[-68.20081,-38.95782]]]}},{"type":"Feature","properties":{"nombre":"EL SAUCE","codigo":"ELS","operador":"ENERGIA COMPAÑIA PETROLERA S.A.","participacion":"ENERGIA COMPAÑIA PETROLERA S.A.: 100 %","pozos":0,"boe_acum_mboe":null,"petroleo_acum_mbbl":null,"npv_musd_mediano":null,"eur_mbbl_mediana":null,"vaca_muerta":0,"operador_principal":null,"boe_por_pozo_mboe":null},"geometry":{"type":"Polygon","coordinates":[[[-69.27326,-39.47962],[-69.47641,-39.60322],[-69.59278,-39.48644],[-69.57887,-39.48646],[-69.57876,-39.47342],[-69.55671,-39.47353],[-69.55673,-39.47566],[-69.54791,-39.4757],[-69.54785,-39.46844],[-69.51864,-39.46858],[-69.51867,-39.47242],[-69.50433,-39.47248],[-69.5043,-39.46711],[-69.48799,-39.46717],[-69.48777,-39.43669],[-69.49857,-39.43664],[-69.49845,-39.42084],[-69.45494,-39.42102],[-69.45489,-39.41419],[-69.44002,-39.41425],[-69.44001,-39.41254],[-69.39925,-39.41269],[-69.39919,-39.40201],[-69.38432,-39.40206],[-69.38427,-39.39267],[-69.31886,-39.39283],[-69.31898,-39.4186],[-69.37677,-39.41842],[-69.37688,-39.43854],[-69.3086,-39.43874],[-69.30865,-39.44827],[-69.27314,-39.44836],[-69.27326,-39.47962]],[[-69.39367,-39.46348],[-69.38729,-39.48047],[-69.33781,-39.46878],[-69.34421,-39.4518],[-69.39367,-39.46348]],[[-69.38973,-39.50818],[-69.38082,-39.52656],[-69.36392,-39.52184],[-69.37284,-39.50346],[-69.38973,-39.50818]]]}},{"type":"Feature","properties":{"nombre":"SALINA GRANDE I","codigo":"SGRI","operador":"PAMPETROL S.A.P.E.M","participacion":"PAMPETROL S.A.P.E.M: 100 %","pozos":0,"boe_acum_mboe":null,"petroleo_acum_mbbl":null,"npv_musd_mediano":null,"eur_mbbl_mediana":null,"vaca_muerta":0,"operador_principal":null,"boe_por_pozo_mboe":null},"geometry":{"type":"Polygon","coordinates":[[[-67.07202,-38.39691],[-67.08801,-38.39398],[-67.12402,-38.349],[-67.14203,-38.35498],[-67.15002,-38.34998],[-67.15002,-38.32501],[-67.16602,-38.276],[-67.17291,-38.27399],[-67.16998,-38.25598],[-67.17902,-38.25598],[-67.198,-38.24902],[-67.19098,-38.22699],[-67.18341,-38.21942],[-67.18591,-38.21301],[-67.185,-38.2088],[-67.19098,-38.20502],[-67.22198,-38.20898],[-67.23999,-38.20502],[-67.26599,-38.20502],[-67.29401,-38.22803],[-67.30499,-38.22601],[-67.31403,-38.22699],[-67.32202,-38.22998],[-67.323,-38.19202],[-67.29999,-38.19098],[-67.29999,-38.1629],[-67.35669,-38.16321],[-67.35669,-38.11188],[-67.08698,-38.10791],[-67.07202,-38.39691]]]}},{"type":"Feature","properties":{"nombre":"CHACHAHUEN SUR","codigo":"CHAS","operador":"YPF S.A.","participacion":"KILWER S.A.: 10 % YPF S.A.: 70 % KETSAL S.A.: 10 % ENERGIA MENDOCINA S.A.: 10 %","pozos":0,"boe_acum_mboe":null,"petroleo_acum_mbbl":null,"npv_musd_mediano":null,"eur_mbbl_mediana":null,"vaca_muerta":0,"operador_principal":null,"boe_por_pozo_mboe":null},"geometry":{"type":"Polygon","coordinates":[[[-68.80739,-37.37689],[-68.80955,-37.3804],[-68.8212,-37.38377],[-68.82709,-37.38437],[-68.83063,-37.3829],[-68.84415,-37.38418],[-68.85014,-37.38946],[-68.8582,-37.39294],[-68.87354,-37.3908],[-68.88234,-37.38439],[-68.88563,-37.37874],[-68.89112,-37.37658],[-68.91905,-37.3703],[-68.93715,-37.36938],[-68.9372,-37.30069],[-68.81871,-37.30057],[-68.81864,-37.35679],[-68.80744,-37.35677],[-68.80739,-37.37689]]]}},{"type":"Feature","properties":{"nombre":"MEDANITO SUR","codigo":"MEDS","operador":"PAMPETROL S.A.P.E.M","participacion":"PAMPETROL S.A.P.E.M: 100 %","pozos":0,"boe_acum_mboe":null,"petroleo_acum_mbbl":null,"npv_musd_mediano":null,"eur_mbbl_mediana":null,"vaca_muerta":0,"operador_principal":null,"boe_por_pozo_mboe":null},"geometry":{"type":"Polygon","coordinates":[[[-67.58656,-38.16597],[-67.30078,-38.16223],[-67.30013,-38.19146],[-67.4924,-38.19638],[-67.49182,-38.22459],[-67.58381,-38.21279],[-67.58656,-38.16597]]]}},{"type":"Feature","properties":{"nombre":"CAJON DE LOS CABALLOS","codigo":"CAJ","operador":"ROCH S.A.","participacion":"DESARROLLOS PETROLEROS y GANADEROS S.A.: 75 % SINOPEC ARGENTINA EXPLORATION AND PRODUCTION, INC.: 25 %","pozos":0,"boe_acum_mboe":null,"petroleo_acum_mbbl":null,"npv_musd_mediano":null,"eur_mbbl_mediana":null,"vaca_muerta":0,"operador_principal":null,"boe_por_pozo_mboe":null},"geometry":{"type":"Polygon","coordinates":[[[-69.4612,-36.17113],[-69.56712,-36.17068],[-69.56657,-36.09408],[-69.46075,-36.09453],[-69.4612,-36.17113]]]}},{"type":"Feature","properties":{"nombre":"EL OREJANO","codigo":"ELOR","operador":"YPF S.A.","participacion":"PBBPolisur S.A.: 50 % YPF S.A.: 50 %","pozos":90,"boe_acum_mboe":64704.0,"petroleo_acum_mbbl":235.4,"npv_musd_mediano":null,"eur_mbbl_mediana":null,"vaca_muerta":90,"operador_principal":"YPF","boe_por_pozo_mboe":718.9},"geometry":{"type":"Polygon","coordinates":[[[-69.19441,-37.9412],[-69.19449,-37.96985],[-69.16985,-37.96989],[-69.16999,-38.02351],[-69.22693,-38.02341],[-69.22685,-37.99639],[-69.23823,-37.99637],[-69.23809,-37.94112],[-69.19441,-37.9412]]]}},{"type":"Feature","properties":{"nombre":"PUESTO HERNANDEZ","codigo":"PHE","operador":"YPF S.A.","participacion":"YPF S.A.: 100 %","pozos":1,"boe_acum_mboe":34.4,"petroleo_acum_mbbl":23.5,"npv_musd_mediano":-7.9,"eur_mbbl_mediana":82.2,"vaca_muerta":1,"operador_principal":"CONTINENTAL RESOURCES ARGENTINA SAU.","boe_por_pozo_mboe":34.4},"geometry":{"type":"Polygon","coordinates":[[[-69.00142,-37.23708],[-69.00142,-37.28574],[-69.11881,-37.35506],[-69.15268,-37.35502],[-69.15249,-37.26492],[-69.19533,-37.26485],[-69.19526,-37.23692],[-69.00142,-37.23708]]]}},{"type":"Feature","properties":{"nombre":"LA AMARGA CHICA","codigo":"LAC","operador":"YPF S.A.","participacion":"petronas e&p argentina s.a.: 50 % YPF S.A.: 50 %","pozos":332,"boe_acum_mboe":145947.0,"petroleo_acum_mbbl":130180.9,"npv_musd_mediano":9.9,"eur_mbbl_mediana":1103.6,"vaca_muerta":331,"operador_principal":"YPF","boe_por_pozo_mboe":439.6},"geometry":{"type":"MultiPolygon","coordinates":[[[[-68.68558,-38.12771],[-68.68506,-38.24843],[-68.77094,-38.15852],[-68.6118,-38.05901],[-68.54302,-38.12722],[-68.68558,-38.12771]]],[[[-68.68506,-38.24843],[-68.49827,-38.24779],[-68.61039,-38.32918],[-68.68506,-38.24843]]]]}},{"type":"Feature","properties":{"nombre":"MEDIANERA","codigo":"MED","operador":"GEOPETROL DRILLING S.A.","participacion":"MEDANITO S.A.: 100 %","pozos":0,"boe_acum_mboe":null,"petroleo_acum_mbbl":null,"npv_musd_mediano":null,"eur_mbbl_mediana":null,"vaca_muerta":0,"operador_principal":null,"boe_por_pozo_mboe":null},"geometry":{"type":"Polygon","coordinates":[[[-67.87335,-37.912],[-67.95863,-37.91279],[-67.95954,-37.84793],[-67.87439,-37.84714],[-67.87335,-37.912]]]}},{"type":"Feature","properties":{"nombre":"AGUADA DEL CHIVATO - AGUADA BOCAREY","codigo":"AGZ","operador":"PATAGONIA ENERGY S.A.","participacion":"PATAGONIA ENERGY S.A.: 100 %","pozos":2,"boe_acum_mboe":189.3,"petroleo_acum_mbbl":136.3,"npv_musd_mediano":-8.0,"eur_mbbl_mediana":122.0,"vaca_muerta":2,"operador_principal":"PATAGONIA ENERGY S.A.","boe_por_pozo_mboe":94.6},"geometry":{"type":"Polygon","coordinates":[[[-68.86644,-37.43342],[-68.86636,-37.47938],[-68.92325,-37.47942],[-68.92272,-37.53253],[-69.02884,-37.53256],[-69.02858,-37.45594],[-68.94552,-37.45607],[-68.94553,-37.43349],[-68.86644,-37.43342]]]}},{"type":"Feature","properties":{"nombre":"PUESTO CORTADERA","codigo":"PUCO","operador":"OILSTONE ENERGIA S.A.","participacion":"OILSTONE ENERGIA S.A.: 100 %","pozos":0,"boe_acum_mboe":null,"petroleo_acum_mbbl":null,"npv_musd_mediano":null,"eur_mbbl_mediana":null,"vaca_muerta":0,"operador_principal":null,"boe_por_pozo_mboe":null},"geometry":{"type":"Polygon","coordinates":[[[-69.3052,-39.03445],[-69.30452,-39.14979],[-69.47691,-39.14923],[-69.47686,-39.14151],[-69.49361,-39.14144],[-69.49333,-39.10046],[-69.47657,-39.10053],[-69.4764,-39.06765],[-69.45502,-39.06773],[-69.45497,-39.0593],[-69.41221,-39.05945],[-69.41215,-39.05101],[-69.3694,-39.05115],[-69.36936,-39.04271],[-69.32661,-39.04284],[-69.32657,-39.03439],[-69.3052,-39.03445]]]}},{"type":"Feature","properties":{"nombre":"PORTEZUELO MINAS","codigo":"PMIN","operador":"OILSTONE ENERGIA S.A.","participacion":"OILSTONE ENERGIA S.A.: 100 %","pozos":0,"boe_acum_mboe":null,"petroleo_acum_mbbl":null,"npv_musd_mediano":null,"eur_mbbl_mediana":null,"vaca_muerta":0,"operador_principal":null,"boe_por_pozo_mboe":null},"geometry":{"type":"Polygon","coordinates":[[[-69.30485,-38.93668],[-69.3052,-39.03445],[-69.32657,-39.03439],[-69.32661,-39.04284],[-69.36936,-39.04271],[-69.3694,-39.05115],[-69.41215,-39.05101],[-69.41221,-39.05945],[-69.45497,-39.0593],[-69.45502,-39.06773],[-69.4764,-39.06765],[-69.476,-39.0091],[-69.44945,-39.00917],[-69.44897,-38.93625],[-69.30485,-38.93668]]]}},{"type":"Feature","properties":{"nombre":"LOMA NEGRA NI","codigo":"ZNI","operador":"OILSTONE ENERGIA S.A.","participacion":"OILSTONE ENERGIA S.A.: 100 %","pozos":3,"boe_acum_mboe":511.6,"petroleo_acum_mbbl":0.1,"npv_musd_mediano":null,"eur_mbbl_mediana":null,"vaca_muerta":0,"operador_principal":"OILSTONE ENERGIA S.A.","boe_por_pozo_mboe":170.5},"geometry":{"type":"Polygon","coordinates":[[[-69.23129,-38.88713],[-69.23992,-38.90211],[-69.24824,-38.89665],[-69.25293,-38.89758],[-69.25242,-38.8992],[-69.28108,-38.90471],[-69.2798,-38.90886],[-69.29324,-38.91144],[-69.29139,-38.91733],[-69.28062,-38.91526],[-69.27494,-38.93144],[-69.3354,-38.93122],[-69.33531,-38.91366],[-69.31228,-38.91369],[-69.31223,-38.90248],[-69.28708,-38.90253],[-69.28707,-38.89655],[-69.33062,-38.89642],[-69.33067,-38.91038],[-69.37918,-38.91023],[-69.37923,-38.91903],[-69.3963,-38.91897],[-69.39639,-38.9292],[-69.43045,-38.9291],[-69.43049,-38.93632],[-69.44897,-38.93625],[-69.44858,-38.8741],[-69.20315,-38.87477],[-69.22579,-38.88032],[-69.2297,-38.88765],[-69.23129,-38.88713]]]}},{"type":"Feature","properties":{"nombre":"BAJO BAGUALES","codigo":"BBA","operador":"OILSTONE ENERGIA S.A.","participacion":"OILSTONE ENERGIA S.A.: 100 %","pozos":0,"boe_acum_mboe":null,"petroleo_acum_mbbl":null,"npv_musd_mediano":null,"eur_mbbl_mediana":null,"vaca_muerta":0,"operador_principal":null,"boe_por_pozo_mboe":null},"geometry":{"type":"Polygon","coordinates":[[[-68.76872,-38.86818],[-68.7686,-38.90627],[-68.8147,-38.90634],[-68.81457,-38.96036],[-69.03205,-38.96052],[-69.03205,-38.96949],[-69.17225,-38.96937],[-69.13047,-38.95482],[-69.11615,-38.92782],[-69.10644,-38.92782],[-69.10644,-38.93019],[-69.10447,-38.93019],[-69.10446,-38.92843],[-69.08513,-38.92844],[-69.08507,-38.89476],[-69.11867,-38.86858],[-68.76872,-38.86818]],[[-69.00541,-38.89058],[-69.00541,-38.89446],[-68.97055,-38.89453],[-68.97061,-38.91157],[-68.94592,-38.91161],[-68.94589,-38.89183],[-69.00071,-38.89176],[-69.00071,-38.89058],[-69.00541,-38.89058]],[[-69.08429,-38.91258],[-69.06561,-38.91262],[-69.06558,-38.9036],[-69.07693,-38.90358],[-69.07689,-38.89208],[-69.05969,-38.89212],[-69.05967,-38.88868],[-69.0496,-38.8887],[-69.01505,-38.89442],[-69.01508,-38.89202],[-69.04961,-38.88629],[-69.08419,-38.88622],[-69.08429,-38.91258]]]}},{"type":"Feature","properties":{"nombre":"NEUQUEN DEL MEDIO","codigo":"NME","operador":"OILSTONE ENERGIA S.A.","participacion":"OILSTONE ENERGIA S.A.: 100 %","pozos":0,"boe_acum_mboe":null,"petroleo_acum_mbbl":null,"npv_musd_mediano":null,"eur_mbbl_mediana":null,"vaca_muerta":0,"operador_principal":null,"boe_por_pozo_mboe":null},"geometry":{"type":"Polygon","coordinates":[[[-68.72248,-38.90615],[-68.72225,-38.96018],[-68.81457,-38.96036],[-68.8147,-38.90634],[-68.72248,-38.90615]]]}},{"type":"Feature","properties":{"nombre":"CUTRAL CO SUR","codigo":"CCS","operador":"OILSTONE ENERGIA S.A.","participacion":"OILSTONE ENERGIA S.A.: 100 %","pozos":0,"boe_acum_mboe":null,"petroleo_acum_mbbl":null,"npv_musd_mediano":null,"eur_mbbl_mediana":null,"vaca_muerta":0,"operador_principal":null,"boe_por_pozo_mboe":null},"geometry":{"type":"Polygon","coordinates":[[[-69.17919,-38.94598],[-69.17938,-38.99943],[-69.17239,-38.99944],[-69.17247,-39.05496],[-69.30526,-39.05469],[-69.3049,-38.94572],[-69.27053,-38.94581],[-69.2706,-38.96298],[-69.27926,-38.96296],[-69.27929,-38.97067],[-69.28786,-38.97065],[-69.28791,-38.98414],[-69.18648,-38.98435],[-69.18639,-38.94597],[-69.17919,-38.94598]]]}},{"type":"Feature","properties":{"nombre":"COLLON CURA","codigo":"Z039","operador":"OILSTONE ENERGIA S.A.","participacion":"OILSTONE ENERGIA S.A.: 100 %","pozos":0,"boe_acum_mboe":null,"petroleo_acum_mbbl":null,"npv_musd_mediano":null,"eur_mbbl_mediana":null,"vaca_muerta":0,"operador_principal":null,"boe_por_pozo_mboe":null},"geometry":{"type":"Polygon","coordinates":[[[-69.31223,-38.90248],[-69.31228,-38.91369],[-69.36777,-38.91359],[-69.36782,-38.92454],[-69.37932,-38.9245],[-69.37935,-38.92931],[-69.39639,-38.9292],[-69.3963,-38.91897],[-69.37923,-38.91903],[-69.37918,-38.91023],[-69.33067,-38.91038],[-69.33062,-38.89642],[-69.28707,-38.89655],[-69.28708,-38.90253],[-69.31223,-38.90248]]]}},{"type":"Feature","properties":{"nombre":"PUNTA SENILLOSA","codigo":"PUSE","operador":"TECPETROL S.A.","participacion":"TECPETROL S.A.: 100 %","pozos":11,"boe_acum_mboe":3684.3,"petroleo_acum_mbbl":310.8,"npv_musd_mediano":null,"eur_mbbl_mediana":null,"vaca_muerta":0,"operador_principal":"Tecpetrol","boe_por_pozo_mboe":334.9},"geometry":{"type":"Polygon","coordinates":[[[-68.60966,-38.84787],[-68.60965,-38.85327],[-68.56937,-38.85319],[-68.56882,-38.86931],[-68.54641,-38.88149],[-68.54585,-38.88759],[-68.55862,-38.88728],[-68.56883,-38.88915],[-68.57992,-38.88769],[-68.59942,-38.8737],[-68.61397,-38.87316],[-68.6285,-38.86571],[-68.66289,-38.86572],[-68.66299,-38.85601],[-68.67421,-38.85608],[-68.6741,-38.84818],[-68.60966,-38.84787]]]}},{"type":"Feature","properties":{"nombre":"CUTRAL CO NORTE","codigo":"CCNO","operador":"PETROLSUR ENERGIA S.A.","participacion":"PETROLSUR ENERGIA S.A. : 100 %","pozos":0,"boe_acum_mboe":null,"petroleo_acum_mbbl":null,"npv_musd_mediano":null,"eur_mbbl_mediana":null,"vaca_muerta":0,"operador_principal":null,"boe_por_pozo_mboe":null},"geometry":{"type":"Polygon","coordinates":[[[-69.18637,-38.95357],[-69.18647,-38.98427],[-69.28798,-38.98411],[-69.28787,-38.9706],[-69.27926,-38.97065],[-69.27924,-38.96292],[-69.27058,-38.96294],[-69.27053,-38.95092],[-69.24228,-38.95098],[-69.24234,-38.96765],[-69.23776,-38.96766],[-69.23777,-38.97229],[-69.22732,-38.97232],[-69.22731,-38.96695],[-69.22484,-38.96696],[-69.22483,-38.96406],[-69.22179,-38.96406],[-69.22176,-38.95351],[-69.18637,-38.95357]]]}},{"type":"Feature","properties":{"nombre":"BANDURRIA SUR","codigo":"BNDS","operador":"YPF S.A.","participacion":"EQUINOR ARGENTINA AS SUCURSAL ARGENTINA: 30 % YPF S.A.: 40 % SHELL ARGENTINA S.A.: 30 %","pozos":237,"boe_acum_mboe":103951.8,"petroleo_acum_mbbl":87668.3,"npv_musd_mediano":14.9,"eur_mbbl_mediana":1327.4,"vaca_muerta":236,"operador_principal":"YPF","boe_por_pozo_mboe":438.6},"geometry":{"type":"Polygon","coordinates":[[[-68.81086,-38.19099],[-68.81079,-38.21854],[-68.71382,-38.21834],[-68.61039,-38.32918],[-68.6911,-38.32951],[-68.74773,-38.29361],[-68.90943,-38.29385],[-68.90955,-38.19111],[-68.81086,-38.19099]]]}},{"type":"Feature","properties":{"nombre":"AGUADA DE LA ARENA","codigo":"AGA","operador":"YPF S.A.","participacion":"YPF S.A.: 100 %","pozos":41,"boe_acum_mboe":46020.5,"petroleo_acum_mbbl":817.0,"npv_musd_mediano":null,"eur_mbbl_mediana":null,"vaca_muerta":41,"operador_principal":"YPF","boe_por_pozo_mboe":1122.5},"geometry":{"type":"Polygon","coordinates":[[[-69.11329,-38.11542],[-69.07333,-38.11537],[-69.0734,-38.16237],[-69.05626,-38.16235],[-69.05635,-38.25783],[-69.17052,-38.25773],[-69.17036,-38.18565],[-69.1133,-38.18575],[-69.11329,-38.11542]]]}},{"type":"Feature","properties":{"nombre":"RIO NEUQUEN","codigo":"RGO","operador":"YPF S.A.","participacion":"PAMPA ENERGIA S.A.: 33.07 % YPF S.A.: 33.33 % PETROBRAS OPERACIONES SA: 33.60 %","pozos":111,"boe_acum_mboe":104384.9,"petroleo_acum_mbbl":6971.3,"npv_musd_mediano":12.2,"eur_mbbl_mediana":1132.3,"vaca_muerta":2,"operador_principal":"YPF","boe_por_pozo_mboe":940.4},"geometry":{"type":"Polygon","coordinates":[[[-68.09196,-38.63267],[-68.08912,-38.8551],[-68.09282,-38.85669],[-68.14323,-38.85707],[-68.14361,-38.82583],[-68.30827,-38.82692],[-68.3086,-38.79216],[-68.26472,-38.80639],[-68.2332,-38.75123],[-68.39181,-38.63461],[-68.09196,-38.63267]]]}},{"type":"Feature","properties":{"nombre":"LA RIBERA BLOQUE I","codigo":"LRIB","operador":"YPF S.A.","participacion":"YPF S.A.: 100 %","pozos":20,"boe_acum_mboe":14045.8,"petroleo_acum_mbbl":1794.5,"npv_musd_mediano":null,"eur_mbbl_mediana":null,"vaca_muerta":20,"operador_principal":"YPF","boe_por_pozo_mboe":702.3},"geometry":{"type":"Polygon","coordinates":[[[-68.96486,-38.42],[-68.9649,-38.44467],[-69.05653,-38.44465],[-69.05644,-38.42003],[-68.96486,-38.42]]]}},{"type":"Feature","properties":{"nombre":"LA RIBERA BLOQUE II","codigo":"LRII","operador":"YPF S.A.","participacion":"YPF S.A.: 100 %","pozos":1,"boe_acum_mboe":158.3,"petroleo_acum_mbbl":9.7,"npv_musd_mediano":null,"eur_mbbl_mediana":null,"vaca_muerta":1,"operador_principal":"YPF","boe_por_pozo_mboe":158.3},"geometry":{"type":"Polygon","coordinates":[[[-69.21326,-38.62168],[-69.19242,-38.60885],[-69.18911,-38.60927],[-69.185,-38.60624],[-69.17638,-38.60433],[-69.15829,-38.60748],[-69.13545,-38.59945],[-69.11177,-38.58083],[-69.09797,-38.57709],[-69.08923,-38.5712],[-69.08703,-38.56751],[-69.07424,-38.55966],[-69.05954,-38.54258],[-69.05074,-38.53747],[-69.04872,-38.53438],[-69.04753,-38.52569],[-69.03994,-38.51381],[-69.03044,-38.51381],[-69.03044,-38.50635],[-69.0094,-38.50636],[-69.0094,-38.49209],[-68.98131,-38.49208],[-68.98131,-38.48085],[-68.96488,-38.48084],[-68.96482,-38.49929],[-68.98775,-38.49929],[-68.98781,-38.51644],[-69.01405,-38.51648],[-69.01405,-38.53896],[-69.03292,-38.53896],[-69.03296,-38.57316],[-69.06782,-38.57314],[-69.06785,-38.60185],[-69.10475,-38.60182],[-69.10478,-38.62172],[-69.21326,-38.62168]]]}},{"type":"Feature","properties":{"nombre":"LOMA NEGRA","codigo":"LNE","operador":"CAPEX S.A.","participacion":"YPF S.A.: 35 % CAPEX S.A.: 37.5 % CORPORACION FINANCIERA INTERNACIONAL : 15 % METRO HOLDING S.A.: 12.5 %","pozos":15,"boe_acum_mboe":13118.3,"petroleo_acum_mbbl":1381.1,"npv_musd_mediano":null,"eur_mbbl_mediana":null,"vaca_muerta":0,"operador_principal":"Capex","boe_por_pozo_mboe":874.6},"geometry":{"type":"Polygon","coordinates":[[[-67.55974,-38.69377],[-67.55994,-38.70269],[-67.56827,-38.70268],[-67.56877,-38.72495],[-67.49531,-38.72594],[-67.49625,-38.77194],[-67.5471,-38.77128],[-67.54655,-38.79829],[-67.60639,-38.79902],[-67.60531,-38.85487],[-67.75418,-38.85655],[-67.75672,-38.73883],[-67.71092,-38.73837],[-67.71145,-38.70845],[-67.665,-38.70793],[-67.66513,-38.70086],[-67.61504,-38.70027],[-67.61516,-38.69444],[-67.55974,-38.69377]]]}},{"type":"Feature","properties":{"nombre":"LA YESERA","codigo":"Z053","operador":"CAPEX S.A.","participacion":"METRO HOLDING S.A.: 12.5 % CAPEX S.A.: 37.5 % YPF S.A.: 35 % CORPORACION FINANCIERA INTERNACIONAL : 15 %","pozos":0,"boe_acum_mboe":null,"petroleo_acum_mbbl":null,"npv_musd_mediano":null,"eur_mbbl_mediana":null,"vaca_muerta":0,"operador_principal":null,"boe_por_pozo_mboe":null},"geometry":{"type":"Polygon","coordinates":[[[-67.88202,-38.8009],[-67.88184,-38.81397],[-67.83539,-38.81348],[-67.83478,-38.85742],[-67.93958,-38.85809],[-67.9397,-38.84583],[-67.96039,-38.84601],[-67.96051,-38.84113],[-67.995,-38.84131],[-67.99561,-38.802],[-67.88202,-38.8009]]]}},{"type":"Feature","properties":{"nombre":"ESTACION FERNANDEZ ORO","codigo":"FEO","operador":"QUINTANA E&P ARGENTINA S.R.L.","participacion":"QUINTANA E&P ARGENTINA S.R.L.: 10 % QUINTANA ENERGY INVESTMENTS S.A.: 89 % GAS STORAGE AND MIDSTREAM SERVICES S.A.: 1 %","pozos":191,"boe_acum_mboe":78199.0,"petroleo_acum_mbbl":13239.8,"npv_musd_mediano":null,"eur_mbbl_mediana":null,"vaca_muerta":0,"operador_principal":"QUINTANA E&P ARGENTINA S.R.L.","boe_por_pozo_mboe":409.4},"geometry":{"type":"Polygon","coordinates":[[[-67.7415,-38.96726],[-67.73995,-39.05501],[-67.96865,-39.05726],[-67.96992,-38.9695],[-67.7415,-38.96726]]]}},{"type":"Feature","properties":{"nombre":"DADIN","codigo":"DAD","operador":"BENTIA ENERGY S.A.","participacion":"BENTIA ENERGY S.A.: 100 %","pozos":2,"boe_acum_mboe":333.8,"petroleo_acum_mbbl":45.7,"npv_musd_mediano":null,"eur_mbbl_mediana":null,"vaca_muerta":0,"operador_principal":"BENTIA ENERGY S.A.","boe_por_pozo_mboe":166.9},"geometry":{"type":"MultiPolygon","coordinates":[[[[-69.13778,-38.85371],[-69.08509,-38.89476],[-69.08515,-38.92845],[-69.10448,-38.92844],[-69.10448,-38.9302],[-69.1068,-38.9302],[-69.10679,-38.92782],[-69.11616,-38.92782],[-69.11268,-38.92119],[-69.1305,-38.88772],[-69.17347,-38.87383],[-69.2164,-38.88773],[-69.2342,-38.92131],[-69.23769,-38.92402],[-69.27706,-38.92708],[-69.28064,-38.91527],[-69.2914,-38.91734],[-69.29326,-38.91144],[-69.2798,-38.90886],[-69.2811,-38.90471],[-69.25244,-38.89921],[-69.25295,-38.89758],[-69.24825,-38.89666],[-69.23993,-38.90212],[-69.2258,-38.88033],[-69.18091,-38.86799],[-69.17181,-38.8609],[-69.15945,-38.8706],[-69.13778,-38.85371]]],[[[-68.9459,-38.89184],[-68.94593,-38.91162],[-68.97062,-38.91158],[-68.97057,-38.89451],[-69.00542,-38.89446],[-69.00541,-38.89055],[-69.00072,-38.89059],[-69.00072,-38.89176],[-68.9459,-38.89184]]],[[[-69.0151,-38.89202],[-69.01506,-38.89443],[-69.04961,-38.8887],[-69.05969,-38.88868],[-69.0597,-38.89212],[-69.0769,-38.89209],[-69.07695,-38.90358],[-69.06559,-38.90361],[-69.06562,-38.91262],[-69.0843,-38.91258],[-69.0842,-38.88623],[-69.04962,-38.8863],[-69.0151,-38.89202]]]]}},{"type":"Feature","properties":{"nombre":"AL NORTE DE LA DORSAL","codigo":"NDD","operador":"BENTIA ENERGY S.A.","participacion":"BENTIA ENERGY S.A.: 100 %","pozos":40,"boe_acum_mboe":11753.5,"petroleo_acum_mbbl":514.9,"npv_musd_mediano":0.1,"eur_mbbl_mediana":569.8,"vaca_muerta":1,"operador_principal":"BENTIA ENERGY S.A.","boe_por_pozo_mboe":293.8},"geometry":{"type":"Polygon","coordinates":[[[-69.0011,-38.80919],[-69.0011,-38.86841],[-69.11878,-38.86859],[-69.13778,-38.85371],[-69.15945,-38.8706],[-69.17181,-38.8609],[-69.18091,-38.86799],[-69.20314,-38.87478],[-69.37368,-38.87434],[-69.37334,-38.80857],[-69.0011,-38.80919]]]}},{"type":"Feature","properties":{"nombre":"CERRO MORADO ESTE","codigo":"CEME","operador":"YPF S.A.","participacion":"ENERGIA MENDOCINA S.A.: 10.00 % KILWER S.A.: 10.00 % KETSAL S.A.: 10.00 % YPF S.A.: 70.00 %","pozos":0,"boe_acum_mboe":null,"petroleo_acum_mbbl":null,"npv_musd_mediano":null,"eur_mbbl_mediana":null,"vaca_muerta":0,"operador_principal":null,"boe_por_pozo_mboe":null},"geometry":{"type":"Polygon","coordinates":[[[-68.57248,-37.4529],[-68.58595,-37.44955],[-68.60553,-37.43884],[-68.61354,-37.43701],[-68.6225,-37.43791],[-68.63513,-37.44412],[-68.65095,-37.44484],[-68.66451,-37.44452],[-68.68333,-37.44042],[-68.69182,-37.4403],[-68.69544,-37.43835],[-68.6966,-37.43549],[-68.69479,-37.42789],[-68.69028,-37.42155],[-68.70092,-37.41286],[-68.70414,-37.40792],[-68.7131,-37.39994],[-68.71697,-37.38999],[-68.722,-37.38711],[-68.72215,-37.34767],[-68.49136,-37.34683],[-68.49091,-37.41294],[-68.57269,-37.41327],[-68.57248,-37.4529]]]}},{"type":"Feature","properties":{"nombre":"PUESTO PRADO","codigo":"PUPR","operador":"EDHIPSA","participacion":"EDHIPSA: 100 %","pozos":0,"boe_acum_mboe":null,"petroleo_acum_mbbl":null,"npv_musd_mediano":null,"eur_mbbl_mediana":null,"vaca_muerta":0,"operador_principal":null,"boe_por_pozo_mboe":null},"geometry":{"type":"Polygon","coordinates":[[[-67.4923,-38.55286],[-67.41552,-38.55266],[-67.41483,-38.58417],[-67.40382,-38.58402],[-67.40344,-38.60144],[-67.38472,-38.60118],[-67.38414,-38.62673],[-67.4075,-38.62705],[-67.40724,-38.61399],[-67.42273,-38.6138],[-67.42246,-38.60023],[-67.45571,-38.59982],[-67.45557,-38.59336],[-67.48204,-38.59303],[-67.48178,-38.57995],[-67.49286,-38.57981],[-67.4923,-38.55286]]]}},{"type":"Feature","properties":{"nombre":"LAS BASES","codigo":"LABA","operador":"PRESIDENT PETROLEUM S.A.","participacion":"EDHIPSA: 10.00 % PRESIDENT PETROLEUM S.A.: 90.00 %","pozos":0,"boe_acum_mboe":null,"petroleo_acum_mbbl":null,"npv_musd_mediano":null,"eur_mbbl_mediana":null,"vaca_muerta":0,"operador_principal":null,"boe_por_pozo_mboe":null},"geometry":{"type":"Polygon","coordinates":[[[-67.49681,-38.43481],[-67.40392,-38.43358],[-67.40352,-38.45174],[-67.36392,-38.45119],[-67.36292,-38.49499],[-67.48162,-38.49659],[-67.48236,-38.4615],[-67.49626,-38.46168],[-67.49681,-38.43481]]]}},{"type":"Feature","properties":{"nombre":"EL MANGRULLO","codigo":"GRU","operador":"PAMPA ENERGIA S.A.","participacion":"PAMPA ENERGIA S.A.: 100 %","pozos":103,"boe_acum_mboe":131058.7,"petroleo_acum_mbbl":370.6,"npv_musd_mediano":null,"eur_mbbl_mediana":null,"vaca_muerta":17,"operador_principal":"Pampa Energia","boe_por_pozo_mboe":1272.4},"geometry":{"type":"Polygon","coordinates":[[[-69.54534,-38.46789],[-69.54309,-38.47334],[-69.54457,-38.47557],[-69.54194,-38.48092],[-69.54314,-38.48382],[-69.53955,-38.49009],[-69.52852,-38.49061],[-69.52235,-38.49398],[-69.51602,-38.494],[-69.50372,-38.48815],[-69.49739,-38.4929],[-69.48511,-38.49366],[-69.48354,-38.49458],[-69.48423,-38.49834],[-69.48759,-38.50195],[-69.48828,-38.50514],[-69.48539,-38.50877],[-69.47944,-38.50813],[-69.47267,-38.50243],[-69.47012,-38.49806],[-69.47354,-38.49113],[-69.47244,-38.49057],[-69.47149,-38.4931],[-69.47005,-38.487],[-69.46368,-38.48617],[-69.45246,-38.49169],[-69.44384,-38.4994],[-69.43618,-38.50148],[-69.4323,-38.50626],[-69.4161,-38.51204],[-69.41525,-38.51328],[-69.41697,-38.51657],[-69.41342,-38.52149],[-69.40343,-38.52476],[-69.40468,-38.5312],[-69.40927,-38.53919],[-69.40786,-38.54186],[-69.40302,-38.5436],[-69.39971,-38.54856],[-69.39948,-38.55696],[-69.39725,-38.56001],[-69.37679,-38.57801],[-69.37152,-38.5796],[-69.36847,-38.58389],[-69.35466,-38.59047],[-69.34835,-38.59926],[-69.57312,-38.59882],[-69.57199,-38.44981],[-69.57015,-38.45209],[-69.55714,-38.45849],[-69.5535,-38.46576],[-69.54534,-38.46789]]]}},{"type":"Feature","properties":{"nombre":"VETA ESCONDIDA","codigo":"VET","operador":"PAMPA ENERGIA S.A.","participacion":"PAMPA ENERGIA S.A.: 55 % TOTAL AUSTRAL S.A.: 45 %","pozos":0,"boe_acum_mboe":null,"petroleo_acum_mbbl":null,"npv_musd_mediano":null,"eur_mbbl_mediana":null,"vaca_muerta":0,"operador_principal":null,"boe_por_pozo_mboe":null},"geometry":{"type":"Polygon","coordinates":[[[-68.48029,-37.79718],[-68.47968,-37.88989],[-68.49689,-37.89819],[-68.6524,-37.8988],[-68.64691,-37.8609],[-68.64722,-37.79791],[-68.48029,-37.79718]]]}},{"type":"Feature","properties":{"nombre":"RINCON DE ARANDA","codigo":"RDA","operador":"PAMPA ENERGIA S.A.","participacion":"PAMPA ENERGIA S.A.: 100 %","pozos":44,"boe_acum_mboe":8721.6,"petroleo_acum_mbbl":8112.0,"npv_musd_mediano":5.3,"eur_mbbl_mediana":582.6,"vaca_muerta":44,"operador_principal":"Pampa Energia","boe_por_pozo_mboe":198.2},"geometry":{"type":"Polygon","coordinates":[[[-68.49689,-37.89819],[-68.54199,-37.91998],[-68.41449,-38.04022],[-68.65741,-38.04108],[-68.6579,-37.9375],[-68.6524,-37.8988],[-68.49689,-37.89819]]]}},{"type":"Feature","properties":{"nombre":"SIERRA CHATA","codigo":"SICH","operador":"PAMPA ENERGIA S.A.","participacion":"MOBIL ARGENTINA S.A.: 54.45 % PAMPA ENERGIA S.A.: 45.55 %","pozos":53,"boe_acum_mboe":52660.7,"petroleo_acum_mbbl":256.2,"npv_musd_mediano":null,"eur_mbbl_mediana":null,"vaca_muerta":30,"operador_principal":"Pampa Energia","boe_por_pozo_mboe":993.6},"geometry":{"type":"Polygon","coordinates":[[[-69.2381,-37.96033],[-69.23822,-37.9964],[-69.22693,-37.9964],[-69.22693,-38.02337],[-69.16999,-38.0235],[-69.16999,-38.0415],[-69.11322,-38.04138],[-69.11328,-38.18579],[-69.54602,-38.18451],[-69.54431,-37.95929],[-69.2381,-37.96033]]]}},{"type":"Feature","properties":{"nombre":"LOS TOLDOS I NORTE","codigo":"LTN1","operador":"TECPETROL S.A.","participacion":"TECPETROL S.A.: 90.00 % GAS Y PETROLEO DEL NEUQUEN S.A.: 10.00 %","pozos":5,"boe_acum_mboe":2162.5,"petroleo_acum_mbbl":1101.9,"npv_musd_mediano":null,"eur_mbbl_mediana":null,"vaca_muerta":5,"operador_principal":"Tecpetrol","boe_por_pozo_mboe":432.5},"geometry":{"type":"Polygon","coordinates":[[[-69.45968,-37.53391],[-69.4597,-37.53642],[-69.40859,-37.53661],[-69.40899,-37.60936],[-69.37873,-37.60946],[-69.37888,-37.63952],[-69.35052,-37.63961],[-69.3507,-37.67684],[-69.40702,-37.67647],[-69.40721,-37.71187],[-69.50961,-37.71149],[-69.50853,-37.54577],[-69.52668,-37.54565],[-69.52656,-37.53341],[-69.45968,-37.53391]]]}},{"type":"Feature","properties":{"nombre":"LOS TOLDOS II ESTE","codigo":"LTE2","operador":"TECPETROL S.A.","participacion":"GAS Y PETROLEO DEL NEUQUEN S.A.: 10.00 % TECPETROL S.A.: 90.00 %","pozos":13,"boe_acum_mboe":3525.3,"petroleo_acum_mbbl":2883.2,"npv_musd_mediano":17.9,"eur_mbbl_mediana":1499.8,"vaca_muerta":13,"operador_principal":"Tecpetrol","boe_por_pozo_mboe":271.2},"geometry":{"type":"Polygon","coordinates":[[[-69.16851,-37.36132],[-69.16874,-37.45593],[-69.09863,-37.45599],[-69.09869,-37.50153],[-69.1688,-37.50144],[-69.16902,-37.52694],[-69.20688,-37.52688],[-69.20678,-37.48328],[-69.19841,-37.48328],[-69.19818,-37.39324],[-69.18143,-37.39321],[-69.18165,-37.3613],[-69.16851,-37.36132]]]}},{"type":"Feature","properties":{"nombre":"ANTICLINAL CAMPAMENTO","codigo":"ANC","operador":"OILSTONE ENERGIA S.A.","participacion":"OILSTONE ENERGIA S.A.: 100 %","pozos":22,"boe_acum_mboe":8828.7,"petroleo_acum_mbbl":3.1,"npv_musd_mediano":null,"eur_mbbl_mediana":null,"vaca_muerta":0,"operador_principal":"OILSTONE ENERGIA S.A.","boe_por_pozo_mboe":401.3},"geometry":{"type":"Polygon","coordinates":[[[-69.79489,-38.92175],[-69.58725,-38.92306],[-69.58772,-38.97703],[-69.57618,-38.97713],[-69.57666,-39.03658],[-69.87232,-39.03833],[-69.89328,-38.95712],[-69.79489,-38.92175]]]}},{"type":"Feature","properties":{"nombre":"JARILLA QUEMADA","codigo":"AAMA","operador":"TANGO ENERGY ARGENTINA S.A.","participacion":"TANGO ENERGY ARGENTINA S.A.: 100 %","pozos":1,"boe_acum_mboe":111.0,"petroleo_acum_mbbl":5.6,"npv_musd_mediano":null,"eur_mbbl_mediana":null,"vaca_muerta":0,"operador_principal":"TANGO ENERGY ARGENTINA S.A.","boe_por_pozo_mboe":111.0},"geometry":{"type":"Polygon","coordinates":[[[-67.95262,-38.36855],[-67.9523,-38.3909],[-67.88305,-38.39028],[-67.88229,-38.44108],[-67.936,-38.44158],[-67.93536,-38.48474],[-67.79867,-38.48342],[-67.79797,-38.52535],[-67.96711,-38.52697],[-67.96835,-38.4425],[-68.03196,-38.44302],[-68.08379,-38.36959],[-67.95262,-38.36855]]]}},{"type":"Feature","properties":{"nombre":"ENTRE LOMAS","codigo":"ELO","operador":"TANGO ENERGY ARGENTINA S.A.","participacion":"TANGO ENERGY ARGENTINA S.A.: 100 %","pozos":6,"boe_acum_mboe":674.6,"petroleo_acum_mbbl":142.1,"npv_musd_mediano":-9.0,"eur_mbbl_mediana":133.0,"vaca_muerta":1,"operador_principal":"TANGO ENERGY ARGENTINA S.A.","boe_por_pozo_mboe":112.4},"geometry":{"type":"Polygon","coordinates":[[[-68.12518,-38.31006],[-68.54186,-37.91995],[-68.40985,-37.85589],[-68.01653,-38.22411],[-68.12518,-38.31006]]]}},{"type":"Feature","properties":{"nombre":"CHARCO DEL PALENQUE","codigo":"CHDP","operador":"TANGO ENERGY ARGENTINA S.A.","participacion":"VISTA ENERGY ARGENTINA SAU: 100 %","pozos":0,"boe_acum_mboe":null,"petroleo_acum_mbbl":null,"npv_musd_mediano":null,"eur_mbbl_mediana":null,"vaca_muerta":0,"operador_principal":null,"boe_por_pozo_mboe":null},"geometry":{"type":"Polygon","coordinates":[[[-68.25588,-38.20727],[-68.24452,-38.19955],[-68.08403,-38.3492],[-68.08379,-38.36959],[-68.03196,-38.44302],[-68.13149,-38.44381],[-68.13297,-38.32221],[-68.21869,-38.32281],[-68.21769,-38.4169],[-68.25615,-38.39682],[-68.25588,-38.20727]]]}},{"type":"Feature","properties":{"nombre":"JAGÜEL DE LOS MACHOS RN","codigo":"JMRN","operador":"TANGO ENERGY ARGENTINA S.A.","participacion":"TANGO ENERGY ARGENTINA S.A.: 100 %","pozos":0,"boe_acum_mboe":null,"petroleo_acum_mbbl":null,"npv_musd_mediano":null,"eur_mbbl_mediana":null,"vaca_muerta":0,"operador_principal":null,"boe_por_pozo_mboe":null},"geometry":{"type":"Polygon","coordinates":[[[-67.59791,-38.23598],[-67.73482,-38.23754],[-67.73504,-38.22222],[-67.83214,-38.22323],[-67.83397,-38.10849],[-67.75641,-38.10985],[-67.75666,-38.09544],[-67.73427,-38.0952],[-67.73357,-38.09929],[-67.72286,-38.1095],[-67.71929,-38.11988],[-67.69844,-38.12658],[-67.68364,-38.13941],[-67.6628,-38.18953],[-67.63983,-38.21453],[-67.62451,-38.22591],[-67.59791,-38.23598]]]}},{"type":"Feature","properties":{"nombre":"25 DE MAYO - MEDANITO SUD ESTE RN","codigo":"VERN","operador":"TANGO ENERGY ARGENTINA S.A.","participacion":"VISTA ENERGY ARGENTINA SAU: 100 %","pozos":0,"boe_acum_mboe":null,"petroleo_acum_mbbl":null,"npv_musd_mediano":null,"eur_mbbl_mediana":null,"vaca_muerta":0,"operador_principal":null,"boe_por_pozo_mboe":null},"geometry":{"type":"Polygon","coordinates":[[[-67.75757,-38.05642],[-67.75071,-38.0551],[-67.74539,-38.06326],[-67.74721,-38.07406],[-67.7401,-38.07696],[-67.73014,-38.07742],[-67.73063,-38.08422],[-67.72617,-38.09275],[-67.72779,-38.09512],[-67.75656,-38.09543],[-67.75632,-38.10984],[-67.91822,-38.10701],[-67.91939,-38.03673],[-67.92499,-38.03678],[-67.92595,-37.97997],[-67.88674,-37.92557],[-67.84344,-37.9251],[-67.84529,-37.92748],[-67.85214,-37.92598],[-67.85544,-37.93108],[-67.86277,-37.93632],[-67.8728,-37.94058],[-67.87301,-37.95212],[-67.87582,-37.95365],[-67.88314,-37.95334],[-67.88486,-37.96126],[-67.89104,-37.9705],[-67.89837,-37.97445],[-67.90163,-37.98402],[-67.90571,-37.98733],[-67.89921,-37.9885],[-67.90067,-37.9924],[-67.89865,-37.99841],[-67.88811,-38.00057],[-67.89279,-38.00603],[-67.89526,-38.01263],[-67.89139,-38.01551],[-67.88522,-38.01495],[-67.88068,-38.02296],[-67.88147,-38.0251],[-67.87597,-38.03395],[-67.86769,-38.03618],[-67.86509,-38.04025],[-67.86209,-38.04174],[-67.86203,-38.04482],[-67.85536,-38.04571],[-67.8521,-38.04978],[-67.84782,-38.04983],[-67.84431,-38.05195],[-67.85091,-38.06101],[-67.85144,-38.0636],[-67.84789,-38.06658],[-67.84482,-38.06529],[-67.83837,-38.05628],[-67.83612,-38.05579],[-67.83348,-38.05664],[-67.82561,-38.06592],[-67.81892,-38.06167],[-67.81672,-38.06239],[-67.80996,-38.0727],[-67.80793,-38.07108],[-67.80833,-38.06634],[-67.80698,-38.06505],[-67.79738,-38.06663],[-67.79153,-38.06314],[-67.78745,-38.06383],[-67.78915,-38.06028],[-67.7847,-38.05855],[-67.78504,-38.05308],[-67.78216,-38.05179],[-67.78029,-38.05454],[-67.77233,-38.05716],[-67.76599,-38.06241],[-67.76677,-38.06721],[-67.7623,-38.06892],[-67.75618,-38.06519],[-67.75835,-38.05932],[-67.75757,-38.05642]]]}},{"type":"Feature","properties":{"nombre":"SIERRAS BLANCAS","codigo":"SBLA","operador":"SHELL ARGENTINA S.A.","participacion":"SHELL ARGENTINA S.A.: 90.00 % GAS Y PETROLEO DEL NEUQUEN S.A.: 10.00 %","pozos":47,"boe_acum_mboe":20350.2,"petroleo_acum_mbbl":18567.1,"npv_musd_mediano":12.0,"eur_mbbl_mediana":1233.1,"vaca_muerta":47,"operador_principal":"Shell","boe_por_pozo_mboe":433.0},"geometry":{"type":"Polygon","coordinates":[[[-68.38639,-38.44542],[-68.38507,-38.60123],[-68.33777,-38.60097],[-68.3377,-38.6343],[-68.39181,-38.63459],[-68.42517,-38.60999],[-68.42556,-38.56153],[-68.50607,-38.53306],[-68.50665,-38.44599],[-68.38639,-38.44542]]]}},{"type":"Feature","properties":{"nombre":"CRUZ DE LORENA","codigo":"CDLO","operador":"SHELL ARGENTINA S.A.","participacion":"GAS Y PETROLEO DEL NEUQUEN S.A.: 10.00 % SHELL ARGENTINA S.A.: 90.00 %","pozos":67,"boe_acum_mboe":31489.4,"petroleo_acum_mbbl":28520.3,"npv_musd_mediano":13.7,"eur_mbbl_mediana":1356.4,"vaca_muerta":67,"operador_principal":"Shell","boe_por_pozo_mboe":470.0},"geometry":{"type":"Polygon","coordinates":[[[-68.48955,-38.24141],[-68.46964,-38.25394],[-68.38092,-38.28054],[-68.50429,-38.37359],[-68.5038,-38.44599],[-68.50665,-38.44599],[-68.56815,-38.40723],[-68.5151,-38.36675],[-68.59425,-38.31754],[-68.48955,-38.24141]]]}},{"type":"Feature","properties":{"nombre":"AGUADA DEL CHAÑAR","codigo":"AGUH","operador":"YPF S.A.","participacion":"YPF S.A.: 100 %","pozos":64,"boe_acum_mboe":18083.8,"petroleo_acum_mbbl":16802.2,"npv_musd_mediano":6.6,"eur_mbbl_mediana":877.0,"vaca_muerta":64,"operador_principal":"YPF","boe_por_pozo_mboe":282.6},"geometry":{"type":"Polygon","coordinates":[[[-68.5978,-38.04095],[-68.55968,-38.07544],[-68.51272,-38.0756],[-68.48472,-38.10327],[-68.48412,-38.12697],[-68.54302,-38.12722],[-68.6118,-38.05901],[-68.64074,-38.07714],[-68.64081,-38.04109],[-68.5978,-38.04095]]]}},{"type":"Feature","properties":{"nombre":"LOMA AMARILLA SUR","codigo":"LOAS","operador":"YPF S.A.","participacion":"YPF S.A.: 100 %","pozos":5,"boe_acum_mboe":532.9,"petroleo_acum_mbbl":469.8,"npv_musd_mediano":1.4,"eur_mbbl_mediana":460.4,"vaca_muerta":5,"operador_principal":"YPF","boe_por_pozo_mboe":106.6},"geometry":{"type":"Polygon","coordinates":[[[-68.6469,-37.82089],[-68.64691,-37.8609],[-68.65798,-37.93751],[-68.80582,-37.93783],[-68.80607,-37.82126],[-68.6469,-37.82089]]]}},{"type":"Feature","properties":{"nombre":"LINDERO ATRAVESADO","codigo":"LAT","operador":"PAN AMERICAN ENERGY SL","participacion":"YPF S.A.: 37.50 % PAN AMERICAN ENERGY SL: 62.50 %","pozos":179,"boe_acum_mboe":72507.6,"petroleo_acum_mbbl":24783.8,"npv_musd_mediano":9.5,"eur_mbbl_mediana":1186.1,"vaca_muerta":70,"operador_principal":"Pan American Energy","boe_por_pozo_mboe":405.1},"geometry":{"type":"Polygon","coordinates":[[[-68.61256,-38.56349],[-68.42554,-38.56273],[-68.42517,-38.61002],[-68.23321,-38.75123],[-68.26472,-38.80639],[-68.66769,-38.67492],[-68.61256,-38.56349]]]}},{"type":"Feature","properties":{"nombre":"BANDURRIA CENTRO","codigo":"BNDC","operador":"PAN AMERICAN ENERGY SL","participacion":"PAN AMERICAN ENERGY SL: 100 %","pozos":25,"boe_acum_mboe":6818.1,"petroleo_acum_mbbl":5448.3,"npv_musd_mediano":-0.8,"eur_mbbl_mediana":439.6,"vaca_muerta":24,"operador_principal":"Pan American Energy","boe_por_pozo_mboe":272.7},"geometry":{"type":"Polygon","coordinates":[[[-68.9023,-38.10049],[-68.90226,-38.1316],[-68.7711,-38.13151],[-68.77094,-38.15851],[-68.71383,-38.21835],[-68.8108,-38.21855],[-68.81087,-38.191],[-68.90955,-38.19112],[-68.90958,-38.16501],[-68.9414,-38.16547],[-68.94145,-38.10052],[-68.9023,-38.10049]]]}},{"type":"Feature","properties":{"nombre":"AGUADA PICHANA OESTE","codigo":"APO","operador":"PAN AMERICAN ENERGY SL","participacion":"YPF S.A.: 40 % PAN AMERICAN ENERGY SL: 60 %","pozos":57,"boe_acum_mboe":84441.7,"petroleo_acum_mbbl":0.0,"npv_musd_mediano":null,"eur_mbbl_mediana":null,"vaca_muerta":57,"operador_principal":"Pan American Energy","boe_por_pozo_mboe":1481.4},"geometry":{"type":"Polygon","coordinates":[[[-69.40064,-38.23805],[-69.37709,-38.23813],[-69.3775,-38.31759],[-69.32529,-38.31774],[-69.32561,-38.388],[-69.28558,-38.38811],[-69.28574,-38.42691],[-69.26194,-38.42696],[-69.26234,-38.53682],[-69.40341,-38.53636],[-69.401,-38.52114],[-69.40483,-38.51252],[-69.4127,-38.50657],[-69.42945,-38.505],[-69.46064,-38.48617],[-69.47057,-38.48613],[-69.47492,-38.49173],[-69.47238,-38.49897],[-69.47452,-38.50185],[-69.48245,-38.50557],[-69.48689,-38.50561],[-69.48264,-38.49829],[-69.48297,-38.49231],[-69.49367,-38.4913],[-69.49824,-38.48731],[-69.50303,-38.48722],[-69.5114,-38.48913],[-69.51503,-38.49324],[-69.51285,-38.18465],[-69.40035,-38.18509],[-69.40064,-38.23805]]]}},{"type":"Feature","properties":{"nombre":"CATRIEL OESTE","codigo":"CAP","operador":"TANGO ENERGY ARGENTINA S.A.","participacion":"EDHIPSA: 10 % TANGO ENERGY ARGENTINA S.A.: 90 %","pozos":0,"boe_acum_mboe":null,"petroleo_acum_mbbl":null,"npv_musd_mediano":null,"eur_mbbl_mediana":null,"vaca_muerta":0,"operador_principal":null,"boe_por_pozo_mboe":null},"geometry":{"type":"Polygon","coordinates":[[[-67.97861,-37.70795],[-68.01233,-37.73031],[-68.07131,-37.73078],[-68.07151,-37.71457],[-68.07901,-37.70471],[-68.07932,-37.67949],[-67.97904,-37.67865],[-67.97861,-37.70795]]]}},{"type":"Feature","properties":{"nombre":"AGUADA DE CASTRO","codigo":"AGCA","operador":"PAN AMERICAN ENERGY SL","participacion":"YPF S.A.: 40 % PAN AMERICAN ENERGY SL: 60 %","pozos":10,"boe_acum_mboe":10149.2,"petroleo_acum_mbbl":0.0,"npv_musd_mediano":null,"eur_mbbl_mediana":null,"vaca_muerta":10,"operador_principal":"Pan American Energy","boe_por_pozo_mboe":1014.9},"geometry":{"type":"Polygon","coordinates":[[[-69.62426,-38.18412],[-69.51285,-38.18475],[-69.51397,-38.34418],[-69.52695,-38.34412],[-69.52699,-38.34935],[-69.539,-38.3493],[-69.53904,-38.35401],[-69.54878,-38.35397],[-69.54881,-38.35758],[-69.55978,-38.35753],[-69.55961,-38.33514],[-69.63229,-38.33477],[-69.63201,-38.30119],[-69.59965,-38.30136],[-69.59951,-38.28542],[-69.60814,-38.28538],[-69.60789,-38.25497],[-69.62487,-38.25489],[-69.62426,-38.18412]]]}},{"type":"Feature","properties":{"nombre":"COIRON AMARGO SUR ESTE","codigo":"CANC","operador":"PAN AMERICAN ENERGY SL","participacion":"PAN AMERICAN ENERGY SL: 90 % GAS Y PETROLEO DEL NEUQUEN S.A.: 10 %","pozos":40,"boe_acum_mboe":13754.7,"petroleo_acum_mbbl":13041.8,"npv_musd_mediano":14.7,"eur_mbbl_mediana":1440.6,"vaca_muerta":40,"operador_principal":"Pan American Energy","boe_por_pozo_mboe":343.9},"geometry":{"type":"Polygon","coordinates":[[[-68.47854,-38.3545],[-68.38172,-38.28145],[-68.33186,-38.28118],[-68.33159,-38.3109],[-68.25685,-38.31045],[-68.25699,-38.39775],[-68.29691,-38.37692],[-68.32568,-38.40996],[-68.25834,-38.4456],[-68.38799,-38.44634],[-68.38807,-38.43483],[-68.47854,-38.3545]]]}},{"type":"Feature","properties":{"nombre":"PUESTO FLORES - ESTANCIA VIEJA","codigo":"PFEV","operador":"EDHIPSA","participacion":"EDHIPSA: 100 %","pozos":0,"boe_acum_mboe":null,"petroleo_acum_mbbl":null,"npv_musd_mediano":null,"eur_mbbl_mediana":null,"vaca_muerta":0,"operador_principal":null,"boe_por_pozo_mboe":null},"geometry":{"type":"Polygon","coordinates":[[[-67.47858,-38.64752],[-67.28743,-38.64801],[-67.28769,-38.66197],[-67.2821,-38.66201],[-67.28298,-38.69599],[-67.49489,-38.69644],[-67.49455,-38.71234],[-67.56851,-38.71326],[-67.56828,-38.70268],[-67.55992,-38.70269],[-67.5596,-38.68658],[-67.52799,-38.687],[-67.52771,-38.67122],[-67.47856,-38.67188],[-67.47858,-38.64752]]]}},{"type":"Feature","properties":{"nombre":"EL MEDANITO","codigo":"EME","operador":"PETROLEOS SUDAMERICANOS S.A.","participacion":"PETROLEOS SUDAMERICANOS S.A.: 100 %","pozos":0,"boe_acum_mboe":null,"petroleo_acum_mbbl":null,"npv_musd_mediano":null,"eur_mbbl_mediana":null,"vaca_muerta":0,"operador_principal":null,"boe_por_pozo_mboe":null},"geometry":{"type":"Polygon","coordinates":[[[-67.90837,-37.95549],[-67.92606,-37.97998],[-67.9251,-38.03679],[-67.9195,-38.03674],[-67.91887,-38.07271],[-68.0123,-38.07353],[-68.01388,-37.9564],[-67.90837,-37.95549]]]}},{"type":"Feature","properties":{"nombre":"BAJO DEL PICHE","codigo":"BAJ","operador":"PETROLEOS SUDAMERICANOS S.A.","participacion":"PETROLEOS SUDAMERICANOS S.A.: 100 %","pozos":0,"boe_acum_mboe":null,"petroleo_acum_mbbl":null,"npv_musd_mediano":null,"eur_mbbl_mediana":null,"vaca_muerta":0,"operador_principal":null,"boe_por_pozo_mboe":null},"geometry":{"type":"Polygon","coordinates":[[[-67.97144,-38.22453],[-67.97097,-38.25786],[-68.05592,-38.31532],[-68.0845,-38.31554],[-68.08407,-38.34923],[-68.12567,-38.31038],[-68.01939,-38.22494],[-67.97144,-38.22453]]]}},{"type":"Feature","properties":{"nombre":"BARRANCA DE LOS LOROS","codigo":"LOR","operador":"PETROLEOS SUDAMERICANOS S.A.","participacion":"PETROLEOS SUDAMERICANOS S.A.: 100 %","pozos":0,"boe_acum_mboe":null,"petroleo_acum_mbbl":null,"npv_musd_mediano":null,"eur_mbbl_mediana":null,"vaca_muerta":0,"operador_principal":null,"boe_por_pozo_mboe":null},"geometry":{"type":"Polygon","coordinates":[[[-67.73605,-37.76461],[-67.73347,-37.76799],[-67.73483,-37.77538],[-67.72479,-37.77997],[-67.72492,-37.78663],[-67.72008,-37.80705],[-67.72145,-37.82149],[-67.72343,-37.82739],[-67.72116,-37.8499],[-67.72484,-37.85544],[-67.73059,-37.86154],[-67.73991,-37.86442],[-67.74323,-37.863],[-67.75956,-37.87777],[-67.76567,-37.89264],[-67.77651,-37.89792],[-67.79242,-37.90209],[-67.80391,-37.90248],[-67.81955,-37.90955],[-67.8435,-37.92493],[-67.88684,-37.92558],[-67.88709,-37.91208],[-67.87344,-37.91193],[-67.87446,-37.84708],[-67.86213,-37.84697],[-67.87585,-37.80205],[-67.84334,-37.80173],[-67.84391,-37.76571],[-67.73605,-37.76461]]]}},{"type":"Feature","properties":{"nombre":"EL SANTIAGUEÑO","codigo":"SAN","operador":"PETROLEOS SUDAMERICANOS S.A.","participacion":"PETROLEOS SUDAMERICANOS S.A.: 100 %","pozos":0,"boe_acum_mboe":null,"petroleo_acum_mbbl":null,"npv_musd_mediano":null,"eur_mbbl_mediana":null,"vaca_muerta":0,"operador_principal":null,"boe_por_pozo_mboe":null},"geometry":{"type":"Polygon","coordinates":[[[-68.01387,-37.95639],[-68.01229,-38.07352],[-67.91885,-38.0727],[-67.91831,-38.107],[-67.83397,-38.10848],[-67.83214,-38.22323],[-68.01938,-38.22493],[-68.30269,-37.95851],[-68.01387,-37.95639]]]}},{"type":"Feature","properties":{"nombre":"ATUEL NORTE EXPLOTACION","codigo":"ANEX","operador":"TANGO ENERGY ARGENTINA S.A.","participacion":"TANGO ENERGY ARGENTINA S.A.: 100 %","pozos":0,"boe_acum_mboe":null,"petroleo_acum_mbbl":null,"npv_musd_mediano":null,"eur_mbbl_mediana":null,"vaca_muerta":0,"operador_principal":null,"boe_por_pozo_mboe":null},"geometry":{"type":"Polygon","coordinates":[[[-69.47,-35.20255],[-69.46954,-35.12143],[-69.42017,-35.12161],[-69.42059,-35.20273],[-69.47,-35.20255]]]}},{"type":"Feature","properties":{"nombre":"CATRIEL VIEJO","codigo":"VIE","operador":"TANGO ENERGY ARGENTINA S.A.","participacion":"EDHIPSA: 10 % TANGO ENERGY ARGENTINA S.A.: 90 %","pozos":0,"boe_acum_mboe":null,"petroleo_acum_mbbl":null,"npv_musd_mediano":null,"eur_mbbl_mediana":null,"vaca_muerta":0,"operador_principal":null,"boe_por_pozo_mboe":null},"geometry":{"type":"Polygon","coordinates":[[[-68.25617,-37.85552],[-68.09742,-37.8544],[-68.10355,-37.83643],[-68.02228,-37.83578],[-68.0224,-37.82767],[-67.95993,-37.82717],[-67.95859,-37.91273],[-67.88708,-37.91206],[-67.88683,-37.92556],[-67.90835,-37.95548],[-68.02707,-37.95652],[-68.02729,-37.93803],[-68.02064,-37.93796],[-68.02069,-37.93248],[-68.041,-37.93263],[-68.04073,-37.95317],[-68.07215,-37.9534],[-68.07221,-37.94986],[-68.08221,-37.94995],[-68.08204,-37.94268],[-68.09957,-37.94285],[-68.09965,-37.93973],[-68.11479,-37.93987],[-68.11491,-37.92912],[-68.14114,-37.92931],[-68.14123,-37.92564],[-68.15555,-37.92575],[-68.1557,-37.91507],[-68.19652,-37.91537],[-68.1967,-37.90014],[-68.2013,-37.90016],[-68.20141,-37.88815],[-68.21012,-37.8882],[-68.21019,-37.87904],[-68.2229,-37.87914],[-68.22279,-37.8883],[-68.21601,-37.88826],[-68.21594,-37.89621],[-68.21022,-37.89618],[-68.20973,-37.93863],[-68.24771,-37.93889],[-68.24772,-37.93484],[-68.25539,-37.93492],[-68.25617,-37.85552]]]}},{"type":"Feature","properties":{"nombre":"LOMA GUADALOSA","codigo":"LGU","operador":"PAN AMERICAN ENERGY SL","participacion":"Petrolera Aconcagua Energia S.A.: 35 % PAN AMERICAN ENERGY SL: 65 %","pozos":0,"boe_acum_mboe":null,"petroleo_acum_mbbl":null,"npv_musd_mediano":null,"eur_mbbl_mediana":null,"vaca_muerta":0,"operador_principal":null,"boe_por_pozo_mboe":null},"geometry":{"type":"Polygon","coordinates":[[[-68.13296,-38.32231],[-68.13145,-38.44386],[-68.21737,-38.44446],[-68.21869,-38.32283],[-68.13296,-38.32231]]]}},{"type":"Feature","properties":{"nombre":"BAJO DEL TORO NORTE","codigo":"BTN","operador":"YPF S.A.","participacion":"YPF S.A.: 50 % EQUINOR ARGENTINA AS SUCURSAL ARGENTINA: 50 %","pozos":26,"boe_acum_mboe":6449.1,"petroleo_acum_mbbl":5392.5,"npv_musd_mediano":7.4,"eur_mbbl_mediana":740.0,"vaca_muerta":26,"operador_principal":"YPF","boe_por_pozo_mboe":248.0},"geometry":{"type":"Polygon","coordinates":[[[-69.02565,-37.45603],[-69.02571,-37.57984],[-69.05979,-37.57976],[-69.05972,-37.57014],[-69.09838,-37.57011],[-69.09836,-37.57465],[-69.1143,-37.57464],[-69.11432,-37.58137],[-69.13689,-37.58134],[-69.13674,-37.50149],[-69.09869,-37.50152],[-69.09863,-37.45599],[-69.02565,-37.45603]]]}},{"type":"Feature","properties":{"nombre":"25 DE MAYO - MEDANITO SUD ESTE LP","codigo":"VELP","operador":"PETROQUIMICA COMODORO RIVADAVIA S.A.","participacion":"PETROQUIMICA COMODORO RIVADAVIA S.A.: 80 % PAMPETROL S.A.P.E.M: 20 %","pozos":0,"boe_acum_mboe":null,"petroleo_acum_mbbl":null,"npv_musd_mediano":null,"eur_mbbl_mediana":null,"vaca_muerta":0,"operador_principal":null,"boe_por_pozo_mboe":null},"geometry":{"type":"Polygon","coordinates":[[[-67.83344,-37.92505],[-67.72992,-37.9979],[-67.61935,-38.00198],[-67.61841,-38.04973],[-67.73233,-38.05102],[-67.72992,-37.9979],[-67.7771,-37.9961],[-67.8117,-38.00864],[-67.81112,-38.03835],[-67.75744,-38.05129],[-67.75857,-38.05885],[-67.7562,-38.06398],[-67.75717,-38.06665],[-67.76286,-38.06896],[-67.76551,-38.0684],[-67.76679,-38.06686],[-67.76558,-38.06299],[-67.76914,-38.0611],[-67.77173,-38.05732],[-67.77856,-38.05545],[-67.78295,-38.0517],[-67.78502,-38.05328],[-67.78484,-38.05887],[-67.79538,-38.05976],[-67.79698,-38.06213],[-67.79482,-38.06532],[-67.79585,-38.06634],[-67.8073,-38.06501],[-67.80775,-38.0704],[-67.80973,-38.072],[-67.81165,-38.07129],[-67.814,-38.06557],[-67.81734,-38.06209],[-67.82725,-38.0636],[-67.83536,-38.05588],[-67.8394,-38.05723],[-67.84602,-38.06654],[-67.84998,-38.0659],[-67.85164,-38.0638],[-67.84974,-38.05755],[-67.84432,-38.05439],[-67.84362,-38.05169],[-67.85354,-38.04904],[-67.8553,-38.04575],[-67.86152,-38.04526],[-67.86216,-38.04187],[-67.86542,-38.04021],[-67.86763,-38.03633],[-67.87577,-38.0345],[-67.87634,-38.03162],[-67.88155,-38.02562],[-67.88074,-38.02256],[-67.8858,-38.01638],[-67.89317,-38.01897],[-67.89552,-38.01831],[-67.89545,-38.01592],[-67.89271,-38.01547],[-67.89471,-38.0118],[-67.8929,-38.00577],[-67.88817,-37.99973],[-67.8984,-37.99855],[-67.90157,-37.99554],[-67.89892,-37.98987],[-67.90318,-37.98845],[-67.90233,-37.98557],[-67.90375,-37.98229],[-67.89943,-37.97885],[-67.89756,-37.9738],[-67.89173,-37.97167],[-67.88932,-37.96467],[-67.88294,-37.96123],[-67.88382,-37.95784],[-67.88235,-37.95398],[-67.87756,-37.95399],[-67.87239,-37.95113],[-67.87103,-37.94817],[-67.87292,-37.93977],[-67.86926,-37.93972],[-67.85989,-37.93532],[-67.8579,-37.93203],[-67.85397,-37.93083],[-67.8534,-37.92578],[-67.84793,-37.92787],[-67.8446,-37.92692],[-67.84385,-37.92514],[-67.83344,-37.92505]]]}},{"type":"Feature","properties":{"nombre":"JAGÜEL DE LOS MACHOS LP","codigo":"JMLP","operador":"PETROQUIMICA COMODORO RIVADAVIA S.A.","participacion":"PETROQUIMICA COMODORO RIVADAVIA S.A.: 80 % PAMPETROL S.A.P.E.M: 20 %","pozos":0,"boe_acum_mboe":null,"petroleo_acum_mbbl":null,"npv_musd_mediano":null,"eur_mbbl_mediana":null,"vaca_muerta":0,"operador_principal":null,"boe_por_pozo_mboe":null},"geometry":{"type":"Polygon","coordinates":[[[-67.5857,-38.0935],[-67.5833,-38.21628],[-67.58602,-38.21667],[-67.60447,-38.20724],[-67.62922,-38.1985],[-67.64653,-38.19584],[-67.65016,-38.19243],[-67.65536,-38.19065],[-67.65828,-38.18587],[-67.65762,-38.18266],[-67.66249,-38.15714],[-67.69876,-38.12417],[-67.71747,-38.11929],[-67.72673,-38.10182],[-67.73167,-38.09889],[-67.72711,-38.09511],[-67.5857,-38.0935]]]}},{"type":"Feature","properties":{"nombre":"PUESTO MORALES ESTE","codigo":"EDIP","operador":"GEOPETROL DRILLING S.A.","participacion":"GEOPETROL DRILLING S.A.: 100 %","pozos":0,"boe_acum_mboe":null,"petroleo_acum_mbbl":null,"npv_musd_mediano":null,"eur_mbbl_mediana":null,"vaca_muerta":0,"operador_principal":null,"boe_por_pozo_mboe":null},"geometry":{"type":"Polygon","coordinates":[[[-67.62734,-38.30452],[-67.61555,-38.30317],[-67.61451,-38.3578],[-67.62634,-38.35794],[-67.62734,-38.30452]]]}},{"type":"Feature","properties":{"nombre":"RINCONADA PUESTO MORALES RN","codigo":"RPMR","operador":"GEOPETROL DRILLING S.A.","participacion":"MADALENA PETROLEUM (AMERICAS) LTD. (SUCURSAL ARGENTINA): 100 %","pozos":0,"boe_acum_mboe":null,"petroleo_acum_mbbl":null,"npv_musd_mediano":null,"eur_mbbl_mediana":null,"vaca_muerta":0,"operador_principal":null,"boe_por_pozo_mboe":null},"geometry":{"type":"MultiPolygon","coordinates":[[[[-67.4912,-38.25348],[-67.3199,-38.25107],[-67.31831,-38.32013],[-67.48977,-38.32246],[-67.4912,-38.25348]]],[[[-67.73269,-38.35912],[-67.73481,-38.23753],[-67.62861,-38.23634],[-67.62632,-38.35792],[-67.73269,-38.35912]]]]}},{"type":"Feature","properties":{"nombre":"MATA MORA NORTE","codigo":"MMN","operador":"PHOENIX GLOBAL RESOURCES S.A.","participacion":"PHOENIX GLOBAL RESOURCES S.A.: 100 %","pozos":53,"boe_acum_mboe":16205.9,"petroleo_acum_mbbl":15142.7,"npv_musd_mediano":9.5,"eur_mbbl_mediana":1009.2,"vaca_muerta":53,"operador_principal":"Phoenix Global Resources","boe_por_pozo_mboe":305.8},"geometry":{"type":"Polygon","coordinates":[[[-68.38637,-38.44545],[-68.2661,-38.44476],[-68.26568,-38.48619],[-68.25282,-38.48611],[-68.25163,-38.6049],[-68.3094,-38.60522],[-68.30966,-38.57829],[-68.35792,-38.57856],[-68.35813,-38.55447],[-68.38544,-38.55459],[-68.38637,-38.44545]]]}},{"type":"Feature","properties":{"nombre":"SAN ROQUE","codigo":"SRO","operador":"TOTAL AUSTRAL S.A.","participacion":"YPF S.A.: 34.11 % TOTAL AUSTRAL S.A.: 24.71 % WINTERSHALL DEA ARGENTINA S.A: 24.71 % PAN AMERICAN ENERGY SL: 16.47 %","pozos":9,"boe_acum_mboe":1523.5,"petroleo_acum_mbbl":1122.6,"npv_musd_mediano":0.0,"eur_mbbl_mediana":515.2,"vaca_muerta":8,"operador_principal":"TotalEnergies","boe_por_pozo_mboe":169.3},"geometry":{"type":"Polygon","coordinates":[[[-68.8062,-37.79822],[-68.80583,-37.93786],[-68.65796,-37.93753],[-68.65747,-38.04115],[-68.77137,-38.04141],[-68.77108,-38.1315],[-68.90225,-38.13168],[-68.90234,-38.06411],[-69.11315,-38.06409],[-69.1127,-37.79834],[-68.8062,-37.79822]]]}},{"type":"Feature","properties":{"nombre":"RINCON LA CENIZA","codigo":"RLCZ","operador":"VACA MUERTA INVERSIONES SAU","participacion":"VACA MUERTA INVERSIONES SAU: 45 % SHELL ARGENTINA S.A.: 45 % GAS Y PETROLEO DEL NEUQUEN S.A.: 10 %","pozos":16,"boe_acum_mboe":7540.6,"petroleo_acum_mbbl":2960.7,"npv_musd_mediano":null,"eur_mbbl_mediana":null,"vaca_muerta":16,"operador_principal":"VACA MUERTA INVERSIONES SAU","boe_por_pozo_mboe":471.3},"geometry":{"type":"Polygon","coordinates":[[[-69.1694,-37.77123],[-69.16948,-37.79827],[-69.11271,-37.79835],[-69.11359,-37.89684],[-69.23791,-37.89646],[-69.23809,-37.95133],[-69.26084,-37.95128],[-69.26071,-37.91524],[-69.28346,-37.91518],[-69.28329,-37.87014],[-69.29465,-37.87011],[-69.29426,-37.77101],[-69.1694,-37.77123]]]}},{"type":"Feature","properties":{"nombre":"LA ESCALONADA","codigo":"LAES","operador":"VACA MUERTA INVERSIONES SAU","participacion":"GAS Y PETROLEO DEL NEUQUEN S.A.: 10.00 % TOTAL AUSTRAL S.A.: 45.00 % SHELL ARGENTINA S.A.: 45.00 %","pozos":7,"boe_acum_mboe":5060.2,"petroleo_acum_mbbl":3624.8,"npv_musd_mediano":49.4,"eur_mbbl_mediana":3234.6,"vaca_muerta":7,"operador_principal":"VACA MUERTA INVERSIONES SAU","boe_por_pozo_mboe":722.9},"geometry":{"type":"Polygon","coordinates":[[[-69.16902,-37.59703],[-69.1694,-37.77123],[-69.28101,-37.77104],[-69.28091,-37.74395],[-69.23995,-37.74404],[-69.23973,-37.67712],[-69.28609,-37.67701],[-69.28616,-37.69503],[-69.31451,-37.69496],[-69.31443,-37.67694],[-69.3507,-37.67684],[-69.35052,-37.63961],[-69.37888,-37.63952],[-69.37873,-37.60946],[-69.40899,-37.60936],[-69.40892,-37.59644],[-69.16902,-37.59703]]]}},{"type":"Feature","properties":{"nombre":"AGUADA PICHANA ESTE","codigo":"APE","operador":"TOTAL AUSTRAL S.A.","participacion":"TOTAL AUSTRAL S.A.: 55 % YPF S.A.: 16.90 % PAN AMERICAN ENERGY (SUCURSAL ARGENTINA) LLC: 5.60 % WINTERSHALL DEA ARGENTINA S.A: 22.50 %","pozos":138,"boe_acum_mboe":169817.2,"petroleo_acum_mbbl":2528.1,"npv_musd_mediano":-9.6,"eur_mbbl_mediana":65.7,"vaca_muerta":101,"operador_principal":"TotalEnergies","boe_por_pozo_mboe":1230.6},"geometry":{"type":"Polygon","coordinates":[[[-69.17041,-38.18564],[-69.17058,-38.25771],[-69.07919,-38.25781],[-69.07939,-38.42001],[-69.05644,-38.42003],[-69.05657,-38.51546],[-69.2308,-38.51529],[-69.23092,-38.53689],[-69.2616,-38.53682],[-69.2612,-38.4277],[-69.28552,-38.42764],[-69.28537,-38.38824],[-69.3254,-38.38814],[-69.32509,-38.31826],[-69.37807,-38.3181],[-69.37766,-38.23866],[-69.40101,-38.23859],[-69.40072,-38.18508],[-69.17041,-38.18564]]]}},{"type":"Feature","properties":{"nombre":"PUESTO PARADA","codigo":"PUP","operador":"TECPETROL S.A.","participacion":"TECPETROL S.A.: 100 %","pozos":19,"boe_acum_mboe":4562.9,"petroleo_acum_mbbl":4252.6,"npv_musd_mediano":10.3,"eur_mbbl_mediana":1009.2,"vaca_muerta":19,"operador_principal":"Tecpetrol","boe_por_pozo_mboe":240.2},"geometry":{"type":"Polygon","coordinates":[[[-68.76898,-38.79359],[-68.51003,-38.79281],[-68.50936,-38.88744],[-68.54585,-38.88759],[-68.54641,-38.88149],[-68.56882,-38.86931],[-68.56937,-38.85319],[-68.60965,-38.85327],[-68.60966,-38.84787],[-68.76878,-38.84841],[-68.76898,-38.79359]]]}},{"type":"Feature","properties":{"nombre":"AGUADA BAGUALES","codigo":"BAG","operador":"OILSTONE ENERGIA S.A.","participacion":"OILSTONE ENERGIA S.A.: 100 %","pozos":0,"boe_acum_mboe":null,"petroleo_acum_mbbl":null,"npv_musd_mediano":null,"eur_mbbl_mediana":null,"vaca_muerta":0,"operador_principal":null,"boe_por_pozo_mboe":null},"geometry":{"type":"Polygon","coordinates":[[[-69.00608,-38.78934],[-68.76898,-38.78911],[-68.76872,-38.86838],[-69.00108,-38.86841],[-69.0009,-38.80915],[-69.00608,-38.80915],[-69.00608,-38.78934]]]}},{"type":"Feature","properties":{"nombre":"DOS HERMANAS","codigo":"DHA","operador":"OILSTONE ENERGIA S.A.","participacion":"OILSTONE ENERGIA S.A.: 100 %","pozos":0,"boe_acum_mboe":null,"petroleo_acum_mbbl":null,"npv_musd_mediano":null,"eur_mbbl_mediana":null,"vaca_muerta":0,"operador_principal":null,"boe_por_pozo_mboe":null},"geometry":{"type":"MultiPolygon","coordinates":[[[[-69.09744,-39.10462],[-69.09749,-39.14065],[-69.06279,-39.14068],[-69.06276,-39.10465],[-69.03213,-39.10466],[-69.03215,-39.1497],[-69.04545,-39.14969],[-69.04547,-39.18752],[-69.23066,-39.1873],[-69.23049,-39.13409],[-69.17266,-39.13419],[-69.17259,-39.10454],[-69.09744,-39.10462]]],[[[-68.83734,-39.10005],[-68.83732,-39.10905],[-68.74482,-39.10889],[-68.74468,-39.14852],[-68.85216,-39.14871],[-68.85218,-39.1406],[-68.96159,-39.14069],[-68.9616,-39.10466],[-68.94137,-39.10465],[-68.94138,-39.10014],[-68.83734,-39.10005]]]]}},{"type":"Feature","properties":{"nombre":"OJO DE AGUA","codigo":"ODA","operador":"OILSTONE ENERGIA S.A.","participacion":"OILSTONE ENERGIA S.A.: 100 %","pozos":0,"boe_acum_mboe":null,"petroleo_acum_mbbl":null,"npv_musd_mediano":null,"eur_mbbl_mediana":null,"vaca_muerta":0,"operador_principal":null,"boe_por_pozo_mboe":null},"geometry":{"type":"Polygon","coordinates":[[[-68.71113,-39.08915],[-68.74488,-39.08923],[-68.74496,-39.06667],[-68.71123,-39.06659],[-68.71113,-39.08915]]]}},{"type":"Feature","properties":{"nombre":"EL PORVENIR","codigo":"POR","operador":"OILSTONE ENERGIA S.A.","participacion":"OILSTONE ENERGIA S.A.: 100 %","pozos":3,"boe_acum_mboe":2.4,"petroleo_acum_mbbl":2.4,"npv_musd_mediano":-11.0,"eur_mbbl_mediana":2.0,"vaca_muerta":3,"operador_principal":"OILSTONE ENERGIA S.A.","boe_por_pozo_mboe":0.8},"geometry":{"type":"Polygon","coordinates":[[[-69.0112,-38.98798],[-69.0112,-38.96936],[-68.82241,-38.96922],[-68.82237,-38.98784],[-68.76075,-38.98773],[-68.76053,-39.05483],[-68.96179,-39.05507],[-68.96177,-39.07805],[-68.97878,-39.07805],[-68.97877,-39.1046],[-69.03212,-39.1046],[-69.03207,-38.98798],[-69.0112,-38.98798]]]}},{"type":"Feature","properties":{"nombre":"PUESTO TOUQUET","codigo":"PTO","operador":"OILSTONE ENERGIA S.A.","participacion":"OILSTONE ENERGIA S.A.: 100 %","pozos":0,"boe_acum_mboe":null,"petroleo_acum_mbbl":null,"npv_musd_mediano":null,"eur_mbbl_mediana":null,"vaca_muerta":0,"operador_principal":null,"boe_por_pozo_mboe":null},"geometry":{"type":"Polygon","coordinates":[[[-69.17225,-38.96937],[-69.03206,-38.96949],[-69.03211,-39.09329],[-69.10875,-39.09325],[-69.10868,-39.0463],[-69.17244,-39.04622],[-69.17225,-38.96937]]]}},{"type":"Feature","properties":{"nombre":"AL SUR DE LA DORSAL","codigo":"SDD","operador":"OILSTONE ENERGIA S.A.","participacion":"OILSTONE ENERGIA S.A.: 100 %","pozos":25,"boe_acum_mboe":10022.8,"petroleo_acum_mbbl":766.0,"npv_musd_mediano":null,"eur_mbbl_mediana":null,"vaca_muerta":0,"operador_principal":"OILSTONE ENERGIA S.A.","boe_por_pozo_mboe":400.9},"geometry":{"type":"MultiPolygon","coordinates":[[[[-69.06289,-39.25327],[-69.06294,-39.30281],[-69.17887,-39.30269],[-69.17875,-39.25315],[-69.06289,-39.25327]]],[[[-68.7807,-39.17652],[-68.85741,-39.17664],[-68.85747,-39.14871],[-68.74468,-39.14852],[-68.74465,-39.15753],[-68.7807,-39.17652]]],[[[-69.47736,-39.21178],[-69.55287,-39.26098],[-69.72248,-39.26005],[-69.68783,-39.23774],[-69.65359,-39.23794],[-69.65339,-39.21555],[-69.55844,-39.21592],[-69.55853,-39.15422],[-69.5399,-39.14124],[-69.47689,-39.14152],[-69.47736,-39.21178]]],[[[-69.06276,-39.10465],[-69.06279,-39.14068],[-69.09749,-39.14065],[-69.09744,-39.10462],[-69.06276,-39.10465]]],[[[-68.74502,-39.05484],[-68.74482,-39.10889],[-68.83732,-39.10905],[-68.83734,-39.10005],[-68.94138,-39.10014],[-68.94141,-39.05511],[-68.74502,-39.05484]]],[[[-69.17247,-39.05499],[-69.17266,-39.13419],[-69.23049,-39.13409],[-69.23066,-39.1873],[-69.04547,-39.18752],[-69.04545,-39.14969],[-69.03215,-39.1497],[-69.03213,-39.10466],[-68.9616,-39.10466],[-68.96159,-39.14069],[-68.94134,-39.14068],[-68.94129,-39.20823],[-69.04549,-39.20824],[-69.0455,-39.23076],[-69.30493,-39.23037],[-69.30417,-39.05472],[-69.17247,-39.05499]]],[[[-69.44888,-38.92364],[-69.4494,-39.00917],[-69.4771,-39.00906],[-69.47734,-39.03703],[-69.57666,-39.03658],[-69.57618,-38.97713],[-69.49477,-38.97853],[-69.49512,-38.923],[-69.44888,-38.92364]]]]}},{"type":"Feature","properties":{"nombre":"CENTENARIO","codigo":"CEN","operador":"FLXS OGE S.A","participacion":"FLXS OGE S.A : 100 %","pozos":0,"boe_acum_mboe":null,"petroleo_acum_mbbl":null,"npv_musd_mediano":null,"eur_mbbl_mediana":null,"vaca_muerta":0,"operador_principal":null,"boe_por_pozo_mboe":null},"geometry":{"type":"MultiPolygon","coordinates":[[[[-68.14214,-38.94786],[-68.14203,-38.95557],[-68.07628,-38.95507],[-68.07587,-38.98711],[-68.14756,-38.97383],[-68.18861,-38.96874],[-68.22248,-38.94842],[-68.14214,-38.94786]]],[[[-68.14359,-38.82584],[-68.14307,-38.87091],[-68.20366,-38.87133],[-68.20398,-38.84296],[-68.3081,-38.84363],[-68.30825,-38.82693],[-68.14359,-38.82584]]]]}},{"type":"Feature","properties":{"nombre":"VEGA GRANDE","codigo":"VEGA","operador":"G Y G OIL SERVICE SRL","participacion":"G Y G OIL SERVICE SRL: 100 %","pozos":1,"boe_acum_mboe":74.6,"petroleo_acum_mbbl":53.0,"npv_musd_mediano":-10.5,"eur_mbbl_mediana":60.4,"vaca_muerta":1,"operador_principal":"G Y G OIL SERVICE SRL","boe_por_pozo_mboe":74.6},"geometry":{"type":"Polygon","coordinates":[[[-69.63816,-34.60079],[-69.63896,-34.70785],[-69.677,-34.70768],[-69.67815,-34.83022],[-69.78527,-34.82958],[-69.7827,-34.59995],[-69.63816,-34.60079]]]}},{"type":"Feature","properties":{"nombre":"EL CARACOL NORTE","codigo":"ECN","operador":"PETROLEOS SUDAMERICANOS S.A.","participacion":"GAS Y PETROLEO DEL NEUQUEN S.A.: 100 %","pozos":0,"boe_acum_mboe":null,"petroleo_acum_mbbl":null,"npv_musd_mediano":null,"eur_mbbl_mediana":null,"vaca_muerta":0,"operador_principal":null,"boe_por_pozo_mboe":null},"geometry":{"type":"Polygon","coordinates":[[[-68.47296,-37.72066],[-68.36408,-37.72012],[-68.36291,-37.85616],[-68.41064,-37.8564],[-68.47972,-37.8899],[-68.48037,-37.79727],[-68.47242,-37.79724],[-68.47296,-37.72066]]]}},{"type":"Feature","properties":{"nombre":"COIRON AMARGO SUR OESTE","codigo":"CAOS","operador":"SHELL ARGENTINA S.A.","participacion":"GAS Y PETROLEO DEL NEUQUEN S.A.: 10 % SHELL ARGENTINA S.A.: 90 %","pozos":43,"boe_acum_mboe":14655.0,"petroleo_acum_mbbl":13434.8,"npv_musd_mediano":8.5,"eur_mbbl_mediana":989.4,"vaca_muerta":43,"operador_principal":"Shell","boe_por_pozo_mboe":340.8},"geometry":{"type":"Polygon","coordinates":[[[-68.38719,-38.44544],[-68.5038,-38.44599],[-68.50429,-38.37359],[-68.47774,-38.3536],[-68.38727,-38.43393],[-68.38719,-38.44544]]]}},{"type":"Feature","properties":{"nombre":"BAJADA DE AÑELO","codigo":"BANE","operador":"SHELL ARGENTINA S.A.","participacion":"YPF S.A.: 50.00 % SHELL ARGENTINA S.A.: 50.00 %","pozos":28,"boe_acum_mboe":8600.6,"petroleo_acum_mbbl":4294.5,"npv_musd_mediano":8.6,"eur_mbbl_mediana":883.8,"vaca_muerta":28,"operador_principal":"Shell","boe_por_pozo_mboe":307.2},"geometry":{"type":"Polygon","coordinates":[[[-69.03396,-38.06415],[-69.03401,-38.16502],[-68.90958,-38.16501],[-68.90943,-38.29385],[-68.98778,-38.29388],[-68.98778,-38.26415],[-68.9455,-38.26415],[-68.94554,-38.21009],[-68.96036,-38.21014],[-68.96037,-38.24343],[-68.98779,-38.24343],[-68.98779,-38.25785],[-69.05635,-38.25783],[-69.05626,-38.16235],[-69.0734,-38.16237],[-69.07333,-38.11537],[-69.11329,-38.11542],[-69.11315,-38.0641],[-69.03396,-38.06415]]]}},{"type":"Feature","properties":{"nombre":"EL TRAPIAL ESTE","codigo":"ETE","operador":"CHEVRON ARGENTINA S.R.L.","participacion":"CHEVRON ARGENTINA S.R.L.: 100 %","pozos":45,"boe_acum_mboe":19727.6,"petroleo_acum_mbbl":13756.0,"npv_musd_mediano":14.8,"eur_mbbl_mediana":1460.5,"vaca_muerta":45,"operador_principal":"Chevron","boe_por_pozo_mboe":438.4},"geometry":{"type":"Polygon","coordinates":[[[-69.18165,-37.36129],[-69.18142,-37.3932],[-69.25308,-37.39313],[-69.29444,-37.4274],[-69.29475,-37.5096],[-69.40118,-37.50885],[-69.40117,-37.5055],[-69.46137,-37.50572],[-69.4605,-37.36055],[-69.18165,-37.36129]]]}},{"type":"Feature","properties":{"nombre":"PUESTO ZUÑIGA","codigo":"PZU","operador":"CAPEX S.A.","participacion":"EDHIPSA: 10 % CAPEX S.A.: 90 %","pozos":0,"boe_acum_mboe":null,"petroleo_acum_mbbl":null,"npv_musd_mediano":null,"eur_mbbl_mediana":null,"vaca_muerta":0,"operador_principal":null,"boe_por_pozo_mboe":null},"geometry":{"type":"Polygon","coordinates":[[[-67.83044,-38.75428],[-67.75597,-38.75351],[-67.75417,-38.85655],[-67.83466,-38.85739],[-67.83554,-38.80359],[-67.84113,-38.80368],[-67.84181,-38.76198],[-67.83032,-38.76186],[-67.83044,-38.75428]]]}},{"type":"Feature","properties":{"nombre":"COIRON AMARGO NORTE","codigo":"Z038","operador":"VISTA ENERGY ARGENTINA SAU","participacion":"GAS Y PETROLEO DEL NEUQUEN S.A.: 15.38 % VISTA ENERGY ARGENTINA SAU: 84.62 %","pozos":0,"boe_acum_mboe":null,"petroleo_acum_mbbl":null,"npv_musd_mediano":null,"eur_mbbl_mediana":null,"vaca_muerta":0,"operador_principal":null,"boe_por_pozo_mboe":null},"geometry":{"type":"Polygon","coordinates":[[[-68.25588,-38.20727],[-68.25603,-38.30954],[-68.33079,-38.31001],[-68.33097,-38.28026],[-68.38092,-38.28054],[-68.37663,-38.24719],[-68.4567,-38.23183],[-68.46964,-38.25394],[-68.48954,-38.24141],[-68.46595,-38.22421],[-68.27918,-38.22321],[-68.25588,-38.20727]]]}},{"type":"Feature","properties":{"nombre":"BAJADA DEL PALO ESTE","codigo":"BAPE","operador":"VISTA ENERGY ARGENTINA SAU","participacion":"VISTA ENERGY ARGENTINA SAU: 100 %","pozos":39,"boe_acum_mboe":13481.5,"petroleo_acum_mbbl":12850.4,"npv_musd_mediano":18.4,"eur_mbbl_mediana":1441.0,"vaca_muerta":39,"operador_principal":"Vista Energy","boe_por_pozo_mboe":345.7},"geometry":{"type":"Polygon","coordinates":[[[-68.34706,-38.10356],[-68.24452,-38.19955],[-68.27918,-38.22321],[-68.46595,-38.22421],[-68.46666,-38.12692],[-68.42897,-38.12674],[-68.42914,-38.10399],[-68.34706,-38.10356]]]}},{"type":"Feature","properties":{"nombre":"BAJADA DEL PALO OESTE","codigo":"BAPO","operador":"VISTA ENERGY ARGENTINA SAU","participacion":"VISTA ENERGY ARGENTINA SAU: 100 %","pozos":178,"boe_acum_mboe":93251.5,"petroleo_acum_mbbl":83212.1,"npv_musd_mediano":19.2,"eur_mbbl_mediana":1549.5,"vaca_muerta":178,"operador_principal":"Vista Energy","boe_por_pozo_mboe":523.9},"geometry":{"type":"Polygon","coordinates":[[[-68.46666,-38.12692],[-68.46595,-38.22421],[-68.49828,-38.24777],[-68.68505,-38.24842],[-68.68557,-38.12771],[-68.46666,-38.12692]]]}},{"type":"Feature","properties":{"nombre":"AGUADA FEDERAL","codigo":"AFED","operador":"VISTA ENERGY ARGENTINA SAU","participacion":"VISTA ENERGY ARGENTINA SAU: 100 %","pozos":30,"boe_acum_mboe":9315.3,"petroleo_acum_mbbl":8095.2,"npv_musd_mediano":3.7,"eur_mbbl_mediana":676.2,"vaca_muerta":30,"operador_principal":"Vista Energy","boe_por_pozo_mboe":310.5},"geometry":{"type":"Polygon","coordinates":[[[-68.77085,-38.15932],[-68.77128,-38.04221],[-68.64073,-38.04189],[-68.64066,-38.07795],[-68.77085,-38.15932]]]}},{"type":"Feature","properties":{"nombre":"BANDURRIA NORTE","codigo":"BNDN","operador":"VISTA ENERGY ARGENTINA SAU","participacion":"VISTA ENERGY ARGENTINA SAU: 100 %","pozos":5,"boe_acum_mboe":659.0,"petroleo_acum_mbbl":431.5,"npv_musd_mediano":-6.0,"eur_mbbl_mediana":147.0,"vaca_muerta":5,"operador_principal":"Vista Energy","boe_por_pozo_mboe":131.8},"geometry":{"type":"Polygon","coordinates":[[[-68.90235,-38.06411],[-68.9023,-38.10049],[-68.94145,-38.10051],[-68.9414,-38.16547],[-69.03401,-38.16548],[-69.03397,-38.06415],[-68.90235,-38.06411]]]}},{"type":"Feature","properties":{"nombre":"AGUILA MORA","codigo":"AGMO","operador":"VISTA ENERGY ARGENTINA SAU","participacion":"GAS Y PETROLEO DEL NEUQUEN S.A.: 10 % VISTA ENERGY ARGENTINA SAU: 90 %","pozos":5,"boe_acum_mboe":1503.1,"petroleo_acum_mbbl":1108.4,"npv_musd_mediano":10.0,"eur_mbbl_mediana":962.1,"vaca_muerta":5,"operador_principal":"Vista Energy","boe_por_pozo_mboe":300.6},"geometry":{"type":"Polygon","coordinates":[[[-69.0348,-37.61547],[-69.03487,-37.76336],[-69.09993,-37.76333],[-69.09974,-37.61543],[-69.0348,-37.61547]]]}},{"type":"Feature","properties":{"nombre":"LINDERO DE PIEDRA","codigo":"LDPA","operador":"HATTRICK ENERGY SAS","participacion":"E.M.E.S.A: 10.00 % HATTRICK ENERGY SAS: 90.00 %","pozos":0,"boe_acum_mboe":null,"petroleo_acum_mbbl":null,"npv_musd_mediano":null,"eur_mbbl_mediana":null,"vaca_muerta":0,"operador_principal":null,"boe_por_pozo_mboe":null},"geometry":{"type":"Polygon","coordinates":[[[-69.43792,-35.31068],[-69.23999,-35.31124],[-69.24007,-35.33828],[-69.19167,-35.33836],[-69.19198,-35.46652],[-69.19489,-35.46815],[-69.26749,-35.46801],[-69.27627,-35.46468],[-69.27805,-35.4566],[-69.2879,-35.45181],[-69.31551,-35.46507],[-69.31553,-35.46789],[-69.43877,-35.46751],[-69.43792,-35.31068]]]}},{"type":"Feature","properties":{"nombre":"CNQ 7/A","codigo":"PUPI","operador":"PLUSPETROL S.A.","participacion":"PLUSPETROL S.A.: 50 % YPF S.A.: 50 %","pozos":0,"boe_acum_mboe":null,"petroleo_acum_mbbl":null,"npv_musd_mediano":null,"eur_mbbl_mediana":null,"vaca_muerta":0,"operador_principal":null,"boe_por_pozo_mboe":null},"geometry":{"type":"Polygon","coordinates":[[[-67.87053,-37.37323],[-67.86773,-37.5587],[-67.93538,-37.55933],[-67.93552,-37.55033],[-68.07132,-37.5515],[-68.07168,-37.52443],[-68.17348,-37.52522],[-68.17366,-37.50718],[-68.23017,-37.50757],[-68.23049,-37.48052],[-68.25256,-37.48068],[-68.25063,-37.37627],[-67.87053,-37.37323]]]}},{"type":"Feature","properties":{"nombre":"JAGÜEL CASA DE PIEDRA","codigo":"JCPA","operador":"PLUSPETROL S.A.","participacion":"YPF S.A.: 50 % PLUSPETROL S.A.: 50 %","pozos":0,"boe_acum_mboe":null,"petroleo_acum_mbbl":null,"npv_musd_mediano":null,"eur_mbbl_mediana":null,"vaca_muerta":0,"operador_principal":null,"boe_por_pozo_mboe":null},"geometry":{"type":"MultiPolygon","coordinates":[[[[-68.67939,-37.18078],[-68.67931,-37.2006],[-68.61623,-37.20042],[-68.61603,-37.23916],[-68.56757,-37.23899],[-68.56711,-37.32008],[-68.47686,-37.31972],[-68.47667,-37.34675],[-68.33922,-37.34606],[-68.33895,-37.3768],[-68.25063,-37.37628],[-68.25256,-37.48069],[-68.3435,-37.48126],[-68.34377,-37.4452],[-68.38897,-37.44544],[-68.38963,-37.36435],[-68.49122,-37.36483],[-68.49134,-37.34681],[-68.64934,-37.34739],[-68.64968,-37.27531],[-68.7286,-37.27551],[-68.72873,-37.23947],[-68.84143,-37.23968],[-68.84158,-37.16669],[-68.7729,-37.16658],[-68.77286,-37.181],[-68.67939,-37.18078]]],[[[-68.42896,-37.38707],[-68.42855,-37.44112],[-68.47941,-37.44134],[-68.47978,-37.38731],[-68.42896,-37.38707]]],[[[-68.77346,-37.3567],[-68.81861,-37.35678],[-68.81869,-37.32074],[-68.77356,-37.32066],[-68.77346,-37.3567]]]]}},{"type":"Feature","properties":{"nombre":"AGUADA VILLANUEVA","codigo":"AVI","operador":"YPF S.A.","participacion":"YPF S.A.: 100 %","pozos":2,"boe_acum_mboe":1064.0,"petroleo_acum_mbbl":388.5,"npv_musd_mediano":null,"eur_mbbl_mediana":null,"vaca_muerta":2,"operador_principal":"YPF","boe_por_pozo_mboe":532.0},"geometry":{"type":"Polygon","coordinates":[[[-69.06484,-38.80915],[-69.37338,-38.80857],[-69.37372,-38.87433],[-69.46015,-38.87402],[-69.45934,-38.74881],[-69.06478,-38.7497],[-69.06484,-38.80915]]]}},{"type":"Feature","properties":{"nombre":"CENTENARIO CENTRO","codigo":"CENC","operador":"FLXS OGE S.A","participacion":"FLXS OGE S.A : 100 %","pozos":132,"boe_acum_mboe":23907.7,"petroleo_acum_mbbl":861.1,"npv_musd_mediano":-10.2,"eur_mbbl_mediana":16.0,"vaca_muerta":2,"operador_principal":"FLXS OGE S.A ","boe_por_pozo_mboe":181.1},"geometry":{"type":"Polygon","coordinates":[[[-68.3081,-38.84363],[-68.20398,-38.84296],[-68.20366,-38.87133],[-68.14307,-38.87091],[-68.14214,-38.94786],[-68.22248,-38.94842],[-68.30758,-38.89721],[-68.3081,-38.84363]]]}},{"type":"Feature","properties":{"nombre":"AGUADA CÁNEPA","codigo":"AGCO","operador":"PAN AMERICAN ENERGY SL","participacion":"GAS Y PETROLEO DEL NEUQUEN S.A.: 10.00 % PAN AMERICAN ENERGY SL: 90.00 %","pozos":12,"boe_acum_mboe":5761.1,"petroleo_acum_mbbl":5462.0,"npv_musd_mediano":14.4,"eur_mbbl_mediana":1153.2,"vaca_muerta":12,"operador_principal":"Pan American Energy","boe_por_pozo_mboe":480.1},"geometry":{"type":"Polygon","coordinates":[[[-68.41453,-38.04019],[-68.34706,-38.10357],[-68.42914,-38.104],[-68.42897,-38.12674],[-68.48412,-38.12698],[-68.48472,-38.10328],[-68.51272,-38.0756],[-68.55967,-38.07544],[-68.5978,-38.04096],[-68.41453,-38.04019]]]}},{"type":"Feature","properties":{"nombre":"LA CALERA","codigo":"LCA","operador":"PLUSPETROL S.A.","participacion":"YPF S.A.: 50 % PLUSPETROL S.A.: 50 %","pozos":119,"boe_acum_mboe":118137.4,"petroleo_acum_mbbl":27804.9,"npv_musd_mediano":null,"eur_mbbl_mediana":null,"vaca_muerta":119,"operador_principal":"Pluspetrol","boe_por_pozo_mboe":992.8},"geometry":{"type":"Polygon","coordinates":[[[-68.9455,-38.26413],[-68.98778,-38.26414],[-68.98778,-38.29387],[-68.92834,-38.29385],[-68.92822,-38.41997],[-69.07937,-38.41996],[-69.07919,-38.25781],[-68.98779,-38.25783],[-68.98778,-38.24342],[-68.96037,-38.24341],[-68.96035,-38.21013],[-68.94554,-38.21007],[-68.9455,-38.26413]]]}},{"type":"Feature","properties":{"nombre":"LA ANGOSTURA SUR I","codigo":"LAS1","operador":"YPF S.A.","participacion":"YPF S.A.: 100 %","pozos":80,"boe_acum_mboe":24034.4,"petroleo_acum_mbbl":19340.9,"npv_musd_mediano":15.8,"eur_mbbl_mediana":1243.7,"vaca_muerta":78,"operador_principal":"YPF","boe_por_pozo_mboe":300.4},"geometry":{"type":"Polygon","coordinates":[[[-68.66768,-38.67491],[-68.5574,-38.71123],[-68.5569,-38.79316],[-68.76898,-38.79358],[-68.76896,-38.78913],[-68.7789,-38.78915],[-68.77933,-38.64829],[-68.72093,-38.64816],[-68.72076,-38.67505],[-68.66768,-38.67491]]]}},{"type":"Feature","properties":{"nombre":"GOBERNADOR AYALA","codigo":"ODO","operador":"PLUSPETROL S.A.","participacion":"PLUSPETROL S.A.: 69.99 % YPF S.A.: 30.01 %","pozos":0,"boe_acum_mboe":null,"petroleo_acum_mbbl":null,"npv_musd_mediano":null,"eur_mbbl_mediana":null,"vaca_muerta":0,"operador_principal":null,"boe_por_pozo_mboe":null},"geometry":{"type":"Polygon","coordinates":[[[-68.3881,-37.54966],[-68.39466,-37.55492],[-68.43637,-37.5434],[-68.44539,-37.53328],[-68.45194,-37.52926],[-68.45026,-37.52282],[-68.45493,-37.50771],[-68.46328,-37.5026],[-68.4675,-37.49473],[-68.47585,-37.49155],[-68.49422,-37.45889],[-68.50482,-37.45242],[-68.52311,-37.45719],[-68.53365,-37.45032],[-68.54734,-37.44851],[-68.5631,-37.45406],[-68.57244,-37.45508],[-68.57267,-37.41325],[-68.4909,-37.41293],[-68.49122,-37.36483],[-68.38963,-37.36435],[-68.38897,-37.44544],[-68.34377,-37.4452],[-68.3435,-37.48126],[-68.25258,-37.4807],[-68.25426,-37.5708],[-68.26204,-37.57092],[-68.26567,-37.56639],[-68.29196,-37.55776],[-68.30282,-37.56076],[-68.31324,-37.55619],[-68.33825,-37.55524],[-68.35272,-37.54624],[-68.36727,-37.54571],[-68.37665,-37.5511],[-68.3881,-37.54966]],[[-68.47978,-37.38731],[-68.47941,-37.44134],[-68.42855,-37.44112],[-68.42897,-37.38707],[-68.47978,-37.38731]]]}},{"type":"Feature","properties":{"nombre":"GOBERNADOR AYALA III","codigo":"GIII","operador":"PLUSPETROL S.A.","participacion":"PLUSPETROL S.A.: 90 % INTEGRACION ENERGETICA ARGENTINA S.A.: 10 %","pozos":0,"boe_acum_mboe":null,"petroleo_acum_mbbl":null,"npv_musd_mediano":null,"eur_mbbl_mediana":null,"vaca_muerta":0,"operador_principal":null,"boe_por_pozo_mboe":null},"geometry":{"type":"Polygon","coordinates":[[[-68.25257,-37.48068],[-68.23049,-37.48052],[-68.23016,-37.50757],[-68.17366,-37.50718],[-68.17349,-37.52522],[-68.07169,-37.52443],[-68.07133,-37.55149],[-67.93554,-37.55032],[-67.9354,-37.55933],[-67.75429,-37.55799],[-67.75182,-37.70694],[-67.75595,-37.70699],[-67.75784,-37.67571],[-67.77998,-37.65841],[-67.78075,-37.65068],[-67.79877,-37.64136],[-67.80431,-37.64156],[-67.80947,-37.63648],[-67.81464,-37.63752],[-67.82802,-37.6296],[-67.82875,-37.62735],[-67.8386,-37.62043],[-67.84111,-37.6158],[-67.85989,-37.61136],[-67.86586,-37.60707],[-67.88828,-37.60446],[-67.90432,-37.61015],[-67.92718,-37.60791],[-67.93751,-37.60233],[-67.95208,-37.60005],[-67.95728,-37.59652],[-67.95867,-37.59358],[-67.96593,-37.59327],[-67.98051,-37.60446],[-67.98624,-37.60213],[-67.99928,-37.60262],[-68.01933,-37.58813],[-68.0507,-37.58857],[-68.06809,-37.58435],[-68.08414,-37.58592],[-68.09227,-37.58413],[-68.11549,-37.58971],[-68.13266,-37.58175],[-68.14249,-37.5803],[-68.14691,-37.58116],[-68.15512,-37.57833],[-68.18392,-37.58191],[-68.19128,-37.58575],[-68.20141,-37.58379],[-68.21443,-37.58469],[-68.24257,-37.57739],[-68.25426,-37.5708],[-68.25257,-37.48068]]]}},{"type":"Feature","properties":{"nombre":"PUESTO SILVA OESTE","codigo":"PSOE","operador":"GEOPARK ARGENTINA S.A.","participacion":"GAS Y PETROLEO DEL NEUQUEN S.A.: 10 % GEOPARK ARGENTINA LTD. (SUCURSAL ARGENTINA): 90 %","pozos":3,"boe_acum_mboe":280.2,"petroleo_acum_mbbl":279.9,"npv_musd_mediano":-7.3,"eur_mbbl_mediana":163.8,"vaca_muerta":3,"operador_principal":"GEOPARK ARGENTINA S.A.","boe_por_pozo_mboe":93.4},"geometry":{"type":"Polygon","coordinates":[[[-68.29609,-38.376],[-68.25606,-38.39692],[-68.25612,-38.44467],[-68.32487,-38.40904],[-68.29609,-38.376]]]}},{"type":"Feature","properties":{"nombre":"LOMA JARILLOSA ESTE","codigo":"LOJE","operador":"GEOPARK ARGENTINA S.A.","participacion":"GEOPARK ARGENTINA LTD. (SUCURSAL ARGENTINA): 100 %","pozos":9,"boe_acum_mboe":2344.5,"petroleo_acum_mbbl":2200.5,"npv_musd_mediano":9.6,"eur_mbbl_mediana":1078.2,"vaca_muerta":9,"operador_principal":"GEOPARK ARGENTINA S.A.","boe_por_pozo_mboe":260.5},"geometry":{"type":"Polygon","coordinates":[[[-68.37662,-38.24718],[-68.38091,-38.28053],[-68.46963,-38.25392],[-68.4567,-38.23182],[-68.37662,-38.24718]]]}},{"type":"Feature","properties":{"nombre":"CERRO HAMACA","codigo":"CEA","operador":"PETROLEOS SUDAMERICANOS S.A.","participacion":"PETROLEOS SUDAMERICANOS S.A.: 100 %","pozos":0,"boe_acum_mboe":null,"petroleo_acum_mbbl":null,"npv_musd_mediano":null,"eur_mbbl_mediana":null,"vaca_muerta":0,"operador_principal":null,"boe_por_pozo_mboe":null},"geometry":{"type":"Polygon","coordinates":[[[-68.86365,-37.39255],[-68.85613,-37.39361],[-68.84449,-37.38835],[-68.83818,-37.38869],[-68.83517,-37.38677],[-68.81652,-37.38719],[-68.81233,-37.38485],[-68.81,-37.38081],[-68.80541,-37.38033],[-68.80164,-37.37642],[-68.78896,-37.37195],[-68.78325,-37.36695],[-68.77405,-37.36808],[-68.76673,-37.36548],[-68.75295,-37.37417],[-68.74832,-37.38045],[-68.73619,-37.38573],[-68.72256,-37.38707],[-68.71776,-37.38917],[-68.71437,-37.39732],[-68.71379,-37.40383],[-68.70591,-37.41053],[-68.70174,-37.41197],[-68.6964,-37.42893],[-68.70135,-37.43458],[-68.6973,-37.44167],[-68.68732,-37.44097],[-68.66,-37.44698],[-68.6462,-37.44546],[-68.63439,-37.44678],[-68.62114,-37.43852],[-68.61077,-37.4384],[-68.60676,-37.43899],[-68.58434,-37.4531],[-68.57261,-37.45578],[-68.56092,-37.45462],[-68.5578,-37.45158],[-68.54751,-37.44924],[-68.53492,-37.45083],[-68.5228,-37.45808],[-68.51668,-37.4566],[-68.50982,-37.45263],[-68.50429,-37.45352],[-68.49394,-37.46435],[-68.47998,-37.48898],[-68.4559,-37.51024],[-68.45818,-37.51222],[-68.61294,-37.51282],[-68.61307,-37.488],[-68.72947,-37.48832],[-68.72971,-37.42294],[-68.86452,-37.42317],[-68.86365,-37.39255]]]}},{"type":"Feature","properties":{"nombre":"EL MANZANO OESTE (AGRIO)","codigo":"EMO","operador":"VENOIL S.A.","participacion":"VENOIL S.A.: 100 %","pozos":0,"boe_acum_mboe":null,"petroleo_acum_mbbl":null,"npv_musd_mediano":null,"eur_mbbl_mediana":null,"vaca_muerta":0,"operador_principal":null,"boe_por_pozo_mboe":null},"geometry":{"type":"Polygon","coordinates":[[[-69.8448,-36.21306],[-69.84272,-36.01842],[-69.72071,-36.01922],[-69.72206,-36.167],[-69.68983,-36.16719],[-69.69038,-36.23027],[-69.76499,-36.23021],[-69.76474,-36.2136],[-69.8448,-36.21306]]]}},{"type":"Feature","properties":{"nombre":"LLANCANELO R","codigo":"LLAR","operador":"PETROQUIMICA COMODORO RIVADAVIA S.A.","participacion":"PETROQUIMICA COMODORO RIVADAVIA S.A.: 100 %","pozos":0,"boe_acum_mboe":null,"petroleo_acum_mbbl":null,"npv_musd_mediano":null,"eur_mbbl_mediana":null,"vaca_muerta":0,"operador_principal":null,"boe_por_pozo_mboe":null},"geometry":{"type":"Polygon","coordinates":[[[-69.10388,-35.54567],[-69.10419,-35.78],[-69.29215,-35.77969],[-69.29132,-35.54538],[-69.10388,-35.54567]]]}},{"type":"Feature","properties":{"nombre":"LLANCANELO","codigo":"LLA","operador":"PETROQUIMICA COMODORO RIVADAVIA S.A.","participacion":"PETROQUIMICA COMODORO RIVADAVIA S.A.: 100 %","pozos":0,"boe_acum_mboe":null,"petroleo_acum_mbbl":null,"npv_musd_mediano":null,"eur_mbbl_mediana":null,"vaca_muerta":0,"operador_principal":null,"boe_por_pozo_mboe":null},"geometry":{"type":"Polygon","coordinates":[[[-69.16139,-35.62717],[-69.16157,-35.71505],[-69.26537,-35.71485],[-69.26511,-35.61347],[-69.23358,-35.61353],[-69.23362,-35.62705],[-69.16139,-35.62717]]]}},{"type":"Feature","properties":{"nombre":"LA BREA","codigo":"LAB","operador":"PETROQUIMICA COMODORO RIVADAVIA S.A.","participacion":"PETROQUIMICA COMODORO RIVADAVIA S.A.: 100 %","pozos":0,"boe_acum_mboe":null,"petroleo_acum_mbbl":null,"npv_musd_mediano":null,"eur_mbbl_mediana":null,"vaca_muerta":0,"operador_principal":null,"boe_por_pozo_mboe":null},"geometry":{"type":"Polygon","coordinates":[[[-69.80303,-35.42574],[-69.71494,-35.42629],[-69.71638,-35.58851],[-69.80465,-35.58796],[-69.80303,-35.42574]]]}},{"type":"Feature","properties":{"nombre":"CERRO MOLLAR OESTE","codigo":"CMOE","operador":"PETROQUIMICA COMODORO RIVADAVIA S.A.","participacion":"PETROQUIMICA COMODORO RIVADAVIA S.A.: 100 %","pozos":0,"boe_acum_mboe":null,"petroleo_acum_mbbl":null,"npv_musd_mediano":null,"eur_mbbl_mediana":null,"vaca_muerta":0,"operador_principal":null,"boe_por_pozo_mboe":null},"geometry":{"type":"Polygon","coordinates":[[[-69.8173,-35.29873],[-69.7467,-35.29918],[-69.74653,-35.27755],[-69.72454,-35.27769],[-69.72547,-35.38133],[-69.74748,-35.3812],[-69.74781,-35.42621],[-69.81858,-35.4258],[-69.8173,-35.29873]]]}},{"type":"Feature","properties":{"nombre":"PUESTO ROJAS","codigo":"PURO","operador":"PETROQUIMICA COMODORO RIVADAVIA S.A.","participacion":"PETROQUIMICA COMODORO RIVADAVIA S.A.: 100 %","pozos":19,"boe_acum_mboe":789.7,"petroleo_acum_mbbl":687.9,"npv_musd_mediano":-8.2,"eur_mbbl_mediana":76.3,"vaca_muerta":8,"operador_principal":"PETROQUIMICA COMODORO RIVADAVIA S.A.","boe_por_pozo_mboe":41.6},"geometry":{"type":"Polygon","coordinates":[[[-69.72347,-35.15595],[-69.65768,-35.15644],[-69.6597,-35.42671],[-69.74779,-35.42621],[-69.74735,-35.38116],[-69.72535,-35.38129],[-69.72347,-35.15595]]]}},{"type":"Feature","properties":{"nombre":"LA PALOMA - CERRO ALQUITRAN","codigo":"LPCA","operador":"PETROQUIMICA COMODORO RIVADAVIA S.A.","participacion":"PETROQUIMICA COMODORO RIVADAVIA S.A.: 100 %","pozos":0,"boe_acum_mboe":null,"petroleo_acum_mbbl":null,"npv_musd_mediano":null,"eur_mbbl_mediana":null,"vaca_muerta":0,"operador_principal":null,"boe_por_pozo_mboe":null},"geometry":{"type":"Polygon","coordinates":[[[-69.52353,-34.90246],[-69.51533,-34.89796],[-69.49888,-34.91817],[-69.50732,-34.92266],[-69.52353,-34.90246]]]}},{"type":"Feature","properties":{"nombre":"LA ANGOSTURA SUR II","codigo":"LAS2","operador":"YPF S.A.","participacion":"YPF S.A.: 100 %","pozos":10,"boe_acum_mboe":4010.2,"petroleo_acum_mbbl":3003.2,"npv_musd_mediano":14.2,"eur_mbbl_mediana":1147.2,"vaca_muerta":9,"operador_principal":"YPF","boe_por_pozo_mboe":401.0},"geometry":{"type":"Polygon","coordinates":[[[-68.66768,-38.67491],[-68.72076,-38.67505],[-68.72093,-38.64816],[-68.70335,-38.64812],[-68.70381,-38.53704],[-68.67365,-38.5206],[-68.66254,-38.51923],[-68.66178,-38.52077],[-68.65896,-38.51954],[-68.65267,-38.52113],[-68.64654,-38.51996],[-68.6263,-38.52483],[-68.62123,-38.52462],[-68.62064,-38.57988],[-68.66768,-38.67491]]]}},{"type":"Feature","properties":{"nombre":"NARAMBUENA","codigo":"NRBN","operador":"YPF S.A.","participacion":"COMPAÑÍA DE DESARROLLO NO CONVENCIONAL S.R.L.: 50 % YPF S.A.: 50 %","pozos":13,"boe_acum_mboe":2450.2,"petroleo_acum_mbbl":2010.1,"npv_musd_mediano":-2.4,"eur_mbbl_mediana":385.2,"vaca_muerta":13,"operador_principal":"YPF","boe_por_pozo_mboe":188.5},"geometry":{"type":"Polygon","coordinates":[[[-68.94144,-37.37249],[-68.94165,-37.37458],[-68.93753,-37.37803],[-68.93748,-37.43349],[-68.94268,-37.4335],[-68.94266,-37.45602],[-69.16873,-37.45591],[-69.16851,-37.355],[-69.03028,-37.35497],[-69.0271,-37.35737],[-69.02847,-37.36273],[-69.02665,-37.36453],[-69.01676,-37.36562],[-69.01174,-37.37006],[-69.00617,-37.37003],[-69.00113,-37.37339],[-68.99071,-37.37104],[-68.98349,-37.37837],[-68.97431,-37.37924],[-68.973,-37.37524],[-68.97033,-37.37341],[-68.96082,-37.37286],[-68.95657,-37.37094],[-68.94144,-37.37249]]]}},{"type":"Feature","properties":{"nombre":"BAJO DEL CHOIQUE - LA INVERNADA","codigo":"BCLI","operador":"PLUSPETROL CUENCA NEUQUINA S.R.L.","participacion":"PLUSPETROL CUENCA NEUQUINA S.R.L.: 90 % GAS Y PETROLEO DEL NEUQUEN S.A.: 10 %","pozos":48,"boe_acum_mboe":32097.1,"petroleo_acum_mbbl":22702.0,"npv_musd_mediano":24.9,"eur_mbbl_mediana":1850.0,"vaca_muerta":48,"operador_principal":"Pluspetrol","boe_por_pozo_mboe":668.7},"geometry":{"type":"Polygon","coordinates":[[[-69.20676,-37.48363],[-69.20688,-37.52688],[-69.16902,-37.52694],[-69.16896,-37.50145],[-69.13674,-37.50149],[-69.13695,-37.6154],[-69.09974,-37.61543],[-69.09997,-37.79838],[-69.16947,-37.7983],[-69.16918,-37.59749],[-69.4119,-37.5969],[-69.41157,-37.53705],[-69.46155,-37.53686],[-69.46135,-37.50529],[-69.40117,-37.50551],[-69.40119,-37.50885],[-69.27369,-37.50966],[-69.27352,-37.46283],[-69.24425,-37.4629],[-69.24432,-37.4832],[-69.20676,-37.48363]]]}},{"type":"Feature","properties":{"nombre":"LOS TOLDOS I SUR","codigo":"LTS1","operador":"PLUSPETROL CUENCA NEUQUINA S.R.L.","participacion":"PLUSPETROL CUENCA NEUQUINA S.R.L.: 80 % TECPETROL S.A.: 10 % GAS Y PETROLEO DEL NEUQUEN S.A.: 10 %","pozos":7,"boe_acum_mboe":5308.7,"petroleo_acum_mbbl":1533.9,"npv_musd_mediano":3.7,"eur_mbbl_mediana":786.8,"vaca_muerta":7,"operador_principal":"Pluspetrol","boe_por_pozo_mboe":758.4},"geometry":{"type":"Polygon","coordinates":[[[-69.31637,-37.6954],[-69.28803,-37.69547],[-69.28796,-37.67746],[-69.24159,-37.67756],[-69.24181,-37.74448],[-69.28277,-37.74439],[-69.28287,-37.77104],[-69.51006,-37.77027],[-69.50966,-37.7115],[-69.4072,-37.71188],[-69.40701,-37.6771],[-69.31629,-37.67738],[-69.31637,-37.6954]]]}},{"type":"Feature","properties":{"nombre":"LOS TOLDOS II OESTE","codigo":"LT2O","operador":"CONTINENTAL RESOURCES ARGENTINA SAU.","participacion":"GAS Y PETROLEO DEL NEUQUEN S.A.: 10 % PLUSPETROL CUENCA NEUQUINA S.R.L.: 90 %","pozos":4,"boe_acum_mboe":3757.1,"petroleo_acum_mbbl":56.4,"npv_musd_mediano":null,"eur_mbbl_mediana":null,"vaca_muerta":4,"operador_principal":"Pluspetrol","boe_por_pozo_mboe":939.3},"geometry":{"type":"Polygon","coordinates":[[[-69.19876,-37.39368],[-69.19898,-37.48372],[-69.24432,-37.4832],[-69.24425,-37.4629],[-69.27352,-37.46283],[-69.27369,-37.50966],[-69.29475,-37.50961],[-69.29443,-37.4274],[-69.25301,-37.39314],[-69.19876,-37.39368]]]}},{"type":"Feature","properties":{"nombre":"PAMPA DE LAS YEGUAS I","codigo":"PDYI","operador":"PLUSPETROL CUENCA NEUQUINA S.R.L.","participacion":"PLUSPETROL CUENCA NEUQUINA S.R.L.: 50 % YPF S.A.: 50 %","pozos":3,"boe_acum_mboe":2363.0,"petroleo_acum_mbbl":38.9,"npv_musd_mediano":null,"eur_mbbl_mediana":null,"vaca_muerta":2,"operador_principal":"Pluspetrol","boe_por_pozo_mboe":787.7},"geometry":{"type":"Polygon","coordinates":[[[-69.29425,-37.77099],[-69.29464,-37.87009],[-69.32874,-37.87001],[-69.32862,-37.84298],[-69.35097,-37.84291],[-69.35121,-37.81588],[-69.37393,-37.81581],[-69.37371,-37.77076],[-69.29425,-37.77099]]]}},{"type":"Feature","properties":{"nombre":"EL MANZANO ESTE","codigo":"MAN","operador":"VENOIL S.A.","participacion":"VENOIL S.A.: 100 %","pozos":0,"boe_acum_mboe":null,"petroleo_acum_mbbl":null,"npv_musd_mediano":null,"eur_mbbl_mediana":null,"vaca_muerta":0,"operador_principal":null,"boe_por_pozo_mboe":null},"geometry":{"type":"Polygon","coordinates":[[[-69.76445,-36.22979],[-69.56758,-36.23098],[-69.56711,-36.17058],[-69.44377,-36.17112],[-69.44462,-36.31982],[-69.66732,-36.31877],[-69.6674,-36.32779],[-69.7654,-36.3272],[-69.76445,-36.22979]]]}},{"type":"Feature","properties":{"nombre":"EL MANZANO OESTE (RESTO)","codigo":"EMOR","operador":"VENOIL S.A.","participacion":"VENOIL S.A.: 100 %","pozos":0,"boe_acum_mboe":null,"petroleo_acum_mbbl":null,"npv_musd_mediano":null,"eur_mbbl_mediana":null,"vaca_muerta":0,"operador_principal":null,"boe_por_pozo_mboe":null},"geometry":{"type":"Polygon","coordinates":[[[-69.8448,-36.21306],[-69.84272,-36.01842],[-69.72071,-36.01922],[-69.72206,-36.167],[-69.68983,-36.16719],[-69.69038,-36.23027],[-69.76499,-36.23021],[-69.76474,-36.2136],[-69.8448,-36.21306]]]}},{"type":"Feature","properties":{"nombre":"MESETA BUENA ESPERANZA II","codigo":"MBE2","operador":"YPF S.A.","participacion":"YPF S.A.: 100 %","pozos":0,"boe_acum_mboe":null,"petroleo_acum_mbbl":null,"npv_musd_mediano":null,"eur_mbbl_mediana":null,"vaca_muerta":0,"operador_principal":null,"boe_por_pozo_mboe":null},"geometry":{"type":"MultiPolygon","coordinates":[[[[-69.0647,-38.74969],[-69.14427,-38.74965],[-69.14401,-38.72084],[-69.09092,-38.72089],[-69.09087,-38.68846],[-69.06467,-38.68847],[-69.0647,-38.74969]]],[[[-68.89579,-38.63439],[-68.89571,-38.68844],[-69.05006,-38.68847],[-69.05004,-38.65637],[-68.98767,-38.65638],[-68.98771,-38.63449],[-68.89579,-38.63439]]]]}},{"type":"Feature","properties":{"nombre":"AGUADA VILLANUEVA","codigo":"AVI","operador":"YPF S.A.","participacion":"YPF S.A.: 100 %","pozos":2,"boe_acum_mboe":1064.0,"petroleo_acum_mbbl":388.5,"npv_musd_mediano":null,"eur_mbbl_mediana":null,"vaca_muerta":2,"operador_principal":"YPF","boe_por_pozo_mboe":532.0},"geometry":{"type":"Polygon","coordinates":[[[-69.0647,-38.74969],[-69.06473,-38.80916],[-69.37335,-38.80857],[-69.37369,-38.87503],[-69.4601,-38.87404],[-69.45929,-38.74882],[-69.34828,-38.74921],[-69.34847,-38.78731],[-69.21831,-38.78762],[-69.2182,-38.74953],[-69.0647,-38.74969]]]}},{"type":"Feature","properties":{"nombre":"AGUADA VILLANUEVA NORTE","codigo":"AVN","operador":"YPF S.A.","participacion":"YPF S.A.: 100 %","pozos":2,"boe_acum_mboe":1064.0,"petroleo_acum_mbbl":388.5,"npv_musd_mediano":null,"eur_mbbl_mediana":null,"vaca_muerta":2,"operador_principal":"YPF","boe_por_pozo_mboe":532.0},"geometry":{"type":"Polygon","coordinates":[[[-69.2182,-38.74953],[-69.21831,-38.78762],[-69.34847,-38.78731],[-69.34828,-38.74921],[-69.2182,-38.74953]]]}},{"type":"Feature","properties":{"nombre":"LAS TACANAS I","codigo":"LTI","operador":"YPF S.A.","participacion":"YPF S.A.: 100 %","pozos":1,"boe_acum_mboe":5.4,"petroleo_acum_mbbl":0.2,"npv_musd_mediano":null,"eur_mbbl_mediana":null,"vaca_muerta":1,"operador_principal":"YPF","boe_por_pozo_mboe":5.4},"geometry":{"type":"Polygon","coordinates":[[[-69.57313,-38.59878],[-69.45834,-38.59935],[-69.45903,-38.70789],[-69.51649,-38.70764],[-69.51606,-38.64587],[-69.5735,-38.6456],[-69.57313,-38.59878]]]}},{"type":"Feature","properties":{"nombre":"LAS TACANAS II","codigo":"LTII","operador":"YPF S.A.","participacion":"YPF S.A.: 100 %","pozos":4,"boe_acum_mboe":693.0,"petroleo_acum_mbbl":126.8,"npv_musd_mediano":null,"eur_mbbl_mediana":null,"vaca_muerta":3,"operador_principal":"YPF","boe_por_pozo_mboe":173.2},"geometry":{"type":"Polygon","coordinates":[[[-69.45834,-38.59935],[-69.44116,-38.59942],[-69.44135,-38.64456],[-69.23117,-38.64508],[-69.23151,-38.7495],[-69.45929,-38.74882],[-69.45834,-38.59935]]]}},{"type":"Feature","properties":{"nombre":"MESETA BUENA ESPERANZA I","codigo":"MBE1","operador":"YPF S.A.","participacion":"YPF S.A.: 100 %","pozos":2,"boe_acum_mboe":814.9,"petroleo_acum_mbbl":145.2,"npv_musd_mediano":null,"eur_mbbl_mediana":null,"vaca_muerta":2,"operador_principal":"YPF","boe_por_pozo_mboe":407.4},"geometry":{"type":"Polygon","coordinates":[[[-69.14401,-38.72084],[-69.14427,-38.74965],[-69.23151,-38.7495],[-69.23111,-38.6216],[-68.98771,-38.62183],[-68.98767,-38.65638],[-69.05004,-38.65637],[-69.05006,-38.68847],[-69.09087,-38.68846],[-69.09092,-38.72089],[-69.14401,-38.72084]]]}}]}