{"type":"FeatureCollection","features":[{"type":"Feature","properties":{"yacimiento":"CERRO BANDERA","codigo":"BAN","operador":"OILSTONE ENERGIA S.A.","pozos":0,"boe_acum_mboe":null,"petroleo_acum_mbbl":null,"npv_musd_mediano":null,"eur_mbbl_mediana":null,"vaca_muerta":0,"operador_principal":null,"boe_por_pozo_mboe":null},"geometry":{"type":"Polygon","coordinates":[[[-69.53491,-38.93844],[-69.52685,-38.94274],[-69.51702,-38.94095],[-69.50983,-38.94309],[-69.51552,-38.9454],[-69.52196,-38.95359],[-69.52758,-38.95736],[-69.53629,-38.95899],[-69.54757,-38.96422],[-69.57042,-38.96964],[-69.5752,-38.96981],[-69.57904,-38.96771],[-69.57876,-38.96211],[-69.57488,-38.96182],[-69.56638,-38.95725],[-69.53643,-38.94734],[-69.53613,-38.94425],[-69.54186,-38.9384],[-69.53491,-38.93844]]]}},{"type":"Feature","properties":{"yacimiento":"CERRO BANDERA NORTE","codigo":"Z078","operador":"OILSTONE ENERGIA S.A.","pozos":0,"boe_acum_mboe":null,"petroleo_acum_mbbl":null,"npv_musd_mediano":null,"eur_mbbl_mediana":null,"vaca_muerta":0,"operador_principal":null,"boe_por_pozo_mboe":null},"geometry":{"type":"Polygon","coordinates":[[[-69.49571,-38.89112],[-69.47602,-38.89581],[-69.4768,-38.89838],[-69.48407,-38.90596],[-69.49779,-38.91235],[-69.50885,-38.91431],[-69.55574,-38.90968],[-69.55883,-38.9074],[-69.55971,-38.90364],[-69.56896,-38.89977],[-69.56812,-38.8971],[-69.5649,-38.89549],[-69.55199,-38.89339],[-69.53929,-38.89468],[-69.49571,-38.89112]]]}},{"type":"Feature","properties":{"yacimiento":"EL SOSNEADO","codigo":"ESO","operador":"PETROQUIMICA COMODORO RIVADAVIA S.A.","pozos":0,"boe_acum_mboe":null,"petroleo_acum_mbbl":null,"npv_musd_mediano":null,"eur_mbbl_mediana":null,"vaca_muerta":0,"operador_principal":null,"boe_por_pozo_mboe":null},"geometry":{"type":"Polygon","coordinates":[[[-69.36051,-34.94652],[-69.36104,-35.0673],[-69.61342,-35.06629],[-69.62224,-35.05273],[-69.62084,-35.04658],[-69.6289,-35.02377],[-69.6619,-34.97673],[-69.67431,-34.96862],[-69.55771,-34.96921],[-69.55763,-34.94572],[-69.36051,-34.94652]]]}},{"type":"Feature","properties":{"yacimiento":"GOBERNADOR AYALA V","codigo":"GAV","operador":"PETROQUIMICA COMODORO RIVADAVIA S.A.","pozos":0,"boe_acum_mboe":null,"petroleo_acum_mbbl":null,"npv_musd_mediano":null,"eur_mbbl_mediana":null,"vaca_muerta":0,"operador_principal":null,"boe_por_pozo_mboe":null},"geometry":{"type":"Polygon","coordinates":[[[-67.73603,-37.7646],[-67.73323,-37.76457],[-67.75471,-37.72782],[-67.75597,-37.70699],[-67.51327,-37.70387],[-67.51093,-37.82096],[-67.72234,-37.81908],[-67.72046,-37.81361],[-67.7249,-37.78662],[-67.7322,-37.77761],[-67.73603,-37.7646]]]}},{"type":"Feature","properties":{"yacimiento":"MEDANITO","codigo":"NIT","operador":"PETROQUIMICA COMODORO RIVADAVIA S.A.","pozos":0,"boe_acum_mboe":null,"petroleo_acum_mbbl":null,"npv_musd_mediano":null,"eur_mbbl_mediana":null,"vaca_muerta":0,"operador_principal":null,"boe_por_pozo_mboe":null},"geometry":{"type":"Polygon","coordinates":[[[-67.36162,-37.91151],[-67.35602,-38.16256],[-67.58471,-38.16554],[-67.58568,-38.09347],[-67.72387,-38.09505],[-67.73249,-38.07339],[-67.73915,-38.07534],[-67.74842,-38.05684],[-67.75735,-38.05589],[-67.75748,-38.05129],[-67.81113,-38.03828],[-67.81152,-38.00846],[-67.77699,-37.99589],[-67.73036,-37.99785],[-67.83341,-37.92503],[-67.83781,-37.92509],[-67.8218,-37.91861],[-67.36162,-37.91151]],[[-67.73036,-37.99785],[-67.73223,-38.05095],[-67.61854,-38.04983],[-67.61898,-38.00185],[-67.73036,-37.99785]]]}},{"type":"Feature","properties":{"yacimiento":"ABUTARDA","codigo":"Z001","operador":"YPF S.A.","pozos":0,"boe_acum_mboe":null,"petroleo_acum_mbbl":null,"npv_musd_mediano":null,"eur_mbbl_mediana":null,"vaca_muerta":0,"operador_principal":null,"boe_por_pozo_mboe":null},"geometry":{"type":"MultiPolygon","coordinates":[[[[-69.06725,-37.35359],[-69.06976,-37.35243],[-69.06877,-37.35026],[-69.06552,-37.3512],[-69.06725,-37.35359]]],[[[-69.08109,-37.34769],[-69.08361,-37.34653],[-69.08261,-37.34435],[-69.07936,-37.3453],[-69.08109,-37.34769]]]]}},{"type":"Feature","properties":{"yacimiento":"AGUA DE LA CERDA","codigo":"Z003","operador":"YPF S.A.","pozos":0,"boe_acum_mboe":null,"petroleo_acum_mbbl":null,"npv_musd_mediano":null,"eur_mbbl_mediana":null,"vaca_muerta":0,"operador_principal":null,"boe_por_pozo_mboe":null},"geometry":{"type":"MultiPolygon","coordinates":[[[[-69.23354,-37.26053],[-69.23605,-37.25937],[-69.23506,-37.25719],[-69.23182,-37.25814],[-69.23354,-37.26053]]],[[[-69.23654,-37.25781],[-69.23905,-37.25665],[-69.23806,-37.25447],[-69.23482,-37.25542],[-69.23654,-37.25781]]]]}},{"type":"Feature","properties":{"yacimiento":"AGUA DE LA CERDA NORTE","codigo":"Z004","operador":"YPF S.A.","pozos":0,"boe_acum_mboe":null,"petroleo_acum_mbbl":null,"npv_musd_mediano":null,"eur_mbbl_mediana":null,"vaca_muerta":0,"operador_principal":null,"boe_por_pozo_mboe":null},"geometry":{"type":"MultiPolygon","coordinates":[[[[-69.21964,-37.24401],[-69.23288,-37.24417],[-69.23471,-37.24208],[-69.2323,-37.24048],[-69.22279,-37.24074],[-69.22301,-37.23646],[-69.22013,-37.23538],[-69.21868,-37.23676],[-69.21922,-37.24181],[-69.21425,-37.24518],[-69.21686,-37.24664],[-69.21964,-37.24401]]],[[[-69.20603,-37.2464],[-69.20854,-37.24524],[-69.20755,-37.24306],[-69.20431,-37.24401],[-69.20603,-37.2464]]]]}},{"type":"Feature","properties":{"yacimiento":"AGUA DE LA CERDA OESTE","codigo":"Z005","operador":"YPF S.A.","pozos":0,"boe_acum_mboe":null,"petroleo_acum_mbbl":null,"npv_musd_mediano":null,"eur_mbbl_mediana":null,"vaca_muerta":0,"operador_principal":null,"boe_por_pozo_mboe":null},"geometry":{"type":"Polygon","coordinates":[[[-69.2839,-37.25627],[-69.28165,-37.25807],[-69.2839,-37.25987],[-69.28616,-37.25807],[-69.2839,-37.25627]]]}},{"type":"Feature","properties":{"yacimiento":"AGUADA CERRO BAYO","codigo":"Z009","operador":"YPF S.A.","pozos":0,"boe_acum_mboe":null,"petroleo_acum_mbbl":null,"npv_musd_mediano":null,"eur_mbbl_mediana":null,"vaca_muerta":0,"operador_principal":null,"boe_por_pozo_mboe":null},"geometry":{"type":"Polygon","coordinates":[[[-69.29936,-37.35525],[-69.30187,-37.35409],[-69.30088,-37.35191],[-69.29763,-37.35286],[-69.29936,-37.35525]]]}},{"type":"Feature","properties":{"yacimiento":"ALTIPLANICIE DEL PAYUN","codigo":"ADPY","operador":"QUINTANA E&P ARGENTINA S.R.L.","pozos":0,"boe_acum_mboe":null,"petroleo_acum_mbbl":null,"npv_musd_mediano":null,"eur_mbbl_mediana":null,"vaca_muerta":0,"operador_principal":null,"boe_por_pozo_mboe":null},"geometry":{"type":"Polygon","coordinates":[[[-69.2879,-36.64649],[-69.29039,-36.64533],[-69.28941,-36.64316],[-69.28619,-36.6441],[-69.2879,-36.64649]]]}},{"type":"Feature","properties":{"yacimiento":"ANTICLINAL BARDA CASTILLO","codigo":"Z016","operador":"YPF S.A.","pozos":0,"boe_acum_mboe":null,"petroleo_acum_mbbl":null,"npv_musd_mediano":null,"eur_mbbl_mediana":null,"vaca_muerta":0,"operador_principal":null,"boe_por_pozo_mboe":null},"geometry":{"type":"Polygon","coordinates":[[[-69.44583,-37.10864],[-69.44358,-37.11044],[-69.44583,-37.11224],[-69.44808,-37.11044],[-69.44583,-37.10864]]]}},{"type":"Feature","properties":{"yacimiento":"ANTICLINAL LOS NOVILLOS","codigo":"Z022","operador":"YPF S.A.","pozos":0,"boe_acum_mboe":null,"petroleo_acum_mbbl":null,"npv_musd_mediano":null,"eur_mbbl_mediana":null,"vaca_muerta":0,"operador_principal":null,"boe_por_pozo_mboe":null},"geometry":{"type":"Polygon","coordinates":[[[-69.60344,-35.92423],[-69.60123,-35.92604],[-69.60344,-35.92784],[-69.60566,-35.92604],[-69.60344,-35.92423]]]}},{"type":"Feature","properties":{"yacimiento":"AÑELO","codigo":"Z023","operador":"YPF S.A.","pozos":0,"boe_acum_mboe":null,"petroleo_acum_mbbl":null,"npv_musd_mediano":null,"eur_mbbl_mediana":null,"vaca_muerta":0,"operador_principal":null,"boe_por_pozo_mboe":null},"geometry":{"type":"Polygon","coordinates":[[[-68.74033,-38.35805],[-68.74288,-38.35689],[-68.74187,-38.35472],[-68.73858,-38.35566],[-68.74033,-38.35805]]]}},{"type":"Feature","properties":{"yacimiento":"AÑELO NORTE","codigo":"Z024","operador":"YPF S.A.","pozos":0,"boe_acum_mboe":null,"petroleo_acum_mbbl":null,"npv_musd_mediano":null,"eur_mbbl_mediana":null,"vaca_muerta":0,"operador_principal":null,"boe_por_pozo_mboe":null},"geometry":{"type":"Polygon","coordinates":[[[-68.73247,-38.31429],[-68.73018,-38.31609],[-68.73247,-38.31789],[-68.73476,-38.31609],[-68.73247,-38.31429]]]}},{"type":"Feature","properties":{"yacimiento":"BAJADA DE AÑELO","codigo":"Z037","operador":"YPF S.A.","pozos":0,"boe_acum_mboe":null,"petroleo_acum_mbbl":null,"npv_musd_mediano":null,"eur_mbbl_mediana":null,"vaca_muerta":0,"operador_principal":null,"boe_por_pozo_mboe":null},"geometry":{"type":"Polygon","coordinates":[[[-68.78682,-38.3491],[-68.78937,-38.34794],[-68.78836,-38.34577],[-68.78507,-38.34671],[-68.78682,-38.3491]]]}},{"type":"Feature","properties":{"yacimiento":"BARREALES COLORADOS","codigo":"Z050","operador":"YPF S.A.","pozos":1,"boe_acum_mboe":40.2,"petroleo_acum_mbbl":0.0,"npv_musd_mediano":null,"eur_mbbl_mediana":null,"vaca_muerta":0,"operador_principal":"YPF","boe_por_pozo_mboe":40.2},"geometry":{"type":"MultiPolygon","coordinates":[[[[-68.83616,-38.44981],[-68.83871,-38.44865],[-68.8377,-38.44647],[-68.8344,-38.44742],[-68.83616,-38.44981]]],[[[-68.84671,-38.44905],[-68.84926,-38.44789],[-68.84826,-38.44571],[-68.84496,-38.44666],[-68.84671,-38.44905]]]]}},{"type":"Feature","properties":{"yacimiento":"CAMINO A LA COSTA","codigo":"Z058","operador":"YPF S.A.","pozos":0,"boe_acum_mboe":null,"petroleo_acum_mbbl":null,"npv_musd_mediano":null,"eur_mbbl_mediana":null,"vaca_muerta":0,"operador_principal":null,"boe_por_pozo_mboe":null},"geometry":{"type":"Polygon","coordinates":[[[-69.06464,-37.36799],[-69.06239,-37.36979],[-69.06464,-37.3716],[-69.0669,-37.36979],[-69.06464,-37.36799]]]}},{"type":"Feature","properties":{"yacimiento":"CERRITO ALARCON","codigo":"Z076","operador":"YPF S.A.","pozos":0,"boe_acum_mboe":null,"petroleo_acum_mbbl":null,"npv_musd_mediano":null,"eur_mbbl_mediana":null,"vaca_muerta":0,"operador_principal":null,"boe_por_pozo_mboe":null},"geometry":{"type":"MultiPolygon","coordinates":[[[[-69.15726,-37.30609],[-69.15978,-37.30494],[-69.15878,-37.30276],[-69.15554,-37.3037],[-69.15726,-37.30609]]],[[[-69.16343,-37.29319],[-69.16594,-37.29203],[-69.16495,-37.28986],[-69.1617,-37.2908],[-69.16343,-37.29319]]],[[[-69.17281,-37.29276],[-69.17532,-37.29161],[-69.17433,-37.28943],[-69.17108,-37.29037],[-69.17281,-37.29276]]]]}},{"type":"Feature","properties":{"yacimiento":"CERRO ARENA","codigo":"Z077","operador":"YPF S.A.","pozos":1,"boe_acum_mboe":17.1,"petroleo_acum_mbbl":0.0,"npv_musd_mediano":null,"eur_mbbl_mediana":null,"vaca_muerta":1,"operador_principal":"YPF","boe_por_pozo_mboe":17.1},"geometry":{"type":"MultiPolygon","coordinates":[[[[-69.60441,-38.02513],[-69.60695,-38.02397],[-69.60595,-38.02179],[-69.60267,-38.02274],[-69.60441,-38.02513]]],[[[-69.68959,-38.02384],[-69.69212,-38.02268],[-69.69112,-38.0205],[-69.68784,-38.02145],[-69.68959,-38.02384]]]]}},{"type":"Feature","properties":{"yacimiento":"CERRO BAYITO","codigo":"Z079","operador":"BENTIA ENERGY S.A.","pozos":0,"boe_acum_mboe":null,"petroleo_acum_mbbl":null,"npv_musd_mediano":null,"eur_mbbl_mediana":null,"vaca_muerta":0,"operador_principal":null,"boe_por_pozo_mboe":null},"geometry":{"type":"Polygon","coordinates":[[[-68.90683,-37.74028],[-68.90935,-37.73912],[-68.90836,-37.73695],[-68.90509,-37.73789],[-68.90683,-37.74028]]]}},{"type":"Feature","properties":{"yacimiento":"CERRO LA ARVEJA","codigo":"Z096","operador":"YPF S.A.","pozos":0,"boe_acum_mboe":null,"petroleo_acum_mbbl":null,"npv_musd_mediano":null,"eur_mbbl_mediana":null,"vaca_muerta":0,"operador_principal":null,"boe_por_pozo_mboe":null},"geometry":{"type":"Polygon","coordinates":[[[-69.08661,-37.35581],[-69.08435,-37.35761],[-69.08661,-37.35941],[-69.08887,-37.35761],[-69.08661,-37.35581]]]}},{"type":"Feature","properties":{"yacimiento":"CERRO LOS MELLIZOS","codigo":"Z098","operador":"YPF S.A.","pozos":0,"boe_acum_mboe":null,"petroleo_acum_mbbl":null,"npv_musd_mediano":null,"eur_mbbl_mediana":null,"vaca_muerta":0,"operador_principal":null,"boe_por_pozo_mboe":null},"geometry":{"type":"Polygon","coordinates":[[[-69.14885,-37.18176],[-69.14659,-37.18356],[-69.14885,-37.18537],[-69.1511,-37.18356],[-69.14885,-37.18176]]]}},{"type":"Feature","properties":{"yacimiento":"CERRO NEGRO SUR","codigo":"CNS","operador":"QUINTANA E&P ARGENTINA S.R.L.","pozos":0,"boe_acum_mboe":null,"petroleo_acum_mbbl":null,"npv_musd_mediano":null,"eur_mbbl_mediana":null,"vaca_muerta":0,"operador_principal":null,"boe_por_pozo_mboe":null},"geometry":{"type":"Polygon","coordinates":[[[-69.39405,-36.77379],[-69.39181,-36.77559],[-69.39405,-36.77739],[-69.39629,-36.77559],[-69.39405,-36.77379]]]}},{"type":"Feature","properties":{"yacimiento":"CORTADERA","codigo":"Z114","operador":"YPF S.A.","pozos":0,"boe_acum_mboe":null,"petroleo_acum_mbbl":null,"npv_musd_mediano":null,"eur_mbbl_mediana":null,"vaca_muerta":0,"operador_principal":null,"boe_por_pozo_mboe":null},"geometry":{"type":"Polygon","coordinates":[[[-69.17119,-37.33976],[-69.16893,-37.34156],[-69.17119,-37.34336],[-69.17344,-37.34156],[-69.17119,-37.33976]]]}},{"type":"Feature","properties":{"yacimiento":"CUPEN MAHUIDA NORTE","codigo":"CMAN","operador":"YPF S.A.","pozos":0,"boe_acum_mboe":null,"petroleo_acum_mbbl":null,"npv_musd_mediano":null,"eur_mbbl_mediana":null,"vaca_muerta":0,"operador_principal":null,"boe_por_pozo_mboe":null},"geometry":{"type":"MultiPolygon","coordinates":[[[[-68.84814,-38.71268],[-68.8507,-38.71152],[-68.84969,-38.70934],[-68.84638,-38.71029],[-68.84814,-38.71268]]],[[[-68.89126,-38.71092],[-68.89382,-38.70977],[-68.89281,-38.70759],[-68.8895,-38.70853],[-68.89126,-38.71092]]],[[[-68.85695,-38.70742],[-68.85951,-38.70626],[-68.85849,-38.70409],[-68.85518,-38.70503],[-68.85695,-38.70742]]],[[[-68.81961,-38.69803],[-68.82217,-38.69687],[-68.82116,-38.6947],[-68.81785,-38.69564],[-68.81961,-38.69803]]]]}},{"type":"Feature","properties":{"yacimiento":"CURRI CURA","codigo":"Z117","operador":"YPF S.A.","pozos":0,"boe_acum_mboe":null,"petroleo_acum_mbbl":null,"npv_musd_mediano":null,"eur_mbbl_mediana":null,"vaca_muerta":0,"operador_principal":null,"boe_por_pozo_mboe":null},"geometry":{"type":"Polygon","coordinates":[[[-69.42651,-37.10521],[-69.42902,-37.10405],[-69.42803,-37.10187],[-69.42479,-37.10282],[-69.42651,-37.10521]]]}},{"type":"Feature","properties":{"yacimiento":"EL ALAMO SUR","codigo":"Z124","operador":"YPF S.A.","pozos":0,"boe_acum_mboe":null,"petroleo_acum_mbbl":null,"npv_musd_mediano":null,"eur_mbbl_mediana":null,"vaca_muerta":0,"operador_principal":null,"boe_por_pozo_mboe":null},"geometry":{"type":"Polygon","coordinates":[[[-69.51197,-37.13763],[-69.50972,-37.13944],[-69.51197,-37.14124],[-69.51422,-37.13944],[-69.51197,-37.13763]]]}},{"type":"Feature","properties":{"yacimiento":"EL BAYO","codigo":"Z125","operador":"YPF S.A.","pozos":0,"boe_acum_mboe":null,"petroleo_acum_mbbl":null,"npv_musd_mediano":null,"eur_mbbl_mediana":null,"vaca_muerta":0,"operador_principal":null,"boe_por_pozo_mboe":null},"geometry":{"type":"Polygon","coordinates":[[[-69.36425,-37.34582],[-69.36199,-37.34763],[-69.36425,-37.34943],[-69.3665,-37.34763],[-69.36425,-37.34582]]]}},{"type":"Feature","properties":{"yacimiento":"EL CHINGOLO","codigo":"Z130","operador":"QUINTANA E&P ARGENTINA S.R.L.","pozos":0,"boe_acum_mboe":null,"petroleo_acum_mbbl":null,"npv_musd_mediano":null,"eur_mbbl_mediana":null,"vaca_muerta":0,"operador_principal":null,"boe_por_pozo_mboe":null},"geometry":{"type":"MultiPolygon","coordinates":[[[[-69.42304,-36.92465],[-69.42554,-36.92349],[-69.42455,-36.92131],[-69.42132,-36.92226],[-69.42304,-36.92465]]],[[[-69.39974,-36.91624],[-69.40224,-36.91508],[-69.40125,-36.9129],[-69.39802,-36.91385],[-69.39974,-36.91624]]]]}},{"type":"Feature","properties":{"yacimiento":"EL CHOIQUE","codigo":"Z131","operador":"YPF S.A.","pozos":0,"boe_acum_mboe":null,"petroleo_acum_mbbl":null,"npv_musd_mediano":null,"eur_mbbl_mediana":null,"vaca_muerta":0,"operador_principal":null,"boe_por_pozo_mboe":null},"geometry":{"type":"Polygon","coordinates":[[[-68.98144,-37.38474],[-68.97918,-37.38654],[-68.98144,-37.38834],[-68.9837,-37.38654],[-68.98144,-37.38474]]]}},{"type":"Feature","properties":{"yacimiento":"EL CORDON OESTE","codigo":"ECOO","operador":"YPF S.A.","pozos":0,"boe_acum_mboe":null,"petroleo_acum_mbbl":null,"npv_musd_mediano":null,"eur_mbbl_mediana":null,"vaca_muerta":0,"operador_principal":null,"boe_por_pozo_mboe":null},"geometry":{"type":"Polygon","coordinates":[[[-68.7077,-38.63436],[-68.70541,-38.63616],[-68.7077,-38.63796],[-68.71,-38.63616],[-68.7077,-38.63436]]]}},{"type":"Feature","properties":{"yacimiento":"EL ESCORIAL","codigo":"Z132","operador":"YPF S.A.","pozos":0,"boe_acum_mboe":null,"petroleo_acum_mbbl":null,"npv_musd_mediano":null,"eur_mbbl_mediana":null,"vaca_muerta":0,"operador_principal":null,"boe_por_pozo_mboe":null},"geometry":{"type":"Polygon","coordinates":[[[-69.25519,-37.25173],[-69.2577,-37.25057],[-69.25671,-37.24839],[-69.25346,-37.24933],[-69.25519,-37.25173]]]}},{"type":"Feature","properties":{"yacimiento":"EL LIMITE","codigo":"Z135","operador":"YPF S.A.","pozos":0,"boe_acum_mboe":null,"petroleo_acum_mbbl":null,"npv_musd_mediano":null,"eur_mbbl_mediana":null,"vaca_muerta":0,"operador_principal":null,"boe_por_pozo_mboe":null},"geometry":{"type":"Polygon","coordinates":[[[-69.27573,-37.35919],[-69.20012,-37.35885],[-69.1931,-37.3597],[-69.19197,-37.36126],[-69.19596,-37.36271],[-69.27805,-37.36312],[-69.29066,-37.36271],[-69.29253,-37.36093],[-69.28981,-37.35856],[-69.28223,-37.36095],[-69.27573,-37.35919]]]}},{"type":"Feature","properties":{"yacimiento":"EL OREJANO","codigo":"ELOR","operador":"YPF S.A.","pozos":45,"boe_acum_mboe":17739.9,"petroleo_acum_mbbl":41.9,"npv_musd_mediano":null,"eur_mbbl_mediana":null,"vaca_muerta":45,"operador_principal":"YPF","boe_por_pozo_mboe":394.2},"geometry":{"type":"MultiPolygon","coordinates":[[[[-69.18189,-37.98302],[-69.2014,-37.98397],[-69.21413,-37.98921],[-69.21794,-37.98933],[-69.22174,-37.9873],[-69.22674,-37.976],[-69.23554,-37.96208],[-69.23685,-37.9534],[-69.23578,-37.94745],[-69.23197,-37.94519],[-69.229,-37.94542],[-69.21365,-37.9597],[-69.2064,-37.96434],[-69.18653,-37.97029],[-69.18082,-37.97374],[-69.17808,-37.97969],[-69.18189,-37.98302]]],[[[-69.2099,-38.01826],[-69.21243,-38.0171],[-69.21143,-38.01493],[-69.20815,-38.01587],[-69.2099,-38.01826]]]]}},{"type":"Feature","properties":{"yacimiento":"EL PORTON ESTE","codigo":"Z144","operador":"QUINTANA E&P ARGENTINA S.R.L.","pozos":0,"boe_acum_mboe":null,"petroleo_acum_mbbl":null,"npv_musd_mediano":null,"eur_mbbl_mediana":null,"vaca_muerta":0,"operador_principal":null,"boe_por_pozo_mboe":null},"geometry":{"type":"Polygon","coordinates":[[[-69.63092,-37.09016],[-69.62867,-37.09197],[-69.63092,-37.09377],[-69.63317,-37.09197],[-69.63092,-37.09016]]]}},{"type":"Feature","properties":{"yacimiento":"EL TOMILLO","codigo":"ELTO","operador":"YPF S.A.","pozos":0,"boe_acum_mboe":null,"petroleo_acum_mbbl":null,"npv_musd_mediano":null,"eur_mbbl_mediana":null,"vaca_muerta":0,"operador_principal":null,"boe_por_pozo_mboe":null},"geometry":{"type":"Polygon","coordinates":[[[-69.32836,-38.54616],[-69.32607,-38.54796],[-69.32836,-38.54976],[-69.33066,-38.54796],[-69.32836,-38.54616]]]}},{"type":"Feature","properties":{"yacimiento":"EL VIEJO","codigo":"Z151","operador":"BENTIA ENERGY S.A.","pozos":0,"boe_acum_mboe":null,"petroleo_acum_mbbl":null,"npv_musd_mediano":null,"eur_mbbl_mediana":null,"vaca_muerta":0,"operador_principal":null,"boe_por_pozo_mboe":null},"geometry":{"type":"MultiPolygon","coordinates":[[[[-68.93579,-37.66036],[-68.93832,-37.6592],[-68.93732,-37.65702],[-68.93406,-37.65797],[-68.93579,-37.66036]]],[[[-68.89516,-37.64771],[-68.89768,-37.64655],[-68.89669,-37.64437],[-68.89342,-37.64532],[-68.89516,-37.64771]]]]}},{"type":"Feature","properties":{"yacimiento":"EL ZAINO","codigo":"ELZA","operador":"QUINTANA E&P ARGENTINA S.R.L.","pozos":0,"boe_acum_mboe":null,"petroleo_acum_mbbl":null,"npv_musd_mediano":null,"eur_mbbl_mediana":null,"vaca_muerta":0,"operador_principal":null,"boe_por_pozo_mboe":null},"geometry":{"type":"Polygon","coordinates":[[[-69.5688,-37.07297],[-69.5713,-37.07181],[-69.57031,-37.06963],[-69.56707,-37.07058],[-69.5688,-37.07297]]]}},{"type":"Feature","properties":{"yacimiento":"FILO MORADO ESTE","codigo":"Z164","operador":"YPF S.A.","pozos":0,"boe_acum_mboe":null,"petroleo_acum_mbbl":null,"npv_musd_mediano":null,"eur_mbbl_mediana":null,"vaca_muerta":0,"operador_principal":null,"boe_por_pozo_mboe":null},"geometry":{"type":"Polygon","coordinates":[[[-69.6357,-37.27885],[-69.63344,-37.28065],[-69.6357,-37.28245],[-69.63795,-37.28065],[-69.6357,-37.27885]]]}},{"type":"Feature","properties":{"yacimiento":"FILO MORADO OESTE","codigo":"Z165","operador":"YPF S.A.","pozos":0,"boe_acum_mboe":null,"petroleo_acum_mbbl":null,"npv_musd_mediano":null,"eur_mbbl_mediana":null,"vaca_muerta":0,"operador_principal":null,"boe_por_pozo_mboe":null},"geometry":{"type":"Polygon","coordinates":[[[-69.67735,-37.28534],[-69.67509,-37.28714],[-69.67735,-37.28894],[-69.67961,-37.28714],[-69.67735,-37.28534]]]}},{"type":"Feature","properties":{"yacimiento":"GUADAL","codigo":"Z169","operador":"YPF S.A.","pozos":0,"boe_acum_mboe":null,"petroleo_acum_mbbl":null,"npv_musd_mediano":null,"eur_mbbl_mediana":null,"vaca_muerta":0,"operador_principal":null,"boe_por_pozo_mboe":null},"geometry":{"type":"Polygon","coordinates":[[[-68.96901,-37.24402],[-68.96675,-37.24583],[-68.96901,-37.24763],[-68.97126,-37.24583],[-68.96901,-37.24402]]]}},{"type":"Feature","properties":{"yacimiento":"LA ARENOSITA","codigo":"Z176","operador":"YPF S.A.","pozos":0,"boe_acum_mboe":null,"petroleo_acum_mbbl":null,"npv_musd_mediano":null,"eur_mbbl_mediana":null,"vaca_muerta":0,"operador_principal":null,"boe_por_pozo_mboe":null},"geometry":{"type":"Polygon","coordinates":[[[-69.40766,-37.14585],[-69.40541,-37.14765],[-69.40766,-37.14946],[-69.40991,-37.14765],[-69.40766,-37.14585]]]}},{"type":"Feature","properties":{"yacimiento":"LA BARDA","codigo":"LAB2","operador":"YPF S.A.","pozos":0,"boe_acum_mboe":null,"petroleo_acum_mbbl":null,"npv_musd_mediano":null,"eur_mbbl_mediana":null,"vaca_muerta":0,"operador_principal":null,"boe_por_pozo_mboe":null},"geometry":{"type":"Polygon","coordinates":[[[-69.09144,-37.22534],[-69.09395,-37.22418],[-69.09296,-37.222],[-69.08971,-37.22295],[-69.09144,-37.22534]]]}},{"type":"Feature","properties":{"yacimiento":"LA COSTA","codigo":"Z180","operador":"YPF S.A.","pozos":1,"boe_acum_mboe":78.6,"petroleo_acum_mbbl":56.7,"npv_musd_mediano":-4.7,"eur_mbbl_mediana":182.9,"vaca_muerta":1,"operador_principal":"YPF","boe_por_pozo_mboe":78.6},"geometry":{"type":"MultiPolygon","coordinates":[[[[-68.84951,-38.31358],[-68.85206,-38.31242],[-68.85105,-38.31024],[-68.84776,-38.31119],[-68.84951,-38.31358]]],[[[-68.88123,-38.30787],[-68.88377,-38.30671],[-68.88277,-38.30453],[-68.87948,-38.30548],[-68.88123,-38.30787]]]]}},{"type":"Feature","properties":{"yacimiento":"LA LECHUZA","codigo":"Z185","operador":"QUINTANA E&P ARGENTINA S.R.L.","pozos":0,"boe_acum_mboe":null,"petroleo_acum_mbbl":null,"npv_musd_mediano":null,"eur_mbbl_mediana":null,"vaca_muerta":0,"operador_principal":null,"boe_por_pozo_mboe":null},"geometry":{"type":"Polygon","coordinates":[[[-69.36842,-36.92336],[-69.36123,-36.922],[-69.35611,-36.92337],[-69.35135,-36.92765],[-69.34955,-36.93216],[-69.34733,-36.9454],[-69.3475,-36.95989],[-69.35001,-36.9706],[-69.35415,-36.97541],[-69.35861,-36.97256],[-69.35956,-36.95828],[-69.36212,-36.94764],[-69.37048,-36.9376],[-69.37202,-36.92866],[-69.36842,-36.92336]]]}},{"type":"Feature","properties":{"yacimiento":"LA PUNTILLA","codigo":"Z187","operador":"YPF S.A.","pozos":0,"boe_acum_mboe":null,"petroleo_acum_mbbl":null,"npv_musd_mediano":null,"eur_mbbl_mediana":null,"vaca_muerta":0,"operador_principal":null,"boe_por_pozo_mboe":null},"geometry":{"type":"Polygon","coordinates":[[[-69.09239,-37.4446],[-69.09013,-37.44641],[-69.09239,-37.44821],[-69.09465,-37.44641],[-69.09239,-37.4446]]]}},{"type":"Feature","properties":{"yacimiento":"LA TRICAHUERA","codigo":"Z190","operador":"YPF S.A.","pozos":0,"boe_acum_mboe":null,"petroleo_acum_mbbl":null,"npv_musd_mediano":null,"eur_mbbl_mediana":null,"vaca_muerta":0,"operador_principal":null,"boe_por_pozo_mboe":null},"geometry":{"type":"Polygon","coordinates":[[[-69.04139,-37.43261],[-69.04391,-37.43146],[-69.04291,-37.42928],[-69.03966,-37.43022],[-69.04139,-37.43261]]]}},{"type":"Feature","properties":{"yacimiento":"LAGUNA ATAMISQUI","codigo":"LAAT","operador":"YPF S.A.","pozos":0,"boe_acum_mboe":null,"petroleo_acum_mbbl":null,"npv_musd_mediano":null,"eur_mbbl_mediana":null,"vaca_muerta":0,"operador_principal":null,"boe_por_pozo_mboe":null},"geometry":{"type":"Polygon","coordinates":[[[-67.99633,-38.46145],[-67.98138,-38.4623],[-67.98041,-38.46419],[-67.99633,-38.46484],[-67.99784,-38.46315],[-67.99633,-38.46145]]]}},{"type":"Feature","properties":{"yacimiento":"LAGUNA BLANCA","codigo":"Z194","operador":"YPF S.A.","pozos":0,"boe_acum_mboe":null,"petroleo_acum_mbbl":null,"npv_musd_mediano":null,"eur_mbbl_mediana":null,"vaca_muerta":0,"operador_principal":null,"boe_por_pozo_mboe":null},"geometry":{"type":"Polygon","coordinates":[[[-69.67768,-37.31572],[-69.67266,-37.31574],[-69.67316,-37.31803],[-69.67768,-37.31752],[-69.67768,-37.31572]]]}},{"type":"Feature","properties":{"yacimiento":"LAS TOLDERIAS","codigo":"LATO","operador":"PETROLEOS SUDAMERICANOS S.A.","pozos":0,"boe_acum_mboe":null,"petroleo_acum_mbbl":null,"npv_musd_mediano":null,"eur_mbbl_mediana":null,"vaca_muerta":0,"operador_principal":null,"boe_por_pozo_mboe":null},"geometry":{"type":"MultiPolygon","coordinates":[[[[-67.8389,-37.81311],[-67.84143,-37.81195],[-67.84043,-37.80978],[-67.83716,-37.81072],[-67.8389,-37.81311]]],[[[-67.83821,-37.80355],[-67.84074,-37.80239],[-67.83974,-37.80022],[-67.83647,-37.80116],[-67.83821,-37.80355]]]]}},{"type":"Feature","properties":{"yacimiento":"LLANCANELO R","codigo":"LLR","operador":"PETROQUIMICA COMODORO RIVADAVIA S.A.","pozos":0,"boe_acum_mboe":null,"petroleo_acum_mbbl":null,"npv_musd_mediano":null,"eur_mbbl_mediana":null,"vaca_muerta":0,"operador_principal":null,"boe_por_pozo_mboe":null},"geometry":{"type":"Polygon","coordinates":[[[-69.22421,-35.7357],[-69.25321,-35.72818],[-69.2591,-35.72541],[-69.25949,-35.72264],[-69.25129,-35.72168],[-69.20088,-35.73551],[-69.1986,-35.73845],[-69.20298,-35.74455],[-69.20194,-35.75749],[-69.20447,-35.76165],[-69.20908,-35.7621],[-69.21279,-35.75883],[-69.21488,-35.74618],[-69.21815,-35.7392],[-69.22421,-35.7357]]]}},{"type":"Feature","properties":{"yacimiento":"LOMA ALTA ESTE","codigo":"Z214","operador":"YPF S.A.","pozos":0,"boe_acum_mboe":null,"petroleo_acum_mbbl":null,"npv_musd_mediano":null,"eur_mbbl_mediana":null,"vaca_muerta":0,"operador_principal":null,"boe_por_pozo_mboe":null},"geometry":{"type":"Polygon","coordinates":[[[-69.65931,-35.95363],[-69.65709,-35.95543],[-69.65931,-35.95723],[-69.66153,-35.95543],[-69.65931,-35.95363]]]}},{"type":"Feature","properties":{"yacimiento":"LOMA DEL MOLLE","codigo":"LMOL","operador":"YPF S.A.","pozos":1,"boe_acum_mboe":13.8,"petroleo_acum_mbbl":0.0,"npv_musd_mediano":null,"eur_mbbl_mediana":null,"vaca_muerta":1,"operador_principal":"YPF","boe_por_pozo_mboe":13.8},"geometry":{"type":"Polygon","coordinates":[[[-69.62701,-37.59573],[-69.62474,-37.59754],[-69.62701,-37.59934],[-69.62927,-37.59754],[-69.62701,-37.59573]]]}},{"type":"Feature","properties":{"yacimiento":"LOMITA OESTE","codigo":"Z229","operador":"YPF S.A.","pozos":0,"boe_acum_mboe":null,"petroleo_acum_mbbl":null,"npv_musd_mediano":null,"eur_mbbl_mediana":null,"vaca_muerta":0,"operador_principal":null,"boe_por_pozo_mboe":null},"geometry":{"type":"MultiPolygon","coordinates":[[[[-69.25785,-37.29213],[-69.26036,-37.29097],[-69.25937,-37.2888],[-69.25613,-37.28974],[-69.25785,-37.29213]]],[[[-69.23997,-37.28282],[-69.24248,-37.28166],[-69.24149,-37.27948],[-69.23824,-37.28043],[-69.23997,-37.28282]]],[[[-69.23567,-37.26995],[-69.23818,-37.26879],[-69.23719,-37.26661],[-69.23394,-37.26756],[-69.23567,-37.26995]]],[[[-69.24588,-37.26937],[-69.24839,-37.26821],[-69.2474,-37.26603],[-69.24415,-37.26698],[-69.24588,-37.26937]]],[[[-69.25799,-37.26632],[-69.2605,-37.26516],[-69.25951,-37.26298],[-69.25626,-37.26393],[-69.25799,-37.26632]]]]}},{"type":"Feature","properties":{"yacimiento":"LOS CALDENES","codigo":"LOCA","operador":"YPF S.A.","pozos":4,"boe_acum_mboe":496.6,"petroleo_acum_mbbl":66.1,"npv_musd_mediano":null,"eur_mbbl_mediana":null,"vaca_muerta":0,"operador_principal":"YPF","boe_por_pozo_mboe":124.2},"geometry":{"type":"MultiPolygon","coordinates":[[[[-68.01459,-38.46198],[-68.0265,-38.476],[-68.03533,-38.50587],[-68.04017,-38.50878],[-68.04876,-38.50756],[-68.05126,-38.4981],[-68.04947,-38.48341],[-68.0467,-38.47555],[-68.04263,-38.46831],[-68.02876,-38.45142],[-68.02258,-38.44811],[-68.00434,-38.44374],[-67.98655,-38.44268],[-67.97298,-38.44585],[-67.96891,-38.45037],[-67.96816,-38.4567],[-67.96906,-38.46002],[-67.97179,-38.46138],[-67.98898,-38.45772],[-68.00028,-38.45766],[-68.01459,-38.46198]]],[[[-68.09584,-38.45231],[-68.09839,-38.45115],[-68.09738,-38.44897],[-68.09408,-38.44992],[-68.09584,-38.45231]]]]}},{"type":"Feature","properties":{"yacimiento":"LOS CARRIZOS","codigo":"Z233","operador":"YPF S.A.","pozos":0,"boe_acum_mboe":null,"petroleo_acum_mbbl":null,"npv_musd_mediano":null,"eur_mbbl_mediana":null,"vaca_muerta":0,"operador_principal":null,"boe_por_pozo_mboe":null},"geometry":{"type":"Polygon","coordinates":[[[-69.65068,-37.22708],[-69.64842,-37.22888],[-69.65068,-37.23068],[-69.65293,-37.22888],[-69.65068,-37.22708]]]}},{"type":"Feature","properties":{"yacimiento":"LOS FILONES","codigo":"Z236","operador":"YPF S.A.","pozos":0,"boe_acum_mboe":null,"petroleo_acum_mbbl":null,"npv_musd_mediano":null,"eur_mbbl_mediana":null,"vaca_muerta":0,"operador_principal":null,"boe_por_pozo_mboe":null},"geometry":{"type":"Polygon","coordinates":[[[-69.31801,-37.292],[-69.31575,-37.2938],[-69.31801,-37.2956],[-69.32026,-37.2938],[-69.31801,-37.292]]]}},{"type":"Feature","properties":{"yacimiento":"MINA EL ALGARROBO","codigo":"Z255","operador":"YPF S.A.","pozos":0,"boe_acum_mboe":null,"petroleo_acum_mbbl":null,"npv_musd_mediano":null,"eur_mbbl_mediana":null,"vaca_muerta":0,"operador_principal":null,"boe_por_pozo_mboe":null},"geometry":{"type":"Polygon","coordinates":[[[-69.69161,-37.33024],[-69.68935,-37.33205],[-69.69161,-37.33385],[-69.69387,-37.33205],[-69.69161,-37.33024]]]}},{"type":"Feature","properties":{"yacimiento":"PICO DEL AGUILA","codigo":"Z279","operador":"YPF S.A.","pozos":0,"boe_acum_mboe":null,"petroleo_acum_mbbl":null,"npv_musd_mediano":null,"eur_mbbl_mediana":null,"vaca_muerta":0,"operador_principal":null,"boe_por_pozo_mboe":null},"geometry":{"type":"Polygon","coordinates":[[[-69.39635,-37.32839],[-69.3941,-37.33019],[-69.39635,-37.33199],[-69.39861,-37.33019],[-69.39635,-37.32839]]]}},{"type":"Feature","properties":{"yacimiento":"PUESTO BITUIN","codigo":"Z290","operador":"YPF S.A.","pozos":0,"boe_acum_mboe":null,"petroleo_acum_mbbl":null,"npv_musd_mediano":null,"eur_mbbl_mediana":null,"vaca_muerta":0,"operador_principal":null,"boe_por_pozo_mboe":null},"geometry":{"type":"Polygon","coordinates":[[[-69.6549,-37.22085],[-69.66093,-37.22086],[-69.66238,-37.21886],[-69.66055,-37.21739],[-69.65452,-37.21739],[-69.65307,-37.21939],[-69.6549,-37.22085]]]}},{"type":"Feature","properties":{"yacimiento":"PUESTO HERNANDEZ","codigo":"HER","operador":"YPF S.A.","pozos":0,"boe_acum_mboe":null,"petroleo_acum_mbbl":null,"npv_musd_mediano":null,"eur_mbbl_mediana":null,"vaca_muerta":0,"operador_principal":null,"boe_por_pozo_mboe":null},"geometry":{"type":"MultiPolygon","coordinates":[[[[-69.03934,-37.25229],[-69.02963,-37.24729],[-69.01667,-37.24662],[-69.00263,-37.24847],[-69.00097,-37.25583],[-69.00442,-37.26632],[-69.00173,-37.27958],[-69.02067,-37.28873],[-69.04357,-37.31016],[-69.05095,-37.31349],[-69.05248,-37.31624],[-69.07211,-37.32784],[-69.07776,-37.32963],[-69.091,-37.33898],[-69.10404,-37.34053],[-69.11675,-37.34453],[-69.12474,-37.34272],[-69.13092,-37.33909],[-69.14505,-37.3378],[-69.15676,-37.33131],[-69.15826,-37.32852],[-69.15776,-37.32274],[-69.15327,-37.31567],[-69.15234,-37.30275],[-69.14736,-37.29929],[-69.13055,-37.29542],[-69.1338,-37.28748],[-69.13298,-37.28078],[-69.13952,-37.27521],[-69.1407,-37.27243],[-69.14966,-37.26952],[-69.15183,-37.26506],[-69.1551,-37.26458],[-69.15852,-37.26151],[-69.16103,-37.261],[-69.16714,-37.26437],[-69.17976,-37.26402],[-69.17953,-37.26225],[-69.17674,-37.26094],[-69.17674,-37.25671],[-69.1809,-37.25483],[-69.18593,-37.24638],[-69.18387,-37.24472],[-69.17502,-37.24501],[-69.17291,-37.24695],[-69.16737,-37.24364],[-69.14087,-37.25329],[-69.14122,-37.24912],[-69.15247,-37.24118],[-69.14928,-37.23748],[-69.13892,-37.23698],[-69.12757,-37.2428],[-69.12465,-37.24726],[-69.11951,-37.24983],[-69.10318,-37.25004],[-69.09532,-37.24653],[-69.09002,-37.24008],[-69.08634,-37.23868],[-69.06867,-37.24837],[-69.06106,-37.2495],[-69.05609,-37.24722],[-69.04649,-37.25281],[-69.03934,-37.25229]]],[[[-69.18151,-37.24056],[-69.18309,-37.24064],[-69.18237,-37.23982],[-69.18151,-37.24056]]],[[[-69.17853,-37.24159],[-69.18007,-37.24181],[-69.17937,-37.24093],[-69.17853,-37.24159]]],[[[-69.18384,-37.25538],[-69.18536,-37.25546],[-69.18467,-37.25464],[-69.18384,-37.25538]]]]}},{"type":"Feature","properties":{"yacimiento":"PUESTO PALOMO","codigo":"Z305","operador":"YPF S.A.","pozos":0,"boe_acum_mboe":null,"petroleo_acum_mbbl":null,"npv_musd_mediano":null,"eur_mbbl_mediana":null,"vaca_muerta":0,"operador_principal":null,"boe_por_pozo_mboe":null},"geometry":{"type":"Polygon","coordinates":[[[-68.94337,-37.30258],[-68.94111,-37.30438],[-68.94337,-37.30619],[-68.94562,-37.30438],[-68.94337,-37.30258]]]}},{"type":"Feature","properties":{"yacimiento":"PUNTA ESTE DE LA SIERRA NEGRA","codigo":"Z312","operador":"YPF S.A.","pozos":0,"boe_acum_mboe":null,"petroleo_acum_mbbl":null,"npv_musd_mediano":null,"eur_mbbl_mediana":null,"vaca_muerta":0,"operador_principal":null,"boe_por_pozo_mboe":null},"geometry":{"type":"MultiPolygon","coordinates":[[[[-69.27128,-37.29855],[-69.27195,-37.30054],[-69.27587,-37.3018],[-69.27886,-37.30042],[-69.27809,-37.29873],[-69.27417,-37.29747],[-69.27128,-37.29855]]],[[[-69.27645,-37.31153],[-69.27896,-37.31038],[-69.27797,-37.3082],[-69.27472,-37.30914],[-69.27645,-37.31153]]]]}},{"type":"Feature","properties":{"yacimiento":"RINCON DE CORREA","codigo":"RICO","operador":"QUINTANA E&P ARGENTINA S.R.L.","pozos":0,"boe_acum_mboe":null,"petroleo_acum_mbbl":null,"npv_musd_mediano":null,"eur_mbbl_mediana":null,"vaca_muerta":0,"operador_principal":null,"boe_por_pozo_mboe":null},"geometry":{"type":"MultiPolygon","coordinates":[[[[-69.60385,-37.09733],[-69.60636,-37.09617],[-69.60537,-37.094],[-69.60213,-37.09494],[-69.60385,-37.09733]]],[[[-69.61632,-37.09714],[-69.61882,-37.09598],[-69.61783,-37.0938],[-69.6146,-37.09475],[-69.61632,-37.09714]]],[[[-69.60599,-37.08922],[-69.60404,-37.09192],[-69.60599,-37.09282],[-69.60824,-37.09102],[-69.60599,-37.08922]]]]}},{"type":"Feature","properties":{"yacimiento":"RINCON DE ESCALONA","codigo":"Z318","operador":"QUINTANA E&P ARGENTINA S.R.L.","pozos":0,"boe_acum_mboe":null,"petroleo_acum_mbbl":null,"npv_musd_mediano":null,"eur_mbbl_mediana":null,"vaca_muerta":0,"operador_principal":null,"boe_por_pozo_mboe":null},"geometry":{"type":"Polygon","coordinates":[[[-69.17624,-37.16013],[-69.17399,-37.16193],[-69.17624,-37.16373],[-69.17849,-37.16193],[-69.17624,-37.16013]]]}},{"type":"Feature","properties":{"yacimiento":"RINCON DE PIEDRA","codigo":"RIPI","operador":"YPF S.A.","pozos":1,"boe_acum_mboe":0.1,"petroleo_acum_mbbl":0.0,"npv_musd_mediano":null,"eur_mbbl_mediana":null,"vaca_muerta":0,"operador_principal":"YPF","boe_por_pozo_mboe":0.1},"geometry":{"type":"Polygon","coordinates":[[[-69.36339,-38.61341],[-69.36109,-38.61521],[-69.36339,-38.61701],[-69.36569,-38.61521],[-69.36339,-38.61341]]]}},{"type":"Feature","properties":{"yacimiento":"RUCA CARMELO","codigo":"Z333","operador":"YPF S.A.","pozos":0,"boe_acum_mboe":null,"petroleo_acum_mbbl":null,"npv_musd_mediano":null,"eur_mbbl_mediana":null,"vaca_muerta":0,"operador_principal":null,"boe_por_pozo_mboe":null},"geometry":{"type":"MultiPolygon","coordinates":[[[[-69.6743,-37.35295],[-69.67681,-37.35179],[-69.67582,-37.34962],[-69.67257,-37.35056],[-69.6743,-37.35295]]],[[[-69.65064,-37.34591],[-69.65315,-37.34475],[-69.65216,-37.34257],[-69.64891,-37.34352],[-69.65064,-37.34591]]]]}},{"type":"Feature","properties":{"yacimiento":"SAL DE PIEDRA","codigo":"Z334","operador":"YPF S.A.","pozos":0,"boe_acum_mboe":null,"petroleo_acum_mbbl":null,"npv_musd_mediano":null,"eur_mbbl_mediana":null,"vaca_muerta":0,"operador_principal":null,"boe_por_pozo_mboe":null},"geometry":{"type":"Polygon","coordinates":[[[-69.68879,-37.34504],[-69.68653,-37.34684],[-69.68879,-37.34864],[-69.69105,-37.34684],[-69.68879,-37.34504]]]}},{"type":"Feature","properties":{"yacimiento":"VANGUARDIA","codigo":"Z363","operador":"YPF S.A.","pozos":0,"boe_acum_mboe":null,"petroleo_acum_mbbl":null,"npv_musd_mediano":null,"eur_mbbl_mediana":null,"vaca_muerta":0,"operador_principal":null,"boe_por_pozo_mboe":null},"geometry":{"type":"Polygon","coordinates":[[[-68.89373,-38.35039],[-68.89145,-38.35219],[-68.89373,-38.35399],[-68.89602,-38.35219],[-68.89373,-38.35039]]]}},{"type":"Feature","properties":{"yacimiento":"VANGUARDIA NORTE","codigo":"Z364","operador":"YPF S.A.","pozos":5,"boe_acum_mboe":670.8,"petroleo_acum_mbbl":409.3,"npv_musd_mediano":-8.4,"eur_mbbl_mediana":124.5,"vaca_muerta":5,"operador_principal":"YPF","boe_por_pozo_mboe":134.2},"geometry":{"type":"MultiPolygon","coordinates":[[[[-68.91157,-38.31225],[-68.9067,-38.31532],[-68.9077,-38.3175],[-68.91032,-38.31732],[-68.91386,-38.31406],[-68.91157,-38.31225]]],[[[-68.79239,-38.33987],[-68.79493,-38.33871],[-68.79393,-38.33654],[-68.79063,-38.33748],[-68.79239,-38.33987]]],[[[-68.89684,-38.3159],[-68.89938,-38.31474],[-68.89838,-38.31256],[-68.89508,-38.31351],[-68.89684,-38.3159]]]]}},{"type":"Feature","properties":{"yacimiento":"VERTIENTE DEL BAYO","codigo":"Z367","operador":"YPF S.A.","pozos":0,"boe_acum_mboe":null,"petroleo_acum_mbbl":null,"npv_musd_mediano":null,"eur_mbbl_mediana":null,"vaca_muerta":0,"operador_principal":null,"boe_por_pozo_mboe":null},"geometry":{"type":"MultiPolygon","coordinates":[[[[-69.41776,-37.33822],[-69.42028,-37.33706],[-69.41928,-37.33489],[-69.41603,-37.33583],[-69.41776,-37.33822]]],[[[-69.38347,-37.33347],[-69.38598,-37.33231],[-69.38499,-37.33014],[-69.38174,-37.33108],[-69.38347,-37.33347]]]]}},{"type":"Feature","properties":{"yacimiento":"CHIHUIDO DE LA SALINA SUR","codigo":"CDSS","operador":"QUINTANA E&P ARGENTINA S.R.L.","pozos":0,"boe_acum_mboe":null,"petroleo_acum_mbbl":null,"npv_musd_mediano":null,"eur_mbbl_mediana":null,"vaca_muerta":0,"operador_principal":null,"boe_por_pozo_mboe":null},"geometry":{"type":"MultiPolygon","coordinates":[[[[-69.58076,-37.06841],[-69.58534,-37.0685],[-69.58534,-37.06619],[-69.58097,-37.06642],[-69.58076,-37.06841]]],[[[-69.58929,-37.07109],[-69.59179,-37.06994],[-69.5908,-37.06776],[-69.58756,-37.0687],[-69.58929,-37.07109]]],[[[-69.59569,-37.06285],[-69.5982,-37.06169],[-69.59721,-37.05952],[-69.59397,-37.06046],[-69.59569,-37.06285]]]]}},{"type":"Feature","properties":{"yacimiento":"LAS MANADAS","codigo":"LMAN","operador":"BENTIA ENERGY S.A.","pozos":0,"boe_acum_mboe":null,"petroleo_acum_mbbl":null,"npv_musd_mediano":null,"eur_mbbl_mediana":null,"vaca_muerta":0,"operador_principal":null,"boe_por_pozo_mboe":null},"geometry":{"type":"MultiPolygon","coordinates":[[[[-68.9092,-37.7603],[-68.91172,-37.75914],[-68.91073,-37.75697],[-68.90746,-37.75791],[-68.9092,-37.7603]]],[[[-68.90699,-37.74012],[-68.90952,-37.73896],[-68.90852,-37.73678],[-68.90526,-37.73773],[-68.90699,-37.74012]]]]}},{"type":"Feature","properties":{"yacimiento":"EL CORDON","codigo":"PTC2","operador":"YPF S.A.","pozos":5,"boe_acum_mboe":2568.2,"petroleo_acum_mbbl":2001.0,"npv_musd_mediano":14.2,"eur_mbbl_mediana":1147.2,"vaca_muerta":5,"operador_principal":"YPF","boe_por_pozo_mboe":513.6},"geometry":{"type":"Polygon","coordinates":[[[-68.69379,-38.64581],[-68.69811,-38.64075],[-68.70093,-38.63361],[-68.70614,-38.6287],[-68.70762,-38.62439],[-68.70718,-38.6171],[-68.70361,-38.60892],[-68.69959,-38.60431],[-68.69007,-38.59941],[-68.66821,-38.59851],[-68.65394,-38.60104],[-68.64249,-38.60803],[-68.64085,-38.61413],[-68.64234,-38.62097],[-68.65855,-38.63673],[-68.6813,-38.6461],[-68.68933,-38.647],[-68.69379,-38.64581]]]}},{"type":"Feature","properties":{"yacimiento":"PATA MORA","codigo":"Z275","operador":"YPF S.A.","pozos":0,"boe_acum_mboe":null,"petroleo_acum_mbbl":null,"npv_musd_mediano":null,"eur_mbbl_mediana":null,"vaca_muerta":0,"operador_principal":null,"boe_por_pozo_mboe":null},"geometry":{"type":"MultiPolygon","coordinates":[[[[-69.10867,-37.22137],[-69.11118,-37.22021],[-69.11019,-37.21803],[-69.10695,-37.21898],[-69.10867,-37.22137]]],[[[-69.09809,-37.21754],[-69.1006,-37.21638],[-69.09961,-37.21421],[-69.09636,-37.21515],[-69.09809,-37.21754]]],[[[-69.09383,-37.19241],[-69.09634,-37.19126],[-69.09535,-37.18908],[-69.09211,-37.19002],[-69.09383,-37.19241]]],[[[-69.11046,-37.18948],[-69.11296,-37.18832],[-69.11197,-37.18615],[-69.10873,-37.18709],[-69.11046,-37.18948]]],[[[-69.12671,-37.18635],[-69.12922,-37.18519],[-69.12823,-37.18301],[-69.12499,-37.18395],[-69.12671,-37.18635]]],[[[-69.10041,-37.18428],[-69.10292,-37.18312],[-69.10193,-37.18095],[-69.09869,-37.18189],[-69.10041,-37.18428]]]]}},{"type":"Feature","properties":{"yacimiento":"ENTRE BARDAS","codigo":"Z152","operador":"YPF S.A.","pozos":0,"boe_acum_mboe":null,"petroleo_acum_mbbl":null,"npv_musd_mediano":null,"eur_mbbl_mediana":null,"vaca_muerta":0,"operador_principal":null,"boe_por_pozo_mboe":null},"geometry":{"type":"Polygon","coordinates":[[[-69.45903,-37.17067],[-69.45678,-37.17247],[-69.45903,-37.17427],[-69.46129,-37.17247],[-69.45903,-37.17067]]]}},{"type":"Feature","properties":{"yacimiento":"BARROSA NORTE","codigo":"Z051","operador":"YPF S.A.","pozos":22,"boe_acum_mboe":8453.2,"petroleo_acum_mbbl":274.1,"npv_musd_mediano":0.9,"eur_mbbl_mediana":539.6,"vaca_muerta":1,"operador_principal":"YPF","boe_por_pozo_mboe":384.2},"geometry":{"type":"Polygon","coordinates":[[[-68.93182,-38.70733],[-68.87077,-38.69288],[-68.85085,-38.69455],[-68.8381,-38.69978],[-68.80574,-38.70473],[-68.80212,-38.70654],[-68.80083,-38.71264],[-68.80907,-38.71597],[-68.84063,-38.72354],[-68.84405,-38.72611],[-68.85419,-38.72882],[-68.87546,-38.72839],[-68.88117,-38.72982],[-68.89606,-38.72243],[-68.9188,-38.72021],[-68.92415,-38.71758],[-68.93182,-38.70733]]]}},{"type":"Feature","properties":{"yacimiento":"LOMA DE LA MINA","codigo":"LMI","operador":"E.M.E.S.A","pozos":0,"boe_acum_mboe":null,"petroleo_acum_mbbl":null,"npv_musd_mediano":null,"eur_mbbl_mediana":null,"vaca_muerta":0,"operador_principal":null,"boe_por_pozo_mboe":null},"geometry":{"type":"MultiPolygon","coordinates":[[[[-69.51079,-34.92106],[-69.50659,-34.92761],[-69.50964,-34.93218],[-69.51041,-34.93683],[-69.53206,-34.93853],[-69.54049,-34.93391],[-69.54943,-34.92516],[-69.55352,-34.91374],[-69.54915,-34.90964],[-69.53953,-34.90669],[-69.53449,-34.90042],[-69.5339,-34.89631],[-69.52826,-34.89586],[-69.52121,-34.8991],[-69.5205,-34.90487],[-69.51323,-34.91384],[-69.51079,-34.92106]]],[[[-69.54768,-34.88503],[-69.55012,-34.88387],[-69.54881,-34.88156],[-69.54591,-34.88294],[-69.54768,-34.88503]]]]}},{"type":"Feature","properties":{"yacimiento":"LOMA ALTA","codigo":"Z213","operador":"YPF S.A.","pozos":0,"boe_acum_mboe":null,"petroleo_acum_mbbl":null,"npv_musd_mediano":null,"eur_mbbl_mediana":null,"vaca_muerta":0,"operador_principal":null,"boe_por_pozo_mboe":null},"geometry":{"type":"MultiPolygon","coordinates":[[[[-69.68411,-35.974],[-69.68677,-35.97045],[-69.68507,-35.95946],[-69.67738,-35.9498],[-69.67041,-35.92992],[-69.66662,-35.92768],[-69.66535,-35.93208],[-69.66628,-35.93857],[-69.67543,-35.9526],[-69.67734,-35.96133],[-69.6805,-35.96455],[-69.68005,-35.9698],[-69.68411,-35.974]]],[[[-69.67471,-35.9848],[-69.68195,-35.9888],[-69.68409,-35.98628],[-69.6829,-35.98011],[-69.68129,-35.97929],[-69.67821,-35.97963],[-69.67735,-35.98166],[-69.67448,-35.98255],[-69.67471,-35.9848]]],[[[-69.66388,-35.96649],[-69.66891,-35.96789],[-69.67066,-35.96683],[-69.66941,-35.96518],[-69.66466,-35.96491],[-69.66388,-35.96649]]]]}},{"type":"Feature","properties":{"yacimiento":"LOMA ALTA SUR","codigo":"LSU","operador":"YPF S.A.","pozos":0,"boe_acum_mboe":null,"petroleo_acum_mbbl":null,"npv_musd_mediano":null,"eur_mbbl_mediana":null,"vaca_muerta":0,"operador_principal":null,"boe_por_pozo_mboe":null},"geometry":{"type":"Polygon","coordinates":[[[-69.66235,-35.97274],[-69.66183,-35.97482],[-69.66666,-35.97976],[-69.66554,-35.98428],[-69.66886,-35.99015],[-69.66582,-35.99621],[-69.67662,-36.00055],[-69.67716,-36.00432],[-69.67924,-36.00486],[-69.68272,-35.99264],[-69.68008,-35.98742],[-69.67428,-35.98439],[-69.67438,-35.98263],[-69.67762,-35.98133],[-69.67682,-35.97846],[-69.67249,-35.97291],[-69.66235,-35.97274]]]}},{"type":"Feature","properties":{"yacimiento":"LOS CAVAOS","codigo":"CAV","operador":"YPF S.A.","pozos":0,"boe_acum_mboe":null,"petroleo_acum_mbbl":null,"npv_musd_mediano":null,"eur_mbbl_mediana":null,"vaca_muerta":0,"operador_principal":null,"boe_por_pozo_mboe":null},"geometry":{"type":"Polygon","coordinates":[[[-69.69145,-36.12114],[-69.69354,-36.11738],[-69.70223,-36.07909],[-69.69945,-36.0759],[-69.6854,-36.07434],[-69.68143,-36.07255],[-69.6785,-36.06912],[-69.67818,-36.06432],[-69.68392,-36.05736],[-69.70375,-36.04413],[-69.70566,-36.03973],[-69.70518,-36.03568],[-69.70363,-36.03413],[-69.69673,-36.03318],[-69.67558,-36.04356],[-69.67246,-36.04249],[-69.66892,-36.03653],[-69.64938,-36.03283],[-69.64058,-36.03413],[-69.63296,-36.04008],[-69.62367,-36.05088],[-69.62273,-36.05626],[-69.62487,-36.06162],[-69.63078,-36.06902],[-69.63036,-36.0755],[-69.63395,-36.08178],[-69.62915,-36.08977],[-69.63711,-36.09488],[-69.63884,-36.10209],[-69.63773,-36.10784],[-69.63917,-36.10909],[-69.64677,-36.10792],[-69.66243,-36.11026],[-69.67157,-36.11321],[-69.6834,-36.12123],[-69.68859,-36.12219],[-69.69145,-36.12114]]]}},{"type":"Feature","properties":{"yacimiento":"LOS CAVAOS ESTE","codigo":"Z234","operador":"YPF S.A.","pozos":0,"boe_acum_mboe":null,"petroleo_acum_mbbl":null,"npv_musd_mediano":null,"eur_mbbl_mediana":null,"vaca_muerta":0,"operador_principal":null,"boe_por_pozo_mboe":null},"geometry":{"type":"Polygon","coordinates":[[[-69.60815,-36.09335],[-69.62709,-36.08503],[-69.63057,-36.08283],[-69.63085,-36.08063],[-69.62664,-36.07936],[-69.60059,-36.0866],[-69.59798,-36.0885],[-69.59761,-36.09223],[-69.60108,-36.09803],[-69.60533,-36.09911],[-69.60753,-36.09775],[-69.60815,-36.09335]]]}},{"type":"Feature","properties":{"yacimiento":"PAMPA PALAUCO","codigo":"PPL","operador":"YPF S.A.","pozos":0,"boe_acum_mboe":null,"petroleo_acum_mbbl":null,"npv_musd_mediano":null,"eur_mbbl_mediana":null,"vaca_muerta":0,"operador_principal":null,"boe_por_pozo_mboe":null},"geometry":{"type":"Polygon","coordinates":[[[-69.53465,-36.02927],[-69.53022,-36.03353],[-69.51874,-36.06402],[-69.50982,-36.07284],[-69.51796,-36.07859],[-69.51582,-36.08623],[-69.51714,-36.08873],[-69.52932,-36.09332],[-69.53933,-36.09201],[-69.53958,-36.08993],[-69.53633,-36.08527],[-69.53609,-36.08081],[-69.5401,-36.07306],[-69.54642,-36.06853],[-69.54782,-36.06527],[-69.54394,-36.05356],[-69.54445,-36.04316],[-69.53465,-36.02927]]]}},{"type":"Feature","properties":{"yacimiento":"MALAL DEL MEDIO","codigo":"Z246","operador":"YPF S.A.","pozos":1,"boe_acum_mboe":6.1,"petroleo_acum_mbbl":5.5,"npv_musd_mediano":-10.7,"eur_mbbl_mediana":10.2,"vaca_muerta":1,"operador_principal":"YPF","boe_por_pozo_mboe":6.1},"geometry":{"type":"MultiPolygon","coordinates":[[[[-69.69437,-36.12334],[-69.67804,-36.11976],[-69.67085,-36.1142],[-69.64815,-36.1089],[-69.63452,-36.10925],[-69.62846,-36.11477],[-69.63235,-36.12056],[-69.63248,-36.12508],[-69.6245,-36.13733],[-69.63045,-36.14204],[-69.63162,-36.14681],[-69.62929,-36.15287],[-69.62829,-36.16419],[-69.61896,-36.18063],[-69.61569,-36.19266],[-69.61602,-36.19965],[-69.61995,-36.2144],[-69.62308,-36.21367],[-69.63055,-36.20693],[-69.63808,-36.20492],[-69.64026,-36.20017],[-69.64444,-36.19685],[-69.64281,-36.18249],[-69.64602,-36.17579],[-69.65582,-36.17249],[-69.6683,-36.16574],[-69.67827,-36.16342],[-69.68568,-36.15729],[-69.69147,-36.14484],[-69.69539,-36.12545],[-69.69437,-36.12334]]],[[[-69.70988,-36.15734],[-69.70597,-36.16327],[-69.70694,-36.16499],[-69.71404,-36.16012],[-69.71794,-36.16148],[-69.71995,-36.16419],[-69.7223,-36.16326],[-69.72197,-36.15911],[-69.71891,-36.15585],[-69.71268,-36.15583],[-69.70988,-36.15734]]],[[[-69.85384,-36.14859],[-69.85632,-36.14743],[-69.85534,-36.14526],[-69.85214,-36.1462],[-69.85384,-36.14859]]]]}},{"type":"Feature","properties":{"yacimiento":"CERRO FORTUNOSO","codigo":"CFO","operador":"YPF S.A.","pozos":0,"boe_acum_mboe":null,"petroleo_acum_mbbl":null,"npv_musd_mediano":null,"eur_mbbl_mediana":null,"vaca_muerta":0,"operador_principal":null,"boe_por_pozo_mboe":null},"geometry":{"type":"MultiPolygon","coordinates":[[[[-69.39813,-36.24597],[-69.39765,-36.22519],[-69.3811,-36.18759],[-69.37138,-36.17581],[-69.36065,-36.17683],[-69.35804,-36.18062],[-69.35676,-36.19224],[-69.3636,-36.20674],[-69.36349,-36.2139],[-69.36697,-36.21703],[-69.36765,-36.22366],[-69.37112,-36.2277],[-69.37185,-36.23778],[-69.38284,-36.25385],[-69.39332,-36.26302],[-69.39651,-36.26404],[-69.39964,-36.26966],[-69.40203,-36.27092],[-69.40643,-36.26636],[-69.40706,-36.26055],[-69.39813,-36.24597]]],[[[-69.33011,-36.19058],[-69.33258,-36.18943],[-69.33161,-36.18725],[-69.3284,-36.18819],[-69.33011,-36.19058]]]]}},{"type":"Feature","properties":{"yacimiento":"CERRO FORTUNOSO SUR","codigo":"Z088","operador":"YPF S.A.","pozos":0,"boe_acum_mboe":null,"petroleo_acum_mbbl":null,"npv_musd_mediano":null,"eur_mbbl_mediana":null,"vaca_muerta":0,"operador_principal":null,"boe_por_pozo_mboe":null},"geometry":{"type":"Polygon","coordinates":[[[-69.42783,-36.29101],[-69.43049,-36.28505],[-69.43497,-36.28086],[-69.42627,-36.27483],[-69.42268,-36.26581],[-69.42271,-36.25858],[-69.4203,-36.25772],[-69.41896,-36.26658],[-69.42121,-36.28034],[-69.42573,-36.29057],[-69.42783,-36.29101]]]}},{"type":"Feature","properties":{"yacimiento":"RIO GRANDE","codigo":"Z326","operador":"YPF S.A.","pozos":0,"boe_acum_mboe":null,"petroleo_acum_mbbl":null,"npv_musd_mediano":null,"eur_mbbl_mediana":null,"vaca_muerta":0,"operador_principal":null,"boe_por_pozo_mboe":null},"geometry":{"type":"MultiPolygon","coordinates":[[[[-69.57591,-36.14934],[-69.57491,-36.15711],[-69.58019,-36.17449],[-69.58084,-36.18328],[-69.57936,-36.18701],[-69.57192,-36.19001],[-69.57112,-36.19218],[-69.58385,-36.1958],[-69.58597,-36.20019],[-69.58666,-36.209],[-69.58938,-36.21271],[-69.60372,-36.2179],[-69.6105,-36.22164],[-69.61691,-36.22804],[-69.6192,-36.22823],[-69.62036,-36.22473],[-69.61889,-36.21913],[-69.61483,-36.21035],[-69.60887,-36.20335],[-69.60662,-36.18153],[-69.60405,-36.17913],[-69.59409,-36.17885],[-69.58999,-36.1766],[-69.58586,-36.16863],[-69.58549,-36.15943],[-69.5831,-36.15058],[-69.57876,-36.14706],[-69.57591,-36.14934]]],[[[-69.58022,-36.13658],[-69.58269,-36.13542],[-69.58172,-36.13324],[-69.57852,-36.13419],[-69.58022,-36.13658]]]]}},{"type":"Feature","properties":{"yacimiento":"CERRO DIVISADERO","codigo":"Z084","operador":"YPF S.A.","pozos":0,"boe_acum_mboe":null,"petroleo_acum_mbbl":null,"npv_musd_mediano":null,"eur_mbbl_mediana":null,"vaca_muerta":0,"operador_principal":null,"boe_por_pozo_mboe":null},"geometry":{"type":"Polygon","coordinates":[[[-69.69306,-35.97977],[-69.68891,-35.98383],[-69.68483,-35.99786],[-69.67876,-36.00741],[-69.67938,-36.02125],[-69.67555,-36.03384],[-69.6753,-36.04107],[-69.67668,-36.0423],[-69.68215,-36.04078],[-69.6962,-36.03143],[-69.70127,-36.02699],[-69.70346,-36.02249],[-69.70553,-36.00648],[-69.70505,-35.99738],[-69.70151,-35.99002],[-69.69306,-35.97977]]]}},{"type":"Feature","properties":{"yacimiento":"ANTICLINAL LOMA ATRAVESADA","codigo":"Z020","operador":"YPF S.A.","pozos":0,"boe_acum_mboe":null,"petroleo_acum_mbbl":null,"npv_musd_mediano":null,"eur_mbbl_mediana":null,"vaca_muerta":0,"operador_principal":null,"boe_por_pozo_mboe":null},"geometry":{"type":"Polygon","coordinates":[[[-69.39598,-36.26475],[-69.3937,-36.26581],[-69.39364,-36.26828],[-69.39934,-36.27265],[-69.4087,-36.27355],[-69.41278,-36.27195],[-69.41232,-36.26978],[-69.40966,-36.2689],[-69.40087,-36.27071],[-69.39598,-36.26475]]]}},{"type":"Feature","properties":{"yacimiento":"CERRO NEGRO","codigo":"CNEG","operador":"QUINTANA E&P ARGENTINA S.R.L.","pozos":0,"boe_acum_mboe":null,"petroleo_acum_mbbl":null,"npv_musd_mediano":null,"eur_mbbl_mediana":null,"vaca_muerta":0,"operador_principal":null,"boe_por_pozo_mboe":null},"geometry":{"type":"Polygon","coordinates":[[[-69.38125,-36.66957],[-69.36149,-36.65431],[-69.3536,-36.65327],[-69.35167,-36.65446],[-69.3536,-36.661],[-69.3652,-36.67409],[-69.37477,-36.69326],[-69.38006,-36.69784],[-69.38713,-36.69855],[-69.39287,-36.69516],[-69.39358,-36.69008],[-69.38996,-36.68095],[-69.38125,-36.66957]]]}},{"type":"Feature","properties":{"yacimiento":"CERRO LIUPUCA","codigo":"CELI","operador":"QUINTANA E&P ARGENTINA S.R.L.","pozos":0,"boe_acum_mboe":null,"petroleo_acum_mbbl":null,"npv_musd_mediano":null,"eur_mbbl_mediana":null,"vaca_muerta":0,"operador_principal":null,"boe_por_pozo_mboe":null},"geometry":{"type":"Polygon","coordinates":[[[-69.43647,-36.6423],[-69.44173,-36.64295],[-69.44449,-36.64049],[-69.44157,-36.63146],[-69.43773,-36.6267],[-69.43518,-36.62922],[-69.43647,-36.6423]]]}},{"type":"Feature","properties":{"yacimiento":"CHIHUIDO DE LA SALINA NORTE","codigo":"Z110","operador":"QUINTANA E&P ARGENTINA S.R.L.","pozos":0,"boe_acum_mboe":null,"petroleo_acum_mbbl":null,"npv_musd_mediano":null,"eur_mbbl_mediana":null,"vaca_muerta":0,"operador_principal":null,"boe_por_pozo_mboe":null},"geometry":{"type":"MultiPolygon","coordinates":[[[[-69.6114,-36.96017],[-69.60087,-36.95772],[-69.58807,-36.95944],[-69.58531,-36.97377],[-69.58643,-36.97785],[-69.58971,-36.98015],[-69.59556,-36.98119],[-69.60542,-36.97804],[-69.6111,-36.97103],[-69.6114,-36.96017]]],[[[-69.58774,-37.00596],[-69.59024,-37.0048],[-69.58926,-37.00263],[-69.58602,-37.00357],[-69.58774,-37.00596]]],[[[-69.58527,-36.9912],[-69.58777,-36.99004],[-69.58678,-36.98786],[-69.58355,-36.9888],[-69.58527,-36.9912]]]]}},{"type":"Feature","properties":{"yacimiento":"CHIHUIDO DE LA SALINA CENTRO NORTE","codigo":"Z108","operador":"QUINTANA E&P ARGENTINA S.R.L.","pozos":0,"boe_acum_mboe":null,"petroleo_acum_mbbl":null,"npv_musd_mediano":null,"eur_mbbl_mediana":null,"vaca_muerta":0,"operador_principal":null,"boe_por_pozo_mboe":null},"geometry":{"type":"Polygon","coordinates":[[[-69.61081,-36.98065],[-69.60953,-36.97834],[-69.60675,-36.97773],[-69.59941,-36.98077],[-69.58986,-36.9802],[-69.58603,-36.98277],[-69.57971,-36.98354],[-69.56764,-36.99977],[-69.56713,-37.0124],[-69.58309,-37.01542],[-69.59914,-37.01288],[-69.60135,-36.99202],[-69.60453,-36.9865],[-69.61081,-36.98065]]]}},{"type":"Feature","properties":{"yacimiento":"CHIHUIDO DE LA SALINA CENTRO SUR","codigo":"Z109","operador":"QUINTANA E&P ARGENTINA S.R.L.","pozos":0,"boe_acum_mboe":null,"petroleo_acum_mbbl":null,"npv_musd_mediano":null,"eur_mbbl_mediana":null,"vaca_muerta":0,"operador_principal":null,"boe_por_pozo_mboe":null},"geometry":{"type":"MultiPolygon","coordinates":[[[[-69.56716,-37.0131],[-69.56659,-37.04055],[-69.56838,-37.04689],[-69.57604,-37.05944],[-69.58496,-37.05885],[-69.59198,-37.0533],[-69.58832,-37.04298],[-69.59227,-37.03448],[-69.59582,-37.01901],[-69.59914,-37.01288],[-69.58426,-37.01542],[-69.56716,-37.0131]]],[[[-69.40834,-36.90075],[-69.41084,-36.8996],[-69.40985,-36.89742],[-69.40662,-36.89836],[-69.40834,-36.90075]]]]}},{"type":"Feature","properties":{"yacimiento":"CHIHUIDO DE LA SALINA SUR","codigo":"CHSS","operador":"QUINTANA E&P ARGENTINA S.R.L.","pozos":0,"boe_acum_mboe":null,"petroleo_acum_mbbl":null,"npv_musd_mediano":null,"eur_mbbl_mediana":null,"vaca_muerta":0,"operador_principal":null,"boe_por_pozo_mboe":null},"geometry":{"type":"Polygon","coordinates":[[[-69.58105,-37.07081],[-69.58152,-37.07615],[-69.58666,-37.07879],[-69.58823,-37.08379],[-69.58709,-37.09557],[-69.58952,-37.09942],[-69.58873,-37.10642],[-69.59529,-37.10651],[-69.59715,-37.10142],[-69.59651,-37.09678],[-69.60072,-37.0945],[-69.6003,-37.09186],[-69.59644,-37.089],[-69.59737,-37.0835],[-69.59478,-37.07763],[-69.59667,-37.07324],[-69.59509,-37.07217],[-69.59045,-37.07315],[-69.58301,-37.07002],[-69.58105,-37.07081]]]}},{"type":"Feature","properties":{"yacimiento":"CERRO DE LOS NIDOS","codigo":"Z083","operador":"QUINTANA E&P ARGENTINA S.R.L.","pozos":0,"boe_acum_mboe":null,"petroleo_acum_mbbl":null,"npv_musd_mediano":null,"eur_mbbl_mediana":null,"vaca_muerta":0,"operador_principal":null,"boe_por_pozo_mboe":null},"geometry":{"type":"Polygon","coordinates":[[[-69.45895,-36.90357],[-69.45916,-36.89247],[-69.45675,-36.88207],[-69.45223,-36.87589],[-69.44198,-36.8673],[-69.43602,-36.85368],[-69.43202,-36.85207],[-69.42189,-36.85247],[-69.41385,-36.85781],[-69.41167,-36.8685],[-69.41228,-36.88177],[-69.41484,-36.89112],[-69.42022,-36.89995],[-69.44152,-36.90921],[-69.45529,-36.90827],[-69.45895,-36.90357]]]}},{"type":"Feature","properties":{"yacimiento":"CAÑADON AMARILLO","codigo":"CAM","operador":"QUINTANA E&P ARGENTINA S.R.L.","pozos":0,"boe_acum_mboe":null,"petroleo_acum_mbbl":null,"npv_musd_mediano":null,"eur_mbbl_mediana":null,"vaca_muerta":0,"operador_principal":null,"boe_por_pozo_mboe":null},"geometry":{"type":"MultiPolygon","coordinates":[[[[-69.44721,-36.9774],[-69.43994,-36.94455],[-69.43611,-36.94119],[-69.4245,-36.94254],[-69.41968,-36.94028],[-69.41395,-36.94013],[-69.40068,-36.96048],[-69.39571,-36.96425],[-69.39139,-36.96197],[-69.39008,-36.9518],[-69.38812,-36.94775],[-69.38359,-36.9443],[-69.37806,-36.94508],[-69.36289,-36.95739],[-69.36218,-36.96346],[-69.36462,-36.97292],[-69.36041,-36.98176],[-69.344,-36.98807],[-69.34387,-36.99372],[-69.34939,-37.00103],[-69.35153,-37.00993],[-69.36586,-37.01189],[-69.37716,-37.01567],[-69.39541,-37.00496],[-69.42056,-37.005],[-69.42627,-37.0031],[-69.44435,-36.98406],[-69.44721,-36.9774]]],[[[-69.22103,-37.15768],[-69.22354,-37.15652],[-69.22255,-37.15434],[-69.21931,-37.15529],[-69.22103,-37.15768]]]]}},{"type":"Feature","properties":{"yacimiento":"PASO DE LAS BARDAS NORTE","codigo":"PBN","operador":"YPF S.A.","pozos":2,"boe_acum_mboe":2931.4,"petroleo_acum_mbbl":84.1,"npv_musd_mediano":null,"eur_mbbl_mediana":null,"vaca_muerta":0,"operador_principal":"YPF","boe_por_pozo_mboe":1465.7},"geometry":{"type":"Polygon","coordinates":[[[-69.48531,-37.11662],[-69.48068,-37.1157],[-69.46874,-37.12872],[-69.46607,-37.12957],[-69.45513,-37.12995],[-69.43549,-37.12383],[-69.4338,-37.12525],[-69.4357,-37.129],[-69.4426,-37.13269],[-69.45045,-37.15077],[-69.45796,-37.15515],[-69.45711,-37.1747],[-69.46145,-37.18466],[-69.46608,-37.1885],[-69.47744,-37.18966],[-69.50189,-37.18738],[-69.5067,-37.18208],[-69.51155,-37.17261],[-69.51214,-37.16538],[-69.51018,-37.1583],[-69.50061,-37.149],[-69.49696,-37.14205],[-69.49905,-37.13452],[-69.49738,-37.12695],[-69.48531,-37.11662]]]}},{"type":"Feature","properties":{"yacimiento":"LOMITA NORTE","codigo":"Z228","operador":"YPF S.A.","pozos":0,"boe_acum_mboe":null,"petroleo_acum_mbbl":null,"npv_musd_mediano":null,"eur_mbbl_mediana":null,"vaca_muerta":0,"operador_principal":null,"boe_por_pozo_mboe":null},"geometry":{"type":"Polygon","coordinates":[[[-69.23258,-37.2739],[-69.23273,-37.26783],[-69.22826,-37.2641],[-69.20475,-37.2608],[-69.1556,-37.26445],[-69.15187,-37.26651],[-69.15058,-37.26941],[-69.15156,-37.27246],[-69.15438,-37.27406],[-69.17439,-37.27069],[-69.18837,-37.27728],[-69.20956,-37.27781],[-69.21321,-37.28217],[-69.21847,-37.28509],[-69.22114,-37.28458],[-69.23258,-37.2739]]]}},{"type":"Feature","properties":{"yacimiento":"LOMITA SUR","codigo":"Z230","operador":"YPF S.A.","pozos":0,"boe_acum_mboe":null,"petroleo_acum_mbbl":null,"npv_musd_mediano":null,"eur_mbbl_mediana":null,"vaca_muerta":0,"operador_principal":null,"boe_por_pozo_mboe":null},"geometry":{"type":"Polygon","coordinates":[[[-69.1931,-37.3597],[-69.25398,-37.35848],[-69.25407,-37.35715],[-69.25335,-37.30854],[-69.23929,-37.30887],[-69.23667,-37.30739],[-69.23204,-37.30985],[-69.2299,-37.31406],[-69.22433,-37.31628],[-69.20527,-37.31592],[-69.20334,-37.31478],[-69.20199,-37.31042],[-69.19706,-37.30707],[-69.19693,-37.30232],[-69.18786,-37.29786],[-69.18862,-37.29213],[-69.18733,-37.28799],[-69.18305,-37.28171],[-69.17941,-37.2805],[-69.17834,-37.28221],[-69.18155,-37.28771],[-69.18148,-37.29149],[-69.16877,-37.31669],[-69.16028,-37.32376],[-69.15757,-37.33097],[-69.154,-37.33361],[-69.15485,-37.33868],[-69.16678,-37.34881],[-69.18269,-37.35226],[-69.18671,-37.35758],[-69.1931,-37.3597]]]}},{"type":"Feature","properties":{"yacimiento":"PASO DE LAS BARDAS","codigo":"Z272","operador":"YPF S.A.","pozos":0,"boe_acum_mboe":null,"petroleo_acum_mbbl":null,"npv_musd_mediano":null,"eur_mbbl_mediana":null,"vaca_muerta":0,"operador_principal":null,"boe_por_pozo_mboe":null},"geometry":{"type":"MultiPolygon","coordinates":[[[[-69.49469,-37.166],[-69.4972,-37.16484],[-69.49621,-37.16266],[-69.49296,-37.16361],[-69.49469,-37.166]]],[[[-69.47478,-37.16549],[-69.47729,-37.16434],[-69.4763,-37.16216],[-69.47306,-37.1631],[-69.47478,-37.16549]]],[[[-69.47447,-37.1496],[-69.47697,-37.14844],[-69.47598,-37.14627],[-69.47274,-37.14721],[-69.47447,-37.1496]]]]}},{"type":"Feature","properties":{"yacimiento":"PATA MORA","codigo":"Z274","operador":"QUINTANA E&P ARGENTINA S.R.L.","pozos":0,"boe_acum_mboe":null,"petroleo_acum_mbbl":null,"npv_musd_mediano":null,"eur_mbbl_mediana":null,"vaca_muerta":0,"operador_principal":null,"boe_por_pozo_mboe":null},"geometry":{"type":"Polygon","coordinates":[[[-69.21153,-37.12439],[-69.20554,-37.12432],[-69.20203,-37.12197],[-69.20022,-37.1184],[-69.20046,-37.11471],[-69.20706,-37.07951],[-69.2176,-37.06292],[-69.21762,-37.05906],[-69.21491,-37.05801],[-69.20706,-37.06235],[-69.18722,-37.09382],[-69.17824,-37.10141],[-69.1762,-37.11144],[-69.1806,-37.11706],[-69.18096,-37.12332],[-69.17274,-37.13118],[-69.16487,-37.14799],[-69.16523,-37.14996],[-69.17953,-37.15425],[-69.19705,-37.15675],[-69.20242,-37.15478],[-69.2076,-37.14602],[-69.20832,-37.13905],[-69.21153,-37.13065],[-69.21153,-37.12439]]]}},{"type":"Feature","properties":{"yacimiento":"PUESTO MOLINA","codigo":"PMO","operador":"YPF S.A.","pozos":0,"boe_acum_mboe":null,"petroleo_acum_mbbl":null,"npv_musd_mediano":null,"eur_mbbl_mediana":null,"vaca_muerta":0,"operador_principal":null,"boe_por_pozo_mboe":null},"geometry":{"type":"MultiPolygon","coordinates":[[[[-69.08357,-37.20497],[-69.09921,-37.22688],[-69.10635,-37.23289],[-69.11327,-37.23244],[-69.12391,-37.22838],[-69.13783,-37.22848],[-69.14554,-37.22249],[-69.14868,-37.22182],[-69.15182,-37.22391],[-69.15163,-37.22734],[-69.15039,-37.23],[-69.14592,-37.23153],[-69.14392,-37.23464],[-69.15013,-37.23518],[-69.15867,-37.22854],[-69.15582,-37.22017],[-69.15647,-37.21537],[-69.16323,-37.21133],[-69.16713,-37.20506],[-69.1651,-37.19287],[-69.16815,-37.18449],[-69.16791,-37.17156],[-69.15448,-37.17074],[-69.14706,-37.16252],[-69.14211,-37.163],[-69.1364,-37.16719],[-69.13212,-37.16557],[-69.12983,-37.16633],[-69.12641,-37.17547],[-69.12336,-37.17804],[-69.10451,-37.18679],[-69.10347,-37.19051],[-69.10451,-37.19526],[-69.11078,-37.20259],[-69.1047,-37.20811],[-69.09776,-37.20802],[-69.09395,-37.20726],[-69.08319,-37.20069],[-69.07729,-37.19355],[-69.0752,-37.17975],[-69.07758,-37.16462],[-69.07644,-37.16233],[-69.07415,-37.16205],[-69.07234,-37.16471],[-69.07263,-37.17594],[-69.06977,-37.1945],[-69.07449,-37.20066],[-69.08357,-37.20497]]],[[[-69.18493,-37.18162],[-69.18744,-37.18046],[-69.18645,-37.17828],[-69.18321,-37.17923],[-69.18493,-37.18162]]],[[[-69.16473,-37.16594],[-69.16724,-37.16479],[-69.16625,-37.16261],[-69.16301,-37.16355],[-69.16473,-37.16594]]]]}},{"type":"Feature","properties":{"yacimiento":"LOMA DEL MELON","codigo":"Z221","operador":"YPF S.A.","pozos":0,"boe_acum_mboe":null,"petroleo_acum_mbbl":null,"npv_musd_mediano":null,"eur_mbbl_mediana":null,"vaca_muerta":0,"operador_principal":null,"boe_por_pozo_mboe":null},"geometry":{"type":"Polygon","coordinates":[[[-69.14708,-37.22258],[-69.13589,-37.22901],[-69.12158,-37.22999],[-69.11779,-37.23456],[-69.13158,-37.23386],[-69.1442,-37.22972],[-69.14837,-37.22701],[-69.14974,-37.22381],[-69.14708,-37.22258]]]}},{"type":"Feature","properties":{"yacimiento":"DESFILADERO BAYO ESTE","codigo":"Z120","operador":"YPF S.A.","pozos":0,"boe_acum_mboe":null,"petroleo_acum_mbbl":null,"npv_musd_mediano":null,"eur_mbbl_mediana":null,"vaca_muerta":0,"operador_principal":null,"boe_por_pozo_mboe":null},"geometry":{"type":"MultiPolygon","coordinates":[[[[-68.94655,-37.30415],[-68.93633,-37.31258],[-68.93573,-37.31629],[-68.93796,-37.3192],[-68.93715,-37.32997],[-68.94107,-37.33454],[-68.9484,-37.33222],[-68.95268,-37.32765],[-68.96192,-37.3274],[-68.96301,-37.32553],[-68.96108,-37.32225],[-68.96305,-37.31965],[-68.97081,-37.31792],[-68.96674,-37.31385],[-68.96704,-37.30774],[-68.95979,-37.3093],[-68.95641,-37.30797],[-68.95756,-37.30528],[-68.96594,-37.30005],[-68.96804,-37.2948],[-68.96247,-37.29033],[-68.95919,-37.28507],[-68.95658,-37.28598],[-68.94655,-37.30415]]],[[[-68.98542,-37.29472],[-68.98793,-37.29356],[-68.98694,-37.29138],[-68.98369,-37.29233],[-68.98542,-37.29472]]]]}},{"type":"Feature","properties":{"yacimiento":"DESFILADERO BAYO","codigo":"DBA","operador":"YPF S.A.","pozos":0,"boe_acum_mboe":null,"petroleo_acum_mbbl":null,"npv_musd_mediano":null,"eur_mbbl_mediana":null,"vaca_muerta":0,"operador_principal":null,"boe_por_pozo_mboe":null},"geometry":{"type":"Polygon","coordinates":[[[-69.02721,-37.37282],[-69.02921,-37.3649],[-69.03499,-37.36119],[-69.06662,-37.35863],[-69.06749,-37.35652],[-69.0635,-37.35266],[-69.06814,-37.34961],[-69.08444,-37.35425],[-69.09668,-37.34959],[-69.09731,-37.34495],[-69.09408,-37.34064],[-69.08132,-37.33358],[-69.07046,-37.33038],[-69.04457,-37.31131],[-69.02928,-37.31029],[-69.02649,-37.30517],[-69.02228,-37.30346],[-69.02,-37.30588],[-69.01965,-37.31728],[-69.00556,-37.32907],[-68.99722,-37.33972],[-69.00167,-37.34846],[-69.00616,-37.36477],[-69.00952,-37.36643],[-69.01671,-37.3662],[-69.02483,-37.3728],[-69.02721,-37.37282]]]}},{"type":"Feature","properties":{"yacimiento":"NARAMBUENA","codigo":"Z259","operador":"YPF S.A.","pozos":2,"boe_acum_mboe":140.4,"petroleo_acum_mbbl":122.9,"npv_musd_mediano":-8.2,"eur_mbbl_mediana":111.0,"vaca_muerta":2,"operador_principal":"YPF","boe_por_pozo_mboe":70.2},"geometry":{"type":"MultiPolygon","coordinates":[[[[-69.13102,-37.41836],[-69.11677,-37.41995],[-69.11154,-37.41703],[-69.10267,-37.42048],[-69.08332,-37.41526],[-69.08125,-37.41684],[-69.08238,-37.41872],[-69.10333,-37.42476],[-69.13115,-37.42358],[-69.13391,-37.42139],[-69.13102,-37.41836]]],[[[-69.12557,-37.38307],[-69.12809,-37.38191],[-69.12709,-37.37974],[-69.12384,-37.38068],[-69.12557,-37.38307]]]]}},{"type":"Feature","properties":{"yacimiento":"LA COLADA","codigo":"Z179","operador":"YPF S.A.","pozos":0,"boe_acum_mboe":null,"petroleo_acum_mbbl":null,"npv_musd_mediano":null,"eur_mbbl_mediana":null,"vaca_muerta":0,"operador_principal":null,"boe_por_pozo_mboe":null},"geometry":{"type":"Polygon","coordinates":[[[-68.98126,-37.29763],[-68.97575,-37.2887],[-68.97289,-37.28879],[-68.97218,-37.2907],[-68.97758,-37.29969],[-68.98043,-37.30009],[-68.98126,-37.29763]]]}},{"type":"Feature","properties":{"yacimiento":"EL PAISANO","codigo":"EPAS","operador":"YPF S.A.","pozos":0,"boe_acum_mboe":null,"petroleo_acum_mbbl":null,"npv_musd_mediano":null,"eur_mbbl_mediana":null,"vaca_muerta":0,"operador_principal":null,"boe_por_pozo_mboe":null},"geometry":{"type":"Polygon","coordinates":[[[-68.99099,-37.26647],[-68.9984,-37.27231],[-69.00081,-37.2722],[-69.00098,-37.25882],[-68.98908,-37.25873],[-68.98105,-37.26087],[-68.97364,-37.2597],[-68.96903,-37.26611],[-68.96003,-37.26977],[-68.95847,-37.27196],[-68.96678,-37.27425],[-68.97229,-37.27943],[-68.97424,-37.2783],[-68.97581,-37.27251],[-68.97924,-37.26772],[-68.98566,-37.26572],[-68.99099,-37.26647]]]}},{"type":"Feature","properties":{"yacimiento":"SEÑAL CERRO BAYO","codigo":"CBY","operador":"BENTIA ENERGY S.A.","pozos":0,"boe_acum_mboe":null,"petroleo_acum_mbbl":null,"npv_musd_mediano":null,"eur_mbbl_mediana":null,"vaca_muerta":0,"operador_principal":null,"boe_por_pozo_mboe":null},"geometry":{"type":"Polygon","coordinates":[[[-68.69637,-37.65048],[-68.7265,-37.65114],[-68.73625,-37.64295],[-68.74781,-37.63961],[-68.75571,-37.63502],[-68.75901,-37.63186],[-68.75943,-37.62919],[-68.75682,-37.61683],[-68.73941,-37.60869],[-68.73266,-37.60914],[-68.71788,-37.61366],[-68.71428,-37.61651],[-68.71045,-37.62475],[-68.70733,-37.62777],[-68.69322,-37.63272],[-68.68934,-37.64198],[-68.68267,-37.6451],[-68.67677,-37.65091],[-68.67823,-37.65416],[-68.68205,-37.65513],[-68.69637,-37.65048]]]}},{"type":"Feature","properties":{"yacimiento":"SEÑAL PICADA","codigo":"SPI","operador":"YPF S.A.","pozos":0,"boe_acum_mboe":null,"petroleo_acum_mbbl":null,"npv_musd_mediano":null,"eur_mbbl_mediana":null,"vaca_muerta":0,"operador_principal":null,"boe_por_pozo_mboe":null},"geometry":{"type":"Polygon","coordinates":[[[-68.11531,-37.69063],[-68.13979,-37.69594],[-68.15672,-37.70328],[-68.17886,-37.70328],[-68.18979,-37.69714],[-68.1932,-37.68846],[-68.20658,-37.67966],[-68.21926,-37.66191],[-68.23339,-37.65529],[-68.2394,-37.64594],[-68.2499,-37.64159],[-68.2514,-37.63803],[-68.2382,-37.6179],[-68.20822,-37.61193],[-68.18942,-37.61223],[-68.16361,-37.6176],[-68.1285,-37.62103],[-68.12503,-37.62271],[-68.12356,-37.62767],[-68.13001,-37.63592],[-68.13174,-37.64789],[-68.13091,-37.65406],[-68.12556,-37.65683],[-68.11607,-37.65154],[-68.10892,-37.65225],[-68.10802,-37.65404],[-68.11146,-37.66219],[-68.10718,-37.67144],[-68.08245,-37.6783],[-68.08025,-37.68025],[-68.07962,-37.68686],[-68.08192,-37.69411],[-68.08586,-37.69817],[-68.10082,-37.69228],[-68.11531,-37.69063]]]}},{"type":"Feature","properties":{"yacimiento":"PUNTA  BARDA","codigo":"PBA","operador":"YPF S.A.","pozos":0,"boe_acum_mboe":null,"petroleo_acum_mbbl":null,"npv_musd_mediano":null,"eur_mbbl_mediana":null,"vaca_muerta":0,"operador_principal":null,"boe_por_pozo_mboe":null},"geometry":{"type":"Polygon","coordinates":[[[-67.9532,-37.64897],[-67.93884,-37.64741],[-67.92832,-37.63862],[-67.9224,-37.63614],[-67.9143,-37.63762],[-67.91012,-37.64308],[-67.91699,-37.66569],[-67.92179,-37.67527],[-67.92919,-37.68249],[-67.94082,-37.68724],[-67.95195,-37.6958],[-67.96691,-37.6982],[-67.97729,-37.69602],[-67.98322,-37.69059],[-67.98438,-37.68214],[-67.98728,-37.67823],[-68.00143,-37.67442],[-68.00581,-37.67183],[-68.00707,-37.66912],[-68.00453,-37.65597],[-67.9974,-37.63958],[-68.00098,-37.62972],[-68.00203,-37.61876],[-68.00025,-37.61732],[-67.99591,-37.61657],[-67.9867,-37.62185],[-67.96715,-37.63765],[-67.95847,-37.64738],[-67.9532,-37.64897]]]}},{"type":"Feature","properties":{"yacimiento":"PIEDRAS NEGRAS","codigo":"Z280","operador":"YPF S.A.","pozos":0,"boe_acum_mboe":null,"petroleo_acum_mbbl":null,"npv_musd_mediano":null,"eur_mbbl_mediana":null,"vaca_muerta":0,"operador_principal":null,"boe_por_pozo_mboe":null},"geometry":{"type":"Polygon","coordinates":[[[-68.27086,-37.66118],[-68.31838,-37.65582],[-68.33413,-37.6401],[-68.36922,-37.61669],[-68.36964,-37.6095],[-68.35966,-37.59933],[-68.3525,-37.59658],[-68.3062,-37.591],[-68.30307,-37.59221],[-68.30009,-37.59838],[-68.30021,-37.60955],[-68.29847,-37.6139],[-68.28742,-37.62568],[-68.27847,-37.64303],[-68.26823,-37.65759],[-68.27086,-37.66118]]]}},{"type":"Feature","properties":{"yacimiento":"LOMA CAMPANA","codigo":"LCAM","operador":"YPF S.A.","pozos":186,"boe_acum_mboe":69386.9,"petroleo_acum_mbbl":59858.6,"npv_musd_mediano":1.6,"eur_mbbl_mediana":679.0,"vaca_muerta":186,"operador_principal":"YPF","boe_por_pozo_mboe":373.0},"geometry":{"type":"Polygon","coordinates":[[[-68.63521,-38.3746],[-68.64711,-38.37515],[-68.65729,-38.36987],[-68.67306,-38.34791],[-68.68045,-38.3317],[-68.68033,-38.32901],[-68.66131,-38.33225],[-68.59935,-38.33032],[-68.58647,-38.33115],[-68.56454,-38.33785],[-68.55835,-38.34262],[-68.55527,-38.34741],[-68.55494,-38.35354],[-68.56079,-38.37127],[-68.56109,-38.3874],[-68.56577,-38.39072],[-68.58063,-38.38786],[-68.59039,-38.37442],[-68.59865,-38.3696],[-68.60865,-38.3718],[-68.62435,-38.37174],[-68.63521,-38.3746]]]}},{"type":"Feature","properties":{"yacimiento":"LA AMARGA CHICA","codigo":"LAC","operador":"YPF S.A.","pozos":43,"boe_acum_mboe":23206.8,"petroleo_acum_mbbl":20351.3,"npv_musd_mediano":12.4,"eur_mbbl_mediana":1302.8,"vaca_muerta":43,"operador_principal":"YPF","boe_por_pozo_mboe":539.7},"geometry":{"type":"MultiPolygon","coordinates":[[[[-68.62325,-38.30847],[-68.63514,-38.30666],[-68.64011,-38.29144],[-68.64457,-38.28454],[-68.66842,-38.26771],[-68.66949,-38.26658],[-68.66846,-38.26401],[-68.6579,-38.26386],[-68.64585,-38.26996],[-68.62131,-38.29323],[-68.61446,-38.3052],[-68.62325,-38.30847]]],[[[-68.60719,-38.08901],[-68.61857,-38.1083],[-68.62074,-38.12072],[-68.62299,-38.12231],[-68.64609,-38.10597],[-68.66094,-38.10293],[-68.66617,-38.09903],[-68.66503,-38.09674],[-68.66122,-38.09598],[-68.644,-38.09779],[-68.62496,-38.0975],[-68.60868,-38.0865],[-68.60719,-38.08901]]],[[[-68.74736,-38.18174],[-68.75212,-38.18078],[-68.75364,-38.1765],[-68.75231,-38.17412],[-68.74511,-38.1698],[-68.70411,-38.15115],[-68.69844,-38.15052],[-68.69568,-38.15252],[-68.69527,-38.15639],[-68.70116,-38.16103],[-68.7209,-38.17146],[-68.74736,-38.18174]]]]}},{"type":"Feature","properties":{"yacimiento":"LOMA LA LATA","codigo":"LDL","operador":"YPF S.A.","pozos":3,"boe_acum_mboe":205.8,"petroleo_acum_mbbl":78.2,"npv_musd_mediano":-8.0,"eur_mbbl_mediana":115.9,"vaca_muerta":1,"operador_principal":"YPF","boe_por_pozo_mboe":68.6},"geometry":{"type":"Polygon","coordinates":[[[-68.55731,-38.48576],[-68.55656,-38.48962],[-68.54533,-38.50999],[-68.53848,-38.53607],[-68.54035,-38.54311],[-68.54843,-38.55114],[-68.56013,-38.55527],[-68.57334,-38.55722],[-68.62609,-38.56124],[-68.65948,-38.56883],[-68.67608,-38.56827],[-68.6836,-38.56381],[-68.68598,-38.55661],[-68.68454,-38.55258],[-68.67164,-38.53886],[-68.67039,-38.5337],[-68.67174,-38.52854],[-68.67755,-38.52278],[-68.69916,-38.51313],[-68.71063,-38.5023],[-68.71945,-38.49732],[-68.72495,-38.48684],[-68.72469,-38.47397],[-68.73086,-38.46653],[-68.7426,-38.46006],[-68.7476,-38.45932],[-68.7833,-38.4683],[-68.80865,-38.47076],[-68.8336,-38.47062],[-68.84323,-38.46855],[-68.86,-38.46101],[-68.86767,-38.45607],[-68.87248,-38.44925],[-68.87822,-38.41226],[-68.88366,-38.39196],[-68.88069,-38.38902],[-68.87995,-38.38521],[-68.8699,-38.38227],[-68.86842,-38.37611],[-68.85763,-38.3676],[-68.842,-38.36875],[-68.83232,-38.36668],[-68.82301,-38.36755],[-68.82189,-38.36578],[-68.81705,-38.36519],[-68.81593,-38.36665],[-68.80103,-38.36986],[-68.78914,-38.36339],[-68.77052,-38.36277],[-68.75898,-38.36421],[-68.74555,-38.37034],[-68.74292,-38.37854],[-68.73731,-38.38292],[-68.72986,-38.38526],[-68.73171,-38.38643],[-68.7317,-38.39171],[-68.72648,-38.39082],[-68.72424,-38.39198],[-68.7231,-38.39784],[-68.719,-38.39842],[-68.71342,-38.39606],[-68.70038,-38.39662],[-68.69031,-38.40157],[-68.67801,-38.40388],[-68.67203,-38.4068],[-68.66044,-38.41615],[-68.65038,-38.4167],[-68.63433,-38.42252],[-68.63054,-38.43305],[-68.61931,-38.4424],[-68.62078,-38.44739],[-68.60585,-38.45174],[-68.5995,-38.45523],[-68.59201,-38.46048],[-68.59087,-38.46429],[-68.57965,-38.46953],[-68.57215,-38.47624],[-68.55731,-38.48576]]]}},{"type":"Feature","properties":{"yacimiento":"EL TRIANGULO","codigo":"ETRI","operador":"YPF S.A.","pozos":5,"boe_acum_mboe":2103.6,"petroleo_acum_mbbl":1603.1,"npv_musd_mediano":16.5,"eur_mbbl_mediana":1555.5,"vaca_muerta":4,"operador_principal":"YPF","boe_por_pozo_mboe":420.7},"geometry":{"type":"Polygon","coordinates":[[[-68.82103,-38.71864],[-68.77548,-38.7035],[-68.76297,-38.70439],[-68.74917,-38.70892],[-68.72394,-38.71129],[-68.71728,-38.71391],[-68.71443,-38.71867],[-68.7149,-38.72129],[-68.72394,-38.72557],[-68.74631,-38.72962],[-68.7697,-38.74286],[-68.77386,-38.74821],[-68.78353,-38.75089],[-68.78736,-38.75051],[-68.79632,-38.74598],[-68.80985,-38.74301],[-68.81788,-38.7375],[-68.81997,-38.73215],[-68.82103,-38.71864]]]}},{"type":"Feature","properties":{"yacimiento":"AGUADA TOLEDO","codigo":"Z011","operador":"YPF S.A.","pozos":25,"boe_acum_mboe":7960.5,"petroleo_acum_mbbl":0.0,"npv_musd_mediano":null,"eur_mbbl_mediana":null,"vaca_muerta":0,"operador_principal":"YPF","boe_por_pozo_mboe":318.4},"geometry":{"type":"Polygon","coordinates":[[[-68.77386,-38.74821],[-68.7697,-38.74286],[-68.75702,-38.74532],[-68.75464,-38.74794],[-68.75297,-38.75817],[-68.75512,-38.76507],[-68.76467,-38.77129],[-68.77644,-38.77518],[-68.79591,-38.77608],[-68.81848,-38.7739],[-68.82862,-38.77134],[-68.84983,-38.76243],[-68.8589,-38.76184],[-68.86841,-38.76356],[-68.87621,-38.75329],[-68.86932,-38.74995],[-68.87689,-38.7351],[-68.8816,-38.73096],[-68.87546,-38.72839],[-68.85419,-38.72882],[-68.84405,-38.72611],[-68.84063,-38.72354],[-68.82103,-38.71864],[-68.81997,-38.73215],[-68.81788,-38.7375],[-68.80985,-38.74301],[-68.79632,-38.74598],[-68.78736,-38.75051],[-68.77803,-38.75014],[-68.77386,-38.74821]]]}},{"type":"Feature","properties":{"yacimiento":"BARROSA OESTE","codigo":"Z052","operador":"YPF S.A.","pozos":0,"boe_acum_mboe":null,"petroleo_acum_mbbl":null,"npv_musd_mediano":null,"eur_mbbl_mediana":null,"vaca_muerta":0,"operador_principal":null,"boe_por_pozo_mboe":null},"geometry":{"type":"Polygon","coordinates":[[[-69.04592,-38.78992],[-69.05147,-38.78212],[-69.05232,-38.77449],[-69.05024,-38.76667],[-69.04142,-38.75552],[-69.03059,-38.75804],[-68.92253,-38.76767],[-68.87868,-38.76833],[-68.90677,-38.7839],[-68.92175,-38.78716],[-68.96097,-38.78843],[-68.9762,-38.79137],[-68.99094,-38.79147],[-69.02704,-38.79544],[-69.03724,-38.79436],[-69.04592,-38.78992]]]}},{"type":"Feature","properties":{"yacimiento":"SIERRA BARROSA","codigo":"Z349","operador":"YPF S.A.","pozos":73,"boe_acum_mboe":30195.1,"petroleo_acum_mbbl":96.0,"npv_musd_mediano":-9.4,"eur_mbbl_mediana":86.1,"vaca_muerta":2,"operador_principal":"YPF","boe_por_pozo_mboe":413.6},"geometry":{"type":"MultiPolygon","coordinates":[[[[-68.92253,-38.76767],[-69.03059,-38.75804],[-69.04147,-38.75562],[-69.00923,-38.73842],[-68.99867,-38.73065],[-68.93182,-38.70733],[-68.92415,-38.71758],[-68.9188,-38.72021],[-68.89606,-38.72243],[-68.88117,-38.72982],[-68.8816,-38.73096],[-68.87689,-38.7351],[-68.86932,-38.74995],[-68.87621,-38.75329],[-68.86841,-38.76356],[-68.87361,-38.7647],[-68.87868,-38.76833],[-68.92253,-38.76767]],[[-68.95512,-38.73311],[-68.95508,-38.75011],[-68.94899,-38.75597],[-68.9394,-38.75473],[-68.91469,-38.75643],[-68.90092,-38.75564],[-68.88896,-38.75045],[-68.88321,-38.74458],[-68.88293,-38.74235],[-68.89793,-38.73755],[-68.9112,-38.73746],[-68.94368,-38.74289],[-68.94797,-38.74153],[-68.95057,-38.73724],[-68.9511,-38.73164],[-68.95401,-38.73124],[-68.95512,-38.73311]],[[-68.96201,-38.75542],[-68.95996,-38.75385],[-68.95963,-38.74241],[-68.96166,-38.74031],[-68.971,-38.74677],[-68.96201,-38.75542]],[[-69.00329,-38.75611],[-69.00329,-38.75335],[-69.00676,-38.75383],[-69.00624,-38.75611],[-69.00329,-38.75611]]],[[[-68.86936,-38.74117],[-68.87192,-38.74001],[-68.87091,-38.73784],[-68.86759,-38.73878],[-68.86936,-38.74117]]],[[[-68.86441,-38.72568],[-68.86697,-38.72452],[-68.86596,-38.72234],[-68.86264,-38.72328],[-68.86441,-38.72568]]],[[[-68.85454,-38.6985],[-68.8571,-38.69734],[-68.85609,-38.69516],[-68.85278,-38.69611],[-68.85454,-38.6985]]],[[[-68.73149,-38.63174],[-68.73405,-38.63058],[-68.73304,-38.6284],[-68.72973,-38.62935],[-68.73149,-38.63174]]]]}},{"type":"Feature","properties":{"yacimiento":"CUPEN","codigo":"Z115","operador":"YPF S.A.","pozos":10,"boe_acum_mboe":2572.9,"petroleo_acum_mbbl":3.1,"npv_musd_mediano":null,"eur_mbbl_mediana":null,"vaca_muerta":1,"operador_principal":"YPF","boe_por_pozo_mboe":257.3},"geometry":{"type":"MultiPolygon","coordinates":[[[[-68.96324,-38.75489],[-68.97099,-38.74653],[-68.96142,-38.74032],[-68.95964,-38.74217],[-68.95994,-38.75373],[-68.96122,-38.7553],[-68.96324,-38.75489]]],[[[-69.00437,-38.7565],[-69.00693,-38.75534],[-69.00592,-38.75317],[-69.0026,-38.75411],[-69.00437,-38.7565]]]]}},{"type":"Feature","properties":{"yacimiento":"CUPEN MAHUIDA","codigo":"Z116","operador":"YPF S.A.","pozos":89,"boe_acum_mboe":44654.4,"petroleo_acum_mbbl":0.5,"npv_musd_mediano":null,"eur_mbbl_mediana":null,"vaca_muerta":0,"operador_principal":"YPF","boe_por_pozo_mboe":501.7},"geometry":{"type":"Polygon","coordinates":[[[-68.9112,-38.73746],[-68.89793,-38.73755],[-68.88293,-38.74235],[-68.88321,-38.74458],[-68.884,-38.74672],[-68.89257,-38.75259],[-68.90453,-38.75609],[-68.9394,-38.75473],[-68.94899,-38.75597],[-68.95508,-38.75011],[-68.95516,-38.7328],[-68.95364,-38.73111],[-68.9507,-38.73218],[-68.95057,-38.73724],[-68.94797,-38.74153],[-68.94368,-38.74289],[-68.9112,-38.73746]]]}},{"type":"Feature","properties":{"yacimiento":"SIERRA BARROSA ESTE","codigo":"Z350","operador":"YPF S.A.","pozos":0,"boe_acum_mboe":null,"petroleo_acum_mbbl":null,"npv_musd_mediano":null,"eur_mbbl_mediana":null,"vaca_muerta":0,"operador_principal":null,"boe_por_pozo_mboe":null},"geometry":{"type":"Polygon","coordinates":[[[-68.78272,-38.68902],[-68.78062,-38.68398],[-68.77431,-38.68076],[-68.77198,-38.68124],[-68.77841,-38.69557],[-68.78146,-38.69499],[-68.78272,-38.68902]]]}},{"type":"Feature","properties":{"yacimiento":"RINCON DEL MANGRULLO","codigo":"RDM","operador":"YPF S.A.","pozos":188,"boe_acum_mboe":120905.9,"petroleo_acum_mbbl":2003.1,"npv_musd_mediano":null,"eur_mbbl_mediana":null,"vaca_muerta":55,"operador_principal":"YPF","boe_por_pozo_mboe":643.1},"geometry":{"type":"Polygon","coordinates":[[[-69.35396,-38.53421],[-69.27204,-38.53446],[-69.25995,-38.53639],[-69.25209,-38.54686],[-69.24305,-38.55543],[-69.23234,-38.56185],[-69.22913,-38.56685],[-69.22997,-38.57232],[-69.24293,-38.58291],[-69.24484,-38.58731],[-69.24519,-38.59528],[-69.25352,-38.6029],[-69.25792,-38.60932],[-69.26016,-38.61914],[-69.26313,-38.62345],[-69.2667,-38.62523],[-69.30382,-38.62989],[-69.33152,-38.62675],[-69.34279,-38.62688],[-69.34677,-38.62823],[-69.35569,-38.63522],[-69.36483,-38.63845],[-69.37625,-38.63084],[-69.39262,-38.62589],[-69.41261,-38.62389],[-69.42298,-38.61428],[-69.43371,-38.6111],[-69.4349,-38.60932],[-69.4349,-38.60397],[-69.42895,-38.6001],[-69.41175,-38.5974],[-69.38002,-38.59876],[-69.37437,-38.59787],[-69.3683,-38.59382],[-69.36402,-38.58508],[-69.3642,-38.5819],[-69.37074,-38.57593],[-69.37839,-38.57325],[-69.38278,-38.5672],[-69.38198,-38.56131],[-69.37848,-38.55437],[-69.37845,-38.54939],[-69.38207,-38.54198],[-69.37955,-38.53851],[-69.37108,-38.53567],[-69.35396,-38.53421]]]}},{"type":"Feature","properties":{"yacimiento":"NORTE DEL OCTOGONO","codigo":"Z262","operador":"BENTIA ENERGY S.A.","pozos":11,"boe_acum_mboe":2355.2,"petroleo_acum_mbbl":70.1,"npv_musd_mediano":null,"eur_mbbl_mediana":null,"vaca_muerta":0,"operador_principal":"BENTIA ENERGY S.A.","boe_por_pozo_mboe":214.1},"geometry":{"type":"Polygon","coordinates":[[[-69.19578,-38.88206],[-69.17193,-38.87445],[-69.15696,-38.87848],[-69.13395,-38.8867],[-69.12929,-38.88964],[-69.12846,-38.89512],[-69.13369,-38.89732],[-69.14463,-38.8966],[-69.15291,-38.89403],[-69.17289,-38.89458],[-69.17319,-38.89141],[-69.17138,-38.88915],[-69.17334,-38.88689],[-69.18736,-38.88749],[-69.19464,-38.88442],[-69.19578,-38.88206]]]}},{"type":"Feature","properties":{"yacimiento":"CAMPAMENTO UNO","codigo":"Z061","operador":"BENTIA ENERGY S.A.","pozos":0,"boe_acum_mboe":null,"petroleo_acum_mbbl":null,"npv_musd_mediano":null,"eur_mbbl_mediana":null,"vaca_muerta":0,"operador_principal":null,"boe_por_pozo_mboe":null},"geometry":{"type":"MultiPolygon","coordinates":[[[[-69.1394,-38.89699],[-69.13951,-38.90479],[-69.14145,-38.90888],[-69.16036,-38.92209],[-69.16869,-38.92566],[-69.1763,-38.92494],[-69.18606,-38.91972],[-69.18946,-38.90657],[-69.19221,-38.90457],[-69.18917,-38.90151],[-69.18027,-38.90151],[-69.17289,-38.89458],[-69.16804,-38.8936],[-69.15291,-38.89403],[-69.1394,-38.89699]]],[[[-69.12505,-38.91925],[-69.11727,-38.91872],[-69.11656,-38.91968],[-69.12402,-38.92264],[-69.12505,-38.91925]]],[[[-69.16048,-38.9485],[-69.16143,-38.94861],[-69.16101,-38.94808],[-69.16048,-38.9485]]]]}},{"type":"Feature","properties":{"yacimiento":"CAMPAMENTO DOS","codigo":"Z059","operador":"BENTIA ENERGY S.A.","pozos":1,"boe_acum_mboe":38.8,"petroleo_acum_mbbl":3.2,"npv_musd_mediano":null,"eur_mbbl_mediana":null,"vaca_muerta":0,"operador_principal":"BENTIA ENERGY S.A.","boe_por_pozo_mboe":38.8},"geometry":{"type":"Polygon","coordinates":[[[-69.22056,-38.89453],[-69.21314,-38.88929],[-69.19578,-38.88206],[-69.19464,-38.88442],[-69.18736,-38.88749],[-69.17334,-38.88689],[-69.17138,-38.88915],[-69.17319,-38.89141],[-69.17304,-38.89533],[-69.18027,-38.90151],[-69.18917,-38.90151],[-69.19221,-38.90457],[-69.2003,-38.9042],[-69.21093,-38.90778],[-69.21192,-38.91187],[-69.20719,-38.91989],[-69.21074,-38.92408],[-69.2155,-38.92636],[-69.22673,-38.92643],[-69.23306,-38.92194],[-69.2331,-38.91663],[-69.22653,-38.90212],[-69.22056,-38.89453]]]}},{"type":"Feature","properties":{"yacimiento":"VOLCAN AUCA MAHUIDA","codigo":"VOL","operador":"BENTIA ENERGY S.A.","pozos":0,"boe_acum_mboe":null,"petroleo_acum_mbbl":null,"npv_musd_mediano":null,"eur_mbbl_mediana":null,"vaca_muerta":0,"operador_principal":null,"boe_por_pozo_mboe":null},"geometry":{"type":"MultiPolygon","coordinates":[[[[-68.932,-37.68644],[-68.93186,-37.6741],[-68.92768,-37.6722],[-68.90917,-37.67439],[-68.89522,-37.68211],[-68.88997,-37.69146],[-68.88342,-37.6974],[-68.88282,-37.70096],[-68.88819,-37.70571],[-68.88997,-37.71046],[-68.88877,-37.71669],[-68.87595,-37.72266],[-68.87236,-37.727],[-68.87186,-37.73195],[-68.87397,-37.73257],[-68.88053,-37.72712],[-68.88375,-37.7265],[-68.89688,-37.72915],[-68.89958,-37.72531],[-68.90584,-37.72267],[-68.92584,-37.72588],[-68.92999,-37.71642],[-68.93704,-37.71374],[-68.94317,-37.7049],[-68.94237,-37.70029],[-68.932,-37.68644]]],[[[-68.98697,-37.65525],[-68.9895,-37.65409],[-68.9885,-37.65191],[-68.98524,-37.65286],[-68.98697,-37.65525]]],[[[-69.00138,-37.64506],[-69.0039,-37.6439],[-69.0029,-37.64172],[-68.99964,-37.64267],[-69.00138,-37.64506]]]]}},{"type":"Feature","properties":{"yacimiento":"RISCO ALTO","codigo":"RIAL","operador":"BENTIA ENERGY S.A.","pozos":0,"boe_acum_mboe":null,"petroleo_acum_mbbl":null,"npv_musd_mediano":null,"eur_mbbl_mediana":null,"vaca_muerta":0,"operador_principal":null,"boe_por_pozo_mboe":null},"geometry":{"type":"Polygon","coordinates":[[[-68.94285,-37.75047],[-68.93609,-37.75907],[-68.93806,-37.7612],[-68.93964,-37.76086],[-68.94599,-37.75151],[-68.94285,-37.75047]]]}},{"type":"Feature","properties":{"yacimiento":"BAJO LOS LOBOS","codigo":"LOB","operador":"QUINTANA E&P ARGENTINA S.R.L.","pozos":0,"boe_acum_mboe":null,"petroleo_acum_mbbl":null,"npv_musd_mediano":null,"eur_mbbl_mediana":null,"vaca_muerta":0,"operador_principal":null,"boe_por_pozo_mboe":null},"geometry":{"type":"Polygon","coordinates":[[[-69.56944,-37.12343],[-69.57824,-37.11688],[-69.57913,-37.1132],[-69.57567,-37.10293],[-69.57578,-37.09003],[-69.56936,-37.07887],[-69.5659,-37.07742],[-69.56383,-37.07859],[-69.56389,-37.08144],[-69.56947,-37.08752],[-69.57126,-37.09456],[-69.5712,-37.10499],[-69.56802,-37.1127],[-69.56891,-37.1156],[-69.56695,-37.12165],[-69.56944,-37.12343]]]}},{"type":"Feature","properties":{"yacimiento":"RINCON DE CORREA SUR","codigo":"RCS","operador":"QUINTANA E&P ARGENTINA S.R.L.","pozos":0,"boe_acum_mboe":null,"petroleo_acum_mbbl":null,"npv_musd_mediano":null,"eur_mbbl_mediana":null,"vaca_muerta":0,"operador_principal":null,"boe_por_pozo_mboe":null},"geometry":{"type":"Polygon","coordinates":[[[-69.62676,-37.1127],[-69.62304,-37.11014],[-69.61365,-37.10761],[-69.60679,-37.10739],[-69.60453,-37.10967],[-69.60768,-37.11416],[-69.62469,-37.11535],[-69.62676,-37.1127]]]}},{"type":"Feature","properties":{"yacimiento":"CHIHUIDO DE LA SALINA SUR ESCAMA INTERMEDIA","codigo":"Z111","operador":"QUINTANA E&P ARGENTINA S.R.L.","pozos":0,"boe_acum_mboe":null,"petroleo_acum_mbbl":null,"npv_musd_mediano":null,"eur_mbbl_mediana":null,"vaca_muerta":0,"operador_principal":null,"boe_por_pozo_mboe":null},"geometry":{"type":"Polygon","coordinates":[[[-69.60487,-37.1152],[-69.604,-37.11018],[-69.60586,-37.09981],[-69.59853,-37.09676],[-69.59641,-37.10533],[-69.59129,-37.10982],[-69.59654,-37.11738],[-69.60321,-37.11808],[-69.60487,-37.1152]]]}},{"type":"Feature","properties":{"yacimiento":"CHIHUIDO DE LA SALINA SUR ESCAMA SUPERIOR","codigo":"Z112","operador":"QUINTANA E&P ARGENTINA S.R.L.","pozos":0,"boe_acum_mboe":null,"petroleo_acum_mbbl":null,"npv_musd_mediano":null,"eur_mbbl_mediana":null,"vaca_muerta":0,"operador_principal":null,"boe_por_pozo_mboe":null},"geometry":{"type":"Polygon","coordinates":[[[-69.60691,-37.08101],[-69.60384,-37.07901],[-69.60036,-37.08017],[-69.59907,-37.08723],[-69.60115,-37.09198],[-69.60516,-37.09073],[-69.60691,-37.08101]]]}},{"type":"Feature","properties":{"yacimiento":"CHIHUIDO DE LA SALINA","codigo":"CHS","operador":"QUINTANA E&P ARGENTINA S.R.L.","pozos":0,"boe_acum_mboe":null,"petroleo_acum_mbbl":null,"npv_musd_mediano":null,"eur_mbbl_mediana":null,"vaca_muerta":0,"operador_principal":null,"boe_por_pozo_mboe":null},"geometry":{"type":"MultiPolygon","coordinates":[[[[-69.61042,-37.02683],[-69.59726,-37.03373],[-69.59791,-37.03587],[-69.60391,-37.03621],[-69.612,-37.03136],[-69.6131,-37.02834],[-69.61042,-37.02683]]],[[[-69.59249,-37.06637],[-69.59499,-37.06521],[-69.59401,-37.06303],[-69.59077,-37.06397],[-69.59249,-37.06637]]],[[[-69.58585,-36.97994],[-69.58403,-36.98203],[-69.58632,-36.9834],[-69.5882,-36.98118],[-69.58585,-36.97994]]]]}},{"type":"Feature","properties":{"yacimiento":"FILO MORADO","codigo":"FIM","operador":"YPF S.A.","pozos":0,"boe_acum_mboe":null,"petroleo_acum_mbbl":null,"npv_musd_mediano":null,"eur_mbbl_mediana":null,"vaca_muerta":0,"operador_principal":null,"boe_por_pozo_mboe":null},"geometry":{"type":"MultiPolygon","coordinates":[[[[-69.68571,-37.32718],[-69.68655,-37.31618],[-69.67778,-37.30459],[-69.67513,-37.28924],[-69.66929,-37.27553],[-69.66976,-37.26753],[-69.66697,-37.2554],[-69.66109,-37.25045],[-69.6523,-37.25095],[-69.65083,-37.2638],[-69.64442,-37.27036],[-69.64493,-37.27863],[-69.64939,-37.29227],[-69.67293,-37.33235],[-69.67785,-37.33272],[-69.68243,-37.33086],[-69.68571,-37.32718]]],[[[-69.65814,-37.231],[-69.66065,-37.22984],[-69.65966,-37.22766],[-69.65641,-37.22861],[-69.65814,-37.231]]]]}},{"type":"Feature","properties":{"yacimiento":"FLANCO DEL TRILL","codigo":"Z166","operador":"YPF S.A.","pozos":0,"boe_acum_mboe":null,"petroleo_acum_mbbl":null,"npv_musd_mediano":null,"eur_mbbl_mediana":null,"vaca_muerta":0,"operador_principal":null,"boe_por_pozo_mboe":null},"geometry":{"type":"Polygon","coordinates":[[[-69.6838,-37.2288],[-69.67649,-37.22629],[-69.66944,-37.22946],[-69.66889,-37.24099],[-69.6742,-37.2506],[-69.6771,-37.24989],[-69.68098,-37.24273],[-69.68394,-37.23341],[-69.6838,-37.2288]]]}},{"type":"Feature","properties":{"yacimiento":"RINCON BLANCO","codigo":"RIBL","operador":"QUINTANA E&P ARGENTINA S.R.L.","pozos":0,"boe_acum_mboe":null,"petroleo_acum_mbbl":null,"npv_musd_mediano":null,"eur_mbbl_mediana":null,"vaca_muerta":0,"operador_principal":null,"boe_por_pozo_mboe":null},"geometry":{"type":"MultiPolygon","coordinates":[[[[-69.16704,-37.12674],[-69.16868,-37.14084],[-69.17279,-37.13118],[-69.18102,-37.12332],[-69.18066,-37.11706],[-69.17686,-37.11325],[-69.17631,-37.10715],[-69.17878,-37.10052],[-69.18728,-37.09382],[-69.18978,-37.08731],[-69.18538,-37.08255],[-69.17015,-37.08184],[-69.16597,-37.09134],[-69.16591,-37.1058],[-69.16983,-37.11746],[-69.16704,-37.12674]]],[[[-69.2059,-37.1211],[-69.2084,-37.11994],[-69.20741,-37.11776],[-69.20417,-37.11871],[-69.2059,-37.1211]]]]}},{"type":"Feature","properties":{"yacimiento":"EL PICHANAL","codigo":"Z140","operador":"QUINTANA E&P ARGENTINA S.R.L.","pozos":0,"boe_acum_mboe":null,"petroleo_acum_mbbl":null,"npv_musd_mediano":null,"eur_mbbl_mediana":null,"vaca_muerta":0,"operador_principal":null,"boe_por_pozo_mboe":null},"geometry":{"type":"Polygon","coordinates":[[[-69.21877,-37.10802],[-69.23159,-37.10526],[-69.24513,-37.09999],[-69.25304,-37.10083],[-69.26705,-37.10814],[-69.2867,-37.12216],[-69.29916,-37.13917],[-69.31402,-37.14899],[-69.31941,-37.15127],[-69.3248,-37.14552],[-69.32157,-37.11916],[-69.323,-37.11017],[-69.3272,-37.1043],[-69.3254,-37.10131],[-69.29473,-37.10406],[-69.26951,-37.061],[-69.25395,-37.05894],[-69.21901,-37.07962],[-69.21027,-37.09987],[-69.21158,-37.10418],[-69.21877,-37.10802]]]}},{"type":"Feature","properties":{"yacimiento":"EL PICHANAL SUR","codigo":"Z141","operador":"QUINTANA E&P ARGENTINA S.R.L.","pozos":0,"boe_acum_mboe":null,"petroleo_acum_mbbl":null,"npv_musd_mediano":null,"eur_mbbl_mediana":null,"vaca_muerta":0,"operador_principal":null,"boe_por_pozo_mboe":null},"geometry":{"type":"Polygon","coordinates":[[[-69.27383,-37.11656],[-69.25626,-37.11101],[-69.24573,-37.11008],[-69.2439,-37.11149],[-69.24386,-37.11306],[-69.24743,-37.11467],[-69.26143,-37.11615],[-69.2727,-37.11993],[-69.27482,-37.11874],[-69.27383,-37.11656]]]}},{"type":"Feature","properties":{"yacimiento":"LOMA DEL BARRIL","codigo":"Z220","operador":"YPF S.A.","pozos":0,"boe_acum_mboe":null,"petroleo_acum_mbbl":null,"npv_musd_mediano":null,"eur_mbbl_mediana":null,"vaca_muerta":0,"operador_principal":null,"boe_por_pozo_mboe":null},"geometry":{"type":"Polygon","coordinates":[[[-69.1585,-37.37211],[-69.1503,-37.36545],[-69.14772,-37.36641],[-69.14757,-37.36804],[-69.1557,-37.37493],[-69.15821,-37.37455],[-69.1585,-37.37211]]]}},{"type":"Feature","properties":{"yacimiento":"LOMITA","codigo":"Z227","operador":"YPF S.A.","pozos":0,"boe_acum_mboe":null,"petroleo_acum_mbbl":null,"npv_musd_mediano":null,"eur_mbbl_mediana":null,"vaca_muerta":0,"operador_principal":null,"boe_por_pozo_mboe":null},"geometry":{"type":"MultiPolygon","coordinates":[[[[-69.23076,-37.31309],[-69.23199,-37.30978],[-69.22985,-37.30818],[-69.22955,-37.30175],[-69.23396,-37.28914],[-69.23068,-37.2892],[-69.22795,-37.29289],[-69.22117,-37.29551],[-69.21129,-37.29223],[-69.20243,-37.28123],[-69.19041,-37.28658],[-69.19196,-37.29039],[-69.19892,-37.298],[-69.19951,-37.30253],[-69.19785,-37.30784],[-69.20201,-37.30931],[-69.20356,-37.31407],[-69.20582,-37.31585],[-69.22433,-37.31628],[-69.23076,-37.31309]]],[[[-69.23762,-37.30663],[-69.24013,-37.30547],[-69.23914,-37.3033],[-69.23589,-37.30424],[-69.23762,-37.30663]]]]}},{"type":"Feature","properties":{"yacimiento":"CHIHUIDO DE LA SIERRA NEGRA","codigo":"CSN","operador":"YPF S.A.","pozos":0,"boe_acum_mboe":null,"petroleo_acum_mbbl":null,"npv_musd_mediano":null,"eur_mbbl_mediana":null,"vaca_muerta":0,"operador_principal":null,"boe_por_pozo_mboe":null},"geometry":{"type":"MultiPolygon","coordinates":[[[[-69.35251,-37.27134],[-69.34412,-37.27062],[-69.33318,-37.27562],[-69.31866,-37.2752],[-69.31448,-37.28191],[-69.30891,-37.28335],[-69.30361,-37.2918],[-69.29041,-37.2915],[-69.28696,-37.28734],[-69.28904,-37.28294],[-69.29993,-37.27699],[-69.29737,-37.27354],[-69.2816,-37.28109],[-69.26673,-37.27592],[-69.26602,-37.27877],[-69.26846,-37.28276],[-69.26905,-37.28805],[-69.25799,-37.29251],[-69.25549,-37.29049],[-69.25489,-37.2868],[-69.2526,-37.28658],[-69.25147,-37.2847],[-69.24981,-37.27494],[-69.2456,-37.27445],[-69.24124,-37.2866],[-69.23622,-37.28882],[-69.23485,-37.29584],[-69.23148,-37.30081],[-69.23259,-37.30209],[-69.24056,-37.30215],[-69.24062,-37.30524],[-69.23638,-37.3063],[-69.23929,-37.30887],[-69.25335,-37.30854],[-69.25398,-37.35848],[-69.27573,-37.35922],[-69.28223,-37.36095],[-69.28902,-37.35858],[-69.30084,-37.36001],[-69.30241,-37.35734],[-69.29615,-37.35484],[-69.29536,-37.35179],[-69.30245,-37.3492],[-69.30785,-37.35029],[-69.31168,-37.35303],[-69.32107,-37.34914],[-69.32564,-37.35391],[-69.3297,-37.3554],[-69.33844,-37.35237],[-69.34489,-37.34809],[-69.35922,-37.347],[-69.36373,-37.34523],[-69.37959,-37.32867],[-69.3833,-37.32625],[-69.39244,-37.32396],[-69.39672,-37.3251],[-69.40043,-37.32839],[-69.40757,-37.33867],[-69.41342,-37.33824],[-69.42599,-37.33267],[-69.43813,-37.31565],[-69.43798,-37.31299],[-69.43564,-37.31188],[-69.42859,-37.3159],[-69.41573,-37.31956],[-69.40311,-37.32077],[-69.39301,-37.31971],[-69.38923,-37.3139],[-69.39315,-37.30569],[-69.39372,-37.30269],[-69.39201,-37.29955],[-69.38473,-37.29769],[-69.37488,-37.29969],[-69.37302,-37.30626],[-69.37071,-37.30786],[-69.36774,-37.30393],[-69.36792,-37.29793],[-69.36899,-37.29614],[-69.37648,-37.29406],[-69.37702,-37.29144],[-69.37565,-37.29067],[-69.3606,-37.29424],[-69.34689,-37.2942],[-69.34009,-37.29192],[-69.34609,-37.2824],[-69.35489,-37.28014],[-69.35251,-37.27134]]],[[[-69.18858,-37.29833],[-69.19202,-37.29916],[-69.1933,-37.3016],[-69.19629,-37.30022],[-69.19147,-37.29602],[-69.18897,-37.29655],[-69.18858,-37.29833]]],[[[-69.22342,-37.25175],[-69.22593,-37.2506],[-69.22494,-37.24842],[-69.22169,-37.24936],[-69.22342,-37.25175]]]]}},{"type":"Feature","properties":{"yacimiento":"CERRO GUANACO","codigo":"Z093","operador":"YPF S.A.","pozos":0,"boe_acum_mboe":null,"petroleo_acum_mbbl":null,"npv_musd_mediano":null,"eur_mbbl_mediana":null,"vaca_muerta":0,"operador_principal":null,"boe_por_pozo_mboe":null},"geometry":{"type":"Polygon","coordinates":[[[-69.35235,-37.2527],[-69.34901,-37.23673],[-69.34576,-37.23579],[-69.34467,-37.23766],[-69.34798,-37.25332],[-69.35049,-37.25448],[-69.35235,-37.2527]]]}},{"type":"Feature","properties":{"yacimiento":"SIERRA NEGRA","codigo":"Z352","operador":"YPF S.A.","pozos":0,"boe_acum_mboe":null,"petroleo_acum_mbbl":null,"npv_musd_mediano":null,"eur_mbbl_mediana":null,"vaca_muerta":0,"operador_principal":null,"boe_por_pozo_mboe":null},"geometry":{"type":"Polygon","coordinates":[[[-69.39872,-37.25901],[-69.37839,-37.26169],[-69.37672,-37.26342],[-69.37931,-37.2652],[-69.39959,-37.26224],[-69.40079,-37.26022],[-69.39872,-37.25901]]]}},{"type":"Feature","properties":{"yacimiento":"FALDEO AMARILLO","codigo":"Z163","operador":"YPF S.A.","pozos":0,"boe_acum_mboe":null,"petroleo_acum_mbbl":null,"npv_musd_mediano":null,"eur_mbbl_mediana":null,"vaca_muerta":0,"operador_principal":null,"boe_por_pozo_mboe":null},"geometry":{"type":"Polygon","coordinates":[[[-69.40436,-37.31451],[-69.3931,-37.31342],[-69.391,-37.31521],[-69.39286,-37.31699],[-69.40435,-37.31796],[-69.40602,-37.31624],[-69.40436,-37.31451]]]}},{"type":"Feature","properties":{"yacimiento":"MESILLAS OVERAS","codigo":"Z252","operador":"YPF S.A.","pozos":0,"boe_acum_mboe":null,"petroleo_acum_mbbl":null,"npv_musd_mediano":null,"eur_mbbl_mediana":null,"vaca_muerta":0,"operador_principal":null,"boe_por_pozo_mboe":null},"geometry":{"type":"Polygon","coordinates":[[[-69.38178,-37.34918],[-69.3752,-37.34142],[-69.37179,-37.3419],[-69.37186,-37.34378],[-69.37821,-37.35117],[-69.38079,-37.35135],[-69.38178,-37.34918]]]}},{"type":"Feature","properties":{"yacimiento":"AGUADA ARENOSA","codigo":"Z007","operador":"YPF S.A.","pozos":0,"boe_acum_mboe":null,"petroleo_acum_mbbl":null,"npv_musd_mediano":null,"eur_mbbl_mediana":null,"vaca_muerta":0,"operador_principal":null,"boe_por_pozo_mboe":null},"geometry":{"type":"Polygon","coordinates":[[[-69.42382,-37.1431],[-69.42792,-37.13858],[-69.42902,-37.13257],[-69.42382,-37.12284],[-69.42207,-37.12208],[-69.42032,-37.12418],[-69.42331,-37.13398],[-69.42027,-37.14177],[-69.42156,-37.14355],[-69.42382,-37.1431]]]}},{"type":"Feature","properties":{"yacimiento":"CERRO LAS MINAS","codigo":"CLMI","operador":"YPF S.A.","pozos":1,"boe_acum_mboe":24.5,"petroleo_acum_mbbl":0.0,"npv_musd_mediano":null,"eur_mbbl_mediana":null,"vaca_muerta":1,"operador_principal":"YPF","boe_por_pozo_mboe":24.5},"geometry":{"type":"Polygon","coordinates":[[[-69.60891,-37.65529],[-69.60665,-37.65709],[-69.60891,-37.65889],[-69.61118,-37.65709],[-69.60891,-37.65529]]]}},{"type":"Feature","properties":{"yacimiento":"BAJO DEL TORO","codigo":"BDTO","operador":"YPF S.A.","pozos":2,"boe_acum_mboe":221.1,"petroleo_acum_mbbl":192.9,"npv_musd_mediano":-4.5,"eur_mbbl_mediana":255.0,"vaca_muerta":2,"operador_principal":"YPF","boe_por_pozo_mboe":110.6},"geometry":{"type":"MultiPolygon","coordinates":[[[[-69.04929,-37.51212],[-69.0518,-37.51097],[-69.05081,-37.50879],[-69.04756,-37.50973],[-69.04929,-37.51212]]],[[[-69.08086,-37.54946],[-69.08338,-37.5483],[-69.08239,-37.54612],[-69.07913,-37.54707],[-69.08086,-37.54946]]]]}},{"type":"Feature","properties":{"yacimiento":"OCTOGONO","codigo":"OCTG","operador":"BENTIA ENERGY S.A.","pozos":0,"boe_acum_mboe":null,"petroleo_acum_mbbl":null,"npv_musd_mediano":null,"eur_mbbl_mediana":null,"vaca_muerta":0,"operador_principal":null,"boe_por_pozo_mboe":null},"geometry":{"type":"Polygon","coordinates":[[[-69.18895,-38.90082],[-69.19151,-38.89966],[-69.1905,-38.89748],[-69.18718,-38.89843],[-69.18895,-38.90082]]]}},{"type":"Feature","properties":{"yacimiento":"PAYUN OESTE","codigo":"PYOE","operador":"Petrolera Aconcagua Energia S.A.","pozos":1,"boe_acum_mboe":18.6,"petroleo_acum_mbbl":16.9,"npv_musd_mediano":-10.5,"eur_mbbl_mediana":24.3,"vaca_muerta":1,"operador_principal":"TANGO ENERGY ARGENTINA S.A.","boe_por_pozo_mboe":18.6},"geometry":{"type":"MultiPolygon","coordinates":[[[[-69.54848,-36.92028],[-69.55097,-36.91912],[-69.54999,-36.91694],[-69.54676,-36.91789],[-69.54848,-36.92028]]],[[[-69.54812,-36.88715],[-69.55061,-36.88599],[-69.54963,-36.88381],[-69.5464,-36.88476],[-69.54812,-36.88715]]],[[[-69.5825,-36.86548],[-69.585,-36.86433],[-69.58401,-36.86215],[-69.58079,-36.86309],[-69.5825,-36.86548]]],[[[-69.4627,-36.85301],[-69.4652,-36.85185],[-69.46421,-36.84967],[-69.46099,-36.85061],[-69.4627,-36.85301]]],[[[-69.53336,-36.84797],[-69.53586,-36.84681],[-69.53487,-36.84464],[-69.53165,-36.84558],[-69.53336,-36.84797]]]]}},{"type":"Feature","properties":{"yacimiento":"PASO DE LAS BARDAS ESTE","codigo":"Z273","operador":"YPF S.A.","pozos":0,"boe_acum_mboe":null,"petroleo_acum_mbbl":null,"npv_musd_mediano":null,"eur_mbbl_mediana":null,"vaca_muerta":0,"operador_principal":null,"boe_por_pozo_mboe":null},"geometry":{"type":"Polygon","coordinates":[[[-69.43642,-37.15465],[-69.43417,-37.15645],[-69.43642,-37.15826],[-69.43867,-37.15645],[-69.43642,-37.15465]]]}},{"type":"Feature","properties":{"yacimiento":"CENTENARIO CENTRO","codigo":"CEN","operador":"FLXS OGE S.A","pozos":132,"boe_acum_mboe":23907.7,"petroleo_acum_mbbl":861.1,"npv_musd_mediano":-10.2,"eur_mbbl_mediana":16.0,"vaca_muerta":2,"operador_principal":"FLXS OGE S.A ","boe_por_pozo_mboe":181.1},"geometry":{"type":"Polygon","coordinates":[[[-68.14231,-38.93346],[-68.14214,-38.94786],[-68.218,-38.94839],[-68.225,-38.9469],[-68.30758,-38.89721],[-68.28401,-38.84348],[-68.27858,-38.84345],[-68.18278,-38.88475],[-68.14231,-38.93346]]]}},{"type":"Feature","properties":{"yacimiento":"JAGÜEL CASA DE PIEDRA","codigo":"JACP","operador":"PLUSPETROL S.A.","pozos":0,"boe_acum_mboe":null,"petroleo_acum_mbbl":null,"npv_musd_mediano":null,"eur_mbbl_mediana":null,"vaca_muerta":0,"operador_principal":null,"boe_por_pozo_mboe":null},"geometry":{"type":"Polygon","coordinates":[[[-68.41619,-37.39778],[-68.4019,-37.40927],[-68.39851,-37.40807],[-68.38921,-37.41561],[-68.38915,-37.42346],[-68.41462,-37.41262],[-68.42876,-37.41365],[-68.42879,-37.41021],[-68.42255,-37.40804],[-68.41619,-37.39778]]]}},{"type":"Feature","properties":{"yacimiento":"LOMA JARILLOSA ESTE","codigo":"LJE","operador":"GEOPARK ARGENTINA LTD. (SUCURSAL ARGENTINA)","pozos":9,"boe_acum_mboe":2344.5,"petroleo_acum_mbbl":2200.5,"npv_musd_mediano":9.6,"eur_mbbl_mediana":1078.2,"vaca_muerta":9,"operador_principal":"GEOPARK ARGENTINA S.A.","boe_por_pozo_mboe":260.5},"geometry":{"type":"Polygon","coordinates":[[[-68.4567,-38.23182],[-68.37662,-38.24718],[-68.38091,-38.28053],[-68.46963,-38.25392],[-68.4567,-38.23182]]]}},{"type":"Feature","properties":{"yacimiento":"PUESTO SILVA OESTE","codigo":"PSI","operador":"GEOPARK ARGENTINA LTD. (SUCURSAL ARGENTINA)","pozos":3,"boe_acum_mboe":280.2,"petroleo_acum_mbbl":279.9,"npv_musd_mediano":-7.3,"eur_mbbl_mediana":163.8,"vaca_muerta":3,"operador_principal":"GEOPARK ARGENTINA S.A.","boe_por_pozo_mboe":93.4},"geometry":{"type":"Polygon","coordinates":[[[-68.29609,-38.37599],[-68.25606,-38.39692],[-68.25612,-38.44467],[-68.32486,-38.40904],[-68.29609,-38.37599]]]}},{"type":"Feature","properties":{"yacimiento":"CURAMCHED","codigo":"CRD","operador":"CHEVRON ARGENTINA S.R.L.","pozos":0,"boe_acum_mboe":null,"petroleo_acum_mbbl":null,"npv_musd_mediano":null,"eur_mbbl_mediana":null,"vaca_muerta":0,"operador_principal":null,"boe_por_pozo_mboe":null},"geometry":{"type":"Polygon","coordinates":[[[-69.56324,-37.36006],[-69.5386,-37.36018],[-69.53938,-37.36164],[-69.53812,-37.36225],[-69.54381,-37.36403],[-69.54292,-37.36665],[-69.54642,-37.37197],[-69.54822,-37.3696],[-69.54894,-37.37256],[-69.55488,-37.37229],[-69.55767,-37.37653],[-69.56035,-37.3778],[-69.56736,-37.37333],[-69.56964,-37.36622],[-69.56836,-37.36375],[-69.56379,-37.36265],[-69.56324,-37.36006]]]}},{"type":"Feature","properties":{"yacimiento":"EL TRAPIAL","codigo":"TRA","operador":"CHEVRON ARGENTINA S.R.L.","pozos":0,"boe_acum_mboe":null,"petroleo_acum_mbbl":null,"npv_musd_mediano":null,"eur_mbbl_mediana":null,"vaca_muerta":0,"operador_principal":null,"boe_por_pozo_mboe":null},"geometry":{"type":"MultiPolygon","coordinates":[[[[-69.4134,-37.39349],[-69.41821,-37.39501],[-69.4201,-37.39017],[-69.41693,-37.38867],[-69.4134,-37.39349]]],[[[-69.34118,-37.39077],[-69.3455,-37.39157],[-69.35075,-37.38391],[-69.34536,-37.38658],[-69.34118,-37.39077]]],[[[-69.30688,-37.3827],[-69.3083,-37.38823],[-69.30548,-37.39037],[-69.30904,-37.39394],[-69.31152,-37.39082],[-69.3135,-37.39313],[-69.31258,-37.39412],[-69.31511,-37.39561],[-69.31359,-37.39322],[-69.31487,-37.39148],[-69.31586,-37.39253],[-69.31611,-37.39019],[-69.31825,-37.39179],[-69.31475,-37.38147],[-69.31247,-37.38192],[-69.31129,-37.38411],[-69.30885,-37.38049],[-69.30688,-37.3827]],[[-69.31274,-37.38951],[-69.3116,-37.39067],[-69.31024,-37.38615],[-69.31116,-37.38472],[-69.31274,-37.38951]]],[[[-69.24486,-37.38978],[-69.25559,-37.39302],[-69.25931,-37.3925],[-69.26864,-37.39789],[-69.28164,-37.39349],[-69.29367,-37.40057],[-69.28771,-37.40004],[-69.2902,-37.40147],[-69.28878,-37.40245],[-69.29644,-37.40672],[-69.29545,-37.40773],[-69.29971,-37.41137],[-69.29537,-37.41562],[-69.30193,-37.41958],[-69.29609,-37.42411],[-69.30262,-37.4264],[-69.29734,-37.43022],[-69.30879,-37.43535],[-69.34577,-37.43962],[-69.35734,-37.438],[-69.37073,-37.43201],[-69.37312,-37.4314],[-69.3735,-37.43272],[-69.38027,-37.42964],[-69.38927,-37.42393],[-69.3893,-37.42082],[-69.39799,-37.41282],[-69.40184,-37.4127],[-69.41641,-37.40674],[-69.4235,-37.3996],[-69.42694,-37.39331],[-69.42827,-37.38813],[-69.4264,-37.39278],[-69.42501,-37.39225],[-69.42534,-37.38478],[-69.42347,-37.38134],[-69.42137,-37.38002],[-69.42343,-37.38281],[-69.42258,-37.39121],[-69.42157,-37.39085],[-69.41978,-37.3965],[-69.41273,-37.40394],[-69.41231,-37.40061],[-69.40186,-37.40692],[-69.39983,-37.4006],[-69.39469,-37.40217],[-69.39303,-37.40875],[-69.37935,-37.40449],[-69.37658,-37.40076],[-69.37646,-37.39531],[-69.37299,-37.39699],[-69.36856,-37.38444],[-69.36021,-37.38779],[-69.354,-37.39345],[-69.34432,-37.39841],[-69.36481,-37.39756],[-69.36389,-37.39843],[-69.35124,-37.40134],[-69.34504,-37.40049],[-69.33417,-37.40739],[-69.32991,-37.4076],[-69.33844,-37.3994],[-69.31961,-37.39862],[-69.31808,-37.4051],[-69.31263,-37.40425],[-69.31551,-37.40921],[-69.30849,-37.39955],[-69.30673,-37.40216],[-69.31263,-37.41192],[-69.30618,-37.40348],[-69.29633,-37.39443],[-69.29333,-37.39116],[-69.29898,-37.39422],[-69.30056,-37.39719],[-69.30284,-37.39441],[-69.30166,-37.3913],[-69.29582,-37.38829],[-69.29883,-37.38642],[-69.2964,-37.38427],[-69.29837,-37.38324],[-69.29654,-37.37862],[-69.27444,-37.37891],[-69.26954,-37.38274],[-69.25616,-37.38477],[-69.25574,-37.38659],[-69.24486,-37.38978]]],[[[-69.41754,-37.38615],[-69.42086,-37.38686],[-69.42161,-37.3818],[-69.41897,-37.37853],[-69.41365,-37.37718],[-69.41754,-37.38615]]],[[[-69.38173,-37.40385],[-69.3882,-37.40378],[-69.38696,-37.39723],[-69.38818,-37.38374],[-69.38443,-37.38295],[-69.3786,-37.37713],[-69.37677,-37.37934],[-69.37738,-37.38457],[-69.38685,-37.38896],[-69.37902,-37.39459],[-69.38173,-37.40385]]],[[[-69.40732,-37.38107],[-69.41182,-37.38217],[-69.4113,-37.37662],[-69.40676,-37.37555],[-69.40732,-37.38107]]],[[[-69.33792,-37.37553],[-69.3403,-37.37765],[-69.33839,-37.3805],[-69.34189,-37.38179],[-69.33646,-37.38833],[-69.33456,-37.38791],[-69.33606,-37.37719],[-69.32886,-37.38597],[-69.32912,-37.39071],[-69.32365,-37.39342],[-69.32591,-37.39453],[-69.323,-37.39749],[-69.34055,-37.39754],[-69.33913,-37.39251],[-69.3455,-37.38394],[-69.34191,-37.38177],[-69.34606,-37.37631],[-69.33792,-37.37553]]],[[[-69.29281,-37.36343],[-69.29096,-37.37024],[-69.28428,-37.36848],[-69.28668,-37.36571],[-69.29163,-37.36418],[-69.29261,-37.36105],[-69.19169,-37.36123],[-69.20108,-37.36989],[-69.20267,-37.37596],[-69.20659,-37.37818],[-69.21545,-37.37871],[-69.21753,-37.37299],[-69.22847,-37.37284],[-69.23091,-37.36805],[-69.24246,-37.37128],[-69.24373,-37.36977],[-69.25436,-37.37331],[-69.25836,-37.3725],[-69.26287,-37.37508],[-69.26546,-37.37304],[-69.27575,-37.37604],[-69.28093,-37.37134],[-69.2875,-37.37245],[-69.29264,-37.37554],[-69.2911,-37.37153],[-69.29732,-37.3721],[-69.29918,-37.36671],[-69.30388,-37.36705],[-69.30542,-37.36569],[-69.30336,-37.36395],[-69.29857,-37.36658],[-69.29281,-37.36343]]]]}},{"type":"Feature","properties":{"yacimiento":"TIERRAS VERDES","codigo":"TV","operador":"PETROLEOS SUDAMERICANOS S.A.","pozos":0,"boe_acum_mboe":null,"petroleo_acum_mbbl":null,"npv_musd_mediano":null,"eur_mbbl_mediana":null,"vaca_muerta":0,"operador_principal":null,"boe_por_pozo_mboe":null},"geometry":{"type":"Polygon","coordinates":[[[-67.8299,-37.68247],[-67.81158,-37.68073],[-67.81145,-37.68928],[-67.82976,-37.68947],[-67.8299,-37.68247]]]}},{"type":"Feature","properties":{"yacimiento":"DIVISADERO CATRIEL","codigo":"DICA","operador":"PETROLEOS SUDAMERICANOS S.A.","pozos":0,"boe_acum_mboe":null,"petroleo_acum_mbbl":null,"npv_musd_mediano":null,"eur_mbbl_mediana":null,"vaca_muerta":0,"operador_principal":null,"boe_por_pozo_mboe":null},"geometry":{"type":"Polygon","coordinates":[[[-67.97267,-37.69596],[-67.95113,-37.69399],[-67.94944,-37.70417],[-67.9235,-37.71338],[-67.91321,-37.72603],[-67.92612,-37.73303],[-67.98214,-37.73353],[-67.98232,-37.72012],[-67.97094,-37.70888],[-67.97267,-37.69596]]]}},{"type":"Feature","properties":{"yacimiento":"SUR CATRIEL OESTE","codigo":"SCO","operador":"PETROLEOS SUDAMERICANOS S.A.","pozos":0,"boe_acum_mboe":null,"petroleo_acum_mbbl":null,"npv_musd_mediano":null,"eur_mbbl_mediana":null,"vaca_muerta":0,"operador_principal":null,"boe_por_pozo_mboe":null},"geometry":{"type":"Polygon","coordinates":[[[-68.06119,-37.7319],[-68.04798,-37.73132],[-68.02822,-37.73363],[-68.02809,-37.74953],[-68.04016,-37.74963],[-68.06082,-37.74305],[-68.06119,-37.7319]]]}},{"type":"Feature","properties":{"yacimiento":"CENTRO ESTE","codigo":"CEE","operador":"PETROLEOS SUDAMERICANOS S.A.","pozos":0,"boe_acum_mboe":null,"petroleo_acum_mbbl":null,"npv_musd_mediano":null,"eur_mbbl_mediana":null,"vaca_muerta":0,"operador_principal":null,"boe_por_pozo_mboe":null},"geometry":{"type":"Polygon","coordinates":[[[-68.12247,-37.73276],[-68.09509,-37.73264],[-68.06121,-37.76162],[-68.06109,-37.77159],[-68.08459,-37.77179],[-68.10503,-37.76032],[-68.10522,-37.74984],[-68.1157,-37.75],[-68.12229,-37.74736],[-68.12247,-37.73276]]]}},{"type":"Feature","properties":{"yacimiento":"PLANICIE MORADA","codigo":"PLMO","operador":"PETROLEOS SUDAMERICANOS S.A.","pozos":0,"boe_acum_mboe":null,"petroleo_acum_mbbl":null,"npv_musd_mediano":null,"eur_mbbl_mediana":null,"vaca_muerta":0,"operador_principal":null,"boe_por_pozo_mboe":null},"geometry":{"type":"Polygon","coordinates":[[[-68.11844,-37.75005],[-68.10527,-37.74984],[-68.10504,-37.76684],[-68.146,-37.76719],[-68.14616,-37.75983],[-68.12951,-37.75534],[-68.11844,-37.75005]]]}},{"type":"Feature","properties":{"yacimiento":"SEÑAL CENTRO","codigo":"SCEN","operador":"PETROLEOS SUDAMERICANOS S.A.","pozos":0,"boe_acum_mboe":null,"petroleo_acum_mbbl":null,"npv_musd_mediano":null,"eur_mbbl_mediana":null,"vaca_muerta":0,"operador_principal":null,"boe_por_pozo_mboe":null},"geometry":{"type":"Polygon","coordinates":[[[-68.14668,-37.71185],[-68.12521,-37.7117],[-68.12484,-37.73515],[-68.13596,-37.73523],[-68.14666,-37.72159],[-68.14668,-37.71185]]]}},{"type":"Feature","properties":{"yacimiento":"MESETA ALTA","codigo":"MEA","operador":"PETROLEOS SUDAMERICANOS S.A.","pozos":0,"boe_acum_mboe":null,"petroleo_acum_mbbl":null,"npv_musd_mediano":null,"eur_mbbl_mediana":null,"vaca_muerta":0,"operador_principal":null,"boe_por_pozo_mboe":null},"geometry":{"type":"Polygon","coordinates":[[[-68.12726,-37.7971],[-68.11254,-37.79077],[-68.06812,-37.81586],[-68.08245,-37.81908],[-68.08959,-37.82823],[-68.13363,-37.81061],[-68.12726,-37.7971]]]}},{"type":"Feature","properties":{"yacimiento":"MESETA ESCONDIDA","codigo":"MESC","operador":"PETROLEOS SUDAMERICANOS S.A.","pozos":0,"boe_acum_mboe":null,"petroleo_acum_mbbl":null,"npv_musd_mediano":null,"eur_mbbl_mediana":null,"vaca_muerta":0,"operador_principal":null,"boe_por_pozo_mboe":null},"geometry":{"type":"Polygon","coordinates":[[[-68.13377,-37.81075],[-68.08963,-37.82836],[-68.13906,-37.82905],[-68.13925,-37.82073],[-68.13377,-37.81075]]]}},{"type":"Feature","properties":{"yacimiento":"PUNTA MESETA ALTA","codigo":"PUME","operador":"PETROLEOS SUDAMERICANOS S.A.","pozos":0,"boe_acum_mboe":null,"petroleo_acum_mbbl":null,"npv_musd_mediano":null,"eur_mbbl_mediana":null,"vaca_muerta":0,"operador_principal":null,"boe_por_pozo_mboe":null},"geometry":{"type":"Polygon","coordinates":[[[-68.08961,-37.82838],[-68.08239,-37.81908],[-68.06797,-37.81592],[-68.06342,-37.81875],[-68.06321,-37.82816],[-68.08961,-37.82838]]]}},{"type":"Feature","properties":{"yacimiento":"PLANICIE MORADA","codigo":"PLM","operador":"PETROLEOS SUDAMERICANOS S.A.","pozos":0,"boe_acum_mboe":null,"petroleo_acum_mbbl":null,"npv_musd_mediano":null,"eur_mbbl_mediana":null,"vaca_muerta":0,"operador_principal":null,"boe_por_pozo_mboe":null},"geometry":{"type":"Polygon","coordinates":[[[-68.14613,-37.75893],[-68.14605,-37.76943],[-68.18477,-37.76382],[-68.18121,-37.75355],[-68.14613,-37.75893]]]}},{"type":"Feature","properties":{"yacimiento":"DOS CERRITOS","codigo":"CRR","operador":"PETROLEOS SUDAMERICANOS S.A.","pozos":0,"boe_acum_mboe":null,"petroleo_acum_mbbl":null,"npv_musd_mediano":null,"eur_mbbl_mediana":null,"vaca_muerta":0,"operador_principal":null,"boe_por_pozo_mboe":null},"geometry":{"type":"Polygon","coordinates":[[[-68.35449,-37.79411],[-68.35462,-37.77295],[-68.32801,-37.77263],[-68.30764,-37.78543],[-68.30751,-37.79855],[-68.35449,-37.79411]]]}},{"type":"Feature","properties":{"yacimiento":"LOMA MONTOSA OESTE","codigo":"LMOE","operador":"PETROLEOS SUDAMERICANOS S.A.","pozos":0,"boe_acum_mboe":null,"petroleo_acum_mbbl":null,"npv_musd_mediano":null,"eur_mbbl_mediana":null,"vaca_muerta":0,"operador_principal":null,"boe_por_pozo_mboe":null},"geometry":{"type":"Polygon","coordinates":[[[-68.30452,-37.7955],[-68.2949,-37.79554],[-68.28564,-37.82288],[-68.28554,-37.83301],[-68.30416,-37.83312],[-68.30452,-37.7955]]]}},{"type":"Feature","properties":{"yacimiento":"ESTANCIA EL COLORADO","codigo":"EEC","operador":"PRESIDENT PETROLEUM S.A.","pozos":0,"boe_acum_mboe":null,"petroleo_acum_mbbl":null,"npv_musd_mediano":null,"eur_mbbl_mediana":null,"vaca_muerta":0,"operador_principal":null,"boe_por_pozo_mboe":null},"geometry":{"type":"Polygon","coordinates":[[[-67.36133,-38.46656],[-67.33633,-38.47042],[-67.34634,-38.47543],[-67.35157,-38.47213],[-67.35704,-38.47137],[-67.36396,-38.47773],[-67.36942,-38.47532],[-67.3739,-38.47525],[-67.36949,-38.4696],[-67.36133,-38.46656]]]}},{"type":"Feature","properties":{"yacimiento":"LOMA DEL PICUN","codigo":"LDP","operador":"ENERGIA COMPAÑIA PETROLERA S.A.","pozos":0,"boe_acum_mboe":null,"petroleo_acum_mbbl":null,"npv_musd_mediano":null,"eur_mbbl_mediana":null,"vaca_muerta":0,"operador_principal":null,"boe_por_pozo_mboe":null},"geometry":{"type":"Polygon","coordinates":[[[-69.37632,-39.52418],[-69.3793,-39.52342],[-69.37943,-39.52019],[-69.37592,-39.51637],[-69.37265,-39.51615],[-69.37136,-39.52019],[-69.37632,-39.52418]]]}},{"type":"Feature","properties":{"yacimiento":"EL SAUCE","codigo":"ELS","operador":"ENERGIA COMPAÑIA PETROLERA S.A.","pozos":0,"boe_acum_mboe":null,"petroleo_acum_mbbl":null,"npv_musd_mediano":null,"eur_mbbl_mediana":null,"vaca_muerta":0,"operador_principal":null,"boe_por_pozo_mboe":null},"geometry":{"type":"Polygon","coordinates":[[[-69.39159,-39.46706],[-69.38121,-39.46138],[-69.35339,-39.45378],[-69.31794,-39.4651],[-69.31386,-39.46761],[-69.31238,-39.47066],[-69.3135,-39.47289],[-69.31735,-39.47395],[-69.35645,-39.47722],[-69.37352,-39.47698],[-69.40696,-39.48343],[-69.41836,-39.48313],[-69.42341,-39.47958],[-69.42357,-39.47617],[-69.41716,-39.47103],[-69.39159,-39.46706]]]}},{"type":"Feature","properties":{"yacimiento":"AGUA DEL CAJON","codigo":"CAO","operador":"CAPEX S.A.","pozos":14,"boe_acum_mboe":1090.1,"petroleo_acum_mbbl":798.5,"npv_musd_mediano":-7.8,"eur_mbbl_mediana":70.9,"vaca_muerta":11,"operador_principal":"Capex","boe_por_pozo_mboe":77.9},"geometry":{"type":"Polygon","coordinates":[[[-68.46971,-38.87331],[-68.4699,-38.84813],[-68.42837,-38.84029],[-68.43717,-38.82159],[-68.41312,-38.82147],[-68.37152,-38.84156],[-68.32812,-38.84132],[-68.34247,-38.87267],[-68.46971,-38.87331]]]}},{"type":"Feature","properties":{"yacimiento":"EL SALITRAL","codigo":"ELSA","operador":"CAPEX S.A.","pozos":116,"boe_acum_mboe":19365.5,"petroleo_acum_mbbl":544.9,"npv_musd_mediano":null,"eur_mbbl_mediana":null,"vaca_muerta":0,"operador_principal":"Capex","boe_por_pozo_mboe":166.9},"geometry":{"type":"Polygon","coordinates":[[[-68.50905,-38.92722],[-68.50929,-38.89269],[-68.47494,-38.89255],[-68.47491,-38.89636],[-68.34651,-38.89572],[-68.34645,-38.9019],[-68.29981,-38.90163],[-68.24212,-38.93439],[-68.33773,-38.93493],[-68.36145,-38.94436],[-68.39073,-38.93006],[-68.41373,-38.93018],[-68.41369,-38.93572],[-68.50905,-38.92722]]]}},{"type":"Feature","properties":{"yacimiento":"AGUADA LASTRA ESTE","codigo":"ALAE","operador":"PETROLEOS SUDAMERICANOS S.A.","pozos":0,"boe_acum_mboe":null,"petroleo_acum_mbbl":null,"npv_musd_mediano":null,"eur_mbbl_mediana":null,"vaca_muerta":0,"operador_principal":null,"boe_por_pozo_mboe":null},"geometry":{"type":"Polygon","coordinates":[[[-68.4391,-37.79482],[-68.43917,-37.78627],[-68.42706,-37.78622],[-68.42699,-37.79477],[-68.4391,-37.79482]]]}},{"type":"Feature","properties":{"yacimiento":"AGUADA LASTRA SUR","codigo":"ALS","operador":"PETROLEOS SUDAMERICANOS S.A.","pozos":0,"boe_acum_mboe":null,"petroleo_acum_mbbl":null,"npv_musd_mediano":null,"eur_mbbl_mediana":null,"vaca_muerta":0,"operador_principal":null,"boe_por_pozo_mboe":null},"geometry":{"type":"Polygon","coordinates":[[[-68.46453,-37.87239],[-68.4646,-37.8634],[-68.45322,-37.86335],[-68.45316,-37.87233],[-68.46453,-37.87239]]]}},{"type":"Feature","properties":{"yacimiento":"LAS TACANAS","codigo":"LTAC","operador":"YPF S.A.","pozos":5,"boe_acum_mboe":698.4,"petroleo_acum_mbbl":127.0,"npv_musd_mediano":null,"eur_mbbl_mediana":null,"vaca_muerta":4,"operador_principal":"YPF","boe_por_pozo_mboe":139.7},"geometry":{"type":"MultiPolygon","coordinates":[[[[-69.3154,-38.67865],[-69.30922,-38.6873],[-69.3113,-38.70057],[-69.32076,-38.71771],[-69.32512,-38.71939],[-69.33155,-38.71919],[-69.36555,-38.70628],[-69.39803,-38.68665],[-69.40942,-38.68227],[-69.46228,-38.6788],[-69.47406,-38.67416],[-69.47513,-38.6688],[-69.47227,-38.66523],[-69.46727,-38.66416],[-69.33914,-38.67023],[-69.3295,-38.67166],[-69.3154,-38.67865]]],[[[-69.54853,-38.61622],[-69.56328,-38.6167],[-69.57804,-38.62336],[-69.58708,-38.62336],[-69.58803,-38.62003],[-69.5866,-38.61575],[-69.56471,-38.60861],[-69.55139,-38.61004],[-69.54901,-38.61147],[-69.54853,-38.61622]]]]}},{"type":"Feature","properties":{"yacimiento":"MALARGUE","codigo":"MGUE","operador":"HATTRICK ENERGY SAS","pozos":0,"boe_acum_mboe":null,"petroleo_acum_mbbl":null,"npv_musd_mediano":null,"eur_mbbl_mediana":null,"vaca_muerta":0,"operador_principal":null,"boe_por_pozo_mboe":null},"geometry":{"type":"MultiPolygon","coordinates":[[[[-69.55673,-35.58792],[-69.55028,-35.59239],[-69.558,-35.59198],[-69.56458,-35.5879],[-69.55673,-35.58792]]],[[[-69.59014,-35.51472],[-69.58909,-35.51577],[-69.59014,-35.51682],[-69.59119,-35.51577],[-69.59014,-35.51472]]],[[[-69.61834,-35.48987],[-69.61729,-35.49092],[-69.61834,-35.49197],[-69.61939,-35.49092],[-69.61834,-35.48987]]]]}},{"type":"Feature","properties":{"yacimiento":"EL MANZANO OESTE (resto)","codigo":"EMOR","operador":"VENOIL S.A.","pozos":0,"boe_acum_mboe":null,"petroleo_acum_mbbl":null,"npv_musd_mediano":null,"eur_mbbl_mediana":null,"vaca_muerta":0,"operador_principal":null,"boe_por_pozo_mboe":null},"geometry":{"type":"Polygon","coordinates":[[[-69.73907,-36.06278],[-69.73297,-36.06524],[-69.73952,-36.06541],[-69.74564,-36.06308],[-69.73907,-36.06278]]]}},{"type":"Feature","properties":{"yacimiento":"CHACHAHUEN SUR","codigo":"CHAS","operador":"YPF S.A.","pozos":0,"boe_acum_mboe":null,"petroleo_acum_mbbl":null,"npv_musd_mediano":null,"eur_mbbl_mediana":null,"vaca_muerta":0,"operador_principal":null,"boe_por_pozo_mboe":null},"geometry":{"type":"Polygon","coordinates":[[[-68.85733,-37.38898],[-68.86189,-37.38913],[-68.86775,-37.38482],[-68.88795,-37.36295],[-68.8988,-37.35784],[-68.90365,-37.34831],[-68.91261,-37.34589],[-68.91685,-37.34017],[-68.92659,-37.33798],[-68.93519,-37.33398],[-68.93559,-37.31879],[-68.93293,-37.31676],[-68.92397,-37.31656],[-68.90116,-37.32418],[-68.88419,-37.33427],[-68.87792,-37.34038],[-68.87234,-37.3498],[-68.86851,-37.35266],[-68.83796,-37.36655],[-68.83921,-37.36978],[-68.84865,-37.37088],[-68.8533,-37.37331],[-68.8522,-37.3803],[-68.85733,-37.38898]]]}},{"type":"Feature","properties":{"yacimiento":"LA RIBERA BLOQUE I","codigo":"LR","operador":"YPF S.A.","pozos":40,"boe_acum_mboe":39493.8,"petroleo_acum_mbbl":4382.5,"npv_musd_mediano":null,"eur_mbbl_mediana":null,"vaca_muerta":40,"operador_principal":"Tecpetrol","boe_por_pozo_mboe":987.3},"geometry":{"type":"Polygon","coordinates":[[[-69.0488,-38.44816],[-69.05404,-38.44634],[-69.05813,-38.43702],[-69.0595,-38.42541],[-69.05654,-38.42041],[-69.01581,-38.41745],[-68.97008,-38.41677],[-68.96371,-38.41836],[-68.96235,-38.42132],[-68.96235,-38.42427],[-68.97259,-38.43065],[-69.00853,-38.44634],[-69.0488,-38.44816]]]}},{"type":"Feature","properties":{"yacimiento":"EL MORO","codigo":"ELMO","operador":"YPF S.A.","pozos":0,"boe_acum_mboe":null,"petroleo_acum_mbbl":null,"npv_musd_mediano":null,"eur_mbbl_mediana":null,"vaca_muerta":0,"operador_principal":null,"boe_por_pozo_mboe":null},"geometry":{"type":"Polygon","coordinates":[[[-69.55257,-37.09459],[-69.55144,-37.09459],[-69.55201,-37.09516],[-69.55257,-37.09459]]]}},{"type":"Feature","properties":{"yacimiento":"LOS VOLCANES","codigo":"Z241","operador":"VENOIL S.A.","pozos":0,"boe_acum_mboe":null,"petroleo_acum_mbbl":null,"npv_musd_mediano":null,"eur_mbbl_mediana":null,"vaca_muerta":0,"operador_principal":null,"boe_por_pozo_mboe":null},"geometry":{"type":"Polygon","coordinates":[[[-69.61593,-36.29296],[-69.62783,-36.28773],[-69.6364,-36.27631],[-69.63711,-36.27107],[-69.63663,-36.26917],[-69.61879,-36.25299],[-69.61355,-36.25156],[-69.60784,-36.25156],[-69.5734,-36.262],[-69.5587,-36.26475],[-69.54559,-36.2693],[-69.54403,-36.27167],[-69.5448,-36.27614],[-69.55702,-36.28681],[-69.56454,-36.28868],[-69.59452,-36.28963],[-69.61593,-36.29296]]]}},{"type":"Feature","properties":{"yacimiento":"PORTEZUELO","codigo":"Z283","operador":"QUINTANA E&P ARGENTINA S.R.L.","pozos":0,"boe_acum_mboe":null,"petroleo_acum_mbbl":null,"npv_musd_mediano":null,"eur_mbbl_mediana":null,"vaca_muerta":0,"operador_principal":null,"boe_por_pozo_mboe":null},"geometry":{"type":"Polygon","coordinates":[[[-69.24614,-36.88724],[-69.22303,-36.88441],[-69.20388,-36.88469],[-69.19086,-36.88803],[-69.18765,-36.8907],[-69.18683,-36.89381],[-69.19136,-36.9004],[-69.20284,-36.90721],[-69.21973,-36.91343],[-69.24047,-36.91834],[-69.26164,-36.92104],[-69.27966,-36.92117],[-69.29279,-36.91883],[-69.29934,-36.91425],[-69.29964,-36.91097],[-69.29759,-36.90743],[-69.28657,-36.89972],[-69.26816,-36.89254],[-69.24614,-36.88724]]]}},{"type":"Feature","properties":{"yacimiento":"RINCON DEL ALAMO","codigo":"Z320","operador":"YPF S.A.","pozos":0,"boe_acum_mboe":null,"petroleo_acum_mbbl":null,"npv_musd_mediano":null,"eur_mbbl_mediana":null,"vaca_muerta":0,"operador_principal":null,"boe_por_pozo_mboe":null},"geometry":{"type":"Polygon","coordinates":[[[-69.48241,-37.08499],[-69.4806,-37.08679],[-69.48241,-37.0886],[-69.48421,-37.08679],[-69.48241,-37.08499]]]}},{"type":"Feature","properties":{"yacimiento":"RIO GRANDE","codigo":"Z426","operador":"VENOIL S.A.","pozos":0,"boe_acum_mboe":null,"petroleo_acum_mbbl":null,"npv_musd_mediano":null,"eur_mbbl_mediana":null,"vaca_muerta":0,"operador_principal":null,"boe_por_pozo_mboe":null},"geometry":{"type":"Polygon","coordinates":[[[-69.60173,-36.23458],[-69.59958,-36.2367],[-69.60167,-36.23888],[-69.60387,-36.23682],[-69.60173,-36.23458]]]}},{"type":"Feature","properties":{"yacimiento":"AMILCAR","codigo":"AMIL","operador":"PAMPETROL S.A.P.E.M","pozos":0,"boe_acum_mboe":null,"petroleo_acum_mbbl":null,"npv_musd_mediano":null,"eur_mbbl_mediana":null,"vaca_muerta":0,"operador_principal":null,"boe_por_pozo_mboe":null},"geometry":{"type":"Polygon","coordinates":[[[-67.45902,-38.18492],[-67.45674,-38.18672],[-67.45902,-38.18852],[-67.46131,-38.18672],[-67.45902,-38.18492]]]}},{"type":"Feature","properties":{"yacimiento":"EL HALCON","codigo":"ELHA","operador":"PAMPETROL S.A.P.E.M","pozos":0,"boe_acum_mboe":null,"petroleo_acum_mbbl":null,"npv_musd_mediano":null,"eur_mbbl_mediana":null,"vaca_muerta":0,"operador_principal":null,"boe_por_pozo_mboe":null},"geometry":{"type":"Polygon","coordinates":[[[-67.48475,-38.18465],[-67.48247,-38.18645],[-67.48475,-38.18826],[-67.48703,-38.18645],[-67.48475,-38.18465]]]}},{"type":"Feature","properties":{"yacimiento":"LA MESETA","codigo":"LME","operador":"PAMPETROL S.A.P.E.M","pozos":0,"boe_acum_mboe":null,"petroleo_acum_mbbl":null,"npv_musd_mediano":null,"eur_mbbl_mediana":null,"vaca_muerta":0,"operador_principal":null,"boe_por_pozo_mboe":null},"geometry":{"type":"Polygon","coordinates":[[[-67.44209,-38.18779],[-67.43981,-38.18959],[-67.44209,-38.19139],[-67.44437,-38.18959],[-67.44209,-38.18779]]]}},{"type":"Feature","properties":{"yacimiento":"LA BARDA","codigo":"LABA","operador":"TECPETROL S.A.","pozos":0,"boe_acum_mboe":null,"petroleo_acum_mbbl":null,"npv_musd_mediano":null,"eur_mbbl_mediana":null,"vaca_muerta":0,"operador_principal":null,"boe_por_pozo_mboe":null},"geometry":{"type":"Polygon","coordinates":[[[-67.88695,-38.22695],[-67.88665,-38.24697],[-67.92358,-38.24731],[-67.92369,-38.23984],[-67.93768,-38.23997],[-67.93777,-38.23413],[-67.92766,-38.22733],[-67.88695,-38.22695]]]}},{"type":"Feature","properties":{"yacimiento":"AYELEN","codigo":"AYE","operador":"PAMPETROL S.A.P.E.M","pozos":0,"boe_acum_mboe":null,"petroleo_acum_mbbl":null,"npv_musd_mediano":null,"eur_mbbl_mediana":null,"vaca_muerta":0,"operador_principal":null,"boe_por_pozo_mboe":null},"geometry":{"type":"Polygon","coordinates":[[[-67.35456,-38.16947],[-67.35228,-38.17127],[-67.35456,-38.17307],[-67.35685,-38.17127],[-67.35456,-38.16947]]]}},{"type":"Feature","properties":{"yacimiento":"EL PUMA","codigo":"MESR","operador":"PAMPETROL S.A.P.E.M","pozos":0,"boe_acum_mboe":null,"petroleo_acum_mbbl":null,"npv_musd_mediano":null,"eur_mbbl_mediana":null,"vaca_muerta":0,"operador_principal":null,"boe_por_pozo_mboe":null},"geometry":{"type":"Polygon","coordinates":[[[-67.58271,-38.17803],[-67.58043,-38.17983],[-67.58271,-38.18163],[-67.58499,-38.17983],[-67.58271,-38.17803]]]}},{"type":"Feature","properties":{"yacimiento":"EL PUMA ESTE","codigo":"EPE","operador":"PAMPETROL S.A.P.E.M","pozos":0,"boe_acum_mboe":null,"petroleo_acum_mbbl":null,"npv_musd_mediano":null,"eur_mbbl_mediana":null,"vaca_muerta":0,"operador_principal":null,"boe_por_pozo_mboe":null},"geometry":{"type":"Polygon","coordinates":[[[-67.5771,-38.18343],[-67.57586,-38.1826],[-67.56442,-38.18897],[-67.56561,-38.18944],[-67.5771,-38.18343]]]}},{"type":"Feature","properties":{"yacimiento":"EL JABALI","codigo":"ELJB","operador":"PAMPETROL S.A.P.E.M","pozos":0,"boe_acum_mboe":null,"petroleo_acum_mbbl":null,"npv_musd_mediano":null,"eur_mbbl_mediana":null,"vaca_muerta":0,"operador_principal":null,"boe_por_pozo_mboe":null},"geometry":{"type":"Polygon","coordinates":[[[-67.50155,-38.19203],[-67.53577,-38.18977],[-67.53661,-38.18881],[-67.52428,-38.17083],[-67.52139,-38.16891],[-67.49981,-38.1773],[-67.50155,-38.19203]]]}},{"type":"Feature","properties":{"yacimiento":"EL CALDEN","codigo":"ELCL","operador":"PAMPETROL S.A.P.E.M","pozos":0,"boe_acum_mboe":null,"petroleo_acum_mbbl":null,"npv_musd_mediano":null,"eur_mbbl_mediana":null,"vaca_muerta":0,"operador_principal":null,"boe_por_pozo_mboe":null},"geometry":{"type":"Polygon","coordinates":[[[-67.41829,-38.19116],[-67.42999,-38.18958],[-67.42607,-38.17105],[-67.39312,-38.1654],[-67.38552,-38.1672],[-67.37777,-38.16617],[-67.37342,-38.16942],[-67.37876,-38.17841],[-67.38443,-38.17971],[-67.38776,-38.18391],[-67.41829,-38.19116]]]}},{"type":"Feature","properties":{"yacimiento":"LA BARDA SUR ESTE","codigo":"BSE","operador":"TECPETROL S.A.","pozos":0,"boe_acum_mboe":null,"petroleo_acum_mbbl":null,"npv_musd_mediano":null,"eur_mbbl_mediana":null,"vaca_muerta":0,"operador_principal":null,"boe_por_pozo_mboe":null},"geometry":{"type":"Polygon","coordinates":[[[-67.8882,-38.26166],[-67.88809,-38.26939],[-67.89882,-38.26949],[-67.89894,-38.26177],[-67.8882,-38.26166]]]}},{"type":"Feature","properties":{"yacimiento":"EL ALPATACO","codigo":"EAL","operador":"PAMPETROL S.A.P.E.M","pozos":0,"boe_acum_mboe":null,"petroleo_acum_mbbl":null,"npv_musd_mediano":null,"eur_mbbl_mediana":null,"vaca_muerta":0,"operador_principal":null,"boe_por_pozo_mboe":null},"geometry":{"type":"Polygon","coordinates":[[[-67.5845,-38.16703],[-67.56483,-38.16588],[-67.55368,-38.16832],[-67.57163,-38.17112],[-67.58334,-38.16872],[-67.5845,-38.16703]]]}},{"type":"Feature","properties":{"yacimiento":"ALTOS DE EL JABALI","codigo":"ADEJ","operador":"PAMPETROL S.A.P.E.M","pozos":0,"boe_acum_mboe":null,"petroleo_acum_mbbl":null,"npv_musd_mediano":null,"eur_mbbl_mediana":null,"vaca_muerta":0,"operador_principal":null,"boe_por_pozo_mboe":null},"geometry":{"type":"Polygon","coordinates":[[[-67.47544,-38.17169],[-67.47655,-38.17335],[-67.48747,-38.17641],[-67.49469,-38.17701],[-67.49634,-38.17556],[-67.49504,-38.17347],[-67.47758,-38.16992],[-67.47544,-38.17169]]]}},{"type":"Feature","properties":{"yacimiento":"CAJON DE MOLINA","codigo":"MLN","operador":"ROCH S.A.","pozos":0,"boe_acum_mboe":null,"petroleo_acum_mbbl":null,"npv_musd_mediano":null,"eur_mbbl_mediana":null,"vaca_muerta":0,"operador_principal":null,"boe_por_pozo_mboe":null},"geometry":{"type":"Polygon","coordinates":[[[-69.51874,-36.13762],[-69.51393,-36.13764],[-69.51257,-36.13991],[-69.50947,-36.15321],[-69.51033,-36.16503],[-69.51684,-36.16805],[-69.5268,-36.16267],[-69.52535,-36.14495],[-69.51874,-36.13762]]]}},{"type":"Feature","properties":{"yacimiento":"CAJON DE LOS CABALLOS","codigo":"CAJ","operador":"ROCH S.A.","pozos":0,"boe_acum_mboe":null,"petroleo_acum_mbbl":null,"npv_musd_mediano":null,"eur_mbbl_mediana":null,"vaca_muerta":0,"operador_principal":null,"boe_por_pozo_mboe":null},"geometry":{"type":"Polygon","coordinates":[[[-69.52452,-36.09438],[-69.51881,-36.09441],[-69.51298,-36.10304],[-69.51078,-36.12335],[-69.51304,-36.12704],[-69.527,-36.1267],[-69.52452,-36.09438]]]}},{"type":"Feature","properties":{"yacimiento":"UMBRAL","codigo":"Z149","operador":"PETROLERA PIEDRA DEL AGUILA S.A.","pozos":0,"boe_acum_mboe":null,"petroleo_acum_mbbl":null,"npv_musd_mediano":null,"eur_mbbl_mediana":null,"vaca_muerta":0,"operador_principal":null,"boe_por_pozo_mboe":null},"geometry":{"type":"Polygon","coordinates":[[[-69.33776,-39.59109],[-69.33236,-39.58926],[-69.32869,-39.59052],[-69.32291,-39.59495],[-69.31972,-39.60132],[-69.31586,-39.60393],[-69.31644,-39.60508],[-69.31876,-39.60605],[-69.32918,-39.60045],[-69.33304,-39.60026],[-69.33419,-39.59688],[-69.3367,-39.59544],[-69.33776,-39.59109]]]}},{"type":"Feature","properties":{"yacimiento":"LA BREA","codigo":"LAB","operador":"PETROQUIMICA COMODORO RIVADAVIA S.A.","pozos":0,"boe_acum_mboe":null,"petroleo_acum_mbbl":null,"npv_musd_mediano":null,"eur_mbbl_mediana":null,"vaca_muerta":0,"operador_principal":null,"boe_por_pozo_mboe":null},"geometry":{"type":"Polygon","coordinates":[[[-69.76864,-35.45319],[-69.76076,-35.45705],[-69.76254,-35.46628],[-69.77087,-35.46598],[-69.77563,-35.46226],[-69.7734,-35.45587],[-69.76864,-35.45319]]]}},{"type":"Feature","properties":{"yacimiento":"PUESTO MUÑOZ","codigo":"Z302","operador":"PETROQUIMICA COMODORO RIVADAVIA S.A.","pozos":0,"boe_acum_mboe":null,"petroleo_acum_mbbl":null,"npv_musd_mediano":null,"eur_mbbl_mediana":null,"vaca_muerta":0,"operador_principal":null,"boe_por_pozo_mboe":null},"geometry":{"type":"Polygon","coordinates":[[[-69.73934,-35.49081],[-69.73548,-35.49185],[-69.73117,-35.49676],[-69.73117,-35.50985],[-69.73265,-35.5149],[-69.73578,-35.51743],[-69.74202,-35.5158],[-69.74485,-35.50955],[-69.74589,-35.50048],[-69.74336,-35.49468],[-69.73934,-35.49081]]]}},{"type":"Feature","properties":{"yacimiento":"LOMA CAMPANA-LLL","codigo":"LCLL","operador":"YPF S.A.","pozos":457,"boe_acum_mboe":79608.8,"petroleo_acum_mbbl":52985.4,"npv_musd_mediano":-8.6,"eur_mbbl_mediana":106.9,"vaca_muerta":427,"operador_principal":"YPF","boe_por_pozo_mboe":174.2},"geometry":{"type":"MultiPolygon","coordinates":[[[[-68.91932,-38.36042],[-68.92777,-38.344],[-68.93033,-38.33305],[-68.92997,-38.32193],[-68.92671,-38.31111],[-68.92913,-38.2941],[-68.92673,-38.29204],[-68.90835,-38.2901],[-68.87093,-38.29543],[-68.85133,-38.29271],[-68.84183,-38.29678],[-68.83143,-38.29859],[-68.81716,-38.29477],[-68.74347,-38.29705],[-68.74075,-38.29783],[-68.73841,-38.30598],[-68.73389,-38.31111],[-68.71398,-38.31789],[-68.69092,-38.32956],[-68.68204,-38.33045],[-68.68281,-38.33247],[-68.69031,-38.33591],[-68.69716,-38.33534],[-68.71429,-38.32772],[-68.72476,-38.32925],[-68.7299,-38.33534],[-68.7339,-38.34771],[-68.73686,-38.35148],[-68.73756,-38.35941],[-68.735,-38.36348],[-68.7342,-38.36859],[-68.73856,-38.37126],[-68.74246,-38.37017],[-68.7497,-38.36294],[-68.75236,-38.35133],[-68.75922,-38.338],[-68.76397,-38.33496],[-68.77273,-38.33324],[-68.77559,-38.33419],[-68.78206,-38.34276],[-68.80381,-38.35475],[-68.80761,-38.35342],[-68.80876,-38.34828],[-68.80324,-38.33686],[-68.80515,-38.33394],[-68.80904,-38.33244],[-68.82755,-38.33419],[-68.83269,-38.34124],[-68.83631,-38.34352],[-68.8424,-38.34333],[-68.85744,-38.33914],[-68.86524,-38.34029],[-68.86696,-38.34124],[-68.87229,-38.35532],[-68.87495,-38.35761],[-68.87857,-38.35989],[-68.89189,-38.36294],[-68.91233,-38.36464],[-68.91932,-38.36042]]],[[[-68.91073,-38.40796],[-68.91404,-38.40666],[-68.9123,-38.40154],[-68.90663,-38.39744],[-68.90488,-38.3981],[-68.90651,-38.40318],[-68.91073,-38.40796]]]]}},{"type":"Feature","properties":{"yacimiento":"LOMA CAMPANA-SB","codigo":"LCSB","operador":"YPF S.A.","pozos":146,"boe_acum_mboe":82915.2,"petroleo_acum_mbbl":69002.5,"npv_musd_mediano":12.2,"eur_mbbl_mediana":1278.6,"vaca_muerta":145,"operador_principal":"YPF","boe_por_pozo_mboe":567.9},"geometry":{"type":"Polygon","coordinates":[[[-68.90238,-38.36442],[-68.88471,-38.36142],[-68.875,-38.35761],[-68.87233,-38.35532],[-68.86701,-38.34124],[-68.86529,-38.34029],[-68.85749,-38.33914],[-68.84245,-38.34333],[-68.83636,-38.34352],[-68.83274,-38.34124],[-68.8276,-38.33419],[-68.80794,-38.33261],[-68.80324,-38.33686],[-68.80876,-38.34828],[-68.80761,-38.35342],[-68.80381,-38.35475],[-68.78211,-38.34276],[-68.77563,-38.33419],[-68.77278,-38.33324],[-68.76402,-38.33496],[-68.75926,-38.338],[-68.75241,-38.35133],[-68.74975,-38.36294],[-68.74251,-38.37017],[-68.73841,-38.37124],[-68.73425,-38.36859],[-68.73505,-38.36348],[-68.7376,-38.35941],[-68.73691,-38.35148],[-68.73395,-38.34771],[-68.72995,-38.33534],[-68.72481,-38.32925],[-68.71434,-38.32772],[-68.69721,-38.33534],[-68.68824,-38.33489],[-68.68677,-38.33928],[-68.6763,-38.35368],[-68.66861,-38.37493],[-68.66423,-38.3805],[-68.65531,-38.38419],[-68.64949,-38.38475],[-68.61971,-38.38437],[-68.61163,-38.38734],[-68.60547,-38.39228],[-68.58224,-38.42467],[-68.56706,-38.45012],[-68.56588,-38.46556],[-68.55731,-38.48576],[-68.57215,-38.47624],[-68.57965,-38.46953],[-68.59087,-38.46429],[-68.59201,-38.46048],[-68.5995,-38.45523],[-68.60585,-38.45174],[-68.62078,-38.44739],[-68.61931,-38.4424],[-68.63054,-38.43305],[-68.63433,-38.42252],[-68.65038,-38.4167],[-68.66044,-38.41615],[-68.67203,-38.4068],[-68.67801,-38.40388],[-68.69031,-38.40157],[-68.70038,-38.39662],[-68.71342,-38.39606],[-68.719,-38.39842],[-68.7231,-38.39784],[-68.72424,-38.39198],[-68.72648,-38.39082],[-68.7317,-38.39171],[-68.73171,-38.38643],[-68.72986,-38.38526],[-68.73731,-38.38292],[-68.74292,-38.37854],[-68.74555,-38.37034],[-68.75898,-38.36421],[-68.77052,-38.36277],[-68.78914,-38.36339],[-68.80103,-38.36986],[-68.81593,-38.36665],[-68.81705,-38.36519],[-68.82189,-38.36578],[-68.82301,-38.36755],[-68.83232,-38.36668],[-68.842,-38.36875],[-68.85763,-38.3676],[-68.86842,-38.37611],[-68.8699,-38.38227],[-68.87995,-38.38521],[-68.88069,-38.38902],[-68.88366,-38.39196],[-68.88495,-38.38275],[-68.88828,-38.37561],[-68.89467,-38.36877],[-68.90238,-38.36442]]]}},{"type":"Feature","properties":{"yacimiento":"LA RIBERA BLOQUE II","codigo":"LRII","operador":"YPF S.A.","pozos":1,"boe_acum_mboe":158.3,"petroleo_acum_mbbl":9.7,"npv_musd_mediano":null,"eur_mbbl_mediana":null,"vaca_muerta":1,"operador_principal":"YPF","boe_por_pozo_mboe":158.3},"geometry":{"type":"Polygon","coordinates":[[[-69.11711,-38.61615],[-69.11587,-38.61732],[-69.11706,-38.61863],[-69.11834,-38.61742],[-69.11711,-38.61615]]]}},{"type":"Feature","properties":{"yacimiento":"CERRO HUANUL SUR","codigo":"RLOR","operador":"PLUSPETROL S.A.","pozos":0,"boe_acum_mboe":null,"petroleo_acum_mbbl":null,"npv_musd_mediano":null,"eur_mbbl_mediana":null,"vaca_muerta":0,"operador_principal":null,"boe_por_pozo_mboe":null},"geometry":{"type":"Polygon","coordinates":[[[-68.38897,-37.44544],[-68.34377,-37.4452],[-68.34372,-37.45277],[-68.38087,-37.45543],[-68.4012,-37.44792],[-68.41087,-37.44141],[-68.42468,-37.4381],[-68.42867,-37.42541],[-68.42876,-37.41365],[-68.41464,-37.41261],[-68.38915,-37.42346],[-68.38897,-37.44544]]]}},{"type":"Feature","properties":{"yacimiento":"EL CORCOBO","codigo":"ECBO","operador":"PLUSPETROL S.A.","pozos":0,"boe_acum_mboe":null,"petroleo_acum_mbbl":null,"npv_musd_mediano":null,"eur_mbbl_mediana":null,"vaca_muerta":0,"operador_principal":null,"boe_por_pozo_mboe":null},"geometry":{"type":"Polygon","coordinates":[[[-68.33094,-37.49738],[-68.33099,-37.49185],[-68.31907,-37.49178],[-68.31902,-37.49732],[-68.33094,-37.49738]]]}},{"type":"Feature","properties":{"yacimiento":"EL CORCOBO NORTE","codigo":"ECNR","operador":"PLUSPETROL S.A.","pozos":0,"boe_acum_mboe":null,"petroleo_acum_mbbl":null,"npv_musd_mediano":null,"eur_mbbl_mediana":null,"vaca_muerta":0,"operador_principal":null,"boe_por_pozo_mboe":null},"geometry":{"type":"Polygon","coordinates":[[[-68.21411,-37.49384],[-68.21748,-37.49386],[-68.2191,-37.50304],[-68.23027,-37.49977],[-68.23049,-37.48052],[-68.25257,-37.48068],[-68.25161,-37.42875],[-68.2446,-37.42892],[-68.19691,-37.44651],[-68.19938,-37.45759],[-68.20163,-37.45949],[-68.20978,-37.47741],[-68.21415,-37.4896],[-68.21411,-37.49384]]]}},{"type":"Feature","properties":{"yacimiento":"EL RENEGADO","codigo":"RENE","operador":"PLUSPETROL S.A.","pozos":0,"boe_acum_mboe":null,"petroleo_acum_mbbl":null,"npv_musd_mediano":null,"eur_mbbl_mediana":null,"vaca_muerta":0,"operador_principal":null,"boe_por_pozo_mboe":null},"geometry":{"type":"Polygon","coordinates":[[[-68.23026,-37.49977],[-68.25029,-37.49465],[-68.25277,-37.49064],[-68.25257,-37.48068],[-68.23049,-37.48052],[-68.23026,-37.49977]]]}},{"type":"Feature","properties":{"yacimiento":"GOBERNADOR AYALA ESTE","codigo":"GAYE","operador":"PLUSPETROL S.A.","pozos":0,"boe_acum_mboe":null,"petroleo_acum_mbbl":null,"npv_musd_mediano":null,"eur_mbbl_mediana":null,"vaca_muerta":0,"operador_principal":null,"boe_por_pozo_mboe":null},"geometry":{"type":"Polygon","coordinates":[[[-68.17366,-37.50718],[-68.17354,-37.51986],[-68.18346,-37.51994],[-68.21195,-37.51015],[-68.21262,-37.50745],[-68.17366,-37.50718]]]}},{"type":"Feature","properties":{"yacimiento":"MENDIETA","codigo":"MEN","operador":"PLUSPETROL S.A.","pozos":0,"boe_acum_mboe":null,"petroleo_acum_mbbl":null,"npv_musd_mediano":null,"eur_mbbl_mediana":null,"vaca_muerta":0,"operador_principal":null,"boe_por_pozo_mboe":null},"geometry":{"type":"Polygon","coordinates":[[[-68.13476,-37.53718],[-68.08092,-37.54321],[-68.0715,-37.54294],[-68.07134,-37.55373],[-68.10585,-37.55061],[-68.11275,-37.55309],[-68.11957,-37.55253],[-68.12721,-37.55763],[-68.13424,-37.55729],[-68.13476,-37.53718]]]}},{"type":"Feature","properties":{"yacimiento":"RIO COLORADO","codigo":"RCO","operador":"PLUSPETROL S.A.","pozos":0,"boe_acum_mboe":null,"petroleo_acum_mbbl":null,"npv_musd_mediano":null,"eur_mbbl_mediana":null,"vaca_muerta":0,"operador_principal":null,"boe_por_pozo_mboe":null},"geometry":{"type":"Polygon","coordinates":[[[-68.12541,-37.58143],[-68.126,-37.57226],[-68.10627,-37.57498],[-68.10976,-37.58437],[-68.12541,-37.58143]]]}},{"type":"Feature","properties":{"yacimiento":"JAGÜEL CASA DE PIEDRA","codigo":"JGCP","operador":"PLUSPETROL S.A.","pozos":0,"boe_acum_mboe":null,"petroleo_acum_mbbl":null,"npv_musd_mediano":null,"eur_mbbl_mediana":null,"vaca_muerta":0,"operador_principal":null,"boe_por_pozo_mboe":null},"geometry":{"type":"Polygon","coordinates":[[[-68.47904,-37.38731],[-68.42896,-37.38707],[-68.42867,-37.42541],[-68.43609,-37.42712],[-68.4532,-37.42741],[-68.46136,-37.41514],[-68.46754,-37.39462],[-68.47099,-37.39238],[-68.47975,-37.39195],[-68.47904,-37.38731]]]}},{"type":"Feature","properties":{"yacimiento":"CERRO HUANUL","codigo":"CRRH","operador":"PLUSPETROL S.A.","pozos":0,"boe_acum_mboe":null,"petroleo_acum_mbbl":null,"npv_musd_mediano":null,"eur_mbbl_mediana":null,"vaca_muerta":0,"operador_principal":null,"boe_por_pozo_mboe":null},"geometry":{"type":"Polygon","coordinates":[[[-68.38763,-37.36892],[-68.36601,-37.37408],[-68.35233,-37.38121],[-68.35065,-37.38774],[-68.36173,-37.39036],[-68.36441,-37.39366],[-68.36649,-37.40101],[-68.38288,-37.41632],[-68.38954,-37.3755],[-68.38957,-37.37166],[-68.38763,-37.36892]]]}},{"type":"Feature","properties":{"yacimiento":"CERRO HUANUL SUR","codigo":"CHUS","operador":"PLUSPETROL S.A.","pozos":0,"boe_acum_mboe":null,"petroleo_acum_mbbl":null,"npv_musd_mediano":null,"eur_mbbl_mediana":null,"vaca_muerta":0,"operador_principal":null,"boe_por_pozo_mboe":null},"geometry":{"type":"Polygon","coordinates":[[[-68.30216,-37.4723],[-68.33529,-37.46184],[-68.34369,-37.45635],[-68.34377,-37.4452],[-68.38897,-37.44544],[-68.38917,-37.42111],[-68.38288,-37.41632],[-68.3563,-37.42355],[-68.33531,-37.43237],[-68.32926,-37.44571],[-68.32187,-37.45279],[-68.30469,-37.45869],[-68.29367,-37.46581],[-68.2855,-37.4688],[-68.28318,-37.47803],[-68.29494,-37.47908],[-68.30216,-37.4723]]]}},{"type":"Feature","properties":{"yacimiento":"RIO LIMAY ESTE","codigo":"RLE","operador":"PETROLERA PAMPA S.A.","pozos":0,"boe_acum_mboe":null,"petroleo_acum_mbbl":null,"npv_musd_mediano":null,"eur_mbbl_mediana":null,"vaca_muerta":0,"operador_principal":null,"boe_por_pozo_mboe":null},"geometry":{"type":"Polygon","coordinates":[[[-68.30305,-38.95887],[-68.30298,-38.96698],[-68.34163,-38.96721],[-68.34143,-38.98792],[-68.36625,-38.98806],[-68.36643,-38.96734],[-68.4022,-38.96753],[-68.40227,-38.95942],[-68.30305,-38.95887]]]}},{"type":"Feature","properties":{"yacimiento":"EL CORCOBO NORTE","codigo":"ECCN","operador":"PLUSPETROL S.A.","pozos":0,"boe_acum_mboe":null,"petroleo_acum_mbbl":null,"npv_musd_mediano":null,"eur_mbbl_mediana":null,"vaca_muerta":0,"operador_principal":null,"boe_por_pozo_mboe":null},"geometry":{"type":"MultiPolygon","coordinates":[[[[-68.30611,-37.48099],[-68.32416,-37.4811],[-68.33642,-37.47712],[-68.34353,-37.47141],[-68.34368,-37.45638],[-68.33524,-37.46186],[-68.30214,-37.47228],[-68.30611,-37.48099]]],[[[-68.26135,-37.42601],[-68.26546,-37.43351],[-68.27956,-37.42945],[-68.26843,-37.44708],[-68.26274,-37.44119],[-68.25172,-37.43514],[-68.25256,-37.48068],[-68.2738,-37.4808],[-68.28324,-37.47806],[-68.28547,-37.46878],[-68.29372,-37.46576],[-68.30468,-37.45863],[-68.32197,-37.45269],[-68.32924,-37.44577],[-68.33534,-37.43231],[-68.35638,-37.42348],[-68.38286,-37.4163],[-68.36644,-37.40097],[-68.36473,-37.39485],[-68.35675,-37.3941],[-68.31076,-37.40588],[-68.26135,-37.42601]]]]}},{"type":"Feature","properties":{"yacimiento":"EL CORCOBO NORTE","codigo":"ECNT","operador":"PLUSPETROL S.A.","pozos":0,"boe_acum_mboe":null,"petroleo_acum_mbbl":null,"npv_musd_mediano":null,"eur_mbbl_mediana":null,"vaca_muerta":0,"operador_principal":null,"boe_por_pozo_mboe":null},"geometry":{"type":"MultiPolygon","coordinates":[[[[-68.25258,-37.4807],[-68.25276,-37.49062],[-68.26457,-37.48747],[-68.27197,-37.48403],[-68.27381,-37.48083],[-68.25258,-37.4807]]],[[[-68.35555,-37.46718],[-68.36012,-37.47328],[-68.38009,-37.46246],[-68.3751,-37.45697],[-68.35555,-37.46718]]]]}},{"type":"Feature","properties":{"yacimiento":"PUESTO PINTO","codigo":"PPTO","operador":"PLUSPETROL S.A.","pozos":0,"boe_acum_mboe":null,"petroleo_acum_mbbl":null,"npv_musd_mediano":null,"eur_mbbl_mediana":null,"vaca_muerta":0,"operador_principal":null,"boe_por_pozo_mboe":null},"geometry":{"type":"Polygon","coordinates":[[[-68.16595,-37.48875],[-68.1576,-37.49762],[-68.15792,-37.50256],[-68.16449,-37.51086],[-68.16049,-37.51546],[-68.16332,-37.52199],[-68.17351,-37.52209],[-68.17366,-37.50718],[-68.21257,-37.50745],[-68.21962,-37.50437],[-68.21742,-37.49872],[-68.21747,-37.49384],[-68.2141,-37.49382],[-68.21414,-37.48958],[-68.20977,-37.47739],[-68.1972,-37.46603],[-68.18767,-37.46575],[-68.17797,-37.47638],[-68.17793,-37.48227],[-68.16595,-37.48875]]]}},{"type":"Feature","properties":{"yacimiento":"AGUADA VILLANUEVA","codigo":"AVI","operador":"PLUSPETROL S.A.","pozos":2,"boe_acum_mboe":1064.0,"petroleo_acum_mbbl":388.5,"npv_musd_mediano":null,"eur_mbbl_mediana":null,"vaca_muerta":2,"operador_principal":"YPF","boe_por_pozo_mboe":532.0},"geometry":{"type":"Polygon","coordinates":[[[-69.26964,-38.75193],[-69.26974,-38.77868],[-69.29195,-38.77863],[-69.29184,-38.75188],[-69.26964,-38.75193]]]}},{"type":"Feature","properties":{"yacimiento":"TRES PICOS","codigo":"TRPI","operador":"PLUSPETROL S.A.","pozos":0,"boe_acum_mboe":null,"petroleo_acum_mbbl":null,"npv_musd_mediano":null,"eur_mbbl_mediana":null,"vaca_muerta":0,"operador_principal":null,"boe_por_pozo_mboe":null},"geometry":{"type":"Polygon","coordinates":[[[-68.95312,-38.36409],[-68.95119,-38.37052],[-68.95752,-38.37177],[-68.95992,-38.36775],[-68.96728,-38.36193],[-68.96728,-38.35868],[-68.9633,-38.35587],[-68.96034,-38.35582],[-68.95312,-38.36409]]]}},{"type":"Feature","properties":{"yacimiento":"LA CALERA","codigo":"LCA","operador":"PLUSPETROL S.A.","pozos":118,"boe_acum_mboe":117661.3,"petroleo_acum_mbbl":27567.1,"npv_musd_mediano":null,"eur_mbbl_mediana":null,"vaca_muerta":118,"operador_principal":"Pluspetrol","boe_por_pozo_mboe":997.1},"geometry":{"type":"Polygon","coordinates":[[[-69.0347,-38.25983],[-69.02405,-38.27165],[-69.01835,-38.26846],[-68.9954,-38.29387],[-68.92834,-38.29385],[-68.92827,-38.37875],[-68.98605,-38.39364],[-68.98604,-38.397],[-68.99631,-38.397],[-68.99633,-38.38078],[-69.07932,-38.38075],[-69.07923,-38.29743],[-69.06494,-38.29412],[-69.05331,-38.28802],[-69.05312,-38.27014],[-69.0347,-38.25983]]]}},{"type":"Feature","properties":{"yacimiento":"CERRO MORADO","codigo":"CMOR","operador":"PLUSPETROL S.A.","pozos":0,"boe_acum_mboe":null,"petroleo_acum_mbbl":null,"npv_musd_mediano":null,"eur_mbbl_mediana":null,"vaca_muerta":0,"operador_principal":null,"boe_por_pozo_mboe":null},"geometry":{"type":"Polygon","coordinates":[[[-68.9715,-38.24601],[-68.97079,-38.2566],[-68.97685,-38.25764],[-68.98063,-38.25377],[-68.98125,-38.24629],[-68.978,-38.24436],[-68.9715,-38.24601]]]}},{"type":"Feature","properties":{"yacimiento":"MESETA BUENA ESPERANZA","codigo":"MBE","operador":"PLUSPETROL S.A.","pozos":2,"boe_acum_mboe":814.9,"petroleo_acum_mbbl":145.2,"npv_musd_mediano":null,"eur_mbbl_mediana":null,"vaca_muerta":2,"operador_principal":"YPF","boe_por_pozo_mboe":407.4},"geometry":{"type":"Polygon","coordinates":[[[-69.12658,-38.64669],[-69.12664,-38.6811],[-69.15376,-38.68107],[-69.15369,-38.64666],[-69.12658,-38.64669]]]}},{"type":"Feature","properties":{"yacimiento":"LA INVERNADA","codigo":"LINV","operador":"PLUSPETROL CUENCA NEUQUINA S.R.L.","pozos":2,"boe_acum_mboe":158.4,"petroleo_acum_mbbl":112.8,"npv_musd_mediano":-3.1,"eur_mbbl_mediana":187.2,"vaca_muerta":2,"operador_principal":"Pluspetrol","boe_por_pozo_mboe":79.2},"geometry":{"type":"Polygon","coordinates":[[[-69.16902,-37.52694],[-69.16909,-37.59749],[-69.4119,-37.5969],[-69.41157,-37.53705],[-69.46155,-37.53686],[-69.46135,-37.50529],[-69.40117,-37.50551],[-69.40119,-37.50885],[-69.27369,-37.50966],[-69.27352,-37.46283],[-69.24425,-37.4629],[-69.24432,-37.4832],[-69.20676,-37.48345],[-69.20688,-37.52688],[-69.16902,-37.52694]]]}},{"type":"Feature","properties":{"yacimiento":"AGUADA DEL CHIVATO","codigo":"ACY","operador":"PATAGONIA ENERGY S.A.","pozos":2,"boe_acum_mboe":189.3,"petroleo_acum_mbbl":136.3,"npv_musd_mediano":-8.0,"eur_mbbl_mediana":122.0,"vaca_muerta":2,"operador_principal":"PATAGONIA ENERGY S.A.","boe_por_pozo_mboe":94.6},"geometry":{"type":"Polygon","coordinates":[[[-69.02854,-37.53261],[-69.02851,-37.45602],[-68.94552,-37.45601],[-68.92289,-37.47943],[-68.92283,-37.53259],[-69.02854,-37.53261]]]}},{"type":"Feature","properties":{"yacimiento":"AGUADA BOCAREY","codigo":"BOY","operador":"PATAGONIA ENERGY S.A.","pozos":0,"boe_acum_mboe":null,"petroleo_acum_mbbl":null,"npv_musd_mediano":null,"eur_mbbl_mediana":null,"vaca_muerta":0,"operador_principal":null,"boe_por_pozo_mboe":null},"geometry":{"type":"Polygon","coordinates":[[[-68.94553,-37.43349],[-68.86644,-37.43342],[-68.86636,-37.47938],[-68.92289,-37.47943],[-68.94552,-37.45601],[-68.94553,-37.43349]]]}},{"type":"Feature","properties":{"yacimiento":"MEDIANERA","codigo":"MED","operador":"MEDANITO S.A.","pozos":0,"boe_acum_mboe":null,"petroleo_acum_mbbl":null,"npv_musd_mediano":null,"eur_mbbl_mediana":null,"vaca_muerta":0,"operador_principal":null,"boe_por_pozo_mboe":null},"geometry":{"type":"Polygon","coordinates":[[[-67.95962,-37.84782],[-67.87439,-37.84714],[-67.87335,-37.912],[-67.95863,-37.91279],[-67.95962,-37.84782]]]}},{"type":"Feature","properties":{"yacimiento":"EL MOLINO","codigo":"EMOL","operador":"PETROLSUR ENERGIA S.A.","pozos":0,"boe_acum_mboe":null,"petroleo_acum_mbbl":null,"npv_musd_mediano":null,"eur_mbbl_mediana":null,"vaca_muerta":0,"operador_principal":null,"boe_por_pozo_mboe":null},"geometry":{"type":"Polygon","coordinates":[[[-69.25049,-38.97366],[-69.24834,-38.96787],[-69.24487,-38.96587],[-69.23901,-38.96892],[-69.23799,-38.9723],[-69.23025,-38.97372],[-69.23934,-38.98124],[-69.26197,-38.98275],[-69.2615,-38.98082],[-69.25049,-38.97366]]]}},{"type":"Feature","properties":{"yacimiento":"CUTRAL CO ESTE","codigo":"COES","operador":"PETROLSUR ENERGIA S.A.","pozos":0,"boe_acum_mboe":null,"petroleo_acum_mbbl":null,"npv_musd_mediano":null,"eur_mbbl_mediana":null,"vaca_muerta":0,"operador_principal":null,"boe_por_pozo_mboe":null},"geometry":{"type":"Polygon","coordinates":[[[-69.19842,-38.96344],[-69.19426,-38.96192],[-69.1864,-38.96294],[-69.18641,-38.9677],[-69.19611,-38.96812],[-69.19855,-38.96697],[-69.19842,-38.96344]]]}},{"type":"Feature","properties":{"yacimiento":"BANDURRIA SUR","codigo":"BDSS","operador":"YPF S.A.","pozos":3,"boe_acum_mboe":533.2,"petroleo_acum_mbbl":447.7,"npv_musd_mediano":-2.6,"eur_mbbl_mediana":419.0,"vaca_muerta":3,"operador_principal":"YPF","boe_por_pozo_mboe":177.7},"geometry":{"type":"MultiPolygon","coordinates":[[[[-68.75269,-38.26287],[-68.75068,-38.25953],[-68.74402,-38.25849],[-68.71413,-38.25624],[-68.70519,-38.2568],[-68.70331,-38.2582],[-68.70444,-38.2616],[-68.72304,-38.26414],[-68.74408,-38.26554],[-68.75269,-38.26287]]],[[[-68.73172,-38.22557],[-68.74302,-38.22837],[-68.74265,-38.22488],[-68.73547,-38.22307],[-68.73062,-38.22381],[-68.73172,-38.22557]]],[[[-68.8414,-38.26486],[-68.83889,-38.2673],[-68.8414,-38.26988],[-68.84392,-38.26744],[-68.8414,-38.26486]]],[[[-68.81902,-38.23707],[-68.82157,-38.23591],[-68.82056,-38.23374],[-68.81727,-38.23468],[-68.81902,-38.23707]]]]}},{"type":"Feature","properties":{"yacimiento":"AGUA BOTADA","codigo":"BOT","operador":"ROCH S.A.","pozos":0,"boe_acum_mboe":null,"petroleo_acum_mbbl":null,"npv_musd_mediano":null,"eur_mbbl_mediana":null,"vaca_muerta":0,"operador_principal":null,"boe_por_pozo_mboe":null},"geometry":{"type":"Polygon","coordinates":[[[-69.70692,-35.88852],[-69.70523,-35.69747],[-69.64336,-35.69781],[-69.64358,-35.72485],[-69.57064,-35.72522],[-69.57144,-35.83697],[-69.63563,-35.83664],[-69.63605,-35.88891],[-69.70692,-35.88852]]]}},{"type":"Feature","properties":{"yacimiento":"DOÑA PAULA","codigo":"DOPA","operador":"PETROLEOS SUDAMERICANOS S.A.","pozos":0,"boe_acum_mboe":null,"petroleo_acum_mbbl":null,"npv_musd_mediano":null,"eur_mbbl_mediana":null,"vaca_muerta":0,"operador_principal":null,"boe_por_pozo_mboe":null},"geometry":{"type":"Polygon","coordinates":[[[-67.92711,-38.14604],[-67.92603,-38.14348],[-67.91826,-38.14261],[-67.90836,-38.14651],[-67.90741,-38.15004],[-67.90951,-38.15156],[-67.92007,-38.15146],[-67.92369,-38.15023],[-67.92711,-38.14604]]]}},{"type":"Feature","properties":{"yacimiento":"COIRON","codigo":"COIR","operador":"PETROLEOS SUDAMERICANOS S.A.","pozos":0,"boe_acum_mboe":null,"petroleo_acum_mbbl":null,"npv_musd_mediano":null,"eur_mbbl_mediana":null,"vaca_muerta":0,"operador_principal":null,"boe_por_pozo_mboe":null},"geometry":{"type":"Polygon","coordinates":[[[-67.88874,-38.15261],[-67.88748,-38.15387],[-67.88874,-38.15512],[-67.88999,-38.15387],[-67.88874,-38.15261]]]}},{"type":"Feature","properties":{"yacimiento":"Cutral Co Norte","codigo":"CNCN","operador":"PETROLSUR ENERGIA S.A.","pozos":0,"boe_acum_mboe":null,"petroleo_acum_mbbl":null,"npv_musd_mediano":null,"eur_mbbl_mediana":null,"vaca_muerta":0,"operador_principal":null,"boe_por_pozo_mboe":null},"geometry":{"type":"MultiPolygon","coordinates":[[[[-69.22177,-38.95347],[-69.21304,-38.95358],[-69.19061,-38.95358],[-69.20022,-38.95785],[-69.21049,-38.95881],[-69.2217,-38.95838],[-69.22177,-38.95347]]],[[[-69.24722,-38.96217],[-69.25368,-38.97382],[-69.26417,-38.97858],[-69.27677,-38.97944],[-69.28816,-38.97671],[-69.28787,-38.9706],[-69.27926,-38.97065],[-69.27924,-38.96292],[-69.27058,-38.96294],[-69.2705,-38.95089],[-69.24224,-38.9509],[-69.24233,-38.95885],[-69.24722,-38.96217]]]]}},{"type":"Feature","properties":{"yacimiento":"RIO NEUQUEN","codigo":"RNQ","operador":"YPF S.A.","pozos":109,"boe_acum_mboe":104029.2,"petroleo_acum_mbbl":6641.0,"npv_musd_mediano":null,"eur_mbbl_mediana":null,"vaca_muerta":0,"operador_principal":"YPF","boe_por_pozo_mboe":954.4},"geometry":{"type":"Polygon","coordinates":[[[-68.1841,-38.78114],[-68.215,-38.79094],[-68.22631,-38.79004],[-68.23279,-38.78325],[-68.23701,-38.77571],[-68.23837,-38.76818],[-68.23807,-38.75325],[-68.24033,-38.74903],[-68.32596,-38.68872],[-68.33501,-38.67877],[-68.33486,-38.67154],[-68.3323,-38.66777],[-68.32692,-38.66551],[-68.30601,-38.66283],[-68.2727,-38.66164],[-68.20191,-38.66521],[-68.17871,-38.67651],[-68.15313,-38.70149],[-68.12814,-38.71636],[-68.1155,-38.72491],[-68.10992,-38.73064],[-68.10962,-38.74044],[-68.11294,-38.75159],[-68.11701,-38.75612],[-68.16736,-38.7721],[-68.1841,-38.78114]]]}},{"type":"Feature","properties":{"yacimiento":"AGUADA DE LA ARENA","codigo":"AGA","operador":"YPF S.A.","pozos":27,"boe_acum_mboe":30395.5,"petroleo_acum_mbbl":58.3,"npv_musd_mediano":null,"eur_mbbl_mediana":null,"vaca_muerta":27,"operador_principal":"YPF","boe_por_pozo_mboe":1125.8},"geometry":{"type":"MultiPolygon","coordinates":[[[[-69.15004,-38.25504],[-69.16065,-38.25401],[-69.16484,-38.25229],[-69.16788,-38.24868],[-69.16731,-38.19956],[-69.16313,-38.18947],[-69.15703,-38.18624],[-69.14466,-38.18681],[-69.13838,-38.19766],[-69.138,-38.21117],[-69.13571,-38.21727],[-69.13667,-38.23478],[-69.14796,-38.24106],[-69.15004,-38.25504]]],[[[-69.10923,-38.25054],[-69.11114,-38.24885],[-69.10946,-38.24694],[-69.10755,-38.24863],[-69.10923,-38.25054]]]]}},{"type":"Feature","properties":{"yacimiento":"CARRO QUEBRADO","codigo":"CAQU","operador":"YPF S.A.","pozos":0,"boe_acum_mboe":null,"petroleo_acum_mbbl":null,"npv_musd_mediano":null,"eur_mbbl_mediana":null,"vaca_muerta":0,"operador_principal":null,"boe_por_pozo_mboe":null},"geometry":{"type":"Polygon","coordinates":[[[-69.10641,-38.19211],[-69.10461,-38.19391],[-69.10641,-38.19571],[-69.10821,-38.19391],[-69.10641,-38.19211]]]}},{"type":"Feature","properties":{"yacimiento":"LOS BASTOS-LAS COPAS","codigo":"BAS","operador":"TECPETROL S.A.","pozos":0,"boe_acum_mboe":null,"petroleo_acum_mbbl":null,"npv_musd_mediano":null,"eur_mbbl_mediana":null,"vaca_muerta":0,"operador_principal":null,"boe_por_pozo_mboe":null},"geometry":{"type":"Polygon","coordinates":[[[-68.69503,-38.84824],[-68.72886,-38.85683],[-68.73734,-38.84834],[-68.69503,-38.84824]]]}},{"type":"Feature","properties":{"yacimiento":"EL VIEJO BOMBEO","codigo":"EVBO","operador":"TECPETROL S.A.","pozos":0,"boe_acum_mboe":null,"petroleo_acum_mbbl":null,"npv_musd_mediano":null,"eur_mbbl_mediana":null,"vaca_muerta":0,"operador_principal":null,"boe_por_pozo_mboe":null},"geometry":{"type":"Polygon","coordinates":[[[-67.91144,-38.46362],[-67.90072,-38.47016],[-67.90066,-38.47382],[-67.91902,-38.4736],[-67.91912,-38.46361],[-67.91144,-38.46362]]]}},{"type":"Feature","properties":{"yacimiento":"PASO DE INDIOS","codigo":"PAIN","operador":"TECPETROL S.A.","pozos":0,"boe_acum_mboe":null,"petroleo_acum_mbbl":null,"npv_musd_mediano":null,"eur_mbbl_mediana":null,"vaca_muerta":0,"operador_principal":null,"boe_por_pozo_mboe":null},"geometry":{"type":"Polygon","coordinates":[[[-69.19482,-38.55361],[-69.19486,-38.57051],[-69.21723,-38.57047],[-69.21718,-38.55357],[-69.19482,-38.55361]]]}},{"type":"Feature","properties":{"yacimiento":"FORTIN DE PIEDRA","codigo":"FOR","operador":"TECPETROL S.A.","pozos":197,"boe_acum_mboe":288753.7,"petroleo_acum_mbbl":18076.5,"npv_musd_mediano":-9.4,"eur_mbbl_mediana":38.1,"vaca_muerta":197,"operador_principal":"Tecpetrol","boe_por_pozo_mboe":1465.8},"geometry":{"type":"MultiPolygon","coordinates":[[[[-68.9878,-38.51642],[-68.98768,-38.62181],[-69.10475,-38.62173],[-69.10461,-38.60201],[-69.06786,-38.60184],[-69.06782,-38.57316],[-69.03295,-38.57312],[-69.03293,-38.53898],[-69.01418,-38.53882],[-69.01405,-38.5165],[-68.9878,-38.51642]]],[[[-68.98132,-38.48087],[-68.98129,-38.49196],[-69.00962,-38.4918],[-69.00942,-38.50638],[-69.03045,-38.50637],[-69.03045,-38.51383],[-69.03886,-38.51383],[-69.04056,-38.51528],[-69.04748,-38.52569],[-69.04925,-38.53063],[-69.04876,-38.53403],[-69.05098,-38.53745],[-69.05811,-38.54168],[-69.06013,-38.54653],[-69.06445,-38.54812],[-69.07421,-38.55973],[-69.08729,-38.56741],[-69.08916,-38.57128],[-69.09792,-38.57718],[-69.10819,-38.57918],[-69.11338,-38.58203],[-69.13573,-38.59967],[-69.14781,-38.60451],[-69.16715,-38.60838],[-69.17496,-38.60458],[-69.18353,-38.6054],[-69.1986,-38.61408],[-69.20334,-38.61534],[-69.20835,-38.61997],[-69.21697,-38.62169],[-69.23123,-38.62166],[-69.2308,-38.5153],[-69.05657,-38.51547],[-69.05654,-38.44467],[-68.96491,-38.44468],[-68.9649,-38.48083],[-68.98132,-38.48087]]]]}},{"type":"Feature","properties":{"yacimiento":"PUESTO DINAMARCA","codigo":"PUDI","operador":"TECPETROL S.A.","pozos":0,"boe_acum_mboe":null,"petroleo_acum_mbbl":null,"npv_musd_mediano":null,"eur_mbbl_mediana":null,"vaca_muerta":0,"operador_principal":null,"boe_por_pozo_mboe":null},"geometry":{"type":"Polygon","coordinates":[[[-68.76049,-38.86223],[-68.76048,-38.86531],[-68.75271,-38.86529],[-68.7527,-38.8689],[-68.74466,-38.86888],[-68.74464,-38.87496],[-68.75507,-38.87498],[-68.75508,-38.87211],[-68.76038,-38.87212],[-68.76039,-38.86871],[-68.76637,-38.86873],[-68.76639,-38.86231],[-68.76049,-38.86223]]]}},{"type":"Feature","properties":{"yacimiento":"PUESTO LA MIRANDA","codigo":"PLMI","operador":"TECPETROL S.A.","pozos":0,"boe_acum_mboe":null,"petroleo_acum_mbbl":null,"npv_musd_mediano":null,"eur_mbbl_mediana":null,"vaca_muerta":0,"operador_principal":null,"boe_por_pozo_mboe":null},"geometry":{"type":"Polygon","coordinates":[[[-68.73384,-38.82528],[-68.74006,-38.8253],[-68.74008,-38.8207],[-68.73386,-38.82069],[-68.73384,-38.82528]]]}},{"type":"Feature","properties":{"yacimiento":"PUESTO PARADA","codigo":"PUEP","operador":"TECPETROL S.A.","pozos":19,"boe_acum_mboe":4562.9,"petroleo_acum_mbbl":4252.6,"npv_musd_mediano":10.3,"eur_mbbl_mediana":1009.2,"vaca_muerta":19,"operador_principal":"Tecpetrol","boe_por_pozo_mboe":240.2},"geometry":{"type":"Polygon","coordinates":[[[-68.76898,-38.79359],[-68.51003,-38.79281],[-68.50936,-38.88744],[-68.54585,-38.88759],[-68.54641,-38.88149],[-68.56882,-38.86931],[-68.56937,-38.85319],[-68.60965,-38.85327],[-68.60966,-38.84787],[-68.76878,-38.84841],[-68.76898,-38.79359]]]}},{"type":"Feature","properties":{"yacimiento":"CAÑADON DE LA POLVAREDA","codigo":"CDLP","operador":"TECPETROL S.A.","pozos":0,"boe_acum_mboe":null,"petroleo_acum_mbbl":null,"npv_musd_mediano":null,"eur_mbbl_mediana":null,"vaca_muerta":0,"operador_principal":null,"boe_por_pozo_mboe":null},"geometry":{"type":"Polygon","coordinates":[[[-68.62033,-38.84746],[-68.63182,-38.8475],[-68.63184,-38.84291],[-68.62035,-38.84287],[-68.62033,-38.84746]]]}},{"type":"Feature","properties":{"yacimiento":"PUESTO VERA","codigo":"PVRA","operador":"TECPETROL S.A.","pozos":1,"boe_acum_mboe":5.4,"petroleo_acum_mbbl":2.6,"npv_musd_mediano":-10.9,"eur_mbbl_mediana":4.3,"vaca_muerta":1,"operador_principal":"Tecpetrol","boe_por_pozo_mboe":5.4},"geometry":{"type":"Polygon","coordinates":[[[-68.62742,-38.83728],[-68.63364,-38.8373],[-68.63366,-38.83271],[-68.62745,-38.83269],[-68.62742,-38.83728]]]}},{"type":"Feature","properties":{"yacimiento":"PAMPA DEL TINO","codigo":"PMPT","operador":"TECPETROL S.A.","pozos":0,"boe_acum_mboe":null,"petroleo_acum_mbbl":null,"npv_musd_mediano":null,"eur_mbbl_mediana":null,"vaca_muerta":0,"operador_principal":null,"boe_por_pozo_mboe":null},"geometry":{"type":"Polygon","coordinates":[[[-68.7094,-38.83533],[-68.72124,-38.83449],[-68.72125,-38.83023],[-68.73081,-38.82969],[-68.73083,-38.82544],[-68.72122,-38.82686],[-68.72121,-38.82899],[-68.71435,-38.8291],[-68.71438,-38.8321],[-68.70939,-38.83254],[-68.7094,-38.83533]]]}},{"type":"Feature","properties":{"yacimiento":"LOS BASTOS SUR","codigo":"LBS","operador":"TECPETROL S.A.","pozos":0,"boe_acum_mboe":null,"petroleo_acum_mbbl":null,"npv_musd_mediano":null,"eur_mbbl_mediana":null,"vaca_muerta":0,"operador_principal":null,"boe_por_pozo_mboe":null},"geometry":{"type":"Polygon","coordinates":[[[-68.75269,-38.85497],[-68.75268,-38.85851],[-68.73226,-38.85846],[-68.73224,-38.86327],[-68.71919,-38.86347],[-68.71925,-38.86495],[-68.71059,-38.86493],[-68.71052,-38.86703],[-68.69949,-38.8671],[-68.69942,-38.87109],[-68.69036,-38.87274],[-68.68663,-38.8795],[-68.68661,-38.88443],[-68.6915,-38.88444],[-68.69145,-38.87962],[-68.69509,-38.87414],[-68.7035,-38.87416],[-68.70349,-38.87697],[-68.71829,-38.87701],[-68.7183,-38.87378],[-68.72788,-38.8738],[-68.72789,-38.87143],[-68.73505,-38.87145],[-68.73507,-38.86761],[-68.74293,-38.86763],[-68.74294,-38.86416],[-68.7526,-38.86418],[-68.75261,-38.86199],[-68.76639,-38.86202],[-68.76641,-38.855],[-68.75269,-38.85497]]]}},{"type":"Feature","properties":{"yacimiento":"PUESTO AGUADA DEL SEMBRADO","codigo":"PAS","operador":"TECPETROL S.A.","pozos":0,"boe_acum_mboe":null,"petroleo_acum_mbbl":null,"npv_musd_mediano":null,"eur_mbbl_mediana":null,"vaca_muerta":0,"operador_principal":null,"boe_por_pozo_mboe":null},"geometry":{"type":"Polygon","coordinates":[[[-68.61185,-38.84249],[-68.63279,-38.84256],[-68.63281,-38.83796],[-68.61188,-38.83789],[-68.61185,-38.84249]]]}},{"type":"Feature","properties":{"yacimiento":"AGUADA ANACLETO","codigo":"AAN","operador":"TECPETROL S.A.","pozos":0,"boe_acum_mboe":null,"petroleo_acum_mbbl":null,"npv_musd_mediano":null,"eur_mbbl_mediana":null,"vaca_muerta":0,"operador_principal":null,"boe_por_pozo_mboe":null},"geometry":{"type":"Polygon","coordinates":[[[-68.67263,-38.91176],[-68.70089,-38.91184],[-68.70092,-38.90522],[-68.67266,-38.90514],[-68.67263,-38.91176]]]}},{"type":"Feature","properties":{"yacimiento":"PUNTA SENILLOSA SUR","codigo":"PSE","operador":"TECPETROL S.A.","pozos":0,"boe_acum_mboe":null,"petroleo_acum_mbbl":null,"npv_musd_mediano":null,"eur_mbbl_mediana":null,"vaca_muerta":0,"operador_principal":null,"boe_por_pozo_mboe":null},"geometry":{"type":"Polygon","coordinates":[[[-68.6451,-38.95987],[-68.65555,-38.9599],[-68.67097,-38.94964],[-68.662,-38.94964],[-68.6451,-38.95987]]]}},{"type":"Feature","properties":{"yacimiento":"LAS CHIVAS NC","codigo":"LCNC","operador":"TECPETROL S.A.","pozos":3,"boe_acum_mboe":529.8,"petroleo_acum_mbbl":48.8,"npv_musd_mediano":null,"eur_mbbl_mediana":null,"vaca_muerta":0,"operador_principal":"Tecpetrol","boe_por_pozo_mboe":176.6},"geometry":{"type":"Polygon","coordinates":[[[-68.6741,-38.84818],[-68.60966,-38.84787],[-68.61004,-38.85506],[-68.62024,-38.86095],[-68.61509,-38.86533],[-68.60944,-38.86307],[-68.60533,-38.86902],[-68.61401,-38.87266],[-68.62441,-38.86336],[-68.6285,-38.86571],[-68.66289,-38.86572],[-68.66299,-38.85601],[-68.67421,-38.85608],[-68.6741,-38.84818]]]}},{"type":"Feature","properties":{"yacimiento":"PUNTA SENILLOSA NC","codigo":"PSNC","operador":"TECPETROL S.A.","pozos":8,"boe_acum_mboe":3154.5,"petroleo_acum_mbbl":262.0,"npv_musd_mediano":null,"eur_mbbl_mediana":null,"vaca_muerta":0,"operador_principal":"Tecpetrol","boe_por_pozo_mboe":394.3},"geometry":{"type":"Polygon","coordinates":[[[-68.59095,-38.86943],[-68.56905,-38.86936],[-68.56901,-38.87723],[-68.56556,-38.8784],[-68.56436,-38.87683],[-68.55426,-38.88022],[-68.55522,-38.88214],[-68.5542,-38.8825],[-68.54801,-38.88248],[-68.54798,-38.88748],[-68.55417,-38.8875],[-68.56897,-38.88287],[-68.57432,-38.88288],[-68.57431,-38.88604],[-68.58137,-38.88608],[-68.58141,-38.88294],[-68.58626,-38.88293],[-68.59088,-38.87969],[-68.59095,-38.86943]]]}},{"type":"Feature","properties":{"yacimiento":"BAJO DE LOS CAJONES","codigo":"BDLC","operador":"TECPETROL S.A.","pozos":0,"boe_acum_mboe":null,"petroleo_acum_mbbl":null,"npv_musd_mediano":null,"eur_mbbl_mediana":null,"vaca_muerta":0,"operador_principal":null,"boe_por_pozo_mboe":null},"geometry":{"type":"Polygon","coordinates":[[[-68.07287,-38.34198],[-68.0728,-38.34792],[-68.08034,-38.34798],[-68.08041,-38.34204],[-68.07287,-38.34198]]]}},{"type":"Feature","properties":{"yacimiento":"LA JARILLA","codigo":"LJA","operador":"TECPETROL S.A.","pozos":0,"boe_acum_mboe":null,"petroleo_acum_mbbl":null,"npv_musd_mediano":null,"eur_mbbl_mediana":null,"vaca_muerta":0,"operador_principal":null,"boe_por_pozo_mboe":null},"geometry":{"type":"Polygon","coordinates":[[[-67.86611,-38.30153],[-67.82705,-38.3238],[-67.82191,-38.33718],[-67.82786,-38.34103],[-67.83649,-38.33535],[-67.87432,-38.33572],[-67.87447,-38.32607],[-67.8994,-38.32631],[-67.8996,-38.31313],[-67.88648,-38.31301],[-67.88665,-38.30172],[-67.86611,-38.30153]]]}},{"type":"Feature","properties":{"yacimiento":"AGUADA DE LOS INDIOS","codigo":"AIN","operador":"TECPETROL S.A.","pozos":0,"boe_acum_mboe":null,"petroleo_acum_mbbl":null,"npv_musd_mediano":null,"eur_mbbl_mediana":null,"vaca_muerta":0,"operador_principal":null,"boe_por_pozo_mboe":null},"geometry":{"type":"Polygon","coordinates":[[[-67.80893,-38.43861],[-67.80888,-38.44171],[-67.81733,-38.44309],[-67.81736,-38.44085],[-67.82328,-38.44094],[-67.82335,-38.43656],[-67.8182,-38.43651],[-67.81817,-38.43869],[-67.80893,-38.43861]]]}},{"type":"Feature","properties":{"yacimiento":"AGUADA DE LOS INDIOS SUR","codigo":"AINS","operador":"TECPETROL S.A.","pozos":0,"boe_acum_mboe":null,"petroleo_acum_mbbl":null,"npv_musd_mediano":null,"eur_mbbl_mediana":null,"vaca_muerta":0,"operador_principal":null,"boe_por_pozo_mboe":null},"geometry":{"type":"Polygon","coordinates":[[[-67.73483,-38.45454],[-67.73476,-38.45902],[-67.75452,-38.45923],[-67.76082,-38.46324],[-67.76922,-38.46333],[-67.7692,-38.46887],[-67.77517,-38.46893],[-67.77525,-38.46721],[-67.8143,-38.46764],[-67.81441,-38.46078],[-67.80068,-38.46065],[-67.80069,-38.45543],[-67.79475,-38.45534],[-67.7947,-38.46059],[-67.78359,-38.46048],[-67.78363,-38.45577],[-67.77891,-38.45571],[-67.77883,-38.46042],[-67.76921,-38.46117],[-67.76924,-38.45904],[-67.76369,-38.45898],[-67.76244,-38.45483],[-67.73483,-38.45454]]]}},{"type":"Feature","properties":{"yacimiento":"LOMA AZUL","codigo":"LOAZ","operador":"TECPETROL S.A.","pozos":0,"boe_acum_mboe":null,"petroleo_acum_mbbl":null,"npv_musd_mediano":null,"eur_mbbl_mediana":null,"vaca_muerta":0,"operador_principal":null,"boe_por_pozo_mboe":null},"geometry":{"type":"Polygon","coordinates":[[[-67.77349,-38.44868],[-67.76022,-38.44854],[-67.76012,-38.45205],[-67.76248,-38.45205],[-67.76369,-38.45898],[-67.76924,-38.45904],[-67.76921,-38.46117],[-67.77883,-38.46042],[-67.77894,-38.45376],[-67.78139,-38.45378],[-67.78145,-38.45018],[-67.77687,-38.45013],[-67.77684,-38.45215],[-67.77349,-38.45208],[-67.77349,-38.44868]]]}},{"type":"Feature","properties":{"yacimiento":"PUESTO BRAVO","codigo":"PBRA","operador":"TECPETROL S.A.","pozos":0,"boe_acum_mboe":null,"petroleo_acum_mbbl":null,"npv_musd_mediano":null,"eur_mbbl_mediana":null,"vaca_muerta":0,"operador_principal":null,"boe_por_pozo_mboe":null},"geometry":{"type":"Polygon","coordinates":[[[-67.92617,-38.46999],[-67.92074,-38.46994],[-67.92068,-38.4738],[-67.92612,-38.47385],[-67.92617,-38.46999]]]}},{"type":"Feature","properties":{"yacimiento":"AGUA SALADA","codigo":"Z006","operador":"TECPETROL S.A.","pozos":0,"boe_acum_mboe":null,"petroleo_acum_mbbl":null,"npv_musd_mediano":null,"eur_mbbl_mediana":null,"vaca_muerta":0,"operador_principal":null,"boe_por_pozo_mboe":null},"geometry":{"type":"Polygon","coordinates":[[[-67.93768,-38.23997],[-67.92891,-38.23989],[-67.92884,-38.24488],[-67.93761,-38.24496],[-67.93768,-38.23997]]]}},{"type":"Feature","properties":{"yacimiento":"JAGUEL DEL MORO","codigo":"JDMO","operador":"TECPETROL S.A.","pozos":0,"boe_acum_mboe":null,"petroleo_acum_mbbl":null,"npv_musd_mediano":null,"eur_mbbl_mediana":null,"vaca_muerta":0,"operador_principal":null,"boe_por_pozo_mboe":null},"geometry":{"type":"Polygon","coordinates":[[[-67.83165,-38.45963],[-67.82646,-38.46144],[-67.82601,-38.46036],[-67.82018,-38.46208],[-67.82173,-38.46499],[-67.82754,-38.46313],[-67.82911,-38.46556],[-67.83414,-38.46366],[-67.83165,-38.45963]]]}},{"type":"Feature","properties":{"yacimiento":"LOMA AZUL NORTE","codigo":"LAN","operador":"TECPETROL S.A.","pozos":0,"boe_acum_mboe":null,"petroleo_acum_mbbl":null,"npv_musd_mediano":null,"eur_mbbl_mediana":null,"vaca_muerta":0,"operador_principal":null,"boe_por_pozo_mboe":null},"geometry":{"type":"Polygon","coordinates":[[[-67.762,-38.44856],[-67.77349,-38.44868],[-67.77364,-38.43968],[-67.76215,-38.43956],[-67.762,-38.44856]]]}},{"type":"Feature","properties":{"yacimiento":"POZOS SIN YACIMIENTO","codigo":"ASY1","operador":"TECPETROL S.A.","pozos":0,"boe_acum_mboe":null,"petroleo_acum_mbbl":null,"npv_musd_mediano":null,"eur_mbbl_mediana":null,"vaca_muerta":0,"operador_principal":null,"boe_por_pozo_mboe":null},"geometry":{"type":"Polygon","coordinates":[[[-67.73504,-38.22221],[-67.73055,-38.4795],[-67.73684,-38.47959],[-67.74016,-38.48242],[-67.73645,-38.48492],[-67.7346,-38.48325],[-67.73049,-38.48325],[-67.72976,-38.52465],[-67.79797,-38.52535],[-67.79867,-38.48342],[-67.93536,-38.48474],[-67.936,-38.44158],[-67.88228,-38.44108],[-67.88307,-38.39026],[-67.9523,-38.3909],[-67.95262,-38.36855],[-68.08381,-38.36961],[-68.08449,-38.31554],[-68.05591,-38.31532],[-67.97096,-38.25786],[-67.97143,-38.22452],[-67.73504,-38.22221]],[[-67.93777,-38.23413],[-67.93761,-38.24496],[-67.92884,-38.24488],[-67.92891,-38.23989],[-67.92369,-38.23984],[-67.92358,-38.24731],[-67.88665,-38.24697],[-67.88695,-38.22695],[-67.92766,-38.22733],[-67.93777,-38.23413]],[[-67.89894,-38.26177],[-67.89882,-38.26949],[-67.88809,-38.26939],[-67.8882,-38.26166],[-67.89894,-38.26177]],[[-67.8996,-38.31313],[-67.8994,-38.32631],[-67.87447,-38.32607],[-67.87432,-38.33572],[-67.83649,-38.33535],[-67.82786,-38.34103],[-67.82191,-38.33718],[-67.82705,-38.3238],[-67.86611,-38.30153],[-67.88665,-38.30172],[-67.88648,-38.31301],[-67.8996,-38.31313]],[[-68.0728,-38.34792],[-68.07287,-38.34198],[-68.08041,-38.34204],[-68.08034,-38.34798],[-68.0728,-38.34792]],[[-67.77063,-38.41896],[-67.76152,-38.42383],[-67.75735,-38.41961],[-67.76639,-38.41441],[-67.77063,-38.41896]],[[-67.82335,-38.43656],[-67.82328,-38.44094],[-67.81736,-38.44085],[-67.81733,-38.44309],[-67.80888,-38.44171],[-67.80893,-38.43861],[-67.81817,-38.43869],[-67.8182,-38.43651],[-67.82335,-38.43656]],[[-67.77364,-38.43968],[-67.77349,-38.45208],[-67.77684,-38.45215],[-67.77687,-38.45013],[-67.78145,-38.45018],[-67.78139,-38.45378],[-67.77894,-38.45376],[-67.77891,-38.45571],[-67.78363,-38.45577],[-67.78359,-38.46048],[-67.7947,-38.46059],[-67.79475,-38.45534],[-67.80069,-38.45543],[-67.80068,-38.46065],[-67.81441,-38.46078],[-67.8143,-38.46764],[-67.77525,-38.46721],[-67.77517,-38.46893],[-67.7692,-38.46887],[-67.76922,-38.46333],[-67.76082,-38.46324],[-67.75452,-38.45923],[-67.73476,-38.45902],[-67.73483,-38.45454],[-67.76244,-38.45483],[-67.76248,-38.45205],[-67.76012,-38.45205],[-67.76022,-38.44854],[-67.762,-38.44856],[-67.76215,-38.43956],[-67.77364,-38.43968]],[[-67.90072,-38.47016],[-67.91144,-38.46362],[-67.91912,-38.46361],[-67.91902,-38.4736],[-67.90066,-38.47382],[-67.90072,-38.47016]],[[-67.92068,-38.4738],[-67.92074,-38.46994],[-67.92617,-38.46999],[-67.92612,-38.47385],[-67.92068,-38.4738]],[[-67.87777,-38.46338],[-67.87427,-38.46611],[-67.86912,-38.46114],[-67.87271,-38.45859],[-67.87777,-38.46338]],[[-67.83414,-38.46366],[-67.82911,-38.46556],[-67.82754,-38.46313],[-67.82173,-38.46499],[-67.82018,-38.46208],[-67.83165,-38.45963],[-67.83414,-38.46366]],[[-67.89356,-38.4528],[-67.89048,-38.44932],[-67.89423,-38.44715],[-67.89728,-38.45069],[-67.89356,-38.4528]]]}},{"type":"Feature","properties":{"yacimiento":"LOMA CORTADA","codigo":"LCOR","operador":"TECPETROL S.A.","pozos":0,"boe_acum_mboe":null,"petroleo_acum_mbbl":null,"npv_musd_mediano":null,"eur_mbbl_mediana":null,"vaca_muerta":0,"operador_principal":null,"boe_por_pozo_mboe":null},"geometry":{"type":"Polygon","coordinates":[[[-67.75735,-38.41961],[-67.76152,-38.42383],[-67.77063,-38.41896],[-67.76639,-38.41441],[-67.75735,-38.41961]]]}},{"type":"Feature","properties":{"yacimiento":"POZOS SIN YACIMIENTO","codigo":"PZSY","operador":"PAMPETROL S.A.P.E.M","pozos":0,"boe_acum_mboe":null,"petroleo_acum_mbbl":null,"npv_musd_mediano":null,"eur_mbbl_mediana":null,"vaca_muerta":0,"operador_principal":null,"boe_por_pozo_mboe":null},"geometry":{"type":"Polygon","coordinates":[[[-67.30078,-38.16223],[-67.30013,-38.19146],[-67.4924,-38.19638],[-67.49182,-38.22459],[-67.58381,-38.21279],[-67.58656,-38.16597],[-67.30078,-38.16223]],[[-67.57179,-38.16593],[-67.5845,-38.16703],[-67.58334,-38.16872],[-67.57163,-38.17112],[-67.55368,-38.16832],[-67.57179,-38.16593]],[[-67.38648,-38.16714],[-67.39336,-38.16541],[-67.42607,-38.17105],[-67.42995,-38.18969],[-67.41817,-38.19115],[-67.38776,-38.18391],[-67.38443,-38.17971],[-67.37876,-38.17841],[-67.37342,-38.16942],[-67.37799,-38.16612],[-67.38648,-38.16714]],[[-67.35417,-38.17305],[-67.35242,-38.17066],[-67.35571,-38.16971],[-67.35671,-38.17189],[-67.35417,-38.17305]],[[-67.44169,-38.19136],[-67.43995,-38.18897],[-67.44323,-38.18803],[-67.44424,-38.1902],[-67.44169,-38.19136]],[[-67.49974,-38.1774],[-67.52241,-38.16911],[-67.53643,-38.18942],[-67.50106,-38.19185],[-67.49974,-38.1774]],[[-67.49446,-38.17701],[-67.47666,-38.17339],[-67.47553,-38.17111],[-67.47747,-38.16991],[-67.49515,-38.17351],[-67.49634,-38.17556],[-67.49446,-38.17701]],[[-67.48435,-38.18823],[-67.48261,-38.18584],[-67.48589,-38.18489],[-67.4869,-38.18707],[-67.48435,-38.18823]],[[-67.45863,-38.18849],[-67.45688,-38.1861],[-67.46017,-38.18516],[-67.46117,-38.18734],[-67.45863,-38.18849]],[[-67.56519,-38.18952],[-67.5648,-38.18784],[-67.57698,-38.18298],[-67.57665,-38.18421],[-67.56519,-38.18952]],[[-67.58231,-38.1816],[-67.58057,-38.17921],[-67.58385,-38.17827],[-67.58486,-38.18045],[-67.58231,-38.1816]]]}},{"type":"Feature","properties":{"yacimiento":"RINCON AMARILLO","codigo":"RIA","operador":"YPF S.A.","pozos":0,"boe_acum_mboe":null,"petroleo_acum_mbbl":null,"npv_musd_mediano":null,"eur_mbbl_mediana":null,"vaca_muerta":0,"operador_principal":null,"boe_por_pozo_mboe":null},"geometry":{"type":"Polygon","coordinates":[[[-69.26397,-36.11784],[-69.30258,-36.1501],[-69.31432,-36.15291],[-69.37991,-36.14046],[-69.38753,-36.13709],[-69.39043,-36.12898],[-69.3904,-36.1223],[-69.38691,-36.08663],[-69.38037,-36.07001],[-69.37561,-36.06297],[-69.35357,-36.05652],[-69.34558,-36.05809],[-69.34529,-36.06266],[-69.35891,-36.08151],[-69.36129,-36.08793],[-69.36081,-36.10078],[-69.35463,-36.11149],[-69.32917,-36.12624],[-69.31632,-36.131],[-69.31013,-36.131],[-69.3018,-36.1272],[-69.2868,-36.11022],[-69.27876,-36.10464],[-69.27048,-36.10184],[-69.2657,-36.10314],[-69.26277,-36.10625],[-69.2619,-36.11006],[-69.26397,-36.11784]]]}},{"type":"Feature","properties":{"yacimiento":"PORTEZUELO ALTO","codigo":"POAL","operador":"YPF S.A.","pozos":0,"boe_acum_mboe":null,"petroleo_acum_mbbl":null,"npv_musd_mediano":null,"eur_mbbl_mediana":null,"vaca_muerta":0,"operador_principal":null,"boe_por_pozo_mboe":null},"geometry":{"type":"Polygon","coordinates":[[[-68.39231,-37.67394],[-68.38808,-37.68105],[-68.39221,-37.68514],[-68.39638,-37.68491],[-68.40123,-37.67908],[-68.41856,-37.67535],[-68.42846,-37.67845],[-68.44376,-37.68947],[-68.447,-37.6875],[-68.44617,-37.68471],[-68.43393,-37.67593],[-68.4218,-37.67002],[-68.40708,-37.66816],[-68.39139,-37.66834],[-68.39009,-37.67087],[-68.39231,-37.67394]]]}},{"type":"Feature","properties":{"yacimiento":"BORDE MOCHO","codigo":"BMRN","operador":"Petrolera Aconcagua Energia S.A.","pozos":0,"boe_acum_mboe":null,"petroleo_acum_mbbl":null,"npv_musd_mediano":null,"eur_mbbl_mediana":null,"vaca_muerta":0,"operador_principal":null,"boe_por_pozo_mboe":null},"geometry":{"type":"Polygon","coordinates":[[[-68.25003,-38.11932],[-68.24191,-38.12524],[-68.24183,-38.12775],[-68.24466,-38.12804],[-68.24852,-38.12526],[-68.25132,-38.11998],[-68.25003,-38.11932]]]}},{"type":"Feature","properties":{"yacimiento":"PIEDRAS NEGRAS OESTE","codigo":"Z281","operador":"YPF S.A.","pozos":0,"boe_acum_mboe":null,"petroleo_acum_mbbl":null,"npv_musd_mediano":null,"eur_mbbl_mediana":null,"vaca_muerta":0,"operador_principal":null,"boe_por_pozo_mboe":null},"geometry":{"type":"Polygon","coordinates":[[[-68.40149,-37.57749],[-68.39477,-37.56684],[-68.39378,-37.56009],[-68.39053,-37.55915],[-68.38636,-37.57497],[-68.39977,-37.5798],[-68.40149,-37.57749]]]}},{"type":"Feature","properties":{"yacimiento":"CERRO SOLO","codigo":"CESO","operador":"CAPEX S.A.","pozos":0,"boe_acum_mboe":null,"petroleo_acum_mbbl":null,"npv_musd_mediano":null,"eur_mbbl_mediana":null,"vaca_muerta":0,"operador_principal":null,"boe_por_pozo_mboe":null},"geometry":{"type":"Polygon","coordinates":[[[-67.60607,-38.72292],[-67.60077,-38.73133],[-67.60004,-38.73633],[-67.61013,-38.73449],[-67.61801,-38.73059],[-67.62018,-38.72738],[-67.61823,-38.72474],[-67.60607,-38.72292]]]}},{"type":"Feature","properties":{"yacimiento":"EL LÁTIGO","codigo":"ELAI","operador":"CAPEX S.A.","pozos":0,"boe_acum_mboe":null,"petroleo_acum_mbbl":null,"npv_musd_mediano":null,"eur_mbbl_mediana":null,"vaca_muerta":0,"operador_principal":null,"boe_por_pozo_mboe":null},"geometry":{"type":"MultiPolygon","coordinates":[[[[-67.55367,-38.77634],[-67.5589,-38.77473],[-67.56653,-38.77164],[-67.56049,-38.76865],[-67.54296,-38.77029],[-67.54671,-38.77449],[-67.55367,-38.77634]]],[[[-67.57953,-38.77042],[-67.59592,-38.77342],[-67.5974,-38.76652],[-67.58657,-38.76517],[-67.57255,-38.76727],[-67.57953,-38.77042]]]]}},{"type":"Feature","properties":{"yacimiento":"ALPATACO","codigo":"ALPA","operador":"PETROLEOS SUDAMERICANOS S.A.","pozos":0,"boe_acum_mboe":null,"petroleo_acum_mbbl":null,"npv_musd_mediano":null,"eur_mbbl_mediana":null,"vaca_muerta":0,"operador_principal":null,"boe_por_pozo_mboe":null},"geometry":{"type":"Polygon","coordinates":[[[-68.03983,-38.15764],[-68.03252,-38.15952],[-68.03237,-38.16381],[-68.04081,-38.16557],[-68.04463,-38.16409],[-68.04532,-38.15888],[-68.03983,-38.15764]]]}},{"type":"Feature","properties":{"yacimiento":"LOMA FARIAS","codigo":"Z222","operador":"OILSTONE ENERGIA S.A.","pozos":0,"boe_acum_mboe":null,"petroleo_acum_mbbl":null,"npv_musd_mediano":null,"eur_mbbl_mediana":null,"vaca_muerta":0,"operador_principal":null,"boe_por_pozo_mboe":null},"geometry":{"type":"Polygon","coordinates":[[[-68.83844,-39.16863],[-68.83059,-39.16775],[-68.82942,-39.16847],[-68.83844,-39.16863]]]}},{"type":"Feature","properties":{"yacimiento":"BORDE ESPINOSO ESTE","codigo":"BEPE","operador":"OILSTONE ENERGIA S.A.","pozos":0,"boe_acum_mboe":null,"petroleo_acum_mbbl":null,"npv_musd_mediano":null,"eur_mbbl_mediana":null,"vaca_muerta":0,"operador_principal":null,"boe_por_pozo_mboe":null},"geometry":{"type":"Polygon","coordinates":[[[-69.06846,-39.11273],[-69.06721,-39.11401],[-69.06841,-39.11523],[-69.06971,-39.11401],[-69.06846,-39.11273]]]}},{"type":"Feature","properties":{"yacimiento":"LOMA POTRILLO","codigo":"Z225","operador":"OILSTONE ENERGIA S.A.","pozos":0,"boe_acum_mboe":null,"petroleo_acum_mbbl":null,"npv_musd_mediano":null,"eur_mbbl_mediana":null,"vaca_muerta":0,"operador_principal":null,"boe_por_pozo_mboe":null},"geometry":{"type":"Polygon","coordinates":[[[-69.11673,-39.26573],[-69.09975,-39.26316],[-69.08982,-39.26766],[-69.08454,-39.28194],[-69.08468,-39.28793],[-69.0869,-39.29022],[-69.09125,-39.28765],[-69.09275,-39.27958],[-69.09882,-39.27201],[-69.11852,-39.26916],[-69.11673,-39.26573]]]}},{"type":"Feature","properties":{"yacimiento":"ANTICLINAL DE MARÍA OCCIDENTAL","codigo":"AMAO","operador":"CAPEX S.A.","pozos":0,"boe_acum_mboe":null,"petroleo_acum_mbbl":null,"npv_musd_mediano":null,"eur_mbbl_mediana":null,"vaca_muerta":0,"operador_principal":null,"boe_por_pozo_mboe":null},"geometry":{"type":"Polygon","coordinates":[[[-67.68622,-38.79593],[-67.68919,-38.78964],[-67.68828,-38.78621],[-67.68045,-38.78321],[-67.67652,-38.77987],[-67.67204,-38.77973],[-67.67239,-38.78688],[-67.66598,-38.79458],[-67.67947,-38.79863],[-67.68622,-38.79593]]]}},{"type":"Feature","properties":{"yacimiento":"EL LÁTIGO OCCIDENTAL","codigo":"ELAO","operador":"CAPEX S.A.","pozos":0,"boe_acum_mboe":null,"petroleo_acum_mbbl":null,"npv_musd_mediano":null,"eur_mbbl_mediana":null,"vaca_muerta":0,"operador_principal":null,"boe_por_pozo_mboe":null},"geometry":{"type":"Polygon","coordinates":[[[-67.64941,-38.79773],[-67.65038,-38.79415],[-67.64593,-38.79092],[-67.65078,-38.78152],[-67.65059,-38.77685],[-67.64674,-38.77304],[-67.64054,-38.77112],[-67.63175,-38.77403],[-67.62669,-38.77242],[-67.62183,-38.77312],[-67.60819,-38.76761],[-67.60735,-38.7713],[-67.61102,-38.77375],[-67.60447,-38.77941],[-67.60563,-38.78427],[-67.615,-38.7829],[-67.61952,-38.78584],[-67.62,-38.79262],[-67.62431,-38.79628],[-67.63553,-38.79867],[-67.64941,-38.79773]]]}},{"type":"Feature","properties":{"yacimiento":"ANTICLINAL DE MARÍA","codigo":"AMAR","operador":"CAPEX S.A.","pozos":0,"boe_acum_mboe":null,"petroleo_acum_mbbl":null,"npv_musd_mediano":null,"eur_mbbl_mediana":null,"vaca_muerta":0,"operador_principal":null,"boe_por_pozo_mboe":null},"geometry":{"type":"Polygon","coordinates":[[[-67.65957,-38.77908],[-67.65307,-38.78974],[-67.65194,-38.79668],[-67.65432,-38.79229],[-67.6635,-38.79052],[-67.66439,-38.78295],[-67.66137,-38.77864],[-67.65957,-38.77908]]]}},{"type":"Feature","properties":{"yacimiento":"ANTICLINAL VIEJO","codigo":"AVIE","operador":"CAPEX S.A.","pozos":0,"boe_acum_mboe":null,"petroleo_acum_mbbl":null,"npv_musd_mediano":null,"eur_mbbl_mediana":null,"vaca_muerta":0,"operador_principal":null,"boe_por_pozo_mboe":null},"geometry":{"type":"Polygon","coordinates":[[[-67.62999,-38.72489],[-67.62866,-38.73662],[-67.63647,-38.73709],[-67.64086,-38.735],[-67.64229,-38.73222],[-67.64155,-38.73042],[-67.63426,-38.72571],[-67.62999,-38.72489]]]}},{"type":"Feature","properties":{"yacimiento":"PARVA NEGRA ESTE","codigo":"PNET","operador":"PAMPA ENERGIA S.A.","pozos":2,"boe_acum_mboe":864.2,"petroleo_acum_mbbl":0.0,"npv_musd_mediano":null,"eur_mbbl_mediana":null,"vaca_muerta":2,"operador_principal":"Pampa Energia","boe_por_pozo_mboe":432.1},"geometry":{"type":"Polygon","coordinates":[[[-69.28457,-37.95962],[-69.28904,-37.95881],[-69.29415,-37.95338],[-69.29616,-37.94798],[-69.29657,-37.93905],[-69.29342,-37.92143],[-69.28916,-37.91729],[-69.28299,-37.91584],[-69.27733,-37.91764],[-69.27331,-37.92202],[-69.27124,-37.93857],[-69.27194,-37.94563],[-69.2746,-37.95183],[-69.2792,-37.95676],[-69.28457,-37.95962]]]}},{"type":"Feature","properties":{"yacimiento":"LOMA NEGRA","codigo":"LNE","operador":"CAPEX S.A.","pozos":0,"boe_acum_mboe":null,"petroleo_acum_mbbl":null,"npv_musd_mediano":null,"eur_mbbl_mediana":null,"vaca_muerta":0,"operador_principal":null,"boe_por_pozo_mboe":null},"geometry":{"type":"Polygon","coordinates":[[[-67.67219,-38.74218],[-67.64982,-38.74515],[-67.64257,-38.74823],[-67.63099,-38.74761],[-67.6296,-38.75454],[-67.60626,-38.76529],[-67.62681,-38.7655],[-67.64722,-38.77141],[-67.6526,-38.7656],[-67.65543,-38.7652],[-67.65694,-38.7616],[-67.66308,-38.76156],[-67.66694,-38.75167],[-67.67198,-38.74964],[-67.67219,-38.74218]]]}},{"type":"Feature","properties":{"yacimiento":"LOMA DE MARÍA","codigo":"LOMA","operador":"CAPEX S.A.","pozos":2,"boe_acum_mboe":1958.5,"petroleo_acum_mbbl":63.4,"npv_musd_mediano":null,"eur_mbbl_mediana":null,"vaca_muerta":0,"operador_principal":"Capex","boe_por_pozo_mboe":979.2},"geometry":{"type":"MultiPolygon","coordinates":[[[[-67.6663,-38.83626],[-67.66973,-38.83642],[-67.67674,-38.83358],[-67.68652,-38.82644],[-67.65901,-38.83034],[-67.6663,-38.83626]]],[[[-67.68695,-38.80035],[-67.69766,-38.79678],[-67.69841,-38.79094],[-67.69611,-38.78544],[-67.69028,-38.79421],[-67.68105,-38.79911],[-67.68695,-38.80035]]]]}},{"type":"Feature","properties":{"yacimiento":"LA YESERA","codigo":"LYE","operador":"CAPEX S.A.","pozos":0,"boe_acum_mboe":null,"petroleo_acum_mbbl":null,"npv_musd_mediano":null,"eur_mbbl_mediana":null,"vaca_muerta":0,"operador_principal":null,"boe_por_pozo_mboe":null},"geometry":{"type":"Polygon","coordinates":[[[-67.97555,-38.80256],[-67.95879,-38.80256],[-67.93984,-38.81244],[-67.93504,-38.81279],[-67.91001,-38.82827],[-67.91098,-38.83051],[-67.90631,-38.83338],[-67.90478,-38.84099],[-67.89957,-38.84716],[-67.90589,-38.85196],[-67.91642,-38.85028],[-67.93197,-38.84653],[-67.93603,-38.84267],[-67.9417,-38.84027],[-67.97183,-38.8304],[-67.97468,-38.82738],[-67.97699,-38.81733],[-67.97624,-38.81114],[-67.97939,-38.80647],[-67.97899,-38.80411],[-67.97555,-38.80256]]]}},{"type":"Feature","properties":{"yacimiento":"PUESTO ESPINOSA OESTE","codigo":"PEES","operador":"BENTIA ENERGY S.A.","pozos":0,"boe_acum_mboe":null,"petroleo_acum_mbbl":null,"npv_musd_mediano":null,"eur_mbbl_mediana":null,"vaca_muerta":0,"operador_principal":null,"boe_por_pozo_mboe":null},"geometry":{"type":"Polygon","coordinates":[[[-69.08742,-38.85565],[-69.07553,-38.84948],[-69.07378,-38.85022],[-69.08299,-38.86014],[-69.08535,-38.85926],[-69.08487,-38.85802],[-69.08742,-38.85565]]]}},{"type":"Feature","properties":{"yacimiento":"SIERRA CHATA","codigo":"SICH","operador":"PAMPA ENERGIA S.A.","pozos":43,"boe_acum_mboe":42952.7,"petroleo_acum_mbbl":19.1,"npv_musd_mediano":null,"eur_mbbl_mediana":null,"vaca_muerta":20,"operador_principal":"Pampa Energia","boe_por_pozo_mboe":998.9},"geometry":{"type":"Polygon","coordinates":[[[-69.14135,-38.1857],[-69.36675,-38.18503],[-69.36321,-38.15834],[-69.36687,-38.14344],[-69.37229,-38.13553],[-69.38111,-38.12688],[-69.40415,-38.11305],[-69.40707,-38.10797],[-69.40708,-38.10211],[-69.40418,-38.09702],[-69.39768,-38.09266],[-69.3901,-38.0907],[-69.38354,-38.09136],[-69.37575,-38.09635],[-69.36217,-38.11531],[-69.35743,-38.11781],[-69.35207,-38.118],[-69.34651,-38.11533],[-69.343,-38.11025],[-69.34098,-38.09998],[-69.34155,-38.08994],[-69.34533,-38.079],[-69.3532,-38.06885],[-69.3932,-38.04334],[-69.39623,-38.03629],[-69.39434,-38.02843],[-69.38764,-38.02322],[-69.3675,-38.02065],[-69.35843,-38.01623],[-69.35221,-38.00827],[-69.34887,-37.99435],[-69.345,-37.98692],[-69.33817,-37.98042],[-69.33001,-37.9776],[-69.32082,-37.97888],[-69.31312,-37.9846],[-69.3108,-37.99159],[-69.31275,-38.00195],[-69.30804,-38.00711],[-69.30396,-38.00717],[-69.29405,-38.00332],[-69.27967,-38.00246],[-69.23823,-38.00816],[-69.2297,-38.0115],[-69.22693,-38.01327],[-69.22693,-38.02337],[-69.21778,-38.02361],[-69.2087,-38.02748],[-69.20143,-38.03417],[-69.19676,-38.04311],[-69.19674,-38.05267],[-69.2067,-38.07111],[-69.20955,-38.08677],[-69.20746,-38.10094],[-69.19701,-38.12491],[-69.18825,-38.14031],[-69.17972,-38.14884],[-69.16996,-38.15361],[-69.15261,-38.15687],[-69.14447,-38.16147],[-69.14137,-38.16802],[-69.14135,-38.1857]]]}},{"type":"Feature","properties":{"yacimiento":"GUANACO","codigo":"GUA","operador":"BENTIA ENERGY S.A.","pozos":38,"boe_acum_mboe":11243.0,"petroleo_acum_mbbl":281.0,"npv_musd_mediano":null,"eur_mbbl_mediana":null,"vaca_muerta":0,"operador_principal":"BENTIA ENERGY S.A.","boe_por_pozo_mboe":295.9},"geometry":{"type":"Polygon","coordinates":[[[-69.28208,-38.87117],[-69.28411,-38.8706],[-69.28487,-38.86508],[-69.28706,-38.86318],[-69.29534,-38.86746],[-69.29601,-38.86267],[-69.29796,-38.86352],[-69.30296,-38.86099],[-69.30876,-38.86261],[-69.31609,-38.86099],[-69.33313,-38.86594],[-69.33494,-38.86308],[-69.33551,-38.84728],[-69.34123,-38.84438],[-69.34777,-38.84438],[-69.35253,-38.84944],[-69.35669,-38.86133],[-69.35967,-38.86609],[-69.3642,-38.86898],[-69.365,-38.86287],[-69.37014,-38.85907],[-69.37014,-38.85609],[-69.36925,-38.85401],[-69.36316,-38.8537],[-69.35422,-38.83962],[-69.35527,-38.83408],[-69.3514,-38.82962],[-69.34783,-38.82873],[-69.34227,-38.83093],[-69.33861,-38.83557],[-69.33386,-38.83557],[-69.32345,-38.83111],[-69.31036,-38.82962],[-69.30619,-38.82754],[-69.29995,-38.81445],[-69.29519,-38.81386],[-69.29219,-38.81825],[-69.29251,-38.82337],[-69.29757,-38.83468],[-69.29757,-38.84003],[-69.2943,-38.84509],[-69.27763,-38.84449],[-69.27588,-38.84068],[-69.26898,-38.84275],[-69.26936,-38.84643],[-69.26689,-38.84881],[-69.25813,-38.8471],[-69.24719,-38.84757],[-69.23871,-38.84556],[-69.23821,-38.84958],[-69.23536,-38.84975],[-69.23218,-38.85243],[-69.2239,-38.84889],[-69.22321,-38.851],[-69.2263,-38.85329],[-69.2182,-38.85517],[-69.21118,-38.85883],[-69.19856,-38.85848],[-69.1885,-38.85443],[-69.1867,-38.85585],[-69.18784,-38.85728],[-69.18699,-38.86533],[-69.19385,-38.87372],[-69.20991,-38.8805],[-69.22419,-38.88121],[-69.23596,-38.87693],[-69.25774,-38.87372],[-69.26345,-38.87586],[-69.27023,-38.883],[-69.27737,-38.88407],[-69.28058,-38.88193],[-69.28058,-38.87622],[-69.2738,-38.87086],[-69.27665,-38.86872],[-69.28208,-38.87117]]]}},{"type":"Feature","properties":{"yacimiento":"ESTACION FERNANDEZ ORO","codigo":"Z155","operador":"QUINTANA E&P ARGENTINA S.R.L.","pozos":191,"boe_acum_mboe":78199.0,"petroleo_acum_mbbl":13239.8,"npv_musd_mediano":null,"eur_mbbl_mediana":null,"vaca_muerta":0,"operador_principal":"QUINTANA E&P ARGENTINA S.R.L.","boe_por_pozo_mboe":409.4},"geometry":{"type":"Polygon","coordinates":[[[-67.87438,-38.99011],[-67.80832,-39.00024],[-67.78986,-39.00107],[-67.78954,-39.00552],[-67.79482,-39.02047],[-67.79537,-39.02936],[-67.79779,-39.03162],[-67.80058,-39.02982],[-67.83203,-39.03487],[-67.83577,-39.03956],[-67.84767,-39.03956],[-67.87115,-39.03007],[-67.92126,-39.01961],[-67.9488,-39.01934],[-67.95058,-39.01725],[-67.94791,-39.00893],[-67.94467,-39.00571],[-67.9436,-38.9957],[-67.93125,-38.99257],[-67.91043,-38.99108],[-67.8795,-38.98602],[-67.87438,-38.99011]]]}},{"type":"Feature","properties":{"yacimiento":"MESETA FILOSA","codigo":"MFEL","operador":"Petrolera Aconcagua Energia S.A.","pozos":0,"boe_acum_mboe":null,"petroleo_acum_mbbl":null,"npv_musd_mediano":null,"eur_mbbl_mediana":null,"vaca_muerta":0,"operador_principal":null,"boe_por_pozo_mboe":null},"geometry":{"type":"Polygon","coordinates":[[[-68.11996,-38.33779],[-68.1176,-38.33468],[-68.09849,-38.33824],[-68.08403,-38.3492],[-68.08399,-38.35294],[-68.08866,-38.35434],[-68.10376,-38.34475],[-68.1155,-38.34267],[-68.11996,-38.33779]]]}},{"type":"Feature","properties":{"yacimiento":"CHARCO DEL PALENQUE SUR","codigo":"CDPS","operador":"Petrolera Aconcagua Energia S.A.","pozos":0,"boe_acum_mboe":null,"petroleo_acum_mbbl":null,"npv_musd_mediano":null,"eur_mbbl_mediana":null,"vaca_muerta":0,"operador_principal":null,"boe_por_pozo_mboe":null},"geometry":{"type":"Polygon","coordinates":[[[-68.24699,-38.31572],[-68.2441,-38.30938],[-68.22421,-38.31855],[-68.22514,-38.32711],[-68.24699,-38.31572]]]}},{"type":"Feature","properties":{"yacimiento":"MALLIN DEL NEGRO","codigo":"MDNE","operador":"BENTIA ENERGY S.A.","pozos":0,"boe_acum_mboe":null,"petroleo_acum_mbbl":null,"npv_musd_mediano":null,"eur_mbbl_mediana":null,"vaca_muerta":0,"operador_principal":null,"boe_por_pozo_mboe":null},"geometry":{"type":"Polygon","coordinates":[[[-69.29999,-38.86651],[-69.30091,-38.86568],[-69.29591,-38.86275],[-69.29599,-38.86365],[-69.29999,-38.86651]]]}},{"type":"Feature","properties":{"yacimiento":"PUESTO LOPEZ ESTE","codigo":"PLOE","operador":"BENTIA ENERGY S.A.","pozos":0,"boe_acum_mboe":null,"petroleo_acum_mbbl":null,"npv_musd_mediano":null,"eur_mbbl_mediana":null,"vaca_muerta":0,"operador_principal":null,"boe_por_pozo_mboe":null},"geometry":{"type":"Polygon","coordinates":[[[-69.03323,-38.82583],[-69.03259,-38.8323],[-69.03757,-38.8405],[-69.03643,-38.82893],[-69.04348,-38.82022],[-69.03925,-38.82146],[-69.03406,-38.8207],[-69.03131,-38.81408],[-69.03021,-38.81632],[-69.03323,-38.82583]]]}},{"type":"Feature","properties":{"yacimiento":"PUESTO LOPEZ","codigo":"LOP","operador":"BENTIA ENERGY S.A.","pozos":0,"boe_acum_mboe":null,"petroleo_acum_mbbl":null,"npv_musd_mediano":null,"eur_mbbl_mediana":null,"vaca_muerta":0,"operador_principal":null,"boe_por_pozo_mboe":null},"geometry":{"type":"Polygon","coordinates":[[[-69.05709,-38.81112],[-69.04681,-38.80998],[-69.04589,-38.81523],[-69.04281,-38.81706],[-69.03211,-38.81699],[-69.03406,-38.8207],[-69.03925,-38.82146],[-69.04348,-38.82022],[-69.03643,-38.82893],[-69.03595,-38.83407],[-69.0381,-38.83997],[-69.03633,-38.84016],[-69.03259,-38.8323],[-69.03323,-38.82583],[-69.0315,-38.82394],[-69.0291,-38.82497],[-69.02747,-38.8342],[-69.02566,-38.83654],[-69.04141,-38.84824],[-69.04684,-38.84977],[-69.05007,-38.84919],[-69.05009,-38.84443],[-69.05324,-38.8436],[-69.05383,-38.83616],[-69.05972,-38.83599],[-69.06329,-38.82855],[-69.06734,-38.82897],[-69.06746,-38.82379],[-69.07034,-38.82552],[-69.07016,-38.81505],[-69.07188,-38.81433],[-69.0774,-38.81741],[-69.08142,-38.81714],[-69.08103,-38.81203],[-69.08763,-38.81233],[-69.08573,-38.80908],[-69.08597,-38.80182],[-69.09001,-38.79361],[-69.08609,-38.79361],[-69.08157,-38.80254],[-69.07238,-38.80385],[-69.06548,-38.80998],[-69.05709,-38.81112]]]}},{"type":"Feature","properties":{"yacimiento":"NE","codigo":"NE","operador":"BENTIA ENERGY S.A.","pozos":0,"boe_acum_mboe":null,"petroleo_acum_mbbl":null,"npv_musd_mediano":null,"eur_mbbl_mediana":null,"vaca_muerta":0,"operador_principal":null,"boe_por_pozo_mboe":null},"geometry":{"type":"Polygon","coordinates":[[[-69.03462,-38.81114],[-69.03262,-38.81033],[-69.02679,-38.81616],[-69.02061,-38.81509],[-69.01668,-38.81907],[-69.0118,-38.8183],[-69.00776,-38.81568],[-69.00389,-38.81723],[-69.00258,-38.82217],[-69.00246,-38.84501],[-69.00478,-38.84519],[-69.008,-38.84085],[-69.01531,-38.83835],[-69.01656,-38.83942],[-69.01656,-38.83335],[-69.01275,-38.83216],[-69.01246,-38.83014],[-69.0171,-38.82806],[-69.0168,-38.82419],[-69.02078,-38.82365],[-69.02322,-38.82074],[-69.02602,-38.82163],[-69.02746,-38.81727],[-69.03462,-38.81114]]]}},{"type":"Feature","properties":{"yacimiento":"NB","codigo":"NB","operador":"BENTIA ENERGY S.A.","pozos":0,"boe_acum_mboe":null,"petroleo_acum_mbbl":null,"npv_musd_mediano":null,"eur_mbbl_mediana":null,"vaca_muerta":0,"operador_principal":null,"boe_por_pozo_mboe":null},"geometry":{"type":"Polygon","coordinates":[[[-69.01326,-38.86707],[-69.02418,-38.86911],[-69.04595,-38.86875],[-69.05131,-38.86768],[-69.05195,-38.86425],[-69.04552,-38.86176],[-69.04844,-38.85636],[-69.03947,-38.85516],[-69.03502,-38.84722],[-69.03382,-38.84774],[-69.03422,-38.85162],[-69.03091,-38.85225],[-69.02474,-38.85225],[-69.01709,-38.84991],[-69.00167,-38.85225],[-69.00207,-38.86721],[-69.01326,-38.86707]]]}},{"type":"Feature","properties":{"yacimiento":"BARDA GONZALEZ","codigo":"BGO","operador":"BENTIA ENERGY S.A.","pozos":2,"boe_acum_mboe":510.5,"petroleo_acum_mbbl":233.9,"npv_musd_mediano":0.1,"eur_mbbl_mediana":569.8,"vaca_muerta":1,"operador_principal":"BENTIA ENERGY S.A.","boe_por_pozo_mboe":255.2},"geometry":{"type":"Polygon","coordinates":[[[-69.09789,-38.85883],[-69.10522,-38.86255],[-69.10778,-38.85622],[-69.11244,-38.85393],[-69.13024,-38.85441],[-69.14766,-38.85022],[-69.15669,-38.85248],[-69.15376,-38.84806],[-69.15498,-38.84649],[-69.16362,-38.84377],[-69.16661,-38.84427],[-69.16968,-38.84206],[-69.17525,-38.84199],[-69.17618,-38.83942],[-69.17432,-38.83388],[-69.17539,-38.82838],[-69.18596,-38.8221],[-69.18682,-38.81939],[-69.18382,-38.81867],[-69.17054,-38.82803],[-69.16256,-38.83167],[-69.15913,-38.83988],[-69.15435,-38.83902],[-69.14785,-38.83416],[-69.11908,-38.82924],[-69.10973,-38.81718],[-69.10309,-38.81218],[-69.09959,-38.81225],[-69.09294,-38.81632],[-69.08918,-38.82169],[-69.09142,-38.82526],[-69.09513,-38.82526],[-69.1053,-38.81879],[-69.10373,-38.82666],[-69.09856,-38.83439],[-69.09892,-38.83772],[-69.10534,-38.84046],[-69.11763,-38.84039],[-69.11968,-38.8423],[-69.11087,-38.84207],[-69.10719,-38.84992],[-69.10019,-38.85079],[-69.09426,-38.85674],[-69.08971,-38.85386],[-69.08485,-38.85826],[-69.08556,-38.85931],[-69.09056,-38.85779],[-69.09789,-38.85883]]]}},{"type":"Feature","properties":{"yacimiento":"BAJO BARDA GONZALEZ","codigo":"BBGO","operador":"BENTIA ENERGY S.A.","pozos":0,"boe_acum_mboe":null,"petroleo_acum_mbbl":null,"npv_musd_mediano":null,"eur_mbbl_mediana":null,"vaca_muerta":0,"operador_principal":null,"boe_por_pozo_mboe":null},"geometry":{"type":"Polygon","coordinates":[[[-69.10451,-38.81833],[-69.09585,-38.82498],[-69.09142,-38.82526],[-69.08956,-38.82341],[-69.08942,-38.82041],[-69.09432,-38.81432],[-69.08609,-38.81689],[-69.08696,-38.82184],[-69.08513,-38.82538],[-69.07405,-38.82738],[-69.07079,-38.82943],[-69.07104,-38.83776],[-69.06937,-38.8416],[-69.07691,-38.84062],[-69.08284,-38.84725],[-69.08964,-38.84875],[-69.08984,-38.85431],[-69.09394,-38.85677],[-69.10019,-38.85079],[-69.10719,-38.84992],[-69.11087,-38.84207],[-69.11938,-38.84278],[-69.11763,-38.84039],[-69.10534,-38.84046],[-69.09892,-38.83772],[-69.09856,-38.83439],[-69.10409,-38.82571],[-69.10451,-38.81833]]]}},{"type":"Feature","properties":{"yacimiento":"PUESTO ESPINOSA","codigo":"PEP","operador":"BENTIA ENERGY S.A.","pozos":0,"boe_acum_mboe":null,"petroleo_acum_mbbl":null,"npv_musd_mediano":null,"eur_mbbl_mediana":null,"vaca_muerta":0,"operador_principal":null,"boe_por_pozo_mboe":null},"geometry":{"type":"Polygon","coordinates":[[[-69.00287,-38.8519],[-69.01709,-38.84991],[-69.02474,-38.85225],[-69.03091,-38.85225],[-69.03422,-38.85162],[-69.03382,-38.84774],[-69.03502,-38.84722],[-69.03947,-38.85516],[-69.0437,-38.8567],[-69.04804,-38.85596],[-69.05965,-38.86507],[-69.0679,-38.86364],[-69.07554,-38.868],[-69.07625,-38.865],[-69.07853,-38.86386],[-69.09016,-38.86735],[-69.09295,-38.86578],[-69.09095,-38.86364],[-69.0806,-38.86114],[-69.06839,-38.85208],[-69.06068,-38.85086],[-69.05911,-38.84201],[-69.05468,-38.84737],[-69.04865,-38.84977],[-69.04298,-38.849],[-69.03868,-38.84534],[-69.02687,-38.84737],[-69.01525,-38.84494],[-69.0019,-38.84779],[-69.00068,-38.85058],[-69.00287,-38.8519]]]}},{"type":"Feature","properties":{"yacimiento":"PUESTO PINO","codigo":"PUPO","operador":"TECPETROL S.A.","pozos":0,"boe_acum_mboe":null,"petroleo_acum_mbbl":null,"npv_musd_mediano":null,"eur_mbbl_mediana":null,"vaca_muerta":0,"operador_principal":null,"boe_por_pozo_mboe":null},"geometry":{"type":"Polygon","coordinates":[[[-67.89728,-38.45069],[-67.89423,-38.44715],[-67.89048,-38.44932],[-67.89356,-38.4528],[-67.89728,-38.45069]]]}},{"type":"Feature","properties":{"yacimiento":"CHAÑARAL REDONDO","codigo":"CHAR","operador":"TECPETROL S.A.","pozos":0,"boe_acum_mboe":null,"petroleo_acum_mbbl":null,"npv_musd_mediano":null,"eur_mbbl_mediana":null,"vaca_muerta":0,"operador_principal":null,"boe_por_pozo_mboe":null},"geometry":{"type":"Polygon","coordinates":[[[-67.87271,-38.45859],[-67.86912,-38.46114],[-67.87427,-38.46611],[-67.87777,-38.46338],[-67.87271,-38.45859]]]}},{"type":"Feature","properties":{"yacimiento":"LOS TOLDOS NORTE SIN YACIMIENTO","codigo":"TNSY","operador":"TECPETROL S.A.","pozos":4,"boe_acum_mboe":2126.7,"petroleo_acum_mbbl":1101.6,"npv_musd_mediano":null,"eur_mbbl_mediana":null,"vaca_muerta":4,"operador_principal":"Tecpetrol","boe_por_pozo_mboe":531.7},"geometry":{"type":"Polygon","coordinates":[[[-69.45968,-37.53391],[-69.4597,-37.53642],[-69.40859,-37.53661],[-69.40899,-37.60936],[-69.37873,-37.60946],[-69.37888,-37.63952],[-69.35052,-37.63961],[-69.3507,-37.67684],[-69.40702,-37.67647],[-69.4072,-37.71188],[-69.5096,-37.71148],[-69.50852,-37.54579],[-69.52672,-37.54571],[-69.52656,-37.53341],[-69.45968,-37.53391]],[[-69.45816,-37.6524],[-69.4552,-37.65241],[-69.4551,-37.63618],[-69.45807,-37.63617],[-69.45816,-37.6524]]]}},{"type":"Feature","properties":{"yacimiento":"CERRO LAS NIÑAS","codigo":"CLNI","operador":"TECPETROL S.A.","pozos":5,"boe_acum_mboe":2162.5,"petroleo_acum_mbbl":1101.9,"npv_musd_mediano":null,"eur_mbbl_mediana":null,"vaca_muerta":5,"operador_principal":"Tecpetrol","boe_por_pozo_mboe":432.5},"geometry":{"type":"Polygon","coordinates":[[[-69.45968,-37.53391],[-69.4597,-37.53642],[-69.40859,-37.53661],[-69.40899,-37.60936],[-69.37873,-37.60946],[-69.37888,-37.63952],[-69.35052,-37.63961],[-69.3507,-37.67684],[-69.40702,-37.67647],[-69.40721,-37.71187],[-69.50961,-37.71149],[-69.50853,-37.54577],[-69.52668,-37.54565],[-69.52656,-37.53341],[-69.45968,-37.53391]]]}},{"type":"Feature","properties":{"yacimiento":"LOS TOLDOS ESTE","codigo":"Y065","operador":"TECPETROL S.A.","pozos":13,"boe_acum_mboe":3525.3,"petroleo_acum_mbbl":2883.2,"npv_musd_mediano":17.9,"eur_mbbl_mediana":1499.8,"vaca_muerta":13,"operador_principal":"Tecpetrol","boe_por_pozo_mboe":271.2},"geometry":{"type":"Polygon","coordinates":[[[-69.16851,-37.36132],[-69.16874,-37.45593],[-69.09863,-37.45599],[-69.09869,-37.50153],[-69.1688,-37.50144],[-69.16902,-37.52694],[-69.20688,-37.52688],[-69.20678,-37.48328],[-69.19841,-37.48328],[-69.19818,-37.39324],[-69.18143,-37.39321],[-69.18165,-37.3613],[-69.16851,-37.36132]]]}},{"type":"Feature","properties":{"yacimiento":"JAGUEL CASA DE PIEDRA SUR","codigo":"JCPS","operador":"PLUSPETROL S.A.","pozos":0,"boe_acum_mboe":null,"petroleo_acum_mbbl":null,"npv_musd_mediano":null,"eur_mbbl_mediana":null,"vaca_muerta":0,"operador_principal":null,"boe_por_pozo_mboe":null},"geometry":{"type":"Polygon","coordinates":[[[-68.47975,-37.39195],[-68.47954,-37.42151],[-68.49502,-37.42609],[-68.50225,-37.42612],[-68.51984,-37.41895],[-68.54442,-37.41934],[-68.54583,-37.41343],[-68.4909,-37.41293],[-68.49104,-37.39138],[-68.47975,-37.39195]]]}},{"type":"Feature","properties":{"yacimiento":"RINCON DE ARANDA","codigo":"RDA","operador":"PAMPA ENERGIA S.A.","pozos":18,"boe_acum_mboe":4641.1,"petroleo_acum_mbbl":4315.1,"npv_musd_mediano":6.6,"eur_mbbl_mediana":688.6,"vaca_muerta":18,"operador_principal":"Pampa Energia","boe_por_pozo_mboe":257.8},"geometry":{"type":"Polygon","coordinates":[[[-68.63796,-38.00692],[-68.5989,-37.99384],[-68.56705,-37.98898],[-68.54885,-37.98884],[-68.54378,-37.99217],[-68.54164,-37.99741],[-68.54448,-38.00795],[-68.55371,-38.01477],[-68.60285,-38.02599],[-68.63726,-38.03077],[-68.64414,-38.02898],[-68.64886,-38.02186],[-68.64724,-38.01384],[-68.63796,-38.00692]]]}},{"type":"Feature","properties":{"yacimiento":"EL MANGRULLO","codigo":"MGR","operador":"PAMPA ENERGIA S.A.","pozos":103,"boe_acum_mboe":131058.7,"petroleo_acum_mbbl":370.6,"npv_musd_mediano":null,"eur_mbbl_mediana":null,"vaca_muerta":17,"operador_principal":"Pampa Energia","boe_por_pozo_mboe":1272.4},"geometry":{"type":"Polygon","coordinates":[[[-69.54534,-38.46789],[-69.54309,-38.47334],[-69.54457,-38.47557],[-69.54194,-38.48092],[-69.54314,-38.48382],[-69.53955,-38.49009],[-69.52852,-38.49061],[-69.52235,-38.49398],[-69.51602,-38.494],[-69.50372,-38.48815],[-69.49739,-38.4929],[-69.48511,-38.49366],[-69.48354,-38.49458],[-69.48423,-38.49834],[-69.48759,-38.50195],[-69.48828,-38.50514],[-69.48539,-38.50877],[-69.47944,-38.50813],[-69.47267,-38.50243],[-69.47012,-38.49806],[-69.47354,-38.49113],[-69.47244,-38.49057],[-69.47149,-38.4931],[-69.47005,-38.487],[-69.46368,-38.48617],[-69.45246,-38.49169],[-69.44384,-38.4994],[-69.43618,-38.50148],[-69.4323,-38.50626],[-69.4161,-38.51204],[-69.41525,-38.51328],[-69.41697,-38.51657],[-69.41342,-38.52149],[-69.40343,-38.52476],[-69.40468,-38.5312],[-69.40927,-38.53919],[-69.40786,-38.54186],[-69.40302,-38.5436],[-69.39971,-38.54856],[-69.39948,-38.55696],[-69.39725,-38.56001],[-69.37679,-38.57801],[-69.37152,-38.5796],[-69.36847,-38.58389],[-69.35466,-38.59047],[-69.35,-38.5958],[-69.34882,-38.59961],[-69.57312,-38.59882],[-69.57199,-38.44981],[-69.57015,-38.45209],[-69.55714,-38.45849],[-69.5535,-38.46576],[-69.54534,-38.46789]]]}},{"type":"Feature","properties":{"yacimiento":"CONFLUENCIA SUR","codigo":"CFS","operador":"Petrolera Aconcagua Energia S.A.","pozos":0,"boe_acum_mboe":null,"petroleo_acum_mbbl":null,"npv_musd_mediano":null,"eur_mbbl_mediana":null,"vaca_muerta":0,"operador_principal":null,"boe_por_pozo_mboe":null},"geometry":{"type":"MultiPolygon","coordinates":[[[[-69.59143,-36.95831],[-69.5933,-36.95548],[-69.59172,-36.9509],[-69.58725,-36.95044],[-69.58395,-36.95186],[-69.58591,-36.95488],[-69.59143,-36.95831]]],[[[-69.59502,-36.95614],[-69.60726,-36.95736],[-69.60431,-36.95025],[-69.59832,-36.94927],[-69.59326,-36.95133],[-69.59502,-36.95614]]]]}},{"type":"Feature","properties":{"yacimiento":"PALENQUE DE LA CHINA","codigo":"PACH","operador":"TECPETROL S.A.","pozos":0,"boe_acum_mboe":null,"petroleo_acum_mbbl":null,"npv_musd_mediano":null,"eur_mbbl_mediana":null,"vaca_muerta":0,"operador_principal":null,"boe_por_pozo_mboe":null},"geometry":{"type":"Polygon","coordinates":[[[-67.73684,-38.47959],[-67.73055,-38.4795],[-67.73049,-38.48325],[-67.7346,-38.48325],[-67.73645,-38.48492],[-67.74016,-38.48242],[-67.73684,-38.47959]]]}},{"type":"Feature","properties":{"yacimiento":"LOS ALAMOS","codigo":"LAL","operador":"Petrolera Aconcagua Energia S.A.","pozos":0,"boe_acum_mboe":null,"petroleo_acum_mbbl":null,"npv_musd_mediano":null,"eur_mbbl_mediana":null,"vaca_muerta":0,"operador_principal":null,"boe_por_pozo_mboe":null},"geometry":{"type":"Polygon","coordinates":[[[-68.26702,-38.08539],[-68.26063,-38.08493],[-68.25828,-38.08797],[-68.26281,-38.09122],[-68.26956,-38.0911],[-68.27179,-38.0886],[-68.26702,-38.08539]]]}},{"type":"Feature","properties":{"yacimiento":"BORDE MOCHO","codigo":"BMO","operador":"Petrolera Aconcagua Energia S.A.","pozos":0,"boe_acum_mboe":null,"petroleo_acum_mbbl":null,"npv_musd_mediano":null,"eur_mbbl_mediana":null,"vaca_muerta":0,"operador_principal":null,"boe_por_pozo_mboe":null},"geometry":{"type":"Polygon","coordinates":[[[-68.27102,-38.11034],[-68.25705,-38.11768],[-68.2538,-38.12412],[-68.25752,-38.13076],[-68.26176,-38.14577],[-68.2614,-38.1573],[-68.25394,-38.16688],[-68.25382,-38.17063],[-68.25642,-38.17313],[-68.26182,-38.17256],[-68.29919,-38.14072],[-68.29959,-38.1355],[-68.28009,-38.11156],[-68.27102,-38.11034]]]}},{"type":"Feature","properties":{"yacimiento":"CHARCO DEL PALENQUE","codigo":"CDP","operador":"Petrolera Aconcagua Energia S.A.","pozos":0,"boe_acum_mboe":null,"petroleo_acum_mbbl":null,"npv_musd_mediano":null,"eur_mbbl_mediana":null,"vaca_muerta":0,"operador_principal":null,"boe_por_pozo_mboe":null},"geometry":{"type":"Polygon","coordinates":[[[-68.25202,-38.26261],[-68.25277,-38.25129],[-68.21234,-38.24341],[-68.18949,-38.25335],[-68.17029,-38.27362],[-68.17323,-38.27819],[-68.22624,-38.28626],[-68.25202,-38.26261]]]}},{"type":"Feature","properties":{"yacimiento":"CHARCO BAYO","codigo":"CHB","operador":"Petrolera Aconcagua Energia S.A.","pozos":5,"boe_acum_mboe":575.1,"petroleo_acum_mbbl":49.2,"npv_musd_mediano":null,"eur_mbbl_mediana":null,"vaca_muerta":0,"operador_principal":"TANGO ENERGY ARGENTINA S.A.","boe_por_pozo_mboe":115.0},"geometry":{"type":"Polygon","coordinates":[[[-68.14334,-38.19017],[-68.14358,-38.14099],[-68.11967,-38.13681],[-68.11039,-38.14051],[-68.0851,-38.1646],[-68.06597,-38.21045],[-68.03593,-38.23097],[-68.03949,-38.24411],[-68.07941,-38.27556],[-68.15336,-38.28082],[-68.17773,-38.25881],[-68.14068,-38.21605],[-68.14491,-38.20974],[-68.14334,-38.19017]]]}},{"type":"Feature","properties":{"yacimiento":"PIEDRAS BLANCAS","codigo":"PBL","operador":"Petrolera Aconcagua Energia S.A.","pozos":0,"boe_acum_mboe":null,"petroleo_acum_mbbl":null,"npv_musd_mediano":null,"eur_mbbl_mediana":null,"vaca_muerta":0,"operador_principal":null,"boe_por_pozo_mboe":null},"geometry":{"type":"Polygon","coordinates":[[[-68.14385,-38.14113],[-68.14326,-38.19183],[-68.14475,-38.20655],[-68.17774,-38.18535],[-68.22351,-38.19945],[-68.22757,-38.19721],[-68.19943,-38.15928],[-68.2163,-38.14557],[-68.24476,-38.10226],[-68.24328,-38.09876],[-68.23772,-38.09656],[-68.23419,-38.09914],[-68.13552,-38.11252],[-68.12026,-38.12464],[-68.11956,-38.13673],[-68.14385,-38.14113]]]}},{"type":"Feature","properties":{"yacimiento":"LA PISTA","codigo":"LPI","operador":"Petrolera Aconcagua Energia S.A.","pozos":0,"boe_acum_mboe":null,"petroleo_acum_mbbl":null,"npv_musd_mediano":null,"eur_mbbl_mediana":null,"vaca_muerta":0,"operador_principal":null,"boe_por_pozo_mboe":null},"geometry":{"type":"Polygon","coordinates":[[[-68.22735,-38.1593],[-68.23245,-38.14777],[-68.23009,-38.14725],[-68.22253,-38.15577],[-68.20848,-38.16141],[-68.21161,-38.16469],[-68.22034,-38.16412],[-68.22735,-38.1593]]]}},{"type":"Feature","properties":{"yacimiento":"EL CARACOL","codigo":"ECL","operador":"Petrolera Aconcagua Energia S.A.","pozos":1,"boe_acum_mboe":99.5,"petroleo_acum_mbbl":92.9,"npv_musd_mediano":-9.0,"eur_mbbl_mediana":133.0,"vaca_muerta":1,"operador_principal":"TANGO ENERGY ARGENTINA S.A.","boe_por_pozo_mboe":99.5},"geometry":{"type":"Polygon","coordinates":[[[-68.45035,-37.87902],[-68.44035,-37.87237],[-68.41336,-37.87632],[-68.39829,-37.90265],[-68.40424,-37.91435],[-68.42162,-37.92403],[-68.42097,-37.93832],[-68.42984,-37.96459],[-68.44428,-37.96548],[-68.4554,-37.95802],[-68.46068,-37.94635],[-68.47035,-37.93671],[-68.47105,-37.93071],[-68.44918,-37.91256],[-68.45189,-37.89717],[-68.45035,-37.87902]]]}},{"type":"Feature","properties":{"yacimiento":"LOMAS DE OCAMPO","codigo":"LOOC","operador":"Petrolera Aconcagua Energia S.A.","pozos":0,"boe_acum_mboe":null,"petroleo_acum_mbbl":null,"npv_musd_mediano":null,"eur_mbbl_mediana":null,"vaca_muerta":0,"operador_principal":null,"boe_por_pozo_mboe":null},"geometry":{"type":"Polygon","coordinates":[[[-68.42162,-37.92403],[-68.40424,-37.91435],[-68.33443,-37.96839],[-68.34985,-37.98408],[-68.38208,-37.95793],[-68.40034,-37.96506],[-68.42097,-37.93832],[-68.42162,-37.92403]]]}},{"type":"Feature","properties":{"yacimiento":"25 DE MAYO - MEDANITO SUDESTE RN","codigo":"VERN","operador":"Petrolera Aconcagua Energia S.A.","pozos":0,"boe_acum_mboe":null,"petroleo_acum_mbbl":null,"npv_musd_mediano":null,"eur_mbbl_mediana":null,"vaca_muerta":0,"operador_principal":null,"boe_por_pozo_mboe":null},"geometry":{"type":"Polygon","coordinates":[[[-67.74546,-38.09531],[-67.75666,-38.09544],[-67.75641,-38.10985],[-67.84341,-38.10832],[-67.85699,-38.09559],[-67.88993,-38.09562],[-67.89549,-38.07031],[-67.91902,-38.06471],[-67.91948,-38.03672],[-67.92508,-38.03678],[-67.92604,-37.97997],[-67.89305,-37.9342],[-67.86274,-37.93423],[-67.86286,-37.93632],[-67.8669,-37.93902],[-67.87289,-37.94058],[-67.87311,-37.95212],[-67.87591,-37.95364],[-67.88323,-37.95333],[-67.88495,-37.96126],[-67.89113,-37.9705],[-67.89846,-37.97445],[-67.90172,-37.98402],[-67.90563,-37.98665],[-67.90507,-37.98817],[-67.8993,-37.9885],[-67.90038,-37.99637],[-67.8924,-38.00121],[-67.89906,-38.01062],[-67.89836,-38.01319],[-67.88345,-38.01938],[-67.87606,-38.03394],[-67.86778,-38.03617],[-67.86518,-38.04024],[-67.86219,-38.04173],[-67.86212,-38.04481],[-67.85545,-38.0457],[-67.85219,-38.04977],[-67.84791,-38.04983],[-67.8444,-38.05195],[-67.84492,-38.05409],[-67.85003,-38.05824],[-67.85153,-38.0636],[-67.85025,-38.06564],[-67.84704,-38.06662],[-67.83846,-38.05628],[-67.83476,-38.05602],[-67.8257,-38.06592],[-67.81901,-38.06167],[-67.81681,-38.06239],[-67.81213,-38.06754],[-67.81266,-38.06993],[-67.81006,-38.07269],[-67.80803,-38.07108],[-67.80842,-38.06634],[-67.80707,-38.06505],[-67.78417,-38.06771],[-67.77869,-38.05655],[-67.77242,-38.05715],[-67.76608,-38.06241],[-67.76629,-38.06788],[-67.75128,-38.07434],[-67.74528,-38.08721],[-67.74546,-38.09531]]]}},{"type":"Feature","properties":{"yacimiento":"ENTRE LOMAS","codigo":"ELO","operador":"Petrolera Aconcagua Energia S.A.","pozos":0,"boe_acum_mboe":null,"petroleo_acum_mbbl":null,"npv_musd_mediano":null,"eur_mbbl_mediana":null,"vaca_muerta":0,"operador_principal":null,"boe_por_pozo_mboe":null},"geometry":{"type":"Polygon","coordinates":[[[-68.40034,-37.96506],[-68.38208,-37.95793],[-68.34985,-37.98408],[-68.33443,-37.96839],[-68.28115,-38.01019],[-68.25124,-38.06358],[-68.27947,-38.06777],[-68.30169,-38.09877],[-68.30491,-38.09938],[-68.31097,-38.09141],[-68.31069,-38.07249],[-68.31832,-38.05158],[-68.36042,-38.0145],[-68.36859,-38.00889],[-68.37124,-38.00607],[-68.37148,-37.99729],[-68.40034,-37.96506]]]}},{"type":"Feature","properties":{"yacimiento":"JARILLA QUEMADA","codigo":"JQUE","operador":"Petrolera Aconcagua Energia S.A.","pozos":1,"boe_acum_mboe":111.0,"petroleo_acum_mbbl":5.6,"npv_musd_mediano":null,"eur_mbbl_mediana":null,"vaca_muerta":0,"operador_principal":"TANGO ENERGY ARGENTINA S.A.","boe_por_pozo_mboe":111.0},"geometry":{"type":"Polygon","coordinates":[[[-67.96703,-38.45716],[-67.93824,-38.45981],[-67.938,-38.47488],[-67.96679,-38.47153],[-67.96703,-38.45716]]]}},{"type":"Feature","properties":{"yacimiento":"TAPERA AVENDAÑO","codigo":"TARN","operador":"Petrolera Aconcagua Energia S.A.","pozos":0,"boe_acum_mboe":null,"petroleo_acum_mbbl":null,"npv_musd_mediano":null,"eur_mbbl_mediana":null,"vaca_muerta":0,"operador_principal":null,"boe_por_pozo_mboe":null},"geometry":{"type":"Polygon","coordinates":[[[-67.73427,-38.0952],[-67.73357,-38.09929],[-67.72286,-38.1095],[-67.71929,-38.11988],[-67.69102,-38.15392],[-67.69996,-38.16074],[-67.71771,-38.16065],[-67.73284,-38.16568],[-67.74247,-38.17436],[-67.75503,-38.18122],[-67.77725,-38.18517],[-67.79701,-38.1848],[-67.82407,-38.16948],[-67.82522,-38.16535],[-67.80273,-38.15611],[-67.76942,-38.14836],[-67.76652,-38.14307],[-67.77465,-38.1374],[-67.79368,-38.13414],[-67.80397,-38.12676],[-67.81751,-38.12457],[-67.8274,-38.11996],[-67.83397,-38.10849],[-67.75641,-38.10985],[-67.75666,-38.09544],[-67.73427,-38.0952]],[[-67.76159,-38.1126],[-67.76157,-38.11386],[-67.75973,-38.11384],[-67.75975,-38.11258],[-67.76159,-38.1126]]]}},{"type":"Feature","properties":{"yacimiento":"LAS LAGUNAS","codigo":"LLRN","operador":"Petrolera Aconcagua Energia S.A.","pozos":0,"boe_acum_mboe":null,"petroleo_acum_mbbl":null,"npv_musd_mediano":null,"eur_mbbl_mediana":null,"vaca_muerta":0,"operador_principal":null,"boe_por_pozo_mboe":null},"geometry":{"type":"Polygon","coordinates":[[[-67.70457,-38.21756],[-67.71817,-38.21544],[-67.72705,-38.21547],[-67.737,-38.21679],[-67.74857,-38.22184],[-67.75851,-38.22091],[-67.77141,-38.20841],[-67.78606,-38.19939],[-67.78944,-38.19632],[-67.78903,-38.19346],[-67.78712,-38.1901],[-67.77929,-38.18895],[-67.74441,-38.18882],[-67.74081,-38.18771],[-67.73915,-38.17875],[-67.73481,-38.17656],[-67.71053,-38.17441],[-67.70745,-38.18318],[-67.71405,-38.19428],[-67.7124,-38.2023],[-67.70276,-38.21337],[-67.70457,-38.21756]]]}},{"type":"Feature","properties":{"yacimiento":"LAS LAGUNAS NORTE","codigo":"LNRN","operador":"Petrolera Aconcagua Energia S.A.","pozos":0,"boe_acum_mboe":null,"petroleo_acum_mbbl":null,"npv_musd_mediano":null,"eur_mbbl_mediana":null,"vaca_muerta":0,"operador_principal":null,"boe_por_pozo_mboe":null},"geometry":{"type":"Polygon","coordinates":[[[-67.69055,-38.16455],[-67.7136,-38.17293],[-67.71519,-38.17223],[-67.71233,-38.16465],[-67.70328,-38.16662],[-67.69238,-38.16328],[-67.69055,-38.16455]]]}},{"type":"Feature","properties":{"yacimiento":"LAS LAGUNAS OESTE","codigo":"LLOR","operador":"Petrolera Aconcagua Energia S.A.","pozos":0,"boe_acum_mboe":null,"petroleo_acum_mbbl":null,"npv_musd_mediano":null,"eur_mbbl_mediana":null,"vaca_muerta":0,"operador_principal":null,"boe_por_pozo_mboe":null},"geometry":{"type":"Polygon","coordinates":[[[-67.79383,-38.18651],[-67.79224,-38.18763],[-67.79382,-38.18765],[-67.79383,-38.18651]]]}},{"type":"Feature","properties":{"yacimiento":"CRUZ DE LORENA","codigo":"CDLO","operador":"SHELL ARGENTINA S.A.","pozos":67,"boe_acum_mboe":31489.4,"petroleo_acum_mbbl":28520.3,"npv_musd_mediano":13.7,"eur_mbbl_mediana":1356.4,"vaca_muerta":67,"operador_principal":"Shell","boe_por_pozo_mboe":470.0},"geometry":{"type":"Polygon","coordinates":[[[-68.48955,-38.24141],[-68.46964,-38.25394],[-68.38092,-38.28054],[-68.50429,-38.37359],[-68.5038,-38.44599],[-68.50665,-38.44599],[-68.56815,-38.40723],[-68.5151,-38.36675],[-68.59425,-38.31754],[-68.48955,-38.24141]]]}},{"type":"Feature","properties":{"yacimiento":"SIERRAS BLANCAS","codigo":"SIBL","operador":"SHELL ARGENTINA S.A.","pozos":47,"boe_acum_mboe":20350.2,"petroleo_acum_mbbl":18567.1,"npv_musd_mediano":12.0,"eur_mbbl_mediana":1233.1,"vaca_muerta":47,"operador_principal":"Shell","boe_por_pozo_mboe":433.0},"geometry":{"type":"Polygon","coordinates":[[[-68.38639,-38.44542],[-68.38507,-38.60123],[-68.33777,-38.60097],[-68.3377,-38.6343],[-68.39181,-38.63459],[-68.42517,-38.60999],[-68.42556,-38.56153],[-68.50607,-38.53306],[-68.50665,-38.44599],[-68.38639,-38.44542]]]}},{"type":"Feature","properties":{"yacimiento":"LOMA COLORADA","codigo":"LCOL","operador":"YPF S.A.","pozos":0,"boe_acum_mboe":null,"petroleo_acum_mbbl":null,"npv_musd_mediano":null,"eur_mbbl_mediana":null,"vaca_muerta":0,"operador_principal":null,"boe_por_pozo_mboe":null},"geometry":{"type":"Polygon","coordinates":[[[-68.52838,-38.07806],[-68.51034,-38.10139],[-68.5072,-38.10322],[-68.50492,-38.11107],[-68.5208,-38.10216],[-68.52537,-38.10189],[-68.52448,-38.09755],[-68.52837,-38.08273],[-68.53105,-38.07831],[-68.52838,-38.07806]]]}},{"type":"Feature","properties":{"yacimiento":"BOSQUE CHAÑAR","codigo":"BOCH","operador":"YPF S.A.","pozos":0,"boe_acum_mboe":null,"petroleo_acum_mbbl":null,"npv_musd_mediano":null,"eur_mbbl_mediana":null,"vaca_muerta":0,"operador_principal":null,"boe_por_pozo_mboe":null},"geometry":{"type":"Polygon","coordinates":[[[-68.62272,-38.04545],[-68.61572,-38.04831],[-68.61272,-38.05551],[-68.61582,-38.06268],[-68.62286,-38.06545],[-68.63,-38.0623],[-68.63272,-38.05525],[-68.62972,-38.04831],[-68.62272,-38.04545]]]}},{"type":"Feature","properties":{"yacimiento":"CERRO MORADO ESTE","codigo":"CMOE","operador":"YPF S.A.","pozos":0,"boe_acum_mboe":null,"petroleo_acum_mbbl":null,"npv_musd_mediano":null,"eur_mbbl_mediana":null,"vaca_muerta":0,"operador_principal":null,"boe_por_pozo_mboe":null},"geometry":{"type":"Polygon","coordinates":[[[-68.55666,-37.35851],[-68.55294,-37.35196],[-68.54788,-37.35033],[-68.54172,-37.35461],[-68.54137,-37.35684],[-68.53469,-37.36155],[-68.52246,-37.37602],[-68.51283,-37.38354],[-68.5133,-37.38894],[-68.51095,-37.39129],[-68.50579,-37.39105],[-68.49757,-37.38354],[-68.49428,-37.38471],[-68.49316,-37.39163],[-68.49627,-37.39668],[-68.4971,-37.4053],[-68.4947,-37.40662],[-68.49435,-37.40865],[-68.49837,-37.40951],[-68.50054,-37.408],[-68.50529,-37.41019],[-68.50754,-37.40858],[-68.5386,-37.40826],[-68.54015,-37.40996],[-68.54896,-37.40603],[-68.55205,-37.3983],[-68.55749,-37.39804],[-68.558,-37.39633],[-68.54601,-37.39364],[-68.54721,-37.38539],[-68.53952,-37.37921],[-68.54224,-37.37303],[-68.54977,-37.37303],[-68.55219,-37.37439],[-68.55822,-37.37996],[-68.56199,-37.38795],[-68.57435,-37.38826],[-68.57842,-37.39037],[-68.57993,-37.38946],[-68.57842,-37.38328],[-68.58264,-37.38027],[-68.58812,-37.38296],[-68.60929,-37.37169],[-68.61217,-37.37344],[-68.61531,-37.37326],[-68.61594,-37.37156],[-68.61558,-37.36883],[-68.61161,-37.36558],[-68.60932,-37.35374],[-68.61311,-37.34925],[-68.61006,-37.34714],[-68.6075,-37.34829],[-68.60586,-37.35184],[-68.6055,-37.36149],[-68.60313,-37.36732],[-68.59413,-37.37041],[-68.58283,-37.36768],[-68.56887,-37.35724],[-68.55666,-37.35851]]]}},{"type":"Feature","properties":{"yacimiento":"CN-V","codigo":"Y304","operador":"HATTRICK ENERGY SAS","pozos":0,"boe_acum_mboe":null,"petroleo_acum_mbbl":null,"npv_musd_mediano":null,"eur_mbbl_mediana":null,"vaca_muerta":0,"operador_principal":null,"boe_por_pozo_mboe":null},"geometry":{"type":"MultiPolygon","coordinates":[[[[-69.73896,-35.99861],[-69.73867,-36.00108],[-69.7426,-36.00044],[-69.74197,-35.99877],[-69.73896,-35.99861]]],[[[-69.72966,-35.93303],[-69.72797,-35.93411],[-69.72897,-35.93569],[-69.73922,-35.9377],[-69.74103,-35.9367],[-69.74005,-35.93511],[-69.72966,-35.93303]]]]}},{"type":"Feature","properties":{"yacimiento":"LINDERO ATRAVESADO ORIENTAL","codigo":"LAOR","operador":"PAN AMERICAN ENERGY SL","pozos":101,"boe_acum_mboe":41891.1,"petroleo_acum_mbbl":174.7,"npv_musd_mediano":-10.8,"eur_mbbl_mediana":14.0,"vaca_muerta":1,"operador_principal":"Pan American Energy","boe_por_pozo_mboe":414.8},"geometry":{"type":"Polygon","coordinates":[[[-68.35177,-38.66411],[-68.2332,-38.75124],[-68.26472,-38.8064],[-68.45016,-38.74613],[-68.35177,-38.66411]]]}},{"type":"Feature","properties":{"yacimiento":"ATUEL NORTE","codigo":"ATU","operador":"Petrolera Aconcagua Energia S.A.","pozos":0,"boe_acum_mboe":null,"petroleo_acum_mbbl":null,"npv_musd_mediano":null,"eur_mbbl_mediana":null,"vaca_muerta":0,"operador_principal":null,"boe_por_pozo_mboe":null},"geometry":{"type":"MultiPolygon","coordinates":[[[[-69.44279,-35.18988],[-69.44625,-35.18739],[-69.44649,-35.18277],[-69.44384,-35.18085],[-69.44005,-35.18331],[-69.43985,-35.18807],[-69.44279,-35.18988]]],[[[-69.44634,-35.17512],[-69.44941,-35.17369],[-69.45226,-35.16639],[-69.45026,-35.1631],[-69.44637,-35.16412],[-69.44334,-35.17166],[-69.44387,-35.17404],[-69.44634,-35.17512]]],[[[-69.45111,-35.16183],[-69.45454,-35.15948],[-69.45178,-35.15646],[-69.44799,-35.15892],[-69.45111,-35.16183]]]]}},{"type":"Feature","properties":{"yacimiento":"LOMA CHICA","codigo":"LOCH","operador":"Petrolera Aconcagua Energia S.A.","pozos":0,"boe_acum_mboe":null,"petroleo_acum_mbbl":null,"npv_musd_mediano":null,"eur_mbbl_mediana":null,"vaca_muerta":0,"operador_principal":null,"boe_por_pozo_mboe":null},"geometry":{"type":"MultiPolygon","coordinates":[[[[-68.13777,-37.91097],[-68.14133,-37.90862],[-68.13864,-37.90563],[-68.13456,-37.90792],[-68.13777,-37.91097]]],[[[-68.17495,-37.89595],[-68.1785,-37.8936],[-68.17582,-37.8906],[-68.17174,-37.8929],[-68.17495,-37.89595]]],[[[-68.12272,-37.8888],[-68.12628,-37.88645],[-68.1236,-37.88345],[-68.11952,-37.88575],[-68.12272,-37.8888]]]]}},{"type":"Feature","properties":{"yacimiento":"PORTEZUELOS OESTE","codigo":"PORO","operador":"OILSTONE ENERGIA S.A.","pozos":0,"boe_acum_mboe":null,"petroleo_acum_mbbl":null,"npv_musd_mediano":null,"eur_mbbl_mediana":null,"vaca_muerta":0,"operador_principal":null,"boe_por_pozo_mboe":null},"geometry":{"type":"Polygon","coordinates":[[[-69.57204,-39.01006],[-69.56501,-39.00099],[-69.5569,-38.99535],[-69.54992,-38.99467],[-69.54537,-38.99907],[-69.54489,-39.0099],[-69.55007,-39.02305],[-69.55912,-39.03394],[-69.56883,-39.03872],[-69.57477,-39.03696],[-69.57764,-39.0304],[-69.57667,-39.02084],[-69.57204,-39.01006]]]}},{"type":"Feature","properties":{"yacimiento":"AGUADA PICHANA OESTE","codigo":"APO","operador":"PAN AMERICAN ENERGY SL","pozos":57,"boe_acum_mboe":84441.7,"petroleo_acum_mbbl":0.0,"npv_musd_mediano":null,"eur_mbbl_mediana":null,"vaca_muerta":57,"operador_principal":"Pan American Energy","boe_por_pozo_mboe":1481.4},"geometry":{"type":"Polygon","coordinates":[[[-69.40064,-38.23805],[-69.37709,-38.23813],[-69.3775,-38.31759],[-69.32529,-38.31774],[-69.32561,-38.388],[-69.28558,-38.38811],[-69.28574,-38.42691],[-69.26194,-38.42696],[-69.26234,-38.53682],[-69.40341,-38.53636],[-69.401,-38.52114],[-69.40483,-38.51252],[-69.4127,-38.50657],[-69.42945,-38.505],[-69.46064,-38.48617],[-69.47057,-38.48613],[-69.47492,-38.49173],[-69.47238,-38.49897],[-69.47452,-38.50185],[-69.48245,-38.50557],[-69.48689,-38.50561],[-69.48264,-38.49829],[-69.48297,-38.49231],[-69.49367,-38.4913],[-69.49824,-38.48731],[-69.50303,-38.48722],[-69.5114,-38.48913],[-69.51503,-38.49324],[-69.51285,-38.18465],[-69.40035,-38.18509],[-69.40064,-38.23805]]]}},{"type":"Feature","properties":{"yacimiento":"LINDERO ATRAVESADO OCCIDENTAL","codigo":"LAOC","operador":"PAN AMERICAN ENERGY SL","pozos":78,"boe_acum_mboe":30616.5,"petroleo_acum_mbbl":24609.1,"npv_musd_mediano":9.6,"eur_mbbl_mediana":1189.3,"vaca_muerta":69,"operador_principal":"Pan American Energy","boe_por_pozo_mboe":392.5},"geometry":{"type":"Polygon","coordinates":[[[-68.61255,-38.5635],[-68.42554,-38.56273],[-68.42516,-38.61002],[-68.35177,-38.66411],[-68.45016,-38.74613],[-68.66769,-38.67492],[-68.61255,-38.5635]]]}},{"type":"Feature","properties":{"yacimiento":"AGUADA DE CASTRO","codigo":"AGCA","operador":"PAN AMERICAN ENERGY SL","pozos":10,"boe_acum_mboe":10149.2,"petroleo_acum_mbbl":0.0,"npv_musd_mediano":null,"eur_mbbl_mediana":null,"vaca_muerta":10,"operador_principal":"Pan American Energy","boe_por_pozo_mboe":1014.9},"geometry":{"type":"Polygon","coordinates":[[[-69.62502,-38.18501],[-69.51361,-38.18565],[-69.51474,-38.34507],[-69.52772,-38.34502],[-69.52775,-38.35025],[-69.53977,-38.35019],[-69.5398,-38.3549],[-69.54955,-38.35486],[-69.54957,-38.35847],[-69.56054,-38.35842],[-69.56038,-38.33603],[-69.63305,-38.33566],[-69.63277,-38.30208],[-69.60041,-38.30225],[-69.60028,-38.28631],[-69.6089,-38.28627],[-69.60865,-38.25587],[-69.62563,-38.25578],[-69.62502,-38.18501]]]}},{"type":"Feature","properties":{"yacimiento":"COIRON AMARGO SUR ESTE","codigo":"CASU","operador":"PAN AMERICAN ENERGY SL","pozos":40,"boe_acum_mboe":13754.7,"petroleo_acum_mbbl":13041.8,"npv_musd_mediano":14.7,"eur_mbbl_mediana":1440.6,"vaca_muerta":40,"operador_principal":"Pan American Energy","boe_por_pozo_mboe":343.9},"geometry":{"type":"Polygon","coordinates":[[[-68.47854,-38.3545],[-68.38172,-38.28145],[-68.33186,-38.28118],[-68.33159,-38.3109],[-68.25685,-38.31045],[-68.25699,-38.39775],[-68.29691,-38.37692],[-68.32568,-38.40996],[-68.25834,-38.4456],[-68.38799,-38.44634],[-68.38807,-38.43483],[-68.47854,-38.3545]]]}},{"type":"Feature","properties":{"yacimiento":"AGUADA CÁNEPA","codigo":"ADCO","operador":"PAN AMERICAN ENERGY SL","pozos":12,"boe_acum_mboe":5761.1,"petroleo_acum_mbbl":5462.0,"npv_musd_mediano":14.4,"eur_mbbl_mediana":1153.2,"vaca_muerta":12,"operador_principal":"Pan American Energy","boe_por_pozo_mboe":480.1},"geometry":{"type":"Polygon","coordinates":[[[-68.41532,-38.04109],[-68.34785,-38.10447],[-68.42994,-38.1049],[-68.42976,-38.12765],[-68.48491,-38.12788],[-68.48551,-38.10418],[-68.51351,-38.07651],[-68.56046,-38.07635],[-68.59858,-38.04187],[-68.41532,-38.04109]]]}},{"type":"Feature","properties":{"yacimiento":"BANDURRIA CENTRO","codigo":"BDCC","operador":"PAN AMERICAN ENERGY SL","pozos":25,"boe_acum_mboe":6818.1,"petroleo_acum_mbbl":5448.3,"npv_musd_mediano":-0.8,"eur_mbbl_mediana":439.6,"vaca_muerta":24,"operador_principal":"Pan American Energy","boe_por_pozo_mboe":272.7},"geometry":{"type":"Polygon","coordinates":[[[-68.90308,-38.10139],[-68.90304,-38.13258],[-68.77188,-38.1324],[-68.77173,-38.15942],[-68.71555,-38.21925],[-68.81158,-38.21945],[-68.81165,-38.1919],[-68.91221,-38.19202],[-68.91224,-38.16635],[-68.94218,-38.16637],[-68.94223,-38.10142],[-68.90308,-38.10139]]]}},{"type":"Feature","properties":{"yacimiento":"BAJO DEL PICHE","codigo":"BDP","operador":"PETROLEOS SUDAMERICANOS S.A.","pozos":0,"boe_acum_mboe":null,"petroleo_acum_mbbl":null,"npv_musd_mediano":null,"eur_mbbl_mediana":null,"vaca_muerta":0,"operador_principal":null,"boe_por_pozo_mboe":null},"geometry":{"type":"Polygon","coordinates":[[[-68.04008,-38.24084],[-68.02518,-38.23784],[-68.01667,-38.24591],[-67.98742,-38.24542],[-67.9815,-38.24635],[-67.97903,-38.24936],[-67.98946,-38.25191],[-67.99137,-38.25528],[-67.99481,-38.25581],[-68.00815,-38.26645],[-68.01731,-38.26815],[-68.03832,-38.26319],[-68.0519,-38.26734],[-68.0522,-38.26441],[-68.04624,-38.26191],[-68.04285,-38.25813],[-68.04334,-38.25357],[-68.04893,-38.24792],[-68.04008,-38.24084]]]}},{"type":"Feature","properties":{"yacimiento":"BAJO DEL PICHE OESTE","codigo":"Z039","operador":"PETROLEOS SUDAMERICANOS S.A.","pozos":0,"boe_acum_mboe":null,"petroleo_acum_mbbl":null,"npv_musd_mediano":null,"eur_mbbl_mediana":null,"vaca_muerta":0,"operador_principal":null,"boe_por_pozo_mboe":null},"geometry":{"type":"Polygon","coordinates":[[[-68.0716,-38.2731],[-68.0719,-38.269],[-68.07013,-38.26658],[-68.06291,-38.2651],[-68.05752,-38.25765],[-68.05434,-38.25791],[-68.05463,-38.2651],[-68.0523,-38.27134],[-68.0628,-38.27372],[-68.06703,-38.278],[-68.0716,-38.2731]]]}},{"type":"Feature","properties":{"yacimiento":"EL SANTIAGUEÑO","codigo":"SAN","operador":"PETROLEOS SUDAMERICANOS S.A.","pozos":0,"boe_acum_mboe":null,"petroleo_acum_mbbl":null,"npv_musd_mediano":null,"eur_mbbl_mediana":null,"vaca_muerta":0,"operador_principal":null,"boe_por_pozo_mboe":null},"geometry":{"type":"Polygon","coordinates":[[[-68.03189,-38.15916],[-68.05886,-38.15842],[-68.06764,-38.13849],[-68.05848,-38.09706],[-68.05659,-38.09519],[-68.05252,-38.09591],[-68.01288,-38.13654],[-68.01337,-38.15704],[-68.03189,-38.15916]]]}},{"type":"Feature","properties":{"yacimiento":"LOS RAMBLONES","codigo":"LORA","operador":"PETROLEOS SUDAMERICANOS S.A.","pozos":0,"boe_acum_mboe":null,"petroleo_acum_mbbl":null,"npv_musd_mediano":null,"eur_mbbl_mediana":null,"vaca_muerta":0,"operador_principal":null,"boe_por_pozo_mboe":null},"geometry":{"type":"Polygon","coordinates":[[[-67.87738,-38.1883],[-67.90817,-38.17066],[-67.90889,-38.16834],[-67.90535,-38.1609],[-67.84953,-38.14989],[-67.83388,-38.1605],[-67.8309,-38.17115],[-67.83443,-38.17727],[-67.87738,-38.1883]]]}},{"type":"Feature","properties":{"yacimiento":"PUNTA ROSADA","codigo":"PURO","operador":"PETROLEOS SUDAMERICANOS S.A.","pozos":0,"boe_acum_mboe":null,"petroleo_acum_mbbl":null,"npv_musd_mediano":null,"eur_mbbl_mediana":null,"vaca_muerta":0,"operador_principal":null,"boe_por_pozo_mboe":null},"geometry":{"type":"Polygon","coordinates":[[[-68.04387,-37.99204],[-68.06343,-37.97817],[-68.05073,-37.95974],[-68.03079,-37.96327],[-68.02851,-37.96536],[-68.02955,-37.97736],[-68.04131,-37.99098],[-68.04387,-37.99204]]]}},{"type":"Feature","properties":{"yacimiento":"EL MEDANITO","codigo":"EMD","operador":"PETROLEOS SUDAMERICANOS S.A.","pozos":0,"boe_acum_mboe":null,"petroleo_acum_mbbl":null,"npv_musd_mediano":null,"eur_mbbl_mediana":null,"vaca_muerta":0,"operador_principal":null,"boe_por_pozo_mboe":null},"geometry":{"type":"Polygon","coordinates":[[[-67.92968,-38.03138],[-67.92704,-38.03508],[-67.91835,-38.03684],[-67.91747,-38.03854],[-67.91796,-38.05927],[-67.92083,-38.06872],[-67.9239,-38.07016],[-67.94455,-38.07404],[-67.95031,-38.06828],[-67.9692,-38.06343],[-67.98045,-38.05374],[-67.99099,-38.04829],[-67.9959,-38.04093],[-67.99819,-38.02736],[-68.00589,-38.00603],[-68.00788,-37.97619],[-68.00171,-37.97265],[-67.98707,-37.96979],[-67.96219,-37.96141],[-67.95012,-37.96196],[-67.92727,-37.97105],[-67.92562,-37.97845],[-67.92529,-38.00139],[-67.9292,-38.01049],[-67.92825,-38.01894],[-67.93035,-38.02528],[-67.92968,-38.03138]]]}},{"type":"Feature","properties":{"yacimiento":"ANTICLINAL CAMPAMENTO SUR","codigo":"ANCS","operador":"OILSTONE ENERGIA S.A.","pozos":10,"boe_acum_mboe":5519.2,"petroleo_acum_mbbl":0.0,"npv_musd_mediano":null,"eur_mbbl_mediana":null,"vaca_muerta":0,"operador_principal":"OILSTONE ENERGIA S.A.","boe_por_pozo_mboe":551.9},"geometry":{"type":"Polygon","coordinates":[[[-69.70765,-39.03007],[-69.734,-39.02747],[-69.73654,-39.02451],[-69.72318,-39.00672],[-69.71467,-39.00491],[-69.70199,-39.01557],[-69.69659,-39.02362],[-69.69787,-39.02635],[-69.70765,-39.03007]]]}},{"type":"Feature","properties":{"yacimiento":"BARRANCA DE LOS LOROS NORTE","codigo":"Z046","operador":"PETROLEOS SUDAMERICANOS S.A.","pozos":0,"boe_acum_mboe":null,"petroleo_acum_mbbl":null,"npv_musd_mediano":null,"eur_mbbl_mediana":null,"vaca_muerta":0,"operador_principal":null,"boe_por_pozo_mboe":null},"geometry":{"type":"Polygon","coordinates":[[[-67.77143,-37.85151],[-67.77732,-37.85312],[-67.78502,-37.85011],[-67.78955,-37.84575],[-67.79364,-37.83561],[-67.80412,-37.83318],[-67.81346,-37.82826],[-67.81457,-37.82467],[-67.81244,-37.82008],[-67.80417,-37.81695],[-67.79031,-37.81579],[-67.77559,-37.8092],[-67.77047,-37.80907],[-67.75474,-37.81457],[-67.75372,-37.81926],[-67.76318,-37.82698],[-67.76663,-37.8344],[-67.76798,-37.84651],[-67.77143,-37.85151]]]}},{"type":"Feature","properties":{"yacimiento":"BARRANCA DE LOS LOROS","codigo":"LOR","operador":"PETROLEOS SUDAMERICANOS S.A.","pozos":0,"boe_acum_mboe":null,"petroleo_acum_mbbl":null,"npv_musd_mediano":null,"eur_mbbl_mediana":null,"vaca_muerta":0,"operador_principal":null,"boe_por_pozo_mboe":null},"geometry":{"type":"Polygon","coordinates":[[[-67.84211,-37.85154],[-67.81926,-37.85341],[-67.80434,-37.85946],[-67.80079,-37.86526],[-67.80137,-37.86927],[-67.8277,-37.87943],[-67.83475,-37.88042],[-67.84629,-37.88004],[-67.85502,-37.87221],[-67.85622,-37.8689],[-67.8554,-37.86151],[-67.84745,-37.85291],[-67.84211,-37.85154]]]}},{"type":"Feature","properties":{"yacimiento":"LOS RAMBLONES NORTE","codigo":"LORN","operador":"PETROLEOS SUDAMERICANOS S.A.","pozos":0,"boe_acum_mboe":null,"petroleo_acum_mbbl":null,"npv_musd_mediano":null,"eur_mbbl_mediana":null,"vaca_muerta":0,"operador_principal":null,"boe_por_pozo_mboe":null},"geometry":{"type":"Polygon","coordinates":[[[-67.83528,-38.15563],[-67.83872,-38.15293],[-67.8353,-38.15021],[-67.83186,-38.15291],[-67.83528,-38.15563]]]}},{"type":"Feature","properties":{"yacimiento":"EL QUEMADO","codigo":"ELQU","operador":"PETROLEOS SUDAMERICANOS S.A.","pozos":0,"boe_acum_mboe":null,"petroleo_acum_mbbl":null,"npv_musd_mediano":null,"eur_mbbl_mediana":null,"vaca_muerta":0,"operador_principal":null,"boe_por_pozo_mboe":null},"geometry":{"type":"Polygon","coordinates":[[[-67.98616,-38.08055],[-67.97783,-38.08701],[-67.9761,-38.09532],[-67.98291,-38.10323],[-67.99529,-38.11232],[-68.01681,-38.09568],[-68.02651,-38.08086],[-68.02498,-38.07757],[-68.01966,-38.07639],[-67.99776,-38.07639],[-67.98616,-38.08055]]]}},{"type":"Feature","properties":{"yacimiento":"MOLLE MORADO","codigo":"MOM","operador":"Petrolera Aconcagua Energia S.A.","pozos":0,"boe_acum_mboe":null,"petroleo_acum_mbbl":null,"npv_musd_mediano":null,"eur_mbbl_mediana":null,"vaca_muerta":0,"operador_principal":null,"boe_por_pozo_mboe":null},"geometry":{"type":"Polygon","coordinates":[[[-67.92945,-37.91264],[-67.92604,-37.91541],[-67.92945,-37.91804],[-67.93286,-37.91541],[-67.92945,-37.91264]]]}},{"type":"Feature","properties":{"yacimiento":"LOMA MONTOSA","codigo":"LMO","operador":"Petrolera Aconcagua Energia S.A.","pozos":0,"boe_acum_mboe":null,"petroleo_acum_mbbl":null,"npv_musd_mediano":null,"eur_mbbl_mediana":null,"vaca_muerta":0,"operador_principal":null,"boe_por_pozo_mboe":null},"geometry":{"type":"Polygon","coordinates":[[[-68.2478,-37.89785],[-68.2395,-37.90046],[-68.23917,-37.90381],[-68.24304,-37.90487],[-68.25048,-37.90085],[-68.2478,-37.89785]]]}},{"type":"Feature","properties":{"yacimiento":"LOMA GUADALOSA","codigo":"LGU","operador":"PAN AMERICAN ENERGY SL","pozos":0,"boe_acum_mboe":null,"petroleo_acum_mbbl":null,"npv_musd_mediano":null,"eur_mbbl_mediana":null,"vaca_muerta":0,"operador_principal":null,"boe_por_pozo_mboe":null},"geometry":{"type":"MultiPolygon","coordinates":[[[[-68.17232,-38.35124],[-68.1759,-38.34889],[-68.1732,-38.3459],[-68.1691,-38.3482],[-68.17232,-38.35124]]],[[[-68.16514,-38.34766],[-68.16872,-38.34531],[-68.16602,-38.34232],[-68.16191,-38.34462],[-68.16514,-38.34766]]],[[[-68.16747,-38.33778],[-68.17105,-38.33543],[-68.16835,-38.33243],[-68.16424,-38.33473],[-68.16747,-38.33778]]]]}},{"type":"Feature","properties":{"yacimiento":"CHAÑAR BREA","codigo":"CHBR","operador":"Petrolera Aconcagua Energia S.A.","pozos":0,"boe_acum_mboe":null,"petroleo_acum_mbbl":null,"npv_musd_mediano":null,"eur_mbbl_mediana":null,"vaca_muerta":0,"operador_principal":null,"boe_por_pozo_mboe":null},"geometry":{"type":"Polygon","coordinates":[[[-68.08369,-37.92628],[-68.08028,-37.92906],[-68.08369,-37.93169],[-68.0871,-37.92906],[-68.08369,-37.92628]]]}},{"type":"Feature","properties":{"yacimiento":"CATRIEL VIEJO","codigo":"VIE","operador":"Petrolera Aconcagua Energia S.A.","pozos":0,"boe_acum_mboe":null,"petroleo_acum_mbbl":null,"npv_musd_mediano":null,"eur_mbbl_mediana":null,"vaca_muerta":0,"operador_principal":null,"boe_por_pozo_mboe":null},"geometry":{"type":"MultiPolygon","coordinates":[[[[-67.91848,-37.95617],[-67.92204,-37.95382],[-67.91935,-37.95082],[-67.91527,-37.95312],[-67.91848,-37.95617]]],[[[-67.93928,-37.94938],[-67.94284,-37.94702],[-67.94016,-37.94403],[-67.93607,-37.94633],[-67.93928,-37.94938]]],[[[-67.92404,-37.94012],[-67.91944,-37.94287],[-67.91444,-37.94159],[-67.91311,-37.94489],[-67.92451,-37.94989],[-67.93022,-37.94494],[-67.92928,-37.94238],[-67.92404,-37.94012]]],[[[-67.93429,-37.94404],[-67.93785,-37.94169],[-67.93516,-37.9387],[-67.93108,-37.941],[-67.93429,-37.94404]]]]}},{"type":"Feature","properties":{"yacimiento":"CATRIEL OESTE","codigo":"CAP","operador":"Petrolera Aconcagua Energia S.A.","pozos":0,"boe_acum_mboe":null,"petroleo_acum_mbbl":null,"npv_musd_mediano":null,"eur_mbbl_mediana":null,"vaca_muerta":0,"operador_principal":null,"boe_por_pozo_mboe":null},"geometry":{"type":"MultiPolygon","coordinates":[[[[-68.04014,-37.69952],[-68.04368,-37.69717],[-68.04101,-37.69418],[-68.03694,-37.69647],[-68.04014,-37.69952]]],[[[-68.00929,-37.69639],[-68.01284,-37.69404],[-68.01016,-37.69104],[-68.00609,-37.69334],[-68.00929,-37.69639]]],[[[-67.99481,-37.69553],[-67.99836,-37.69318],[-67.99568,-37.69019],[-67.99161,-37.69248],[-67.99481,-37.69553]]],[[[-68.01177,-37.69065],[-68.01532,-37.6883],[-68.01264,-37.6853],[-68.00857,-37.6876],[-68.01177,-37.69065]]],[[[-68.06772,-37.687],[-68.06351,-37.68589],[-68.05912,-37.6879],[-68.0581,-37.68999],[-68.05373,-37.68766],[-68.05045,-37.6882],[-68.04978,-37.69162],[-68.0551,-37.69443],[-68.05229,-37.69528],[-68.05199,-37.69866],[-68.04905,-37.69893],[-68.04748,-37.70106],[-68.04252,-37.70186],[-68.03611,-37.69867],[-68.02444,-37.70301],[-68.02172,-37.70148],[-68.0186,-37.7026],[-68.01731,-37.70148],[-68.02059,-37.70142],[-68.02232,-37.69914],[-68.01874,-37.69637],[-68.00744,-37.69873],[-68.00276,-37.69771],[-67.99969,-37.70293],[-67.99518,-37.70079],[-67.98893,-37.70323],[-67.98474,-37.7017],[-67.98226,-37.70479],[-67.98539,-37.70701],[-67.98517,-37.70943],[-67.98719,-37.71108],[-67.9911,-37.71017],[-67.99446,-37.71159],[-67.99956,-37.71013],[-67.99988,-37.71235],[-68.00235,-37.71364],[-68.00229,-37.71627],[-68.00486,-37.71796],[-68.002,-37.71916],[-68.00175,-37.72181],[-68.0043,-37.72334],[-68.00743,-37.72241],[-68.00715,-37.72466],[-68.00916,-37.7263],[-68.01338,-37.72501],[-68.01734,-37.72596],[-68.01953,-37.72322],[-68.02031,-37.72627],[-68.02379,-37.72715],[-68.02825,-37.72238],[-68.03079,-37.7238],[-68.03109,-37.72692],[-68.03406,-37.72788],[-68.03662,-37.72658],[-68.03689,-37.72423],[-68.04046,-37.72288],[-68.04602,-37.72613],[-68.04857,-37.72505],[-68.04912,-37.7227],[-68.05287,-37.72382],[-68.05491,-37.72631],[-68.05897,-37.72548],[-68.06312,-37.72738],[-68.06533,-37.72591],[-68.06719,-37.7206],[-68.06471,-37.71848],[-68.06125,-37.71934],[-68.06093,-37.71796],[-68.06496,-37.71533],[-68.06512,-37.70866],[-68.06867,-37.707],[-68.06792,-37.70407],[-68.06961,-37.69933],[-68.07219,-37.6983],[-68.07624,-37.69998],[-68.07877,-37.69757],[-68.0769,-37.69495],[-68.07313,-37.69533],[-68.07213,-37.69219],[-68.076,-37.68715],[-68.0754,-37.68453],[-68.07159,-37.68373],[-68.06772,-37.687]],[[-68.05747,-37.69395],[-68.05752,-37.69551],[-68.0552,-37.69444],[-68.05747,-37.69395]],[[-68.05778,-37.69996],[-68.05424,-37.70078],[-68.05368,-37.69967],[-68.05745,-37.69879],[-68.05778,-37.69996]],[[-68.04999,-37.70544],[-68.04824,-37.70479],[-68.04885,-37.70338],[-68.05043,-37.70389],[-68.04999,-37.70544]],[[-68.03723,-37.70487],[-68.03659,-37.70502],[-68.03646,-37.70422],[-68.03723,-37.70487]],[[-68.06081,-37.72232],[-68.0585,-37.72179],[-68.06045,-37.72089],[-68.06081,-37.72232]],[[-68.01277,-37.70207],[-68.01303,-37.70197],[-68.01268,-37.70216],[-68.01277,-37.70207]]],[[[-67.98207,-37.67655],[-67.97617,-37.68018],[-67.97611,-37.69224],[-67.97902,-37.69417],[-67.98237,-37.69276],[-67.98233,-37.69544],[-67.98515,-37.69687],[-67.98854,-37.69506],[-67.98789,-37.68795],[-67.99159,-37.68601],[-67.99191,-37.68204],[-67.99964,-37.6819],[-68.00201,-37.6794],[-67.99879,-37.67663],[-67.98542,-37.67796],[-67.98207,-37.67655]]]]}},{"type":"Feature","properties":{"yacimiento":"BARDA ALTA","codigo":"BAAL","operador":"Petrolera Aconcagua Energia S.A.","pozos":0,"boe_acum_mboe":null,"petroleo_acum_mbbl":null,"npv_musd_mediano":null,"eur_mbbl_mediana":null,"vaca_muerta":0,"operador_principal":null,"boe_por_pozo_mboe":null},"geometry":{"type":"MultiPolygon","coordinates":[[[[-67.99958,-37.8416],[-68.00314,-37.83924],[-68.00046,-37.83625],[-67.99638,-37.83855],[-67.99958,-37.8416]]],[[[-68.01756,-37.83657],[-68.02112,-37.83422],[-68.01844,-37.83123],[-68.01436,-37.83352],[-68.01756,-37.83657]]]]}},{"type":"Feature","properties":{"yacimiento":"CAMPO GRANDE","codigo":"CPGR","operador":"YPF S.A.","pozos":0,"boe_acum_mboe":null,"petroleo_acum_mbbl":null,"npv_musd_mediano":null,"eur_mbbl_mediana":null,"vaca_muerta":0,"operador_principal":null,"boe_por_pozo_mboe":null},"geometry":{"type":"Polygon","coordinates":[[[-68.17076,-38.71244],[-68.16886,-38.71244],[-68.16977,-38.71341],[-68.17076,-38.71244]]]}},{"type":"Feature","properties":{"yacimiento":"CERRO MIROLI","codigo":"CRMI","operador":"YPF S.A.","pozos":0,"boe_acum_mboe":null,"petroleo_acum_mbbl":null,"npv_musd_mediano":null,"eur_mbbl_mediana":null,"vaca_muerta":0,"operador_principal":null,"boe_por_pozo_mboe":null},"geometry":{"type":"Polygon","coordinates":[[[-68.10405,-38.68884],[-68.10116,-38.69007],[-68.10003,-38.69282],[-68.10122,-38.69573],[-68.10414,-38.69689],[-68.107,-38.69561],[-68.10808,-38.69282],[-68.10682,-38.68995],[-68.10405,-38.68884]]]}},{"type":"Feature","properties":{"yacimiento":"BAJADA DE AÑELO","codigo":"BAEO","operador":"SHELL ARGENTINA S.A.","pozos":28,"boe_acum_mboe":8600.6,"petroleo_acum_mbbl":4294.5,"npv_musd_mediano":8.6,"eur_mbbl_mediana":883.8,"vaca_muerta":28,"operador_principal":"Shell","boe_por_pozo_mboe":307.2},"geometry":{"type":"Polygon","coordinates":[[[-69.03396,-38.06415],[-69.03401,-38.16502],[-68.90958,-38.16501],[-68.90943,-38.29385],[-68.98778,-38.29388],[-68.98778,-38.26415],[-68.9455,-38.26415],[-68.94554,-38.21009],[-68.96036,-38.21014],[-68.96037,-38.24343],[-68.98779,-38.24343],[-68.98779,-38.25785],[-69.05635,-38.25783],[-69.05626,-38.16235],[-69.0734,-38.16237],[-69.07333,-38.11537],[-69.11329,-38.11542],[-69.11315,-38.0641],[-69.03396,-38.06415]]]}},{"type":"Feature","properties":{"yacimiento":"LAS LAGUNAS ESTE","codigo":"LERN","operador":"Petrolera Aconcagua Energia S.A.","pozos":0,"boe_acum_mboe":null,"petroleo_acum_mbbl":null,"npv_musd_mediano":null,"eur_mbbl_mediana":null,"vaca_muerta":0,"operador_principal":null,"boe_por_pozo_mboe":null},"geometry":{"type":"Polygon","coordinates":[[[-67.67618,-38.19243],[-67.67616,-38.19398],[-67.67812,-38.194],[-67.67815,-38.19246],[-67.67618,-38.19243]]]}},{"type":"Feature","properties":{"yacimiento":"LAS LAGUNAS SUR","codigo":"LLAS","operador":"Petrolera Aconcagua Energia S.A.","pozos":0,"boe_acum_mboe":null,"petroleo_acum_mbbl":null,"npv_musd_mediano":null,"eur_mbbl_mediana":null,"vaca_muerta":0,"operador_principal":null,"boe_por_pozo_mboe":null},"geometry":{"type":"Polygon","coordinates":[[[-67.73231,-38.20112],[-67.73196,-38.20344],[-67.73365,-38.20488],[-67.73702,-38.2032],[-67.73609,-38.20095],[-67.73231,-38.20112]]]}},{"type":"Feature","properties":{"yacimiento":"LOMA DE LAS ESPINAS","codigo":"Z217","operador":"YPF S.A.","pozos":0,"boe_acum_mboe":null,"petroleo_acum_mbbl":null,"npv_musd_mediano":null,"eur_mbbl_mediana":null,"vaca_muerta":0,"operador_principal":null,"boe_por_pozo_mboe":null},"geometry":{"type":"MultiPolygon","coordinates":[[[[-69.72537,-36.20249],[-69.72406,-36.20249],[-69.72472,-36.20315],[-69.72537,-36.20249]]],[[[-69.70052,-36.17931],[-69.69921,-36.17931],[-69.69987,-36.17997],[-69.70052,-36.17931]]],[[[-69.73085,-36.19357],[-69.72955,-36.19357],[-69.7302,-36.19422],[-69.73085,-36.19357]]],[[[-69.74611,-36.16405],[-69.7448,-36.16405],[-69.74545,-36.16471],[-69.74611,-36.16405]]],[[[-69.6862,-36.21064],[-69.68489,-36.21064],[-69.68555,-36.2113],[-69.6862,-36.21064]]]]}},{"type":"Feature","properties":{"yacimiento":"SEÑAL PICADA SUR","codigo":"Z346","operador":"YPF S.A.","pozos":0,"boe_acum_mboe":null,"petroleo_acum_mbbl":null,"npv_musd_mediano":null,"eur_mbbl_mediana":null,"vaca_muerta":0,"operador_principal":null,"boe_por_pozo_mboe":null},"geometry":{"type":"MultiPolygon","coordinates":[[[[-68.20644,-37.71604],[-68.20897,-37.71488],[-68.20797,-37.7127],[-68.2047,-37.71365],[-68.20644,-37.71604]]],[[[-67.92395,-37.6907],[-67.92647,-37.68954],[-67.92548,-37.68737],[-67.92221,-37.68831],[-67.92395,-37.6907]]],[[[-67.90755,-37.68864],[-67.91008,-37.68748],[-67.90908,-37.6853],[-67.90582,-37.68625],[-67.90755,-37.68864]]],[[[-67.8224,-37.68183],[-67.82492,-37.68067],[-67.82393,-37.67849],[-67.82066,-37.67943],[-67.8224,-37.68183]]],[[[-68.212,-37.59898],[-68.21452,-37.59783],[-68.21353,-37.59565],[-68.21027,-37.59659],[-68.212,-37.59898]]]]}},{"type":"Feature","properties":{"yacimiento":"PUESTO MORALES","codigo":"PMR","operador":"MADALENA ENERGY ARGENTINA SRL","pozos":0,"boe_acum_mboe":null,"petroleo_acum_mbbl":null,"npv_musd_mediano":null,"eur_mbbl_mediana":null,"vaca_muerta":0,"operador_principal":null,"boe_por_pozo_mboe":null},"geometry":{"type":"Polygon","coordinates":[[[-67.73269,-38.35918],[-67.73482,-38.2366],[-67.62862,-38.2354],[-67.62631,-38.35798],[-67.73269,-38.35918]]]}},{"type":"Feature","properties":{"yacimiento":"RINCONADA","codigo":"RNN","operador":"MADALENA ENERGY ARGENTINA SRL","pozos":0,"boe_acum_mboe":null,"petroleo_acum_mbbl":null,"npv_musd_mediano":null,"eur_mbbl_mediana":null,"vaca_muerta":0,"operador_principal":null,"boe_por_pozo_mboe":null},"geometry":{"type":"Polygon","coordinates":[[[-67.31831,-38.32013],[-67.48969,-38.3225],[-67.4912,-38.25348],[-67.3199,-38.25107],[-67.31831,-38.32013]]]}},{"type":"Feature","properties":{"yacimiento":"PUESTO MORALES ESTE","codigo":"PMES","operador":"GEOPETROL DRILLING S.A.","pozos":0,"boe_acum_mboe":null,"petroleo_acum_mbbl":null,"npv_musd_mediano":null,"eur_mbbl_mediana":null,"vaca_muerta":0,"operador_principal":null,"boe_por_pozo_mboe":null},"geometry":{"type":"Polygon","coordinates":[[[-67.62734,-38.30452],[-67.61555,-38.30317],[-67.61451,-38.3578],[-67.62631,-38.35798],[-67.62734,-38.30452]]]}},{"type":"Feature","properties":{"yacimiento":"SAN ROQUE VACA MUERTA","codigo":"SRVM","operador":"TOTAL AUSTRAL S.A.","pozos":9,"boe_acum_mboe":1523.5,"petroleo_acum_mbbl":1122.6,"npv_musd_mediano":0.0,"eur_mbbl_mediana":515.2,"vaca_muerta":8,"operador_principal":"TotalEnergies","boe_por_pozo_mboe":169.3},"geometry":{"type":"Polygon","coordinates":[[[-68.8062,-37.79821],[-68.80583,-37.93786],[-68.65795,-37.93753],[-68.65747,-38.04114],[-68.77136,-38.0414],[-68.77108,-38.13149],[-68.90225,-38.13167],[-68.90233,-38.06411],[-69.11314,-38.06409],[-69.1127,-37.79834],[-68.8062,-37.79821]]]}},{"type":"Feature","properties":{"yacimiento":"AGUADA PICHANA ESTE MULICHINCO","codigo":"APEM","operador":"TOTAL AUSTRAL S.A.","pozos":83,"boe_acum_mboe":113549.1,"petroleo_acum_mbbl":922.8,"npv_musd_mediano":null,"eur_mbbl_mediana":null,"vaca_muerta":71,"operador_principal":"TotalEnergies","boe_por_pozo_mboe":1368.1},"geometry":{"type":"Polygon","coordinates":[[[-69.07696,-38.49357],[-69.08501,-38.51543],[-69.13737,-38.51538],[-69.14008,-38.51274],[-69.14717,-38.5101],[-69.15546,-38.51036],[-69.16263,-38.50738],[-69.16701,-38.49939],[-69.18697,-38.49478],[-69.19456,-38.4897],[-69.19265,-38.48302],[-69.18615,-38.47837],[-69.18615,-38.47187],[-69.20375,-38.46771],[-69.21071,-38.46253],[-69.20975,-38.4553],[-69.20461,-38.44919],[-69.20542,-38.44248],[-69.22497,-38.43316],[-69.22969,-38.42498],[-69.23024,-38.4161],[-69.22697,-38.40123],[-69.22945,-38.39405],[-69.24767,-38.38967],[-69.25244,-38.38296],[-69.27333,-38.37449],[-69.27555,-38.36737],[-69.25572,-38.3377],[-69.23794,-38.32674],[-69.21599,-38.32023],[-69.21191,-38.31145],[-69.21298,-38.3049],[-69.21187,-38.29862],[-69.205,-38.28684],[-69.20582,-38.2804],[-69.21207,-38.26761],[-69.21005,-38.26148],[-69.19127,-38.25137],[-69.18517,-38.24396],[-69.18608,-38.22821],[-69.17998,-38.22304],[-69.1705,-38.22328],[-69.17058,-38.25771],[-69.12873,-38.25776],[-69.1241,-38.26807],[-69.12553,-38.27557],[-69.137,-38.29573],[-69.13829,-38.30288],[-69.13714,-38.31002],[-69.13263,-38.32514],[-69.12864,-38.35807],[-69.11838,-38.38859],[-69.11478,-38.39584],[-69.10096,-38.40677],[-69.08576,-38.43652],[-69.07485,-38.44788],[-69.07251,-38.45466],[-69.07234,-38.46165],[-69.0838,-38.47143],[-69.07818,-38.4855],[-69.07696,-38.49357]]]}},{"type":"Feature","properties":{"yacimiento":"AGUADA PICHANA ESTE VACA MUERTA","codigo":"APVM","operador":"TOTAL AUSTRAL S.A.","pozos":138,"boe_acum_mboe":169817.2,"petroleo_acum_mbbl":2528.1,"npv_musd_mediano":-9.6,"eur_mbbl_mediana":65.7,"vaca_muerta":101,"operador_principal":"TotalEnergies","boe_por_pozo_mboe":1230.6},"geometry":{"type":"Polygon","coordinates":[[[-69.17041,-38.18564],[-69.17058,-38.25771],[-69.07919,-38.25781],[-69.07939,-38.42001],[-69.05644,-38.42003],[-69.05657,-38.51546],[-69.2308,-38.51529],[-69.23092,-38.53689],[-69.2616,-38.53682],[-69.2612,-38.4277],[-69.28552,-38.42764],[-69.28537,-38.38824],[-69.3254,-38.38814],[-69.32509,-38.31826],[-69.37807,-38.3181],[-69.37766,-38.23866],[-69.40101,-38.23859],[-69.40072,-38.18508],[-69.17041,-38.18564]]]}},{"type":"Feature","properties":{"yacimiento":"LA ESCALONADA","codigo":"LAEC","operador":"VACA MUERTA INVERSIONES SAU","pozos":7,"boe_acum_mboe":5060.2,"petroleo_acum_mbbl":3624.8,"npv_musd_mediano":49.4,"eur_mbbl_mediana":3234.6,"vaca_muerta":7,"operador_principal":"VACA MUERTA INVERSIONES SAU","boe_por_pozo_mboe":722.9},"geometry":{"type":"Polygon","coordinates":[[[-69.16901,-37.59703],[-69.1694,-37.77123],[-69.28101,-37.77103],[-69.28091,-37.74394],[-69.23995,-37.74403],[-69.23973,-37.67711],[-69.28609,-37.67701],[-69.28616,-37.69503],[-69.31451,-37.69495],[-69.31443,-37.67693],[-69.3507,-37.67683],[-69.35052,-37.6396],[-69.37888,-37.63952],[-69.37873,-37.60945],[-69.40899,-37.60935],[-69.40892,-37.59644],[-69.16901,-37.59703]]]}},{"type":"Feature","properties":{"yacimiento":"RINCON LA CENIZA","codigo":"RLCZ","operador":"VACA MUERTA INVERSIONES SAU","pozos":16,"boe_acum_mboe":7540.6,"petroleo_acum_mbbl":2960.7,"npv_musd_mediano":null,"eur_mbbl_mediana":null,"vaca_muerta":16,"operador_principal":"VACA MUERTA INVERSIONES SAU","boe_por_pozo_mboe":471.3},"geometry":{"type":"Polygon","coordinates":[[[-69.1694,-37.77123],[-69.16948,-37.79827],[-69.11271,-37.79834],[-69.11359,-37.89683],[-69.23791,-37.89645],[-69.23809,-37.95132],[-69.26084,-37.95127],[-69.26071,-37.91523],[-69.28346,-37.91518],[-69.28329,-37.87014],[-69.29465,-37.87011],[-69.29426,-37.77101],[-69.1694,-37.77123]]]}},{"type":"Feature","properties":{"yacimiento":"FILON 3A","codigo":"FI3A","operador":"TOTAL AUSTRAL S.A.","pozos":0,"boe_acum_mboe":null,"petroleo_acum_mbbl":null,"npv_musd_mediano":null,"eur_mbbl_mediana":null,"vaca_muerta":0,"operador_principal":null,"boe_por_pozo_mboe":null},"geometry":{"type":"Polygon","coordinates":[[[-69.05656,-37.99467],[-69.06042,-37.99562],[-69.0726,-37.99256],[-69.08419,-37.99255],[-69.10822,-37.97655],[-69.113,-37.97591],[-69.11291,-37.92482],[-69.10844,-37.92341],[-69.1016,-37.91496],[-69.0918,-37.90744],[-69.08201,-37.90698],[-69.07904,-37.90392],[-69.06807,-37.90299],[-69.06568,-37.89665],[-69.05886,-37.89852],[-69.04256,-37.91005],[-69.04433,-37.91641],[-69.04078,-37.92322],[-69.03751,-37.92463],[-69.03722,-37.92886],[-69.03752,-37.93356],[-69.04108,-37.93544],[-69.03752,-37.9385],[-69.03129,-37.9385],[-69.0295,-37.94532],[-69.0402,-37.95425],[-69.03783,-37.96765],[-69.03398,-37.96929],[-69.04229,-37.97376],[-69.04229,-37.97564],[-69.03962,-37.97659],[-69.04022,-37.98035],[-69.04498,-37.9834],[-69.04764,-37.98763],[-69.05418,-37.99022],[-69.05656,-37.99467]]]}},{"type":"Feature","properties":{"yacimiento":"LOMA LAS YEGUAS","codigo":"LYR","operador":"TOTAL AUSTRAL S.A.","pozos":0,"boe_acum_mboe":null,"petroleo_acum_mbbl":null,"npv_musd_mediano":null,"eur_mbbl_mediana":null,"vaca_muerta":0,"operador_principal":null,"boe_por_pozo_mboe":null},"geometry":{"type":"Polygon","coordinates":[[[-68.77252,-37.96839],[-68.77558,-37.97327],[-68.78207,-37.97544],[-68.78309,-37.97814],[-68.78001,-37.98031],[-68.78,-37.98193],[-68.78273,-37.98329],[-68.78204,-37.98492],[-68.77896,-37.9868],[-68.78169,-37.98951],[-68.78853,-37.98952],[-68.79501,-37.99197],[-68.7909,-37.99601],[-68.79088,-38.00521],[-68.78539,-38.00791],[-68.78266,-38.00709],[-68.7789,-38.00843],[-68.77169,-38.01708],[-68.77305,-38.01924],[-68.77201,-38.02167],[-68.76517,-38.0268],[-68.76515,-38.03059],[-68.76788,-38.03168],[-68.76719,-38.03411],[-68.76923,-38.03709],[-68.76956,-38.0414],[-68.77136,-38.0414],[-68.77128,-38.0674],[-68.77321,-38.07766],[-68.77124,-38.08005],[-68.77118,-38.10125],[-68.77927,-38.11149],[-68.79023,-38.11178],[-68.79159,-38.11314],[-68.79022,-38.11638],[-68.78507,-38.1188],[-68.7984,-38.12504],[-68.81347,-38.12425],[-68.82682,-38.12752],[-68.8477,-38.12945],[-68.86858,-38.12811],[-68.86927,-38.12406],[-68.87203,-38.12163],[-68.90045,-38.10678],[-68.89978,-38.09839],[-68.90218,-38.09623],[-68.89945,-38.08948],[-68.90231,-38.08515],[-68.90233,-38.06687],[-68.89778,-38.06027],[-68.87556,-38.05347],[-68.87352,-38.05158],[-68.87456,-38.03887],[-68.87184,-38.03346],[-68.86637,-38.02994],[-68.85988,-38.02885],[-68.85954,-38.02749],[-68.86672,-38.02533],[-68.87462,-38.00804],[-68.87156,-37.99478],[-68.86198,-37.99963],[-68.85583,-37.99963],[-68.85277,-37.99232],[-68.85858,-37.99071],[-68.86064,-37.98531],[-68.85894,-37.9807],[-68.85349,-37.97771],[-68.84869,-37.97771],[-68.84187,-37.97283],[-68.82753,-37.97146],[-68.80567,-37.96521],[-68.80331,-37.95439],[-68.80127,-37.95194],[-68.78043,-37.9519],[-68.78075,-37.96057],[-68.77938,-37.963],[-68.76843,-37.96649],[-68.77252,-37.96839]]]}},{"type":"Feature","properties":{"yacimiento":"RINCON CHICO PROFUNDO","codigo":"RICF","operador":"TOTAL AUSTRAL S.A.","pozos":1,"boe_acum_mboe":3.9,"petroleo_acum_mbbl":3.2,"npv_musd_mediano":null,"eur_mbbl_mediana":null,"vaca_muerta":1,"operador_principal":"TotalEnergies","boe_por_pozo_mboe":3.9},"geometry":{"type":"Polygon","coordinates":[[[-68.79187,-37.95648],[-68.78482,-37.95773],[-68.78067,-37.9557],[-68.77394,-37.95746],[-68.77204,-37.95543],[-68.76692,-37.95415],[-68.7602,-37.95566],[-68.75092,-37.95462],[-68.73523,-37.96093],[-68.72975,-37.97357],[-68.73517,-37.97713],[-68.73677,-37.98018],[-68.73579,-37.98219],[-68.73196,-37.98218],[-68.72908,-37.98016],[-68.72396,-37.98015],[-68.72232,-37.99432],[-68.72352,-38.0118],[-68.72095,-38.01534],[-68.71327,-38.01684],[-68.70426,-38.02493],[-68.70585,-38.03],[-68.70904,-38.03127],[-68.70743,-38.03532],[-68.72121,-38.03054],[-68.7231,-38.03916],[-68.72534,-38.04093],[-68.73966,-38.04133],[-68.74265,-38.03641],[-68.74713,-38.03616],[-68.75129,-38.03845],[-68.7525,-38.04136],[-68.75794,-38.04137],[-68.75961,-38.0405],[-68.75866,-38.03315],[-68.76154,-38.03544],[-68.76666,-38.03595],[-68.77212,-38.03115],[-68.77149,-38.02887],[-68.7651,-38.0243],[-68.76608,-38.01898],[-68.77218,-38.01166],[-68.77763,-38.01141],[-68.78437,-38.00256],[-68.78888,-37.99522],[-68.78891,-37.98434],[-68.79437,-37.97699],[-68.79277,-37.97573],[-68.79278,-37.97016],[-68.80144,-37.96207],[-68.79476,-37.95294],[-68.79219,-37.95445],[-68.79187,-37.95648]]]}},{"type":"Feature","properties":{"yacimiento":"FILON 3C","codigo":"FI3C","operador":"TOTAL AUSTRAL S.A.","pozos":3,"boe_acum_mboe":579.2,"petroleo_acum_mbbl":419.1,"npv_musd_mediano":-2.0,"eur_mbbl_mediana":292.5,"vaca_muerta":3,"operador_principal":"TotalEnergies","boe_por_pozo_mboe":193.1},"geometry":{"type":"Polygon","coordinates":[[[-69.0482,-37.96416],[-69.04985,-37.96098],[-69.04583,-37.95987],[-69.04512,-37.95332],[-69.03873,-37.94976],[-69.03188,-37.94228],[-69.03188,-37.93985],[-69.0189,-37.93425],[-69.01133,-37.93406],[-68.99575,-37.92695],[-68.98796,-37.9249],[-68.98277,-37.92808],[-68.97426,-37.92845],[-68.96884,-37.92452],[-68.96153,-37.9234],[-68.96035,-37.9219],[-68.9476,-37.92152],[-68.94358,-37.92433],[-68.9169,-37.92543],[-68.9143,-37.92805],[-68.9143,-37.93029],[-68.93295,-37.93629],[-68.9327,-37.94004],[-68.92703,-37.94432],[-68.92608,-37.95592],[-68.92891,-37.95873],[-68.92914,-37.96415],[-68.93362,-37.96584],[-68.93433,-37.96901],[-68.93173,-37.97463],[-68.93243,-37.97742],[-68.93432,-37.98098],[-68.93716,-37.98211],[-68.95179,-37.99745],[-68.95416,-37.99782],[-68.95747,-38.0025],[-68.96432,-38.00419],[-68.97755,-38.00232],[-69.03995,-38.00625],[-69.04278,-38.004],[-69.04326,-37.99895],[-69.03924,-37.99596],[-69.04159,-37.98998],[-69.0404,-37.98492],[-69.03662,-37.98137],[-69.0378,-37.97764],[-69.04725,-37.97725],[-69.0482,-37.96416]]]}},{"type":"Feature","properties":{"yacimiento":"RINCON CHICO","codigo":"Z316","operador":"TOTAL AUSTRAL S.A.","pozos":1,"boe_acum_mboe":3.9,"petroleo_acum_mbbl":3.2,"npv_musd_mediano":null,"eur_mbbl_mediana":null,"vaca_muerta":1,"operador_principal":"TotalEnergies","boe_por_pozo_mboe":3.9},"geometry":{"type":"Polygon","coordinates":[[[-68.77785,-37.99943],[-68.78505,-37.99753],[-68.8052,-37.97652],[-68.80676,-37.96839],[-68.80355,-37.96276],[-68.79556,-37.95989],[-68.77797,-37.95941],[-68.76298,-37.96226],[-68.75671,-37.96628],[-68.75529,-37.9694],[-68.75572,-37.97401],[-68.76422,-37.98882],[-68.76568,-37.99572],[-68.77785,-37.99943]]]}},{"type":"Feature","properties":{"yacimiento":"CHALLACO","codigo":"CLL","operador":"OILSTONE ENERGIA S.A.","pozos":1,"boe_acum_mboe":0.2,"petroleo_acum_mbbl":0.2,"npv_musd_mediano":null,"eur_mbbl_mediana":null,"vaca_muerta":1,"operador_principal":"OILSTONE ENERGIA S.A.","boe_por_pozo_mboe":0.2},"geometry":{"type":"Polygon","coordinates":[[[-68.86874,-38.99031],[-68.8912,-38.99033],[-68.8962,-39.00113],[-68.9032,-39.00181],[-68.91063,-39.0122],[-68.9067,-39.01812],[-68.90522,-39.02421],[-68.90011,-39.03013],[-68.90474,-39.03645],[-68.92485,-39.03252],[-68.93252,-39.02616],[-68.93494,-39.02074],[-68.93313,-39.01615],[-68.93792,-39.01674],[-68.93903,-39.02036],[-68.94287,-39.0225],[-68.94926,-39.0225],[-68.97797,-39.03477],[-69.00124,-39.03353],[-69.00292,-39.03139],[-69.00359,-39.02881],[-68.97443,-39.01517],[-68.94536,-38.98797],[-68.93627,-38.98796],[-68.93628,-38.97418],[-68.86877,-38.97412],[-68.86874,-38.99031]]]}},{"type":"Feature","properties":{"yacimiento":"BORDE ESPINOSO","codigo":"BEP","operador":"OILSTONE ENERGIA S.A.","pozos":0,"boe_acum_mboe":null,"petroleo_acum_mbbl":null,"npv_musd_mediano":null,"eur_mbbl_mediana":null,"vaca_muerta":0,"operador_principal":null,"boe_por_pozo_mboe":null},"geometry":{"type":"Polygon","coordinates":[[[-69.07759,-39.13591],[-69.09088,-39.13123],[-69.09256,-39.12936],[-69.08641,-39.1111],[-69.08415,-39.10934],[-69.07183,-39.11071],[-69.06215,-39.11518],[-69.07474,-39.13456],[-69.07759,-39.13591]]]}},{"type":"Feature","properties":{"yacimiento":"AGUADA SAN ROQUE","codigo":"SRO","operador":"TOTAL AUSTRAL S.A.","pozos":0,"boe_acum_mboe":null,"petroleo_acum_mbbl":null,"npv_musd_mediano":null,"eur_mbbl_mediana":null,"vaca_muerta":0,"operador_principal":null,"boe_por_pozo_mboe":null},"geometry":{"type":"MultiPolygon","coordinates":[[[[-68.98232,-37.92867],[-68.98155,-37.93286],[-68.97778,-37.93286],[-68.96303,-37.94273],[-68.95734,-37.9583],[-68.95696,-37.97776],[-68.94788,-37.98943],[-68.94976,-37.99722],[-68.95921,-38.0074],[-68.97396,-38.0077],[-68.99667,-37.99573],[-69.00688,-37.99363],[-69.0118,-37.98825],[-69.06097,-37.97806],[-69.06853,-37.97445],[-69.07191,-37.96577],[-69.07229,-37.9532],[-69.06509,-37.94571],[-69.04393,-37.93824],[-69.03258,-37.93884],[-69.01482,-37.93676],[-68.99592,-37.92568],[-68.98761,-37.92567],[-68.98232,-37.92867]]],[[[-68.98685,-37.91759],[-69.00007,-37.91789],[-69.0065,-37.9161],[-69.01179,-37.91221],[-69.0099,-37.90742],[-69.01292,-37.88586],[-69.00763,-37.88047],[-68.99328,-37.87778],[-68.98308,-37.87987],[-68.97742,-37.88497],[-68.97439,-37.89036],[-68.97551,-37.89604],[-68.98119,-37.90711],[-68.9861,-37.91311],[-68.98685,-37.91759]]]]}},{"type":"Feature","properties":{"yacimiento":"LA PALOMA","codigo":"LPA","operador":"PETROQUIMICA COMODORO RIVADAVIA S.A.","pozos":0,"boe_acum_mboe":null,"petroleo_acum_mbbl":null,"npv_musd_mediano":null,"eur_mbbl_mediana":null,"vaca_muerta":0,"operador_principal":null,"boe_por_pozo_mboe":null},"geometry":{"type":"Polygon","coordinates":[[[-69.50222,-34.9191],[-69.50912,-34.91717],[-69.50693,-34.91543],[-69.50115,-34.91642],[-69.50222,-34.9191]]]}},{"type":"Feature","properties":{"yacimiento":"CORRALERA SUR","codigo":"CSUR","operador":"PETROLERA EL TREBOL S.A.","pozos":1,"boe_acum_mboe":1.1,"petroleo_acum_mbbl":0.6,"npv_musd_mediano":null,"eur_mbbl_mediana":null,"vaca_muerta":1,"operador_principal":"Phoenix Global Resources","boe_por_pozo_mboe":1.1},"geometry":{"type":"Polygon","coordinates":[[[-69.5507,-37.2585],[-69.53644,-37.25936],[-69.53644,-37.263],[-69.54263,-37.26536],[-69.54963,-37.26471],[-69.55259,-37.26107],[-69.5507,-37.2585]]]}},{"type":"Feature","properties":{"yacimiento":"CORRALERA NORESTE","codigo":"CNES","operador":"PETROLERA EL TREBOL S.A.","pozos":1,"boe_acum_mboe":3.5,"petroleo_acum_mbbl":1.4,"npv_musd_mediano":null,"eur_mbbl_mediana":null,"vaca_muerta":1,"operador_principal":"Phoenix Global Resources","boe_por_pozo_mboe":3.5},"geometry":{"type":"Polygon","coordinates":[[[-69.45758,-37.21931],[-69.44709,-37.21781],[-69.44601,-37.22017],[-69.44682,-37.22316],[-69.45435,-37.22766],[-69.46081,-37.2298],[-69.46593,-37.22873],[-69.46512,-37.22445],[-69.45758,-37.21931]]]}},{"type":"Feature","properties":{"yacimiento":"MATA MORA NORTE","codigo":"MMN","operador":"PETROLERA EL TREBOL S.A.","pozos":53,"boe_acum_mboe":16205.9,"petroleo_acum_mbbl":15142.7,"npv_musd_mediano":9.5,"eur_mbbl_mediana":1009.2,"vaca_muerta":53,"operador_principal":"Phoenix Global Resources","boe_por_pozo_mboe":305.8},"geometry":{"type":"Polygon","coordinates":[[[-68.38637,-38.44544],[-68.2661,-38.44475],[-68.26568,-38.48619],[-68.25282,-38.48611],[-68.25159,-38.60487],[-68.3094,-38.60522],[-68.30966,-38.57829],[-68.35792,-38.57856],[-68.35813,-38.55447],[-68.38544,-38.55461],[-68.38637,-38.44544]]]}},{"type":"Feature","properties":{"yacimiento":"LOS BASTOS-LAS COPAS","codigo":"LBLC","operador":"TECPETROL S.A.","pozos":0,"boe_acum_mboe":null,"petroleo_acum_mbbl":null,"npv_musd_mediano":null,"eur_mbbl_mediana":null,"vaca_muerta":0,"operador_principal":null,"boe_por_pozo_mboe":null},"geometry":{"type":"Polygon","coordinates":[[[-68.74495,-38.82889],[-68.72125,-38.83023],[-68.72124,-38.83449],[-68.7094,-38.83533],[-68.70841,-38.83927],[-68.69416,-38.84332],[-68.69414,-38.84802],[-68.73734,-38.84834],[-68.7416,-38.84408],[-68.75568,-38.84047],[-68.75569,-38.83438],[-68.76557,-38.83012],[-68.76558,-38.82526],[-68.75776,-38.82524],[-68.74495,-38.82889]]]}},{"type":"Feature","properties":{"yacimiento":"AGUADA BAGUALES","codigo":"BAG","operador":"OILSTONE ENERGIA S.A.","pozos":0,"boe_acum_mboe":null,"petroleo_acum_mbbl":null,"npv_musd_mediano":null,"eur_mbbl_mediana":null,"vaca_muerta":0,"operador_principal":null,"boe_por_pozo_mboe":null},"geometry":{"type":"Polygon","coordinates":[[[-68.88192,-38.8217],[-68.8551,-38.83157],[-68.88587,-38.8325],[-68.97954,-38.83005],[-68.97954,-38.84066],[-69.001,-38.84097],[-69.0009,-38.80915],[-69.00608,-38.80915],[-69.00608,-38.78934],[-68.95562,-38.80161],[-68.91587,-38.80159],[-68.91585,-38.81819],[-68.88192,-38.8217]]]}},{"type":"Feature","properties":{"yacimiento":"ESTRUCTURA INTERMEDIA","codigo":"ESIN","operador":"OILSTONE ENERGIA S.A.","pozos":0,"boe_acum_mboe":null,"petroleo_acum_mbbl":null,"npv_musd_mediano":null,"eur_mbbl_mediana":null,"vaca_muerta":0,"operador_principal":null,"boe_por_pozo_mboe":null},"geometry":{"type":"Polygon","coordinates":[[[-69.018,-39.13114],[-69.00795,-39.13392],[-69.00695,-39.1363],[-69.01409,-39.13656],[-69.02009,-39.13266],[-69.018,-39.13114]]]}},{"type":"Feature","properties":{"yacimiento":"BORDE ESPINOSO ESTE (DHA)","codigo":"BES","operador":"OILSTONE ENERGIA S.A.","pozos":0,"boe_acum_mboe":null,"petroleo_acum_mbbl":null,"npv_musd_mediano":null,"eur_mbbl_mediana":null,"vaca_muerta":0,"operador_principal":null,"boe_por_pozo_mboe":null},"geometry":{"type":"MultiPolygon","coordinates":[[[[-69.09791,-39.15144],[-69.08639,-39.14508],[-69.08207,-39.14551],[-69.08004,-39.14841],[-69.08166,-39.15517],[-69.08765,-39.16267],[-69.09566,-39.16796],[-69.10254,-39.16896],[-69.10524,-39.16667],[-69.10527,-39.16233],[-69.09791,-39.15144]]],[[[-69.04063,-39.12302],[-69.04926,-39.12686],[-69.05713,-39.12702],[-69.06208,-39.12334],[-69.06249,-39.11703],[-69.0588,-39.11031],[-69.0519,-39.10437],[-69.04364,-39.10091],[-69.03616,-39.10084],[-69.0314,-39.10417],[-69.03061,-39.11004],[-69.03398,-39.11692],[-69.04063,-39.12302]]]]}},{"type":"Feature","properties":{"yacimiento":"PORTEZUELOS","codigo":"PZL","operador":"OILSTONE ENERGIA S.A.","pozos":0,"boe_acum_mboe":null,"petroleo_acum_mbbl":null,"npv_musd_mediano":null,"eur_mbbl_mediana":null,"vaca_muerta":0,"operador_principal":null,"boe_por_pozo_mboe":null},"geometry":{"type":"Polygon","coordinates":[[[-69.50575,-38.98098],[-69.49218,-38.97673],[-69.48025,-38.97535],[-69.47193,-38.97718],[-69.46921,-38.9818],[-69.47122,-38.98695],[-69.47697,-38.99295],[-69.49644,-39.00406],[-69.51786,-39.00955],[-69.52625,-39.00929],[-69.5315,-39.00692],[-69.53274,-39.00171],[-69.52822,-38.99482],[-69.51878,-38.98752],[-69.50575,-38.98098]]]}},{"type":"Feature","properties":{"yacimiento":"ESTRUCTURA INTERMEDIA NORTE","codigo":"EINN","operador":"OILSTONE ENERGIA S.A.","pozos":0,"boe_acum_mboe":null,"petroleo_acum_mbbl":null,"npv_musd_mediano":null,"eur_mbbl_mediana":null,"vaca_muerta":0,"operador_principal":null,"boe_por_pozo_mboe":null},"geometry":{"type":"Polygon","coordinates":[[[-68.97398,-39.10439],[-68.96449,-39.10445],[-68.96108,-39.10758],[-68.96474,-39.11098],[-68.97254,-39.11335],[-68.98068,-39.11355],[-68.98522,-39.11148],[-68.98297,-39.10743],[-68.97398,-39.10439]]]}},{"type":"Feature","properties":{"yacimiento":"ESTACION RAMON CASTRO","codigo":"ERCA","operador":"OILSTONE ENERGIA S.A.","pozos":0,"boe_acum_mboe":null,"petroleo_acum_mbbl":null,"npv_musd_mediano":null,"eur_mbbl_mediana":null,"vaca_muerta":0,"operador_principal":null,"boe_por_pozo_mboe":null},"geometry":{"type":"MultiPolygon","coordinates":[[[[-69.75514,-38.95626],[-69.75853,-38.95311],[-69.75545,-38.9498],[-69.75206,-38.95295],[-69.75514,-38.95626]]],[[[-69.77715,-38.92671],[-69.78054,-38.92356],[-69.77746,-38.92025],[-69.77407,-38.92341],[-69.77715,-38.92671]]]]}},{"type":"Feature","properties":{"yacimiento":"PUESTO TOUQUET","codigo":"PTO","operador":"OILSTONE ENERGIA S.A.","pozos":0,"boe_acum_mboe":null,"petroleo_acum_mbbl":null,"npv_musd_mediano":null,"eur_mbbl_mediana":null,"vaca_muerta":0,"operador_principal":null,"boe_por_pozo_mboe":null},"geometry":{"type":"Polygon","coordinates":[[[-69.1053,-38.99508],[-69.10065,-39.0052],[-69.13425,-39.0196],[-69.14671,-39.015],[-69.17227,-39.02757],[-69.17242,-39.00208],[-69.15129,-39.00156],[-69.14102,-38.99686],[-69.1053,-38.99508]]]}},{"type":"Feature","properties":{"yacimiento":"PUESTO BILLAR","codigo":"PBIL","operador":"OILSTONE ENERGIA S.A.","pozos":0,"boe_acum_mboe":null,"petroleo_acum_mbbl":null,"npv_musd_mediano":null,"eur_mbbl_mediana":null,"vaca_muerta":0,"operador_principal":null,"boe_por_pozo_mboe":null},"geometry":{"type":"Polygon","coordinates":[[[-69.16164,-38.97198],[-69.14335,-38.96953],[-69.13784,-38.97282],[-69.14179,-38.98035],[-69.16329,-38.98102],[-69.16164,-38.97198]]]}},{"type":"Feature","properties":{"yacimiento":"EL PORVENIR","codigo":"POR","operador":"OILSTONE ENERGIA S.A.","pozos":0,"boe_acum_mboe":null,"petroleo_acum_mbbl":null,"npv_musd_mediano":null,"eur_mbbl_mediana":null,"vaca_muerta":0,"operador_principal":null,"boe_por_pozo_mboe":null},"geometry":{"type":"MultiPolygon","coordinates":[[[[-68.77295,-39.05116],[-68.80414,-39.0547],[-68.80137,-39.03548],[-68.80956,-39.03312],[-68.81068,-39.02586],[-68.79837,-39.02133],[-68.77709,-39.02174],[-68.77563,-39.02785],[-68.77958,-39.03195],[-68.7692,-39.03215],[-68.77004,-39.03943],[-68.78563,-39.04502],[-68.7841,-39.04791],[-68.774,-39.04893],[-68.77295,-39.05116]]],[[[-68.82523,-39.00068],[-68.81867,-39.00649],[-68.80147,-39.00398],[-68.7984,-39.00945],[-68.81481,-39.01701],[-68.82124,-39.00994],[-68.82474,-39.01117],[-68.83341,-39.00321],[-68.82523,-39.00068]]]]}},{"type":"Feature","properties":{"yacimiento":"LA ESPERANZA","codigo":"LES","operador":"OILSTONE ENERGIA S.A.","pozos":1,"boe_acum_mboe":1.6,"petroleo_acum_mbbl":1.6,"npv_musd_mediano":-11.0,"eur_mbbl_mediana":2.0,"vaca_muerta":1,"operador_principal":"OILSTONE ENERGIA S.A.","boe_por_pozo_mboe":1.6},"geometry":{"type":"Polygon","coordinates":[[[-68.8586,-39.00654],[-68.8548,-39.00631],[-68.84587,-39.00221],[-68.84312,-39.00649],[-68.85556,-39.01217],[-68.85555,-39.01765],[-68.83395,-39.01614],[-68.83061,-39.01999],[-68.83097,-39.02778],[-68.8518,-39.03375],[-68.87227,-39.03399],[-68.87471,-39.02372],[-68.87943,-39.02324],[-68.88248,-39.02087],[-68.8824,-39.01434],[-68.87487,-39.01098],[-68.87489,-39.00152],[-68.8654,-39.00151],[-68.8586,-39.00654]]]}},{"type":"Feature","properties":{"yacimiento":"ANTICLINAL CAMPAMENTO ESTE","codigo":"ANCE","operador":"OILSTONE ENERGIA S.A.","pozos":0,"boe_acum_mboe":null,"petroleo_acum_mbbl":null,"npv_musd_mediano":null,"eur_mbbl_mediana":null,"vaca_muerta":0,"operador_principal":null,"boe_por_pozo_mboe":null},"geometry":{"type":"Polygon","coordinates":[[[-69.62919,-39.02958],[-69.63571,-39.01969],[-69.58966,-39.00123],[-69.58314,-39.01112],[-69.62919,-39.02958]]]}},{"type":"Feature","properties":{"yacimiento":"EL MOGOTITO","codigo":"LMP","operador":"OILSTONE ENERGIA S.A.","pozos":0,"boe_acum_mboe":null,"petroleo_acum_mbbl":null,"npv_musd_mediano":null,"eur_mbbl_mediana":null,"vaca_muerta":0,"operador_principal":null,"boe_por_pozo_mboe":null},"geometry":{"type":"Polygon","coordinates":[[[-69.17279,-39.20142],[-69.17451,-39.19875],[-69.17032,-39.19552],[-69.13596,-39.19038],[-69.13225,-39.19114],[-69.13272,-39.19399],[-69.13729,-39.1958],[-69.15442,-39.19685],[-69.17279,-39.20142]]]}},{"type":"Feature","properties":{"yacimiento":"BORDE COLORADO ESTE","codigo":"BCE","operador":"OILSTONE ENERGIA S.A.","pozos":0,"boe_acum_mboe":null,"petroleo_acum_mbbl":null,"npv_musd_mediano":null,"eur_mbbl_mediana":null,"vaca_muerta":0,"operador_principal":null,"boe_por_pozo_mboe":null},"geometry":{"type":"Polygon","coordinates":[[[-68.97672,-39.18933],[-68.96613,-39.17832],[-68.94935,-39.17594],[-68.94263,-39.17868],[-68.94299,-39.18421],[-68.95149,-39.18969],[-68.96327,-39.19129],[-68.97672,-39.18933]]]}},{"type":"Feature","properties":{"yacimiento":"BORDE COLORADO","codigo":"BCD","operador":"OILSTONE ENERGIA S.A.","pozos":0,"boe_acum_mboe":null,"petroleo_acum_mbbl":null,"npv_musd_mediano":null,"eur_mbbl_mediana":null,"vaca_muerta":0,"operador_principal":null,"boe_por_pozo_mboe":null},"geometry":{"type":"Polygon","coordinates":[[[-68.96613,-39.17832],[-68.97672,-39.18933],[-68.99058,-39.19123],[-68.99432,-39.19034],[-68.99581,-39.18784],[-68.99551,-39.18136],[-68.99195,-39.17832],[-68.97689,-39.1763],[-68.96613,-39.17832]]]}},{"type":"Feature","properties":{"yacimiento":"RANQUIL CO","codigo":"RQC","operador":"OILSTONE ENERGIA S.A.","pozos":25,"boe_acum_mboe":10022.8,"petroleo_acum_mbbl":766.0,"npv_musd_mediano":null,"eur_mbbl_mediana":null,"vaca_muerta":0,"operador_principal":"OILSTONE ENERGIA S.A.","boe_por_pozo_mboe":400.9},"geometry":{"type":"Polygon","coordinates":[[[-69.26572,-39.14082],[-69.27205,-39.14113],[-69.2725,-39.13329],[-69.27039,-39.12439],[-69.25471,-39.10057],[-69.24883,-39.09364],[-69.23662,-39.08384],[-69.22305,-39.0763],[-69.2024,-39.06981],[-69.18612,-39.06785],[-69.17632,-39.06921],[-69.17119,-39.07193],[-69.17029,-39.07615],[-69.17391,-39.08233],[-69.18099,-39.08806],[-69.233,-39.1158],[-69.26572,-39.14082]]]}},{"type":"Feature","properties":{"yacimiento":"RANQUIL CO NORTE","codigo":"RANN","operador":"OILSTONE ENERGIA S.A.","pozos":0,"boe_acum_mboe":null,"petroleo_acum_mbbl":null,"npv_musd_mediano":null,"eur_mbbl_mediana":null,"vaca_muerta":0,"operador_principal":null,"boe_por_pozo_mboe":null},"geometry":{"type":"Polygon","coordinates":[[[-69.29452,-39.07298],[-69.28245,-39.06559],[-69.2523,-39.05383],[-69.24039,-39.05323],[-69.23225,-39.05655],[-69.23429,-39.06471],[-69.23949,-39.06831],[-69.25517,-39.07298],[-69.28939,-39.07554],[-69.29452,-39.07298]]]}},{"type":"Feature","properties":{"yacimiento":"EL DIVISADERO - GENERAL SAN MARTIN","codigo":"DSM","operador":"OILSTONE ENERGIA S.A.","pozos":0,"boe_acum_mboe":null,"petroleo_acum_mbbl":null,"npv_musd_mediano":null,"eur_mbbl_mediana":null,"vaca_muerta":0,"operador_principal":null,"boe_por_pozo_mboe":null},"geometry":{"type":"Polygon","coordinates":[[[-68.77477,-39.09469],[-68.78583,-39.09389],[-68.81338,-39.08501],[-68.82054,-39.07682],[-68.8216,-39.07005],[-68.81896,-39.06255],[-68.80085,-39.05366],[-68.77849,-39.05527],[-68.77192,-39.05798],[-68.76485,-39.06341],[-68.76185,-39.06891],[-68.76034,-39.08097],[-68.76227,-39.08722],[-68.7684,-39.09217],[-68.77477,-39.09469]]]}},{"type":"Feature","properties":{"yacimiento":"LOMA PEDREGOSA (DHA)","codigo":"LMPE","operador":"OILSTONE ENERGIA S.A.","pozos":0,"boe_acum_mboe":null,"petroleo_acum_mbbl":null,"npv_musd_mediano":null,"eur_mbbl_mediana":null,"vaca_muerta":0,"operador_principal":null,"boe_por_pozo_mboe":null},"geometry":{"type":"Polygon","coordinates":[[[-69.09395,-39.18418],[-69.06427,-39.17371],[-69.0563,-39.1743],[-69.05398,-39.17811],[-69.05614,-39.18347],[-69.06865,-39.18729],[-69.09111,-39.18742],[-69.09511,-39.18639],[-69.09395,-39.18418]]]}},{"type":"Feature","properties":{"yacimiento":"PORTEZUELOS NORTE","codigo":"PORN","operador":"OILSTONE ENERGIA S.A.","pozos":0,"boe_acum_mboe":null,"petroleo_acum_mbbl":null,"npv_musd_mediano":null,"eur_mbbl_mediana":null,"vaca_muerta":0,"operador_principal":null,"boe_por_pozo_mboe":null},"geometry":{"type":"Polygon","coordinates":[[[-69.46287,-38.93096],[-69.46002,-38.93313],[-69.45922,-38.93946],[-69.46683,-38.95374],[-69.46659,-38.96897],[-69.47119,-38.97259],[-69.47399,-38.97289],[-69.47706,-38.96873],[-69.47778,-38.95731],[-69.48468,-38.94397],[-69.48418,-38.93413],[-69.47825,-38.92923],[-69.47325,-38.92828],[-69.46287,-38.93096]]]}},{"type":"Feature","properties":{"yacimiento":"LOMA PEDREGOSA","codigo":"LPED","operador":"OILSTONE ENERGIA S.A.","pozos":0,"boe_acum_mboe":null,"petroleo_acum_mbbl":null,"npv_musd_mediano":null,"eur_mbbl_mediana":null,"vaca_muerta":0,"operador_principal":null,"boe_por_pozo_mboe":null},"geometry":{"type":"Polygon","coordinates":[[[-69.12092,-39.1898],[-69.11473,-39.18666],[-69.09932,-39.18809],[-69.0857,-39.18743],[-69.08294,-39.18952],[-69.08161,-39.19399],[-69.0839,-39.19885],[-69.08704,-39.20123],[-69.11721,-39.21189],[-69.11883,-39.2096],[-69.11816,-39.20694],[-69.10465,-39.1998],[-69.09925,-39.19431],[-69.11761,-39.19329],[-69.11989,-39.19253],[-69.12092,-39.1898]]]}},{"type":"Feature","properties":{"yacimiento":"AGUADA QUINCHAO","codigo":"AQI","operador":"OILSTONE ENERGIA S.A.","pozos":0,"boe_acum_mboe":null,"petroleo_acum_mbbl":null,"npv_musd_mediano":null,"eur_mbbl_mediana":null,"vaca_muerta":0,"operador_principal":null,"boe_por_pozo_mboe":null},"geometry":{"type":"Polygon","coordinates":[[[-68.89686,-39.09568],[-68.90384,-39.09032],[-68.90418,-39.08777],[-68.90306,-39.08122],[-68.89831,-39.07711],[-68.89135,-39.07576],[-68.873,-39.07633],[-68.86872,-39.07733],[-68.86429,-39.0809],[-68.86429,-39.08518],[-68.869,-39.08832],[-68.88969,-39.09536],[-68.89686,-39.09568]]]}},{"type":"Feature","properties":{"yacimiento":"PUESTO CORTADERA","codigo":"PUCO","operador":"OILSTONE ENERGIA S.A.","pozos":0,"boe_acum_mboe":null,"petroleo_acum_mbbl":null,"npv_musd_mediano":null,"eur_mbbl_mediana":null,"vaca_muerta":0,"operador_principal":null,"boe_por_pozo_mboe":null},"geometry":{"type":"Polygon","coordinates":[[[-69.3052,-39.03445],[-69.30452,-39.14979],[-69.47691,-39.14923],[-69.47686,-39.14151],[-69.49361,-39.14144],[-69.49333,-39.10046],[-69.47657,-39.10053],[-69.4764,-39.06765],[-69.45502,-39.06773],[-69.45497,-39.0593],[-69.41221,-39.05945],[-69.41215,-39.05101],[-69.3694,-39.05115],[-69.36936,-39.04271],[-69.32661,-39.04284],[-69.32657,-39.03439],[-69.3052,-39.03445]]]}},{"type":"Feature","properties":{"yacimiento":"PORTEZUELO MINAS","codigo":"PMIN","operador":"OILSTONE ENERGIA S.A.","pozos":0,"boe_acum_mboe":null,"petroleo_acum_mbbl":null,"npv_musd_mediano":null,"eur_mbbl_mediana":null,"vaca_muerta":0,"operador_principal":null,"boe_por_pozo_mboe":null},"geometry":{"type":"Polygon","coordinates":[[[-69.30485,-38.93668],[-69.3052,-39.03445],[-69.32657,-39.03439],[-69.32661,-39.04284],[-69.36936,-39.04271],[-69.3694,-39.05115],[-69.41215,-39.05101],[-69.41221,-39.05945],[-69.45497,-39.0593],[-69.45502,-39.06773],[-69.4764,-39.06765],[-69.476,-39.0091],[-69.44945,-39.00917],[-69.44897,-38.93625],[-69.30485,-38.93668]]]}},{"type":"Feature","properties":{"yacimiento":"ANTICLINAL CAMPAMENTO","codigo":"ANC","operador":"OILSTONE ENERGIA S.A.","pozos":1,"boe_acum_mboe":72.6,"petroleo_acum_mbbl":0.0,"npv_musd_mediano":null,"eur_mbbl_mediana":null,"vaca_muerta":0,"operador_principal":"OILSTONE ENERGIA S.A.","boe_por_pozo_mboe":72.6},"geometry":{"type":"Polygon","coordinates":[[[-69.71858,-38.96344],[-69.69321,-38.96066],[-69.67177,-38.96222],[-69.65809,-38.96784],[-69.65503,-38.97187],[-69.65467,-38.97635],[-69.66017,-38.98483],[-69.67244,-38.99313],[-69.69002,-39.00036],[-69.71066,-39.0056],[-69.73184,-39.00821],[-69.75082,-39.00784],[-69.76528,-39.00455],[-69.77345,-38.99864],[-69.77473,-38.9942],[-69.77333,-38.98946],[-69.76261,-38.97927],[-69.74316,-38.97003],[-69.71858,-38.96344]]]}},{"type":"Feature","properties":{"yacimiento":"CERRO LOTENA","codigo":"CLT","operador":"OILSTONE ENERGIA S.A.","pozos":0,"boe_acum_mboe":null,"petroleo_acum_mbbl":null,"npv_musd_mediano":null,"eur_mbbl_mediana":null,"vaca_muerta":0,"operador_principal":null,"boe_por_pozo_mboe":null},"geometry":{"type":"Polygon","coordinates":[[[-69.59893,-39.24851],[-69.63046,-39.25267],[-69.64711,-39.25238],[-69.66263,-39.24794],[-69.66552,-39.24153],[-69.66496,-39.23929],[-69.66031,-39.23803],[-69.64056,-39.23849],[-69.62714,-39.23622],[-69.61659,-39.22793],[-69.61497,-39.22168],[-69.60884,-39.21946],[-69.58614,-39.21847],[-69.57325,-39.21933],[-69.57027,-39.22158],[-69.57056,-39.22633],[-69.57285,-39.22844],[-69.57841,-39.22977],[-69.58435,-39.23364],[-69.58406,-39.23632],[-69.58049,-39.24078],[-69.57251,-39.24667],[-69.57183,-39.24866],[-69.57454,-39.25228],[-69.57868,-39.25358],[-69.58527,-39.25258],[-69.59893,-39.24851]]]}},{"type":"Feature","properties":{"yacimiento":"CERRO GRANITO","codigo":"CRRG","operador":"OILSTONE ENERGIA S.A.","pozos":0,"boe_acum_mboe":null,"petroleo_acum_mbbl":null,"npv_musd_mediano":null,"eur_mbbl_mediana":null,"vaca_muerta":0,"operador_principal":null,"boe_por_pozo_mboe":null},"geometry":{"type":"MultiPolygon","coordinates":[[[[-69.52189,-39.18196],[-69.52045,-39.18646],[-69.52209,-39.18986],[-69.52585,-39.19016],[-69.52953,-39.18718],[-69.53097,-39.18268],[-69.52933,-39.17928],[-69.52557,-39.17898],[-69.52189,-39.18196]]],[[[-69.53972,-39.14593],[-69.53004,-39.14464],[-69.52622,-39.14706],[-69.5296,-39.15085],[-69.53728,-39.15421],[-69.54556,-39.15555],[-69.55045,-39.15418],[-69.54855,-39.15008],[-69.53972,-39.14593]]]]}},{"type":"Feature","properties":{"yacimiento":"ANTICLINAL CAMPAMENTO OESTE","codigo":"ACO","operador":"OILSTONE ENERGIA S.A.","pozos":9,"boe_acum_mboe":2164.6,"petroleo_acum_mbbl":3.1,"npv_musd_mediano":null,"eur_mbbl_mediana":null,"vaca_muerta":0,"operador_principal":"OILSTONE ENERGIA S.A.","boe_por_pozo_mboe":240.5},"geometry":{"type":"Polygon","coordinates":[[[-69.81613,-38.96206],[-69.81568,-38.95241],[-69.81266,-38.94879],[-69.79969,-38.942],[-69.78522,-38.9414],[-69.7715,-38.94502],[-69.76728,-38.94834],[-69.76381,-38.95392],[-69.76532,-38.96251],[-69.78619,-38.97044],[-69.79069,-38.9708],[-69.81266,-38.96613],[-69.81613,-38.96206]]]}},{"type":"Feature","properties":{"yacimiento":"BARDITA ZAPALA","codigo":"BARZ","operador":"OILSTONE ENERGIA S.A.","pozos":2,"boe_acum_mboe":1072.3,"petroleo_acum_mbbl":0.0,"npv_musd_mediano":null,"eur_mbbl_mediana":null,"vaca_muerta":0,"operador_principal":"OILSTONE ENERGIA S.A.","boe_por_pozo_mboe":536.2},"geometry":{"type":"Polygon","coordinates":[[[-69.8373,-39.00284],[-69.85108,-38.99749],[-69.85529,-38.992],[-69.85329,-38.98486],[-69.8413,-38.97544],[-69.82209,-38.96915],[-69.7869,-38.97344],[-69.75664,-38.96566],[-69.75057,-38.96616],[-69.74828,-38.96873],[-69.74821,-38.97037],[-69.75064,-38.97208],[-69.77097,-38.98231],[-69.80071,-38.99124],[-69.8132,-38.99986],[-69.82019,-39.00239],[-69.8373,-39.00284]]]}},{"type":"Feature","properties":{"yacimiento":"NEUQUEN DEL MEDIO","codigo":"NME","operador":"OILSTONE ENERGIA S.A.","pozos":0,"boe_acum_mboe":null,"petroleo_acum_mbbl":null,"npv_musd_mediano":null,"eur_mbbl_mediana":null,"vaca_muerta":0,"operador_principal":null,"boe_por_pozo_mboe":null},"geometry":{"type":"Polygon","coordinates":[[[-68.79285,-38.9513],[-68.80026,-38.93423],[-68.75221,-38.92149],[-68.75327,-38.91903],[-68.73759,-38.91483],[-68.73424,-38.92241],[-68.74344,-38.92485],[-68.73824,-38.93681],[-68.79285,-38.9513]]]}},{"type":"Feature","properties":{"yacimiento":"LOMA NEGRA NORTE","codigo":"ZNI","operador":"OILSTONE ENERGIA S.A.","pozos":0,"boe_acum_mboe":null,"petroleo_acum_mbbl":null,"npv_musd_mediano":null,"eur_mbbl_mediana":null,"vaca_muerta":0,"operador_principal":null,"boe_por_pozo_mboe":null},"geometry":{"type":"Polygon","coordinates":[[[-69.44897,-38.93625],[-69.44858,-38.87409],[-69.20313,-38.87478],[-69.22579,-38.88032],[-69.2297,-38.88765],[-69.23129,-38.88713],[-69.23315,-38.89062],[-69.26514,-38.89055],[-69.26516,-38.89661],[-69.33069,-38.89645],[-69.33066,-38.89105],[-69.42063,-38.89076],[-69.42086,-38.92914],[-69.43047,-38.92911],[-69.43051,-38.93632],[-69.44897,-38.93625]]]}},{"type":"Feature","properties":{"yacimiento":"RANQUIL CO NORTE (CCS)","codigo":"RCN","operador":"OILSTONE ENERGIA S.A.","pozos":0,"boe_acum_mboe":null,"petroleo_acum_mbbl":null,"npv_musd_mediano":null,"eur_mbbl_mediana":null,"vaca_muerta":0,"operador_principal":null,"boe_por_pozo_mboe":null},"geometry":{"type":"Polygon","coordinates":[[[-69.17919,-38.94598],[-69.17938,-38.99943],[-69.17239,-38.99944],[-69.17247,-39.05496],[-69.30526,-39.05469],[-69.3049,-38.94572],[-69.27053,-38.94581],[-69.2706,-38.96298],[-69.27926,-38.96296],[-69.27929,-38.97067],[-69.28786,-38.97065],[-69.28791,-38.98414],[-69.18648,-38.98435],[-69.18639,-38.94597],[-69.17919,-38.94598]]]}},{"type":"Feature","properties":{"yacimiento":"COLLON CURA","codigo":"Y058","operador":"OILSTONE ENERGIA S.A.","pozos":0,"boe_acum_mboe":null,"petroleo_acum_mbbl":null,"npv_musd_mediano":null,"eur_mbbl_mediana":null,"vaca_muerta":0,"operador_principal":null,"boe_por_pozo_mboe":null},"geometry":{"type":"Polygon","coordinates":[[[-69.31223,-38.90248],[-69.31228,-38.91369],[-69.36777,-38.91359],[-69.36782,-38.92454],[-69.37932,-38.9245],[-69.37935,-38.92931],[-69.39639,-38.9292],[-69.3963,-38.91897],[-69.37923,-38.91903],[-69.37918,-38.91023],[-69.33067,-38.91038],[-69.33062,-38.89642],[-69.28707,-38.89655],[-69.28708,-38.90253],[-69.31223,-38.90248]]]}},{"type":"Feature","properties":{"yacimiento":"LOMA NEGRA NI","codigo":"NIL","operador":"OILSTONE ENERGIA S.A.","pozos":3,"boe_acum_mboe":511.6,"petroleo_acum_mbbl":0.1,"npv_musd_mediano":null,"eur_mbbl_mediana":null,"vaca_muerta":0,"operador_principal":"OILSTONE ENERGIA S.A.","boe_por_pozo_mboe":170.5},"geometry":{"type":"Polygon","coordinates":[[[-69.23129,-38.88713],[-69.23992,-38.90211],[-69.24824,-38.89665],[-69.25293,-38.89758],[-69.25242,-38.8992],[-69.28108,-38.90471],[-69.2798,-38.90886],[-69.29324,-38.91144],[-69.29139,-38.91733],[-69.28062,-38.91526],[-69.27494,-38.93144],[-69.3354,-38.93122],[-69.33531,-38.91366],[-69.31228,-38.91369],[-69.31223,-38.90248],[-69.28708,-38.90253],[-69.28707,-38.89655],[-69.33062,-38.89642],[-69.33067,-38.91038],[-69.37918,-38.91023],[-69.37923,-38.91903],[-69.3963,-38.91897],[-69.39639,-38.9292],[-69.43045,-38.9291],[-69.43049,-38.93632],[-69.44897,-38.93625],[-69.44858,-38.8741],[-69.20315,-38.87477],[-69.22579,-38.88032],[-69.2297,-38.88765],[-69.23129,-38.88713]]]}},{"type":"Feature","properties":{"yacimiento":"BAJO BAGUALES","codigo":"BBA","operador":"OILSTONE ENERGIA S.A.","pozos":0,"boe_acum_mboe":null,"petroleo_acum_mbbl":null,"npv_musd_mediano":null,"eur_mbbl_mediana":null,"vaca_muerta":0,"operador_principal":null,"boe_por_pozo_mboe":null},"geometry":{"type":"Polygon","coordinates":[[[-68.76872,-38.86818],[-68.7686,-38.90627],[-68.8147,-38.90634],[-68.81457,-38.96036],[-68.8814,-38.96041],[-68.8894,-38.95544],[-68.906,-38.95532],[-68.91385,-38.95342],[-68.91765,-38.95443],[-68.92226,-38.96044],[-69.03205,-38.96052],[-69.03205,-38.96949],[-69.17225,-38.96937],[-69.13047,-38.95482],[-69.11615,-38.92782],[-69.10644,-38.92782],[-69.10644,-38.93019],[-69.10447,-38.93019],[-69.10446,-38.92843],[-69.08513,-38.92844],[-69.08507,-38.89476],[-69.08881,-38.89185],[-69.08822,-38.88851],[-69.08441,-38.8837],[-69.08425,-38.87436],[-69.08731,-38.87201],[-69.09091,-38.8724],[-69.10276,-38.88098],[-69.11867,-38.86858],[-68.76872,-38.86818]],[[-69.08429,-38.91258],[-69.06561,-38.91262],[-69.06558,-38.9036],[-69.07693,-38.90358],[-69.07689,-38.89208],[-69.05969,-38.89212],[-69.05967,-38.88868],[-69.0496,-38.8887],[-69.01505,-38.89442],[-69.01508,-38.89202],[-69.04961,-38.88629],[-69.08419,-38.88622],[-69.08429,-38.91258]],[[-69.00541,-38.89058],[-69.00541,-38.89446],[-68.97055,-38.89453],[-68.97061,-38.91157],[-68.94592,-38.91161],[-68.94589,-38.89183],[-69.00071,-38.89176],[-69.00071,-38.89058],[-69.00541,-38.89058]],[[-69.00654,-38.92164],[-69.00487,-38.91993],[-69.00407,-38.91097],[-69.00737,-38.90196],[-69.00465,-38.89955],[-69.00679,-38.89841],[-69.0091,-38.9001],[-69.00947,-38.92015],[-69.00654,-38.92164]]]}},{"type":"Feature","properties":{"yacimiento":"BUTA RELVUM","codigo":"Z055","operador":"VENOIL S.A.","pozos":0,"boe_acum_mboe":null,"petroleo_acum_mbbl":null,"npv_musd_mediano":null,"eur_mbbl_mediana":null,"vaca_muerta":0,"operador_principal":null,"boe_por_pozo_mboe":null},"geometry":{"type":"Polygon","coordinates":[[[-69.64046,-36.24276],[-69.62512,-36.2425],[-69.62218,-36.24422],[-69.63272,-36.24666],[-69.64334,-36.24457],[-69.64046,-36.24276]]]}},{"type":"Feature","properties":{"yacimiento":"DEL PETISO","codigo":"Z119","operador":"VENOIL S.A.","pozos":0,"boe_acum_mboe":null,"petroleo_acum_mbbl":null,"npv_musd_mediano":null,"eur_mbbl_mediana":null,"vaca_muerta":0,"operador_principal":null,"boe_por_pozo_mboe":null},"geometry":{"type":"Polygon","coordinates":[[[-69.51803,-36.26361],[-69.50664,-36.27119],[-69.50433,-36.27506],[-69.50517,-36.2779],[-69.51252,-36.27907],[-69.52346,-36.2759],[-69.53317,-36.26994],[-69.53725,-36.26371],[-69.53579,-36.26123],[-69.53161,-36.26029],[-69.51803,-36.26361]]]}},{"type":"Feature","properties":{"yacimiento":"PUESTO LA QUILA","codigo":"Z295","operador":"VENOIL S.A.","pozos":0,"boe_acum_mboe":null,"petroleo_acum_mbbl":null,"npv_musd_mediano":null,"eur_mbbl_mediana":null,"vaca_muerta":0,"operador_principal":null,"boe_por_pozo_mboe":null},"geometry":{"type":"MultiPolygon","coordinates":[[[[-69.69627,-36.25753],[-69.6984,-36.25549],[-69.69633,-36.25338],[-69.69425,-36.25537],[-69.69627,-36.25753]]],[[[-69.72211,-36.27538],[-69.72425,-36.27334],[-69.72229,-36.27124],[-69.7201,-36.27322],[-69.72211,-36.27538]]],[[[-69.74222,-36.25636],[-69.74436,-36.25431],[-69.74228,-36.25221],[-69.74021,-36.25419],[-69.74222,-36.25636]]]]}},{"type":"Feature","properties":{"yacimiento":"BAJO DEL TORO NORTE","codigo":"BTN","operador":"YPF S.A.","pozos":14,"boe_acum_mboe":3980.8,"petroleo_acum_mbbl":3310.3,"npv_musd_mediano":4.2,"eur_mbbl_mediana":750.0,"vaca_muerta":14,"operador_principal":"YPF","boe_por_pozo_mboe":284.3},"geometry":{"type":"MultiPolygon","coordinates":[[[[-69.08783,-37.5264],[-69.08071,-37.52956],[-69.07979,-37.53388],[-69.08278,-37.53773],[-69.07344,-37.5465],[-69.07381,-37.55087],[-69.07767,-37.55399],[-69.08747,-37.555],[-69.09295,-37.5507],[-69.09396,-37.54271],[-69.09105,-37.53853],[-69.09487,-37.53586],[-69.09584,-37.53176],[-69.09317,-37.52793],[-69.08783,-37.5264]]],[[[-69.13142,-37.5852],[-69.13613,-37.58403],[-69.1386,-37.58072],[-69.13768,-37.57695],[-69.13361,-37.57456],[-69.12806,-37.57528],[-69.12508,-37.57897],[-69.12651,-37.5832],[-69.13142,-37.5852]]],[[[-69.04606,-37.49591],[-69.03963,-37.49819],[-69.03806,-37.5038],[-69.04236,-37.50793],[-69.0419,-37.51151],[-69.04394,-37.51469],[-69.04808,-37.51652],[-69.0528,-37.51614],[-69.05679,-37.51312],[-69.05734,-37.50876],[-69.05332,-37.50474],[-69.05392,-37.50148],[-69.05248,-37.49853],[-69.04606,-37.49591]]],[[[-69.0629,-37.46545],[-69.06762,-37.46402],[-69.06979,-37.46039],[-69.06821,-37.45657],[-69.06351,-37.45465],[-69.05852,-37.456],[-69.05625,-37.4598],[-69.05808,-37.46375],[-69.0629,-37.46545]]]]}},{"type":"Feature","properties":{"yacimiento":"LAS MANADAS","codigo":"LAMA","operador":"BENTIA ENERGY S.A.","pozos":0,"boe_acum_mboe":null,"petroleo_acum_mbbl":null,"npv_musd_mediano":null,"eur_mbbl_mediana":null,"vaca_muerta":0,"operador_principal":null,"boe_por_pozo_mboe":null},"geometry":{"type":"Polygon","coordinates":[[[-68.89349,-37.77013],[-68.89602,-37.76897],[-68.89502,-37.76679],[-68.89175,-37.76774],[-68.89349,-37.77013]]]}},{"type":"Feature","properties":{"yacimiento":"RANQUIL CO","codigo":"RQC2","operador":"VENOIL S.A.","pozos":0,"boe_acum_mboe":null,"petroleo_acum_mbbl":null,"npv_musd_mediano":null,"eur_mbbl_mediana":null,"vaca_muerta":0,"operador_principal":null,"boe_por_pozo_mboe":null},"geometry":{"type":"Polygon","coordinates":[[[-69.50443,-36.18308],[-69.50026,-36.18298],[-69.4991,-36.18434],[-69.49871,-36.19617],[-69.49493,-36.20441],[-69.48533,-36.21683],[-69.48494,-36.21993],[-69.48698,-36.22226],[-69.50792,-36.22371],[-69.51539,-36.22206],[-69.51878,-36.19898],[-69.51035,-36.18735],[-69.50443,-36.18308]]]}},{"type":"Feature","properties":{"yacimiento":"LOS MOGOTES","codigo":"Z237","operador":"VENOIL S.A.","pozos":0,"boe_acum_mboe":null,"petroleo_acum_mbbl":null,"npv_musd_mediano":null,"eur_mbbl_mediana":null,"vaca_muerta":0,"operador_principal":null,"boe_por_pozo_mboe":null},"geometry":{"type":"Polygon","coordinates":[[[-69.5554,-36.22568],[-69.55293,-36.22813],[-69.55547,-36.23063],[-69.55788,-36.22813],[-69.5554,-36.22568]]]}},{"type":"Feature","properties":{"yacimiento":"MINA THEIS","codigo":"Z258","operador":"VENOIL S.A.","pozos":0,"boe_acum_mboe":null,"petroleo_acum_mbbl":null,"npv_musd_mediano":null,"eur_mbbl_mediana":null,"vaca_muerta":0,"operador_principal":null,"boe_por_pozo_mboe":null},"geometry":{"type":"Polygon","coordinates":[[[-69.70428,-36.30973],[-69.7022,-36.31184],[-69.70422,-36.31388],[-69.70635,-36.31184],[-69.70428,-36.30973]]]}},{"type":"Feature","properties":{"yacimiento":"CERRO MOLLAR OESTE","codigo":"CMO","operador":"PETROQUIMICA COMODORO RIVADAVIA S.A.","pozos":0,"boe_acum_mboe":null,"petroleo_acum_mbbl":null,"npv_musd_mediano":null,"eur_mbbl_mediana":null,"vaca_muerta":0,"operador_principal":null,"boe_por_pozo_mboe":null},"geometry":{"type":"Polygon","coordinates":[[[-69.79041,-35.29695],[-69.76694,-35.29981],[-69.73996,-35.2983],[-69.73086,-35.29924],[-69.72753,-35.30211],[-69.72424,-35.3098],[-69.72776,-35.32796],[-69.72686,-35.34806],[-69.72453,-35.35574],[-69.72586,-35.37106],[-69.72951,-35.37556],[-69.74419,-35.38038],[-69.75556,-35.39014],[-69.75803,-35.39759],[-69.75484,-35.41668],[-69.7566,-35.42453],[-69.75974,-35.42608],[-69.76957,-35.42523],[-69.77434,-35.42225],[-69.78075,-35.41474],[-69.79624,-35.40226],[-69.79693,-35.3995],[-69.79397,-35.39146],[-69.77781,-35.38253],[-69.77005,-35.37491],[-69.76224,-35.36101],[-69.76021,-35.34903],[-69.76129,-35.33586],[-69.76674,-35.32934],[-69.80728,-35.30608],[-69.8082,-35.30155],[-69.80553,-35.29862],[-69.79041,-35.29695]]]}},{"type":"Feature","properties":{"yacimiento":"CERRO MOLLAR","codigo":"MOL","operador":"PETROQUIMICA COMODORO RIVADAVIA S.A.","pozos":0,"boe_acum_mboe":null,"petroleo_acum_mbbl":null,"npv_musd_mediano":null,"eur_mbbl_mediana":null,"vaca_muerta":0,"operador_principal":null,"boe_por_pozo_mboe":null},"geometry":{"type":"Polygon","coordinates":[[[-69.7125,-35.29744],[-69.70531,-35.29718],[-69.69143,-35.30011],[-69.6759,-35.30689],[-69.67376,-35.30955],[-69.66991,-35.32245],[-69.66224,-35.33674],[-69.66191,-35.34077],[-69.66325,-35.34381],[-69.67279,-35.35152],[-69.67948,-35.36239],[-69.68286,-35.36522],[-69.70222,-35.37022],[-69.7153,-35.37044],[-69.72152,-35.36853],[-69.72291,-35.36263],[-69.72209,-35.35163],[-69.72472,-35.33707],[-69.72255,-35.30868],[-69.72119,-35.30436],[-69.7125,-35.29744]]]}},{"type":"Feature","properties":{"yacimiento":"PUESTO ROJAS","codigo":"PRO","operador":"PETROQUIMICA COMODORO RIVADAVIA S.A.","pozos":12,"boe_acum_mboe":458.2,"petroleo_acum_mbbl":414.3,"npv_musd_mediano":-9.1,"eur_mbbl_mediana":56.8,"vaca_muerta":4,"operador_principal":"PETROQUIMICA COMODORO RIVADAVIA S.A.","boe_por_pozo_mboe":38.2},"geometry":{"type":"Polygon","coordinates":[[[-69.69091,-35.16063],[-69.6837,-35.16205],[-69.67787,-35.16746],[-69.66488,-35.20089],[-69.66394,-35.20861],[-69.67418,-35.22826],[-69.67374,-35.23571],[-69.66958,-35.24083],[-69.66864,-35.24897],[-69.67054,-35.25543],[-69.68027,-35.27344],[-69.68159,-35.29121],[-69.68567,-35.29615],[-69.69374,-35.29665],[-69.70447,-35.29301],[-69.71581,-35.2826],[-69.72178,-35.27347],[-69.72337,-35.26299],[-69.72228,-35.25417],[-69.71328,-35.24292],[-69.71037,-35.23674],[-69.70996,-35.22888],[-69.71388,-35.21604],[-69.71247,-35.20861],[-69.70788,-35.20133],[-69.69823,-35.19243],[-69.69616,-35.18569],[-69.69693,-35.17852],[-69.7017,-35.16664],[-69.70117,-35.16361],[-69.69998,-35.16182],[-69.69091,-35.16063]]]}},{"type":"Feature","properties":{"yacimiento":"CERRO MOLLAR NORTE","codigo":"CMN","operador":"PETROQUIMICA COMODORO RIVADAVIA S.A.","pozos":0,"boe_acum_mboe":null,"petroleo_acum_mbbl":null,"npv_musd_mediano":null,"eur_mbbl_mediana":null,"vaca_muerta":0,"operador_principal":null,"boe_por_pozo_mboe":null},"geometry":{"type":"Polygon","coordinates":[[[-69.73834,-35.29759],[-69.73748,-35.29363],[-69.73156,-35.29315],[-69.73253,-35.29699],[-69.73834,-35.29759]]]}},{"type":"Feature","properties":{"yacimiento":"RIO ATUEL","codigo":"RIAT","operador":"PETROLERA EL TREBOL S.A.","pozos":0,"boe_acum_mboe":null,"petroleo_acum_mbbl":null,"npv_musd_mediano":null,"eur_mbbl_mediana":null,"vaca_muerta":0,"operador_principal":null,"boe_por_pozo_mboe":null},"geometry":{"type":"Polygon","coordinates":[[[-69.72616,-35.2643],[-69.72845,-35.26463],[-69.72993,-35.25441],[-69.73477,-35.24287],[-69.73464,-35.24012],[-69.73316,-35.23935],[-69.72872,-35.24056],[-69.72428,-35.24583],[-69.72616,-35.2643]]]}},{"type":"Feature","properties":{"yacimiento":"Atuel Oeste","codigo":"ATUO","operador":"PETROLERA EL TREBOL S.A.","pozos":0,"boe_acum_mboe":null,"petroleo_acum_mbbl":null,"npv_musd_mediano":null,"eur_mbbl_mediana":null,"vaca_muerta":0,"operador_principal":null,"boe_por_pozo_mboe":null},"geometry":{"type":"Polygon","coordinates":[[[-69.5812,-35.18264],[-69.58537,-35.18154],[-69.58712,-35.17868],[-69.58766,-35.17263],[-69.5855,-35.17043],[-69.58106,-35.17021],[-69.57783,-35.17252],[-69.57837,-35.18011],[-69.5812,-35.18264]]]}},{"type":"Feature","properties":{"yacimiento":"PORTEZUELO ALTO","codigo":"POA","operador":"PETROLEOS SUDAMERICANOS S.A.","pozos":0,"boe_acum_mboe":null,"petroleo_acum_mbbl":null,"npv_musd_mediano":null,"eur_mbbl_mediana":null,"vaca_muerta":0,"operador_principal":null,"boe_por_pozo_mboe":null},"geometry":{"type":"Polygon","coordinates":[[[-68.38956,-37.73899],[-68.38103,-37.73848],[-68.38034,-37.74564],[-68.38887,-37.74616],[-68.38956,-37.73899]]]}},{"type":"Feature","properties":{"yacimiento":"EL CARACOL NORTE","codigo":"ECN","operador":"PETROLEOS SUDAMERICANOS S.A.","pozos":0,"boe_acum_mboe":null,"petroleo_acum_mbbl":null,"npv_musd_mediano":null,"eur_mbbl_mediana":null,"vaca_muerta":0,"operador_principal":null,"boe_por_pozo_mboe":null},"geometry":{"type":"Polygon","coordinates":[[[-68.40351,-37.796],[-68.37556,-37.79595],[-68.37555,-37.80547],[-68.40351,-37.80547],[-68.40351,-37.796]]]}},{"type":"Feature","properties":{"yacimiento":"EL MEDANITO SUR","codigo":"EMS","operador":"PETROLEOS SUDAMERICANOS S.A.","pozos":0,"boe_acum_mboe":null,"petroleo_acum_mbbl":null,"npv_musd_mediano":null,"eur_mbbl_mediana":null,"vaca_muerta":0,"operador_principal":null,"boe_por_pozo_mboe":null},"geometry":{"type":"Polygon","coordinates":[[[-67.94686,-38.07297],[-67.91887,-38.07271],[-67.91867,-38.08627],[-67.94667,-38.08652],[-67.94686,-38.07297]]]}},{"type":"Feature","properties":{"yacimiento":"COIRON AMARGO SUR OESTE","codigo":"CASO","operador":"SHELL ARGENTINA S.A.","pozos":43,"boe_acum_mboe":14655.0,"petroleo_acum_mbbl":13434.8,"npv_musd_mediano":8.5,"eur_mbbl_mediana":989.4,"vaca_muerta":43,"operador_principal":"Shell","boe_por_pozo_mboe":340.8},"geometry":{"type":"Polygon","coordinates":[[[-68.38719,-38.44544],[-68.5038,-38.44599],[-68.50429,-38.37359],[-68.47774,-38.3536],[-68.38727,-38.43393],[-68.38719,-38.44544]]]}},{"type":"Feature","properties":{"yacimiento":"PARVA NEGRA OESTE","codigo":"PNOE","operador":"CAPEX S.A.","pozos":2,"boe_acum_mboe":8.1,"petroleo_acum_mbbl":0.0,"npv_musd_mediano":null,"eur_mbbl_mediana":null,"vaca_muerta":2,"operador_principal":"Capex","boe_por_pozo_mboe":4.0},"geometry":{"type":"Polygon","coordinates":[[[-69.46877,-37.77045],[-69.46937,-37.86526],[-69.62424,-37.86454],[-69.6234,-37.76973],[-69.46877,-37.77045]]]}},{"type":"Feature","properties":{"yacimiento":"CNQ-32 PUESTO ZUÑIGA","codigo":"Y050","operador":"CAPEX S.A.","pozos":0,"boe_acum_mboe":null,"petroleo_acum_mbbl":null,"npv_musd_mediano":null,"eur_mbbl_mediana":null,"vaca_muerta":0,"operador_principal":null,"boe_por_pozo_mboe":null},"geometry":{"type":"Polygon","coordinates":[[[-67.83044,-38.75428],[-67.75597,-38.75351],[-67.75417,-38.85655],[-67.83466,-38.85739],[-67.83554,-38.80359],[-67.84113,-38.80368],[-67.84181,-38.76198],[-67.83032,-38.76186],[-67.83044,-38.75428]]]}},{"type":"Feature","properties":{"yacimiento":"BAJADA DEL PALO","codigo":"BAP","operador":"VISTA ENERGY ARGENTINA SAU","pozos":2,"boe_acum_mboe":429.0,"petroleo_acum_mbbl":387.7,"npv_musd_mediano":-5.1,"eur_mbbl_mediana":396.0,"vaca_muerta":2,"operador_principal":"Vista Energy","boe_por_pozo_mboe":214.5},"geometry":{"type":"Polygon","coordinates":[[[-68.33076,-38.11882],[-68.27625,-38.16989],[-68.28511,-38.17005],[-68.29693,-38.16556],[-68.35933,-38.16661],[-68.37178,-38.16952],[-68.38468,-38.17897],[-68.39241,-38.18164],[-68.39576,-38.1768],[-68.37382,-38.14802],[-68.37712,-38.13922],[-68.38851,-38.13661],[-68.39569,-38.12799],[-68.39481,-38.12572],[-68.35916,-38.12311],[-68.33076,-38.11882]]]}},{"type":"Feature","properties":{"yacimiento":"JAGÜEL DE LOS ROSAUROS","codigo":"JAR","operador":"VISTA ENERGY ARGENTINA SAU","pozos":0,"boe_acum_mboe":null,"petroleo_acum_mbbl":null,"npv_musd_mediano":null,"eur_mbbl_mediana":null,"vaca_muerta":0,"operador_principal":null,"boe_por_pozo_mboe":null},"geometry":{"type":"Polygon","coordinates":[[[-68.39518,-38.13633],[-68.39278,-38.1363],[-68.39283,-38.13789],[-68.39517,-38.13791],[-68.39518,-38.13633]]]}},{"type":"Feature","properties":{"yacimiento":"PUESTO SIN NOMBRE","codigo":"PSN","operador":"VISTA ENERGY ARGENTINA SAU","pozos":1,"boe_acum_mboe":43.6,"petroleo_acum_mbbl":38.4,"npv_musd_mediano":-10.3,"eur_mbbl_mediana":44.1,"vaca_muerta":1,"operador_principal":"Vista Energy","boe_por_pozo_mboe":43.6},"geometry":{"type":"Polygon","coordinates":[[[-68.45353,-38.20026],[-68.45225,-38.19897],[-68.45067,-38.20005],[-68.45153,-38.201],[-68.45353,-38.20026]]]}},{"type":"Feature","properties":{"yacimiento":"MEDANO DE LA MORA","codigo":"MMO","operador":"VISTA ENERGY ARGENTINA SAU","pozos":34,"boe_acum_mboe":23293.8,"petroleo_acum_mbbl":20455.2,"npv_musd_mediano":19.4,"eur_mbbl_mediana":1581.4,"vaca_muerta":34,"operador_principal":"Vista Energy","boe_por_pozo_mboe":685.1},"geometry":{"type":"Polygon","coordinates":[[[-68.65658,-38.19332],[-68.65025,-38.2286],[-68.60732,-38.22865],[-68.60748,-38.24819],[-68.68505,-38.24842],[-68.68533,-38.20819],[-68.68224,-38.19461],[-68.673,-38.19072],[-68.65658,-38.19332]]]}},{"type":"Feature","properties":{"yacimiento":"AGUADA DEL PONCHO","codigo":"AGP","operador":"VISTA ENERGY ARGENTINA SAU","pozos":1,"boe_acum_mboe":40.7,"petroleo_acum_mbbl":33.3,"npv_musd_mediano":-8.0,"eur_mbbl_mediana":95.0,"vaca_muerta":1,"operador_principal":"Vista Energy","boe_por_pozo_mboe":40.7},"geometry":{"type":"Polygon","coordinates":[[[-68.6599,-38.15117],[-68.65908,-38.14396],[-68.65252,-38.14222],[-68.62815,-38.14337],[-68.62311,-38.14662],[-68.59414,-38.19507],[-68.59847,-38.19928],[-68.64649,-38.18586],[-68.66375,-38.18675],[-68.66678,-38.18453],[-68.66595,-38.1813],[-68.64944,-38.17685],[-68.64251,-38.16663],[-68.6599,-38.15117]]]}},{"type":"Feature","properties":{"yacimiento":"BORDE MONTUOSO","codigo":"BMT","operador":"VISTA ENERGY ARGENTINA SAU","pozos":7,"boe_acum_mboe":5190.9,"petroleo_acum_mbbl":4625.9,"npv_musd_mediano":27.1,"eur_mbbl_mediana":2061.8,"vaca_muerta":7,"operador_principal":"Vista Energy","boe_por_pozo_mboe":741.6},"geometry":{"type":"Polygon","coordinates":[[[-68.46596,-38.22422],[-68.49373,-38.24444],[-68.53763,-38.23874],[-68.54907,-38.22055],[-68.56044,-38.21098],[-68.56667,-38.21114],[-68.57018,-38.20874],[-68.57038,-38.19727],[-68.50522,-38.15],[-68.4983,-38.15437],[-68.49943,-38.19057],[-68.46596,-38.22422]]]}},{"type":"Feature","properties":{"yacimiento":"AGUADA FEDERAL","codigo":"AGFD","operador":"VISTA ENERGY ARGENTINA SAU","pozos":11,"boe_acum_mboe":3732.7,"petroleo_acum_mbbl":3282.6,"npv_musd_mediano":2.8,"eur_mbbl_mediana":676.5,"vaca_muerta":11,"operador_principal":"Vista Energy","boe_por_pozo_mboe":339.3},"geometry":{"type":"MultiPolygon","coordinates":[[[[-68.70768,-38.11049],[-68.71115,-38.10791],[-68.7102,-38.09811],[-68.71188,-38.06044],[-68.71106,-38.05808],[-68.70829,-38.05709],[-68.70521,-38.05976],[-68.70404,-38.1076],[-68.70768,-38.11049]]],[[[-68.75039,-38.12738],[-68.75724,-38.1274],[-68.75725,-38.12199],[-68.75041,-38.12198],[-68.75039,-38.12738]]],[[[-68.74675,-38.10119],[-68.74993,-38.10002],[-68.75465,-38.09269],[-68.74962,-38.08259],[-68.74211,-38.08513],[-68.74509,-38.09297],[-68.74385,-38.09923],[-68.74675,-38.10119]]]]}},{"type":"Feature","properties":{"yacimiento":"COIRON AMARGO NORTE","codigo":"Y057","operador":"VISTA ENERGY ARGENTINA SAU","pozos":0,"boe_acum_mboe":null,"petroleo_acum_mbbl":null,"npv_musd_mediano":null,"eur_mbbl_mediana":null,"vaca_muerta":0,"operador_principal":null,"boe_por_pozo_mboe":null},"geometry":{"type":"Polygon","coordinates":[[[-68.31587,-38.25759],[-68.31074,-38.26233],[-68.2997,-38.26174],[-68.28569,-38.26336],[-68.28129,-38.26761],[-68.28304,-38.27213],[-68.31183,-38.26956],[-68.32582,-38.26147],[-68.33479,-38.25932],[-68.34727,-38.2602],[-68.35861,-38.26364],[-68.36687,-38.27041],[-68.37266,-38.27086],[-68.37739,-38.2644],[-68.37486,-38.25976],[-68.35928,-38.2513],[-68.3469,-38.24708],[-68.32706,-38.24774],[-68.32038,-38.25018],[-68.31627,-38.25404],[-68.31587,-38.25759]]]}},{"type":"Feature","properties":{"yacimiento":"AGUILA MORA","codigo":"AMOR","operador":"VISTA ENERGY ARGENTINA SAU","pozos":5,"boe_acum_mboe":1503.1,"petroleo_acum_mbbl":1108.4,"npv_musd_mediano":10.0,"eur_mbbl_mediana":962.1,"vaca_muerta":5,"operador_principal":"Vista Energy","boe_por_pozo_mboe":300.6},"geometry":{"type":"Polygon","coordinates":[[[-69.09974,-37.61543],[-69.0348,-37.61547],[-69.03487,-37.76336],[-69.09993,-37.76333],[-69.09974,-37.61543]]]}},{"type":"Feature","properties":{"yacimiento":"BAJADA DEL PALO OESTE","codigo":"BPO","operador":"VISTA ENERGY ARGENTINA SAU","pozos":178,"boe_acum_mboe":93251.5,"petroleo_acum_mbbl":83212.1,"npv_musd_mediano":19.2,"eur_mbbl_mediana":1549.5,"vaca_muerta":178,"operador_principal":"Vista Energy","boe_por_pozo_mboe":523.9},"geometry":{"type":"Polygon","coordinates":[[[-68.46666,-38.12692],[-68.46595,-38.22421],[-68.49828,-38.24777],[-68.68505,-38.24842],[-68.68557,-38.12771],[-68.46666,-38.12692]]]}},{"type":"Feature","properties":{"yacimiento":"BAJADA DEL PALO ESTE","codigo":"BPE","operador":"VISTA ENERGY ARGENTINA SAU","pozos":39,"boe_acum_mboe":13481.5,"petroleo_acum_mbbl":12850.4,"npv_musd_mediano":18.4,"eur_mbbl_mediana":1441.0,"vaca_muerta":39,"operador_principal":"Vista Energy","boe_por_pozo_mboe":345.7},"geometry":{"type":"Polygon","coordinates":[[[-68.34706,-38.10356],[-68.24452,-38.19955],[-68.27918,-38.22321],[-68.46595,-38.22421],[-68.46666,-38.12692],[-68.42897,-38.12674],[-68.42914,-38.10399],[-68.34706,-38.10356]]]}},{"type":"Feature","properties":{"yacimiento":"BANDURRIA NORTE","codigo":"BDNN","operador":"VISTA ENERGY ARGENTINA SAU","pozos":5,"boe_acum_mboe":659.0,"petroleo_acum_mbbl":431.5,"npv_musd_mediano":-6.0,"eur_mbbl_mediana":147.0,"vaca_muerta":5,"operador_principal":"Vista Energy","boe_por_pozo_mboe":131.8},"geometry":{"type":"Polygon","coordinates":[[[-69.00154,-38.10807],[-69.0085,-38.1399],[-69.01368,-38.14082],[-69.01983,-38.13839],[-69.02089,-38.13611],[-69.01921,-38.12781],[-69.00917,-38.10566],[-69.00446,-38.1059],[-69.00154,-38.10807]]]}},{"type":"Feature","properties":{"yacimiento":"CAJON DE OLATINO","codigo":"Z057","operador":"YPF S.A.","pozos":0,"boe_acum_mboe":null,"petroleo_acum_mbbl":null,"npv_musd_mediano":null,"eur_mbbl_mediana":null,"vaca_muerta":0,"operador_principal":null,"boe_por_pozo_mboe":null},"geometry":{"type":"Polygon","coordinates":[[[-69.54901,-35.96578],[-69.54195,-35.96224],[-69.54013,-35.96394],[-69.54192,-35.97305],[-69.54693,-35.98236],[-69.55268,-35.9847],[-69.55419,-35.98286],[-69.55204,-35.97104],[-69.54901,-35.96578]]]}},{"type":"Feature","properties":{"yacimiento":"LOMA MORADA","codigo":"LOM2","operador":"YPF S.A.","pozos":0,"boe_acum_mboe":null,"petroleo_acum_mbbl":null,"npv_musd_mediano":null,"eur_mbbl_mediana":null,"vaca_muerta":0,"operador_principal":null,"boe_por_pozo_mboe":null},"geometry":{"type":"Polygon","coordinates":[[[-68.26549,-37.63528],[-68.26323,-37.63708],[-68.26549,-37.63888],[-68.26776,-37.63708],[-68.26549,-37.63528]]]}},{"type":"Feature","properties":{"yacimiento":"CERRO CORTADO","codigo":"CCT2","operador":"YPF S.A.","pozos":0,"boe_acum_mboe":null,"petroleo_acum_mbbl":null,"npv_musd_mediano":null,"eur_mbbl_mediana":null,"vaca_muerta":0,"operador_principal":null,"boe_por_pozo_mboe":null},"geometry":{"type":"Polygon","coordinates":[[[-69.69361,-35.91417],[-69.6914,-35.91597],[-69.69361,-35.91777],[-69.69583,-35.91597],[-69.69361,-35.91417]]]}},{"type":"Feature","properties":{"yacimiento":"CERRO DIVISADERO SUR","codigo":"Z085","operador":"YPF S.A.","pozos":0,"boe_acum_mboe":null,"petroleo_acum_mbbl":null,"npv_musd_mediano":null,"eur_mbbl_mediana":null,"vaca_muerta":0,"operador_principal":null,"boe_por_pozo_mboe":null},"geometry":{"type":"Polygon","coordinates":[[[-69.68706,-36.06864],[-69.68484,-36.07045],[-69.68706,-36.07225],[-69.68929,-36.07045],[-69.68706,-36.06864]]]}},{"type":"Feature","properties":{"yacimiento":"CERRO EL GATO","codigo":"Z086","operador":"YPF S.A.","pozos":0,"boe_acum_mboe":null,"petroleo_acum_mbbl":null,"npv_musd_mediano":null,"eur_mbbl_mediana":null,"vaca_muerta":0,"operador_principal":null,"boe_por_pozo_mboe":null},"geometry":{"type":"MultiPolygon","coordinates":[[[[-69.62699,-36.2312],[-69.62947,-36.23005],[-69.62849,-36.22787],[-69.62529,-36.22881],[-69.62699,-36.2312]]],[[[-69.65982,-36.18715],[-69.6623,-36.18599],[-69.66132,-36.18381],[-69.65812,-36.18476],[-69.65982,-36.18715]]]]}},{"type":"Feature","properties":{"yacimiento":"CERRO FORTUNOSO OESTE","codigo":"Z087","operador":"YPF S.A.","pozos":0,"boe_acum_mboe":null,"petroleo_acum_mbbl":null,"npv_musd_mediano":null,"eur_mbbl_mediana":null,"vaca_muerta":0,"operador_principal":null,"boe_por_pozo_mboe":null},"geometry":{"type":"MultiPolygon","coordinates":[[[[-69.41894,-36.23415],[-69.42142,-36.23299],[-69.42044,-36.23081],[-69.41724,-36.23176],[-69.41894,-36.23415]]],[[[-69.38675,-36.20079],[-69.38923,-36.19963],[-69.38825,-36.19745],[-69.38505,-36.1984],[-69.38675,-36.20079]]]]}},{"type":"Feature","properties":{"yacimiento":"DON RUIZ","codigo":"DRU","operador":"BENTIA ENERGY S.A.","pozos":0,"boe_acum_mboe":null,"petroleo_acum_mbbl":null,"npv_musd_mediano":null,"eur_mbbl_mediana":null,"vaca_muerta":0,"operador_principal":null,"boe_por_pozo_mboe":null},"geometry":{"type":"MultiPolygon","coordinates":[[[[-68.66203,-37.67631],[-68.66455,-37.67515],[-68.66356,-37.67297],[-68.66029,-37.67392],[-68.66203,-37.67631]]],[[[-68.77704,-37.66184],[-68.77956,-37.66068],[-68.77856,-37.65851],[-68.7753,-37.65945],[-68.77704,-37.66184]]],[[[-68.81485,-37.60788],[-68.81738,-37.60672],[-68.81638,-37.60455],[-68.81312,-37.60549],[-68.81485,-37.60788]]]]}},{"type":"Feature","properties":{"yacimiento":"EL VALLE","codigo":"EVAR","operador":"YPF S.A.","pozos":0,"boe_acum_mboe":null,"petroleo_acum_mbbl":null,"npv_musd_mediano":null,"eur_mbbl_mediana":null,"vaca_muerta":0,"operador_principal":null,"boe_por_pozo_mboe":null},"geometry":{"type":"Polygon","coordinates":[[[-69.44356,-35.96331],[-69.44134,-35.96512],[-69.44356,-35.96692],[-69.44578,-35.96512],[-69.44356,-35.96331]]]}},{"type":"Feature","properties":{"yacimiento":"PORTEZUELO ALTO OESTE","codigo":"Z284","operador":"YPF S.A.","pozos":0,"boe_acum_mboe":null,"petroleo_acum_mbbl":null,"npv_musd_mediano":null,"eur_mbbl_mediana":null,"vaca_muerta":0,"operador_principal":null,"boe_por_pozo_mboe":null},"geometry":{"type":"Polygon","coordinates":[[[-68.43249,-37.70591],[-68.43022,-37.70772],[-68.43249,-37.70952],[-68.43475,-37.70772],[-68.43249,-37.70591]]]}},{"type":"Feature","properties":{"yacimiento":"ENTRE PIEDRAS","codigo":"Z153","operador":"YPF S.A.","pozos":0,"boe_acum_mboe":null,"petroleo_acum_mbbl":null,"npv_musd_mediano":null,"eur_mbbl_mediana":null,"vaca_muerta":0,"operador_principal":null,"boe_por_pozo_mboe":null},"geometry":{"type":"Polygon","coordinates":[[[-68.38371,-37.58701],[-68.38144,-37.58881],[-68.38371,-37.59062],[-68.38597,-37.58881],[-68.38371,-37.58701]]]}},{"type":"Feature","properties":{"yacimiento":"LAGUNA DEL PIOJO","codigo":"Z197","operador":"YPF S.A.","pozos":0,"boe_acum_mboe":null,"petroleo_acum_mbbl":null,"npv_musd_mediano":null,"eur_mbbl_mediana":null,"vaca_muerta":0,"operador_principal":null,"boe_por_pozo_mboe":null},"geometry":{"type":"Polygon","coordinates":[[[-69.48703,-36.0903],[-69.4848,-36.09211],[-69.48703,-36.09391],[-69.48925,-36.09211],[-69.48703,-36.0903]]]}},{"type":"Feature","properties":{"yacimiento":"LOS BERRITOS","codigo":"Z232","operador":"YPF S.A.","pozos":0,"boe_acum_mboe":null,"petroleo_acum_mbbl":null,"npv_musd_mediano":null,"eur_mbbl_mediana":null,"vaca_muerta":0,"operador_principal":null,"boe_por_pozo_mboe":null},"geometry":{"type":"Polygon","coordinates":[[[-69.61793,-36.03339],[-69.61571,-36.03519],[-69.61793,-36.03699],[-69.62015,-36.03519],[-69.61793,-36.03339]]]}},{"type":"Feature","properties":{"yacimiento":"MALAL DE ESTANISLAO","codigo":"Z245","operador":"YPF S.A.","pozos":0,"boe_acum_mboe":null,"petroleo_acum_mbbl":null,"npv_musd_mediano":null,"eur_mbbl_mediana":null,"vaca_muerta":0,"operador_principal":null,"boe_por_pozo_mboe":null},"geometry":{"type":"Polygon","coordinates":[[[-69.68582,-36.05778],[-69.6836,-36.05959],[-69.68582,-36.06139],[-69.68804,-36.05959],[-69.68582,-36.05778]]]}},{"type":"Feature","properties":{"yacimiento":"SEÑAL PLANICIE MORADA","codigo":"Z347","operador":"YPF S.A.","pozos":0,"boe_acum_mboe":null,"petroleo_acum_mbbl":null,"npv_musd_mediano":null,"eur_mbbl_mediana":null,"vaca_muerta":0,"operador_principal":null,"boe_por_pozo_mboe":null},"geometry":{"type":"MultiPolygon","coordinates":[[[[-68.22182,-37.73987],[-68.22435,-37.73871],[-68.22335,-37.73653],[-68.22008,-37.73748],[-68.22182,-37.73987]]],[[[-68.22228,-37.73164],[-68.2248,-37.73049],[-68.2238,-37.72831],[-68.22054,-37.72925],[-68.22228,-37.73164]]],[[[-68.20914,-37.71904],[-68.21167,-37.71788],[-68.21067,-37.7157],[-68.20741,-37.71665],[-68.20914,-37.71904]]]]}},{"type":"Feature","properties":{"yacimiento":"PUESTO MANSILLA","codigo":"Z299","operador":"YPF S.A.","pozos":0,"boe_acum_mboe":null,"petroleo_acum_mbbl":null,"npv_musd_mediano":null,"eur_mbbl_mediana":null,"vaca_muerta":0,"operador_principal":null,"boe_por_pozo_mboe":null},"geometry":{"type":"Polygon","coordinates":[[[-69.42841,-36.22904],[-69.42618,-36.23084],[-69.42841,-36.23265],[-69.43063,-36.23084],[-69.42841,-36.22904]]]}},{"type":"Feature","properties":{"yacimiento":"RIO GRANDE SUR","codigo":"Z327","operador":"YPF S.A.","pozos":0,"boe_acum_mboe":null,"petroleo_acum_mbbl":null,"npv_musd_mediano":null,"eur_mbbl_mediana":null,"vaca_muerta":0,"operador_principal":null,"boe_por_pozo_mboe":null},"geometry":{"type":"Polygon","coordinates":[[[-69.5975,-36.22716],[-69.59527,-36.22896],[-69.5975,-36.23076],[-69.59972,-36.22896],[-69.5975,-36.22716]]]}},{"type":"Feature","properties":{"yacimiento":"VOLCAN SANTA MARIA","codigo":"Z368","operador":"YPF S.A.","pozos":0,"boe_acum_mboe":null,"petroleo_acum_mbbl":null,"npv_musd_mediano":null,"eur_mbbl_mediana":null,"vaca_muerta":0,"operador_principal":null,"boe_por_pozo_mboe":null},"geometry":{"type":"Polygon","coordinates":[[[-69.3773,-36.27464],[-69.38018,-36.27257],[-69.37775,-36.27015],[-69.37463,-36.27227],[-69.3773,-36.27464]]]}},{"type":"Feature","properties":{"yacimiento":"SEÑAL FERRANDO","codigo":"Z343","operador":"YPF S.A.","pozos":0,"boe_acum_mboe":null,"petroleo_acum_mbbl":null,"npv_musd_mediano":null,"eur_mbbl_mediana":null,"vaca_muerta":0,"operador_principal":null,"boe_por_pozo_mboe":null},"geometry":{"type":"Polygon","coordinates":[[[-67.8768,-37.66544],[-67.87453,-37.66724],[-67.8768,-37.66905],[-67.87906,-37.66724],[-67.8768,-37.66544]]]}},{"type":"Feature","properties":{"yacimiento":"CERRO PARTIDO","codigo":"Z103","operador":"YPF S.A.","pozos":0,"boe_acum_mboe":null,"petroleo_acum_mbbl":null,"npv_musd_mediano":null,"eur_mbbl_mediana":null,"vaca_muerta":0,"operador_principal":null,"boe_por_pozo_mboe":null},"geometry":{"type":"Polygon","coordinates":[[[-69.6448,-35.99403],[-69.64258,-35.99583],[-69.6448,-35.99763],[-69.64702,-35.99583],[-69.6448,-35.99403]]]}},{"type":"Feature","properties":{"yacimiento":"LOMA AMARILLA SUR","codigo":"LOAS","operador":"YPF S.A.","pozos":3,"boe_acum_mboe":309.5,"petroleo_acum_mbbl":277.1,"npv_musd_mediano":0.9,"eur_mbbl_mediana":504.2,"vaca_muerta":3,"operador_principal":"YPF","boe_por_pozo_mboe":103.2},"geometry":{"type":"MultiPolygon","coordinates":[[[[-68.74555,-37.87875],[-68.75269,-37.87697],[-68.75554,-37.87126],[-68.75554,-37.86448],[-68.75519,-37.8552],[-68.75055,-37.83806],[-68.74519,-37.83664],[-68.73984,-37.83878],[-68.73627,-37.84627],[-68.73591,-37.85555],[-68.73663,-37.86555],[-68.73948,-37.87554],[-68.74555,-37.87875]]],[[[-68.66774,-37.88089],[-68.67167,-37.87875],[-68.67238,-37.87019],[-68.67202,-37.86555],[-68.66703,-37.86234],[-68.66417,-37.86376],[-68.66132,-37.86912],[-68.66132,-37.8759],[-68.66239,-37.87982],[-68.66774,-37.88089]]]]}},{"type":"Feature","properties":{"yacimiento":"ENTRE RIOS","codigo":"Z154","operador":"YPF S.A.","pozos":0,"boe_acum_mboe":null,"petroleo_acum_mbbl":null,"npv_musd_mediano":null,"eur_mbbl_mediana":null,"vaca_muerta":0,"operador_principal":null,"boe_por_pozo_mboe":null},"geometry":{"type":"Polygon","coordinates":[[[-68.13779,-37.59417],[-68.13552,-37.59598],[-68.13779,-37.59778],[-68.14005,-37.59598],[-68.13779,-37.59417]]]}},{"type":"Feature","properties":{"yacimiento":"DOS PICOS SUR","codigo":"Z123","operador":"YPF S.A.","pozos":0,"boe_acum_mboe":null,"petroleo_acum_mbbl":null,"npv_musd_mediano":null,"eur_mbbl_mediana":null,"vaca_muerta":0,"operador_principal":null,"boe_por_pozo_mboe":null},"geometry":{"type":"Polygon","coordinates":[[[-68.46491,-37.69691],[-68.46743,-37.69576],[-68.46644,-37.69358],[-68.46317,-37.69452],[-68.46491,-37.69691]]]}},{"type":"Feature","properties":{"yacimiento":"SEÑAL NASER","codigo":"Z345","operador":"YPF S.A.","pozos":0,"boe_acum_mboe":null,"petroleo_acum_mbbl":null,"npv_musd_mediano":null,"eur_mbbl_mediana":null,"vaca_muerta":0,"operador_principal":null,"boe_por_pozo_mboe":null},"geometry":{"type":"Polygon","coordinates":[[[-67.94537,-37.68688],[-67.9431,-37.68868],[-67.94537,-37.69048],[-67.94764,-37.68868],[-67.94537,-37.68688]]]}},{"type":"Feature","properties":{"yacimiento":"SEÑAL RIVERO","codigo":"Z348","operador":"YPF S.A.","pozos":0,"boe_acum_mboe":null,"petroleo_acum_mbbl":null,"npv_musd_mediano":null,"eur_mbbl_mediana":null,"vaca_muerta":0,"operador_principal":null,"boe_por_pozo_mboe":null},"geometry":{"type":"Polygon","coordinates":[[[-67.93638,-37.63989],[-67.93411,-37.64169],[-67.93638,-37.64349],[-67.93865,-37.64169],[-67.93638,-37.63989]]]}},{"type":"Feature","properties":{"yacimiento":"LOMA ATRAVESADA","codigo":"Z215","operador":"YPF S.A.","pozos":0,"boe_acum_mboe":null,"petroleo_acum_mbbl":null,"npv_musd_mediano":null,"eur_mbbl_mediana":null,"vaca_muerta":0,"operador_principal":null,"boe_por_pozo_mboe":null},"geometry":{"type":"Polygon","coordinates":[[[-69.59191,-36.13363],[-69.58969,-36.13544],[-69.59191,-36.13724],[-69.59413,-36.13544],[-69.59191,-36.13363]]]}},{"type":"Feature","properties":{"yacimiento":"AGUA DE ARIAS","codigo":"Z002","operador":"YPF S.A.","pozos":0,"boe_acum_mboe":null,"petroleo_acum_mbbl":null,"npv_musd_mediano":null,"eur_mbbl_mediana":null,"vaca_muerta":0,"operador_principal":null,"boe_por_pozo_mboe":null},"geometry":{"type":"Polygon","coordinates":[[[-69.62859,-36.03188],[-69.62638,-36.03368],[-69.62859,-36.03549],[-69.63081,-36.03368],[-69.62859,-36.03188]]]}},{"type":"Feature","properties":{"yacimiento":"NORTE VALLE VERDE","codigo":"Z263","operador":"YPF S.A.","pozos":0,"boe_acum_mboe":null,"petroleo_acum_mbbl":null,"npv_musd_mediano":null,"eur_mbbl_mediana":null,"vaca_muerta":0,"operador_principal":null,"boe_por_pozo_mboe":null},"geometry":{"type":"MultiPolygon","coordinates":[[[[-68.03811,-37.63119],[-68.04064,-37.63004],[-68.03964,-37.62786],[-68.03638,-37.6288],[-68.03811,-37.63119]]],[[[-67.98841,-37.62982],[-67.99093,-37.62867],[-67.98993,-37.62649],[-67.98675,-37.62734],[-67.98841,-37.62982]]]]}},{"type":"Feature","properties":{"yacimiento":"LA ANTENA","codigo":"Z175","operador":"BENTIA ENERGY S.A.","pozos":0,"boe_acum_mboe":null,"petroleo_acum_mbbl":null,"npv_musd_mediano":null,"eur_mbbl_mediana":null,"vaca_muerta":0,"operador_principal":null,"boe_por_pozo_mboe":null},"geometry":{"type":"Polygon","coordinates":[[[-68.87435,-37.78804],[-68.87687,-37.78688],[-68.87588,-37.7847],[-68.87261,-37.78565],[-68.87435,-37.78804]]]}},{"type":"Feature","properties":{"yacimiento":"PIEDRAS NEGRAS SUR","codigo":"Z282","operador":"YPF S.A.","pozos":0,"boe_acum_mboe":null,"petroleo_acum_mbbl":null,"npv_musd_mediano":null,"eur_mbbl_mediana":null,"vaca_muerta":0,"operador_principal":null,"boe_por_pozo_mboe":null},"geometry":{"type":"MultiPolygon","coordinates":[[[[-68.32104,-37.68566],[-68.32356,-37.6845],[-68.32257,-37.68232],[-68.3193,-37.68327],[-68.32104,-37.68566]]],[[[-68.33397,-37.63495],[-68.3365,-37.6338],[-68.3355,-37.63162],[-68.33224,-37.63256],[-68.33397,-37.63495]]]]}},{"type":"Feature","properties":{"yacimiento":"DIVISADERO ALTO","codigo":"Z121","operador":"YPF S.A.","pozos":0,"boe_acum_mboe":null,"petroleo_acum_mbbl":null,"npv_musd_mediano":null,"eur_mbbl_mediana":null,"vaca_muerta":0,"operador_principal":null,"boe_por_pozo_mboe":null},"geometry":{"type":"Polygon","coordinates":[[[-68.35109,-37.6858],[-68.34882,-37.6876],[-68.35109,-37.6894],[-68.35336,-37.6876],[-68.35109,-37.6858]]]}},{"type":"Feature","properties":{"yacimiento":"PAMPA DEL CHANCHO","codigo":"Z267","operador":"BENTIA ENERGY S.A.","pozos":0,"boe_acum_mboe":null,"petroleo_acum_mbbl":null,"npv_musd_mediano":null,"eur_mbbl_mediana":null,"vaca_muerta":0,"operador_principal":null,"boe_por_pozo_mboe":null},"geometry":{"type":"Polygon","coordinates":[[[-68.76043,-37.65958],[-68.76295,-37.65842],[-68.76196,-37.65625],[-68.75869,-37.65719],[-68.76043,-37.65958]]]}},{"type":"Feature","properties":{"yacimiento":"SEÑAL LOMITA","codigo":"Z344","operador":"YPF S.A.","pozos":0,"boe_acum_mboe":null,"petroleo_acum_mbbl":null,"npv_musd_mediano":null,"eur_mbbl_mediana":null,"vaca_muerta":0,"operador_principal":null,"boe_por_pozo_mboe":null},"geometry":{"type":"Polygon","coordinates":[[[-68.43876,-37.63013],[-68.44107,-37.62046],[-68.44654,-37.61591],[-68.44786,-37.61159],[-68.44564,-37.59639],[-68.44641,-37.5883],[-68.44926,-37.58411],[-68.44745,-37.57897],[-68.44334,-37.57744],[-68.42461,-37.58259],[-68.40487,-37.5821],[-68.39644,-37.58506],[-68.38359,-37.59391],[-68.37661,-37.59672],[-68.36344,-37.59697],[-68.37376,-37.61196],[-68.39954,-37.61059],[-68.40879,-37.61522],[-68.41736,-37.62366],[-68.42935,-37.63189],[-68.43637,-37.63176],[-68.43876,-37.63013]]]}},{"type":"Feature","properties":{"yacimiento":"PUNTA SENILLOSA","codigo":"PUS","operador":"TECPETROL S.A.","pozos":0,"boe_acum_mboe":null,"petroleo_acum_mbbl":null,"npv_musd_mediano":null,"eur_mbbl_mediana":null,"vaca_muerta":0,"operador_principal":null,"boe_por_pozo_mboe":null},"geometry":{"type":"Polygon","coordinates":[[[-68.6451,-38.95987],[-68.65555,-38.9599],[-68.67097,-38.94964],[-68.662,-38.94964],[-68.6451,-38.95987]]]}},{"type":"Feature","properties":{"yacimiento":"PUESTO PARADA NC","codigo":"PPNC","operador":"TECPETROL S.A.","pozos":19,"boe_acum_mboe":4562.9,"petroleo_acum_mbbl":4252.6,"npv_musd_mediano":10.3,"eur_mbbl_mediana":1009.2,"vaca_muerta":19,"operador_principal":"Tecpetrol","boe_por_pozo_mboe":240.2},"geometry":{"type":"Polygon","coordinates":[[[-68.76898,-38.79359],[-68.51003,-38.79281],[-68.50936,-38.88744],[-68.54585,-38.88759],[-68.54641,-38.88149],[-68.56882,-38.86931],[-68.56937,-38.85319],[-68.60965,-38.85327],[-68.60966,-38.84787],[-68.76878,-38.84841],[-68.76898,-38.79359]]]}},{"type":"Feature","properties":{"yacimiento":"ESTANCIA VIEJA","codigo":"EVI","operador":"EDHIPSA","pozos":0,"boe_acum_mboe":null,"petroleo_acum_mbbl":null,"npv_musd_mediano":null,"eur_mbbl_mediana":null,"vaca_muerta":0,"operador_principal":null,"boe_por_pozo_mboe":null},"geometry":{"type":"Polygon","coordinates":[[[-67.28551,-38.67755],[-67.28461,-38.68611],[-67.28952,-38.69093],[-67.2971,-38.69307],[-67.30763,-38.69236],[-67.31682,-38.68825],[-67.31643,-38.67554],[-67.32242,-38.67283],[-67.33074,-38.67341],[-67.33247,-38.67116],[-67.33004,-38.66777],[-67.31998,-38.66847],[-67.31405,-38.6718],[-67.29356,-38.67152],[-67.28551,-38.67755]]]}},{"type":"Feature","properties":{"yacimiento":"LAS BASES","codigo":"LBA","operador":"PRESIDENT PETROLEUM S.A.","pozos":0,"boe_acum_mboe":null,"petroleo_acum_mbbl":null,"npv_musd_mediano":null,"eur_mbbl_mediana":null,"vaca_muerta":0,"operador_principal":null,"boe_por_pozo_mboe":null},"geometry":{"type":"Polygon","coordinates":[[[-67.47397,-38.45603],[-67.45934,-38.45674],[-67.45426,-38.4594],[-67.45313,-38.46325],[-67.45976,-38.46615],[-67.47341,-38.46592],[-67.48051,-38.46805],[-67.48484,-38.46717],[-67.48783,-38.46305],[-67.4871,-38.46039],[-67.47397,-38.45603]]]}},{"type":"Feature","properties":{"yacimiento":"PUESTO FLORES","codigo":"PFOO","operador":"EDHIPSA","pozos":0,"boe_acum_mboe":null,"petroleo_acum_mbbl":null,"npv_musd_mediano":null,"eur_mbbl_mediana":null,"vaca_muerta":0,"operador_principal":null,"boe_por_pozo_mboe":null},"geometry":{"type":"MultiPolygon","coordinates":[[[[-67.53997,-38.71029],[-67.54591,-38.70918],[-67.54708,-38.7049],[-67.53706,-38.69849],[-67.50632,-38.68805],[-67.49801,-38.68786],[-67.49479,-38.69],[-67.49484,-38.6982],[-67.49702,-38.70175],[-67.50058,-38.70354],[-67.53997,-38.71029]]],[[[-67.44612,-38.68212],[-67.45331,-38.68046],[-67.45445,-38.67662],[-67.44974,-38.67266],[-67.44268,-38.67167],[-67.44019,-38.6735],[-67.44,-38.67765],[-67.44235,-38.68105],[-67.44612,-38.68212]]]]}},{"type":"Feature","properties":{"yacimiento":"PUESTO PRADO","codigo":"PPR","operador":"EDHIPSA","pozos":0,"boe_acum_mboe":null,"petroleo_acum_mbbl":null,"npv_musd_mediano":null,"eur_mbbl_mediana":null,"vaca_muerta":0,"operador_principal":null,"boe_por_pozo_mboe":null},"geometry":{"type":"Polygon","coordinates":[[[-67.44996,-38.57016],[-67.43351,-38.57315],[-67.42173,-38.58072],[-67.41777,-38.59191],[-67.41952,-38.59687],[-67.42432,-38.59828],[-67.4466,-38.59412],[-67.45004,-38.5884],[-67.4577,-38.58298],[-67.46344,-38.57528],[-67.46345,-38.57295],[-67.46008,-38.57034],[-67.44996,-38.57016]]]}},{"type":"Feature","properties":{"yacimiento":"LINDERO DE PIEDRA","codigo":"LPIE","operador":"HATTRICK ENERGY SAS","pozos":0,"boe_acum_mboe":null,"petroleo_acum_mbbl":null,"npv_musd_mediano":null,"eur_mbbl_mediana":null,"vaca_muerta":0,"operador_principal":null,"boe_por_pozo_mboe":null},"geometry":{"type":"Polygon","coordinates":[[[-69.33674,-35.40623],[-69.35287,-35.40732],[-69.36052,-35.40065],[-69.36159,-35.38626],[-69.35494,-35.37635],[-69.34751,-35.37612],[-69.33604,-35.38023],[-69.33038,-35.38442],[-69.32825,-35.39045],[-69.32898,-35.39719],[-69.33171,-35.40244],[-69.33674,-35.40623]]]}},{"type":"Feature","properties":{"yacimiento":"LINDERO DE PIEDRA SUR","codigo":"LPSR","operador":"HATTRICK ENERGY SAS","pozos":0,"boe_acum_mboe":null,"petroleo_acum_mbbl":null,"npv_musd_mediano":null,"eur_mbbl_mediana":null,"vaca_muerta":0,"operador_principal":null,"boe_por_pozo_mboe":null},"geometry":{"type":"Polygon","coordinates":[[[-69.34389,-35.44653],[-69.3391,-35.44514],[-69.33395,-35.44666],[-69.3314,-35.45289],[-69.33179,-35.45851],[-69.33855,-35.4614],[-69.34382,-35.45927],[-69.34525,-35.44923],[-69.34389,-35.44653]]]}},{"type":"Feature","properties":{"yacimiento":"CERRO HAMACA OESTE","codigo":"Z094","operador":"PETROLEOS SUDAMERICANOS S.A.","pozos":0,"boe_acum_mboe":null,"petroleo_acum_mbbl":null,"npv_musd_mediano":null,"eur_mbbl_mediana":null,"vaca_muerta":0,"operador_principal":null,"boe_por_pozo_mboe":null},"geometry":{"type":"Polygon","coordinates":[[[-68.55496,-37.45479],[-68.49993,-37.4576],[-68.49992,-37.47053],[-68.55496,-37.47054],[-68.55496,-37.45479]]]}},{"type":"Feature","properties":{"yacimiento":"CERRO HAMACA","codigo":"CEAO","operador":"PETROLEOS SUDAMERICANOS S.A.","pozos":0,"boe_acum_mboe":null,"petroleo_acum_mbbl":null,"npv_musd_mediano":null,"eur_mbbl_mediana":null,"vaca_muerta":0,"operador_principal":null,"boe_por_pozo_mboe":null},"geometry":{"type":"Polygon","coordinates":[[[-68.85889,-37.41165],[-68.85888,-37.40168],[-68.8266,-37.39436],[-68.8266,-37.41158],[-68.85889,-37.41165]]]}},{"type":"Feature","properties":{"yacimiento":"EL MANZANO OESTE","codigo":"Z136","operador":"VENOIL S.A.","pozos":0,"boe_acum_mboe":null,"petroleo_acum_mbbl":null,"npv_musd_mediano":null,"eur_mbbl_mediana":null,"vaca_muerta":0,"operador_principal":null,"boe_por_pozo_mboe":null},"geometry":{"type":"Polygon","coordinates":[[[-69.76967,-36.09469],[-69.7631,-36.09603],[-69.76752,-36.09931],[-69.77539,-36.0987],[-69.77531,-36.09587],[-69.76967,-36.09469]]]}},{"type":"Feature","properties":{"yacimiento":"EL MANZANO","codigo":"MAN","operador":"VENOIL S.A.","pozos":0,"boe_acum_mboe":null,"petroleo_acum_mbbl":null,"npv_musd_mediano":null,"eur_mbbl_mediana":null,"vaca_muerta":0,"operador_principal":null,"boe_por_pozo_mboe":null},"geometry":{"type":"Polygon","coordinates":[[[-69.73907,-36.06278],[-69.73297,-36.06524],[-69.73952,-36.06541],[-69.74564,-36.06308],[-69.73907,-36.06278]]]}},{"type":"Feature","properties":{"yacimiento":"EL MANZANO SUR","codigo":"Z137","operador":"VENOIL S.A.","pozos":0,"boe_acum_mboe":null,"petroleo_acum_mbbl":null,"npv_musd_mediano":null,"eur_mbbl_mediana":null,"vaca_muerta":0,"operador_principal":null,"boe_por_pozo_mboe":null},"geometry":{"type":"Polygon","coordinates":[[[-69.76967,-36.09469],[-69.7631,-36.09603],[-69.76752,-36.09931],[-69.77539,-36.0987],[-69.77531,-36.09587],[-69.76967,-36.09469]]]}},{"type":"Feature","properties":{"yacimiento":"PUESTO LA QUILA","codigo":"PLQ","operador":"VENOIL S.A.","pozos":0,"boe_acum_mboe":null,"petroleo_acum_mbbl":null,"npv_musd_mediano":null,"eur_mbbl_mediana":null,"vaca_muerta":0,"operador_principal":null,"boe_por_pozo_mboe":null},"geometry":{"type":"MultiPolygon","coordinates":[[[[-69.69627,-36.25753],[-69.6984,-36.25549],[-69.69633,-36.25338],[-69.69425,-36.25537],[-69.69627,-36.25753]]],[[[-69.72211,-36.27538],[-69.72425,-36.27334],[-69.72229,-36.27124],[-69.7201,-36.27322],[-69.72211,-36.27538]]],[[[-69.74222,-36.25636],[-69.74436,-36.25431],[-69.74228,-36.25221],[-69.74021,-36.25419],[-69.74222,-36.25636]]]]}},{"type":"Feature","properties":{"yacimiento":"LOMA DE LAS ESPINAS","codigo":"Z216","operador":"VENOIL S.A.","pozos":0,"boe_acum_mboe":null,"petroleo_acum_mbbl":null,"npv_musd_mediano":null,"eur_mbbl_mediana":null,"vaca_muerta":0,"operador_principal":null,"boe_por_pozo_mboe":null},"geometry":{"type":"MultiPolygon","coordinates":[[[[-69.72537,-36.20249],[-69.72406,-36.20249],[-69.72472,-36.20315],[-69.72537,-36.20249]]],[[[-69.70052,-36.17931],[-69.69921,-36.17931],[-69.69987,-36.17997],[-69.70052,-36.17931]]],[[[-69.73085,-36.19357],[-69.72955,-36.19357],[-69.7302,-36.19422],[-69.73085,-36.19357]]],[[[-69.74611,-36.16405],[-69.7448,-36.16405],[-69.74545,-36.16471],[-69.74611,-36.16405]]],[[[-69.6862,-36.21064],[-69.68489,-36.21064],[-69.68555,-36.2113],[-69.6862,-36.21064]]]]}},{"type":"Feature","properties":{"yacimiento":"LIU CULLIN","codigo":"Z208","operador":"VENOIL S.A.","pozos":0,"boe_acum_mboe":null,"petroleo_acum_mbbl":null,"npv_musd_mediano":null,"eur_mbbl_mediana":null,"vaca_muerta":0,"operador_principal":null,"boe_por_pozo_mboe":null},"geometry":{"type":"Polygon","coordinates":[[[-69.73907,-36.06278],[-69.73297,-36.06524],[-69.73952,-36.06541],[-69.74564,-36.06308],[-69.73907,-36.06278]]]}},{"type":"Feature","properties":{"yacimiento":"ARROYO LOS MENUCOS","codigo":"Z033","operador":"VENOIL S.A.","pozos":0,"boe_acum_mboe":null,"petroleo_acum_mbbl":null,"npv_musd_mediano":null,"eur_mbbl_mediana":null,"vaca_muerta":0,"operador_principal":null,"boe_por_pozo_mboe":null},"geometry":{"type":"MultiPolygon","coordinates":[[[[-69.72537,-36.20249],[-69.72406,-36.20249],[-69.72472,-36.20315],[-69.72537,-36.20249]]],[[[-69.70052,-36.17931],[-69.69921,-36.17931],[-69.69987,-36.17997],[-69.70052,-36.17931]]],[[[-69.73085,-36.19357],[-69.72955,-36.19357],[-69.7302,-36.19422],[-69.73085,-36.19357]]],[[[-69.74611,-36.16405],[-69.7448,-36.16405],[-69.74545,-36.16471],[-69.74611,-36.16405]]],[[[-69.6862,-36.21064],[-69.68489,-36.21064],[-69.68555,-36.2113],[-69.6862,-36.21064]]]]}},{"type":"Feature","properties":{"yacimiento":"EL PASILLO","codigo":"Z138","operador":"VENOIL S.A.","pozos":0,"boe_acum_mboe":null,"petroleo_acum_mbbl":null,"npv_musd_mediano":null,"eur_mbbl_mediana":null,"vaca_muerta":0,"operador_principal":null,"boe_por_pozo_mboe":null},"geometry":{"type":"Polygon","coordinates":[[[-69.73907,-36.06278],[-69.73297,-36.06524],[-69.73952,-36.06541],[-69.74564,-36.06308],[-69.73907,-36.06278]]]}},{"type":"Feature","properties":{"yacimiento":"ARROYO COHIHUECO","codigo":"Z027","operador":"VENOIL S.A.","pozos":0,"boe_acum_mboe":null,"petroleo_acum_mbbl":null,"npv_musd_mediano":null,"eur_mbbl_mediana":null,"vaca_muerta":0,"operador_principal":null,"boe_por_pozo_mboe":null},"geometry":{"type":"MultiPolygon","coordinates":[[[[-69.72537,-36.20249],[-69.72406,-36.20249],[-69.72472,-36.20315],[-69.72537,-36.20249]]],[[[-69.70052,-36.17931],[-69.69921,-36.17931],[-69.69987,-36.17997],[-69.70052,-36.17931]]],[[[-69.73085,-36.19357],[-69.72955,-36.19357],[-69.7302,-36.19422],[-69.73085,-36.19357]]],[[[-69.74611,-36.16405],[-69.7448,-36.16405],[-69.74545,-36.16471],[-69.74611,-36.16405]]],[[[-69.6862,-36.21064],[-69.68489,-36.21064],[-69.68555,-36.2113],[-69.6862,-36.21064]]]]}},{"type":"Feature","properties":{"yacimiento":"LLANCANELO","codigo":"LLA","operador":"PETROQUIMICA COMODORO RIVADAVIA S.A.","pozos":0,"boe_acum_mboe":null,"petroleo_acum_mbbl":null,"npv_musd_mediano":null,"eur_mbbl_mediana":null,"vaca_muerta":0,"operador_principal":null,"boe_por_pozo_mboe":null},"geometry":{"type":"Polygon","coordinates":[[[-69.24745,-35.62289],[-69.23791,-35.62051],[-69.22581,-35.62793],[-69.19008,-35.64384],[-69.18387,-35.65586],[-69.18353,-35.6621],[-69.18614,-35.66882],[-69.19615,-35.67035],[-69.21201,-35.66033],[-69.22307,-35.65723],[-69.24225,-35.65585],[-69.25071,-35.65132],[-69.25259,-35.64795],[-69.25326,-35.63796],[-69.24934,-35.6249],[-69.24745,-35.62289]]]}},{"type":"Feature","properties":{"yacimiento":"Pozos sin Yacimiento","codigo":"PSY","operador":"TECPETROL S.A.","pozos":0,"boe_acum_mboe":null,"petroleo_acum_mbbl":null,"npv_musd_mediano":null,"eur_mbbl_mediana":null,"vaca_muerta":0,"operador_principal":null,"boe_por_pozo_mboe":null},"geometry":{"type":"Polygon","coordinates":[[[-68.73734,-38.84834],[-68.72886,-38.85683],[-68.69503,-38.84824],[-68.6741,-38.84818],[-68.67421,-38.85608],[-68.66299,-38.85601],[-68.66289,-38.86572],[-68.6285,-38.86571],[-68.61397,-38.87316],[-68.59942,-38.8737],[-68.57992,-38.88769],[-68.56883,-38.88915],[-68.55862,-38.88728],[-68.50936,-38.88744],[-68.50884,-38.95947],[-68.72226,-38.96019],[-68.72246,-38.90615],[-68.76857,-38.90625],[-68.76878,-38.84841],[-68.73734,-38.84834]],[[-68.75269,-38.85497],[-68.76641,-38.855],[-68.76639,-38.86202],[-68.75261,-38.86199],[-68.7526,-38.86418],[-68.74294,-38.86416],[-68.74293,-38.86763],[-68.73507,-38.86761],[-68.73505,-38.87145],[-68.72789,-38.87143],[-68.72788,-38.8738],[-68.7183,-38.87378],[-68.71829,-38.87701],[-68.70349,-38.87697],[-68.7035,-38.87416],[-68.69509,-38.87414],[-68.69145,-38.87962],[-68.6915,-38.88444],[-68.68661,-38.88443],[-68.68663,-38.8795],[-68.69036,-38.87274],[-68.69942,-38.87109],[-68.69949,-38.8671],[-68.71052,-38.86703],[-68.71059,-38.86493],[-68.71925,-38.86495],[-68.71919,-38.86347],[-68.73224,-38.86327],[-68.73226,-38.85846],[-68.75268,-38.85851],[-68.75269,-38.85497]],[[-68.76049,-38.86223],[-68.76639,-38.86231],[-68.76637,-38.86873],[-68.76039,-38.86871],[-68.76038,-38.87212],[-68.75508,-38.87211],[-68.75507,-38.87498],[-68.74464,-38.87496],[-68.74466,-38.86888],[-68.7527,-38.8689],[-68.75271,-38.86529],[-68.76048,-38.86531],[-68.76049,-38.86223]],[[-68.67263,-38.91176],[-68.67266,-38.90514],[-68.70092,-38.90522],[-68.70089,-38.91184],[-68.67263,-38.91176]],[[-68.6451,-38.95987],[-68.662,-38.94964],[-68.67097,-38.94964],[-68.65555,-38.9599],[-68.6451,-38.95987]]]}},{"type":"Feature","properties":{"yacimiento":"JAGUEL CASA DE PIEDRA SUR","codigo":"CPSU","operador":"PLUSPETROL S.A.","pozos":0,"boe_acum_mboe":null,"petroleo_acum_mbbl":null,"npv_musd_mediano":null,"eur_mbbl_mediana":null,"vaca_muerta":0,"operador_principal":null,"boe_por_pozo_mboe":null},"geometry":{"type":"Polygon","coordinates":[[[-68.46967,-37.40387],[-68.4682,-37.41748],[-68.47954,-37.42151],[-68.47975,-37.39195],[-68.47099,-37.39238],[-68.46754,-37.39462],[-68.46516,-37.40293],[-68.46967,-37.40387]]]}},{"type":"Feature","properties":{"yacimiento":"AGUADA LOS LOROS","codigo":"ALL","operador":"PLUSPETROL CUENCA NEUQUINA S.R.L.","pozos":7,"boe_acum_mboe":5308.7,"petroleo_acum_mbbl":1533.9,"npv_musd_mediano":3.7,"eur_mbbl_mediana":786.8,"vaca_muerta":7,"operador_principal":"Pluspetrol","boe_por_pozo_mboe":758.4},"geometry":{"type":"Polygon","coordinates":[[[-69.31637,-37.6954],[-69.28803,-37.69547],[-69.28796,-37.67746],[-69.24159,-37.67756],[-69.24181,-37.74448],[-69.28277,-37.74439],[-69.28287,-37.77104],[-69.51006,-37.77027],[-69.50966,-37.7115],[-69.4072,-37.71188],[-69.40701,-37.6771],[-69.31629,-37.67738],[-69.31637,-37.6954]]]}},{"type":"Feature","properties":{"yacimiento":"AGUA DE AFUERA","codigo":"ADAF","operador":"PLUSPETROL CUENCA NEUQUINA S.R.L.","pozos":4,"boe_acum_mboe":3757.1,"petroleo_acum_mbbl":56.4,"npv_musd_mediano":null,"eur_mbbl_mediana":null,"vaca_muerta":4,"operador_principal":"Pluspetrol","boe_por_pozo_mboe":939.3},"geometry":{"type":"Polygon","coordinates":[[[-69.19876,-37.39368],[-69.19898,-37.48372],[-69.24432,-37.4832],[-69.24425,-37.4629],[-69.27352,-37.46283],[-69.27369,-37.50966],[-69.29475,-37.50961],[-69.29443,-37.4274],[-69.25301,-37.39314],[-69.19876,-37.39368]]]}},{"type":"Feature","properties":{"yacimiento":"PAMPA DE LAS YEGUAS I","codigo":"PDYI","operador":"PLUSPETROL CUENCA NEUQUINA S.R.L.","pozos":3,"boe_acum_mboe":2363.0,"petroleo_acum_mbbl":38.9,"npv_musd_mediano":null,"eur_mbbl_mediana":null,"vaca_muerta":2,"operador_principal":"Pluspetrol","boe_por_pozo_mboe":787.7},"geometry":{"type":"Polygon","coordinates":[[[-69.29425,-37.77099],[-69.29464,-37.87009],[-69.32874,-37.87001],[-69.32862,-37.84298],[-69.35097,-37.84291],[-69.35121,-37.81588],[-69.37393,-37.81581],[-69.37371,-37.77076],[-69.29425,-37.77099]]]}},{"type":"Feature","properties":{"yacimiento":"BAJO DEL CHOIQUE","codigo":"BADC","operador":"PLUSPETROL CUENCA NEUQUINA S.R.L.","pozos":46,"boe_acum_mboe":31938.7,"petroleo_acum_mbbl":22589.2,"npv_musd_mediano":26.2,"eur_mbbl_mediana":1852.7,"vaca_muerta":46,"operador_principal":"Pluspetrol","boe_por_pozo_mboe":694.3},"geometry":{"type":"Polygon","coordinates":[[[-69.16947,-37.7983],[-69.16896,-37.50145],[-69.13674,-37.50149],[-69.13695,-37.6154],[-69.09974,-37.61543],[-69.09997,-37.79838],[-69.16947,-37.7983]]]}}]}