{"type":"FeatureCollection","features":[{"type":"Feature","properties":{"nombre":"Río Atuel","tipo":"Río"},"geometry":{"type":"LineString","coordinates":[[-69.9048,-34.8574],[-69.9154,-34.8513]]}},{"type":"Feature","properties":{"nombre":"Arroyo El Carrizal","tipo":"Arroyo"},"geometry":{"type":"LineString","coordinates":[[-69.6223,-35.9525],[-69.6061,-35.9595],[-69.5978,-35.9571]]}},{"type":"Feature","properties":{"nombre":"Río Salado","tipo":"Río"},"geometry":{"type":"LineString","coordinates":[[-70.0238,-35.1876],[-70.0142,-35.1825]]}},{"type":"Feature","properties":{"nombre":"Río Colorado","tipo":"Río"},"geometry":{"type":"LineString","coordinates":[[-67.9009,-37.9916],[-67.8924,-37.9997]]}},{"type":"Feature","properties":{"nombre":"Río Colorado","tipo":"Río"},"geometry":{"type":"LineString","coordinates":[[-67.8685,-38.0373],[-67.8651,-38.0469],[-67.8611,-38.0495]]}},{"type":"Feature","properties":{"nombre":"Arroyo Felipe","tipo":"Arroyo"},"geometry":{"type":"LineString","coordinates":[[-69.7709,-34.9478],[-69.7984,-34.9445],[-69.8153,-34.9471]]}},{"type":"Feature","properties":{"nombre":"Arroyo Las Choicas","tipo":"Arroyo"},"geometry":{"type":"LineString","coordinates":[[-70.243,-34.9184],[-70.2213,-34.926]]}},{"type":"Feature","properties":{"nombre":"Río Diamante","tipo":"Río"},"geometry":{"type":"LineString","coordinates":[[-69.5325,-34.6362],[-69.5299,-34.6448],[-69.5229,-34.646],[-69.5037,-34.6615]]}},{"type":"Feature","properties":{"nombre":"Arroyo de los Papagayos","tipo":"Arroyo"},"geometry":{"type":"LineString","coordinates":[[-69.5963,-34.2811],[-69.6003,-34.2786],[-69.6054,-34.2801],[-69.6164,-34.2723],[-69.6267,-34.2706],[-69.6377,-34.2571],[-69.6366,-34.2466]]}},{"type":"Feature","properties":{"nombre":"Río Colorado","tipo":"Río"},"geometry":{"type":"LineString","coordinates":[[-67.7955,-38.0662],[-67.7905,-38.0643],[-67.7903,-38.06]]}},{"type":"Feature","properties":{"nombre":"Río Colorado","tipo":"Río"},"geometry":{"type":"LineString","coordinates":[[-67.7903,-38.06],[-67.796,-38.0604],[-67.7955,-38.0662]]}},{"type":"Feature","properties":{"nombre":"Río Colorado","tipo":"Río"},"geometry":{"type":"LineString","coordinates":[[-66.5116,-38.7296],[-66.5079,-38.7256],[-66.5085,-38.7173]]}},{"type":"Feature","properties":{"nombre":"Río Diamante","tipo":"Río"},"geometry":{"type":"LineString","coordinates":[[-69.7314,-34.4791],[-69.7528,-34.4803],[-69.7654,-34.4725]]}},{"type":"Feature","properties":{"nombre":"Río Colorado","tipo":"Río"},"geometry":{"type":"LineString","coordinates":[[-66.5175,-38.716],[-66.5152,-38.723],[-66.5174,-38.7271],[-66.5116,-38.7296]]}},{"type":"Feature","properties":{"nombre":"Arroyo de los Papagayos","tipo":"Arroyo"},"geometry":{"type":"LineString","coordinates":[[-69.5719,-34.2771],[-69.5963,-34.2811]]}},{"type":"Feature","properties":{"nombre":"Río Malargüe","tipo":"Río"},"geometry":{"type":"LineString","coordinates":[[-69.5951,-35.5439],[-69.619,-35.5399],[-69.6279,-35.5419]]}},{"type":"Feature","properties":{"nombre":"Arroyo Las Cortaderas","tipo":"Arroyo"},"geometry":{"type":"LineString","coordinates":[[-69.2487,-34.3575],[-69.2578,-34.3588],[-69.2631,-34.3641]]}},{"type":"Feature","properties":{"nombre":"Río Borbollón","tipo":"Río"},"geometry":{"type":"LineString","coordinates":[[-69.9134,-34.338],[-69.9171,-34.3295],[-69.9258,-34.3216]]}},{"type":"Feature","properties":{"nombre":"Río Borbollón","tipo":"Río"},"geometry":{"type":"LineString","coordinates":[[-69.8467,-34.3829],[-69.8523,-34.3812],[-69.8562,-34.3674],[-69.871,-34.3555],[-69.9122,-34.3407],[-69.9134,-34.338]]}},{"type":"Feature","properties":{"nombre":"Río Borbollón","tipo":"Río"},"geometry":{"type":"LineString","coordinates":[[-69.8372,-34.3936],[-69.8467,-34.3829]]}},{"type":"Feature","properties":{"nombre":"Río Malargüe","tipo":"Río"},"geometry":{"type":"LineString","coordinates":[[-69.4533,-35.5487],[-69.472,-35.5433],[-69.5001,-35.5491]]}},{"type":"Feature","properties":{"nombre":"Río Diamante","tipo":"Río"},"geometry":{"type":"LineString","coordinates":[[-69.7535,-34.4799],[-69.7612,-34.4421],[-69.7608,-34.4284],[-69.7576,-34.4216],[-69.745,-34.4142],[-69.7423,-34.4091],[-69.7374,-34.3924],[-69.7396,-34.3897],[-69.7367,-34.3752],[-69.7309,-34.357],[-69.7219,-34.3427],[-69.7276,-34.3224],[-69.7244,-34.3061],[-69.7379,-34.2952],[-69.742,-34.2818],[-69.7465,-34.2783],[-69.7491,-34.2708],[-69.747,-34.2535],[-69.74,-34.2451],[-69.7371,-34.2354],[-69.7231,-34.2359],[-69.7136,-34.2238],[-69.7071,-34.2005],[-69.7004,-34.1896]]}},{"type":"Feature","properties":{"nombre":"Arroyo Hondo","tipo":"Arroyo"},"geometry":{"type":"LineString","coordinates":[[-69.5419,-34.4283],[-69.5316,-34.4288],[-69.5285,-34.423],[-69.5116,-34.4196],[-69.4983,-34.4211],[-69.4882,-34.4173]]}},{"type":"Feature","properties":{"nombre":null,"tipo":null},"geometry":{"type":"LineString","coordinates":[[-69.7585,-34.3931],[-69.7686,-34.4031],[-69.7761,-34.4051],[-69.7752,-34.4111],[-69.782,-34.4274]]}},{"type":"Feature","properties":{"nombre":"Río Borbollón","tipo":"Río"},"geometry":{"type":"LineString","coordinates":[[-69.782,-34.4274],[-69.8061,-34.4032],[-69.8372,-34.3936]]}},{"type":"Feature","properties":{"nombre":"Río Barroso","tipo":"Río"},"geometry":{"type":"LineString","coordinates":[[-69.8372,-34.3936],[-69.8481,-34.3932],[-69.8698,-34.4017],[-69.9033,-34.4006],[-69.9155,-34.4103],[-69.9393,-34.411],[-69.9767,-34.4242],[-69.9812,-34.4279],[-69.9821,-34.4375],[-69.9992,-34.4495],[-70.0086,-34.4468]]}},{"type":"Feature","properties":{"nombre":"Río Diamante","tipo":"Río"},"geometry":{"type":"LineString","coordinates":[[-69.782,-34.4274],[-69.7762,-34.442],[-69.7801,-34.4518],[-69.7793,-34.4637],[-69.7654,-34.4725]]}},{"type":"Feature","properties":{"nombre":"Río Diamante","tipo":"Río"},"geometry":{"type":"LineString","coordinates":[[-69.7119,-34.481],[-69.7314,-34.4791]]}},{"type":"Feature","properties":{"nombre":"Arroyo Bravo","tipo":"Arroyo"},"geometry":{"type":"LineString","coordinates":[[-69.8585,-34.4813],[-69.855,-34.4832],[-69.8451,-34.4808],[-69.8258,-34.4884],[-69.8034,-34.4874],[-69.7876,-34.4923],[-69.7752,-34.4837],[-69.7731,-34.4748],[-69.7654,-34.4725]]}},{"type":"Feature","properties":{"nombre":"Arroyo Hondo","tipo":"Arroyo"},"geometry":{"type":"LineString","coordinates":[[-69.4882,-34.4173],[-69.4783,-34.4184],[-69.4601,-34.4325],[-69.4473,-34.4355],[-69.4427,-34.4407],[-69.4231,-34.4442],[-69.4051,-34.4411],[-69.3974,-34.4431],[-69.3929,-34.4403],[-69.3162,-34.4598],[-69.2724,-34.4862],[-69.2547,-34.5015],[-69.2453,-34.5182],[-69.2384,-34.5237],[-69.2217,-34.5297],[-69.2048,-34.5304],[-69.1953,-34.5367],[-69.1926,-34.5433]]}},{"type":"Feature","properties":{"nombre":"Río Diamante","tipo":"Río"},"geometry":{"type":"LineString","coordinates":[[-69.6618,-34.5195],[-69.6695,-34.5177],[-69.68,-34.5038],[-69.6814,-34.4963],[-69.7119,-34.481]]}},{"type":"Feature","properties":{"nombre":"Arroyo La Faja","tipo":"Arroyo"},"geometry":{"type":"LineString","coordinates":[[-69.1926,-34.5433],[-69.2132,-34.5476],[-69.239,-34.5357],[-69.2548,-34.5343],[-69.2841,-34.5257],[-69.2995,-34.5193],[-69.3268,-34.4994],[-69.3542,-34.4936],[-69.3673,-34.487],[-69.4071,-34.484],[-69.4293,-34.4883],[-69.4654,-34.4857],[-69.4744,-34.4729]]}},{"type":"Feature","properties":{"nombre":"Río Diamante","tipo":"Río"},"geometry":{"type":"LineString","coordinates":[[-69.6479,-34.5288],[-69.6549,-34.527],[-69.6618,-34.5195]]}},{"type":"Feature","properties":{"nombre":"Arroyo Hondo","tipo":"Arroyo"},"geometry":{"type":"LineString","coordinates":[[-69.1926,-34.5433],[-69.1833,-34.551],[-69.1669,-34.5564],[-69.1584,-34.5647],[-69.1452,-34.5707],[-69.125,-34.5772],[-69.1198,-34.5747]]}},{"type":"Feature","properties":{"nombre":"Río Negro (Brazo Norte)","tipo":"Río"},"geometry":{"type":"LineString","coordinates":[[-69.7825,-34.5533],[-69.7728,-34.5464],[-69.7505,-34.5462],[-69.7109,-34.5376],[-69.7062,-34.5328],[-69.6957,-34.5336],[-69.6698,-34.5281],[-69.6618,-34.5195]]}},{"type":"Feature","properties":{"nombre":"Río Diamante","tipo":"Río"},"geometry":{"type":"LineString","coordinates":[[-69.581,-34.5852],[-69.5873,-34.5795],[-69.5899,-34.5853],[-69.5941,-34.5817],[-69.6045,-34.5579],[-69.6277,-34.55],[-69.6358,-34.5517],[-69.6439,-34.5431],[-69.6414,-34.535],[-69.6479,-34.5288]]}},{"type":"Feature","properties":{"nombre":"Río Negro (Brazo Norte)","tipo":"Río"},"geometry":{"type":"LineString","coordinates":[[-69.8441,-34.5742],[-69.8308,-34.5716],[-69.8252,-34.5736],[-69.8223,-34.568],[-69.8126,-34.5666],[-69.801,-34.5564],[-69.7825,-34.5533]]}},{"type":"Feature","properties":{"nombre":"Río Negro (Brazo Norte)","tipo":"Río"},"geometry":{"type":"LineString","coordinates":[[-69.8534,-34.5795],[-69.8441,-34.5742]]}},{"type":"Feature","properties":{"nombre":"Río Malargüe","tipo":"Río"},"geometry":{"type":"LineString","coordinates":[[-69.582,-35.5499],[-69.5951,-35.5439]]}},{"type":"Feature","properties":{"nombre":"Río Diamante","tipo":"Río"},"geometry":{"type":"LineString","coordinates":[[-69.1512,-34.6246],[-69.1805,-34.6377],[-69.1867,-34.6438],[-69.1964,-34.6415],[-69.1972,-34.6363],[-69.2025,-34.6389],[-69.2137,-34.6376],[-69.2224,-34.6446]]}},{"type":"Feature","properties":{"nombre":"Arroyo Carrizalito","tipo":"Arroyo"},"geometry":{"type":"LineString","coordinates":[[-69.5157,-34.514],[-69.5088,-34.5192],[-69.4907,-34.5139],[-69.4801,-34.5175],[-69.4664,-34.5251],[-69.4551,-34.5388],[-69.4375,-34.5487],[-69.4287,-34.5466],[-69.417,-34.5504],[-69.4051,-34.5486],[-69.3994,-34.5543],[-69.3892,-34.5573],[-69.3791,-34.5552],[-69.3417,-34.564],[-69.3156,-34.5621],[-69.3015,-34.5716],[-69.2765,-34.5805],[-69.2703,-34.5946],[-69.252,-34.6138],[-69.2475,-34.6234]]}},{"type":"Feature","properties":{"nombre":"Arroyo Carrizalito","tipo":"Arroyo"},"geometry":{"type":"LineString","coordinates":[[-69.2475,-34.6234],[-69.245,-34.6286],[-69.2224,-34.6446]]}},{"type":"Feature","properties":{"nombre":"Río Malargüe","tipo":"Río"},"geometry":{"type":"LineString","coordinates":[[-69.582,-35.5499],[-69.5951,-35.5439]]}},{"type":"Feature","properties":{"nombre":"Río Blanco","tipo":"Río"},"geometry":{"type":"LineString","coordinates":[[-69.7156,-34.6258],[-69.7136,-34.6188],[-69.7193,-34.6113],[-69.7233,-34.5928],[-69.7142,-34.5836],[-69.7065,-34.5689],[-69.706,-34.5525],[-69.6746,-34.5304],[-69.6657,-34.5319],[-69.6587,-34.5264],[-69.6479,-34.5288]]}},{"type":"Feature","properties":{"nombre":"Río Diamante","tipo":"Río"},"geometry":{"type":"LineString","coordinates":[[-69.5325,-34.6362],[-69.5334,-34.6325],[-69.5432,-34.6275],[-69.5489,-34.6097],[-69.5705,-34.6004],[-69.5717,-34.5953],[-69.5758,-34.596],[-69.5818,-34.5913],[-69.579,-34.5879],[-69.581,-34.5852]]}},{"type":"Feature","properties":{"nombre":"Río Diamante","tipo":"Río"},"geometry":{"type":"LineString","coordinates":[[-69.2224,-34.6446],[-69.2229,-34.6494],[-69.2335,-34.6533],[-69.2518,-34.65],[-69.2734,-34.6593],[-69.2788,-34.6586],[-69.2804,-34.6626],[-69.2833,-34.6608]]}},{"type":"Feature","properties":{"nombre":"Río Diamante","tipo":"Río"},"geometry":{"type":"LineString","coordinates":[[-69.2833,-34.6608],[-69.2955,-34.6588],[-69.3144,-34.667]]}},{"type":"Feature","properties":{"nombre":"Río Diamante","tipo":"Río"},"geometry":{"type":"LineString","coordinates":[[-69.3144,-34.667],[-69.3344,-34.6799]]}},{"type":"Feature","properties":{"nombre":"Río Malargüe","tipo":"Río"},"geometry":{"type":"LineString","coordinates":[[-69.4736,-35.5565],[-69.4876,-35.5482],[-69.5001,-35.5491]]}},{"type":"Feature","properties":{"nombre":"Río Diamante","tipo":"Río"},"geometry":{"type":"LineString","coordinates":[[-69.3344,-34.6799],[-69.3442,-34.6831]]}},{"type":"Feature","properties":{"nombre":"Río Diamante","tipo":"Río"},"geometry":{"type":"LineString","coordinates":[[-69.4991,-34.6764],[-69.5026,-34.6739],[-69.4994,-34.6715],[-69.5002,-34.6639],[-69.5037,-34.6615]]}},{"type":"Feature","properties":{"nombre":"Río Diamante","tipo":"Río"},"geometry":{"type":"LineString","coordinates":[[-69.3442,-34.6831],[-69.3579,-34.6923],[-69.3677,-34.6929],[-69.37,-34.6963],[-69.3789,-34.6984],[-69.382,-34.6946],[-69.3898,-34.6951],[-69.3955,-34.6915],[-69.4129,-34.7005],[-69.4299,-34.6987],[-69.4414,-34.7014],[-69.4517,-34.6954],[-69.4642,-34.6952],[-69.4711,-34.6865],[-69.4991,-34.6764]]}},{"type":"Feature","properties":{"nombre":"Arroyo Seco Blanco","tipo":"Arroyo"},"geometry":{"type":"LineString","coordinates":[[-69.5349,-34.7003],[-69.5128,-34.6893],[-69.506,-34.6794],[-69.4991,-34.6764]]}},{"type":"Feature","properties":{"nombre":"Río Malargüe","tipo":"Río"},"geometry":{"type":"LineString","coordinates":[[-69.4533,-35.5487],[-69.4614,-35.5547],[-69.4734,-35.5566]]}},{"type":"Feature","properties":{"nombre":"Arroyo Calabozo","tipo":"Arroyo"},"geometry":{"type":"LineString","coordinates":[[-70.0116,-34.6271],[-70.0211,-34.6358],[-70.0312,-34.6381],[-70.0466,-34.6526],[-70.0558,-34.6554],[-70.069,-34.674],[-70.0695,-34.6858],[-70.066,-34.6888]]}},{"type":"Feature","properties":{"nombre":"Río Atuel","tipo":"Río"},"geometry":{"type":"LineString","coordinates":[[-70.0618,-34.7722],[-70.0723,-34.771],[-70.0744,-34.7682]]}},{"type":"Feature","properties":{"nombre":"Arroyo Las Lágrimas","tipo":"Arroyo"},"geometry":{"type":"LineString","coordinates":[[-70.2751,-34.761],[-70.2087,-34.7713],[-70.186,-34.7582],[-70.1793,-34.7583],[-70.159,-34.7499]]}},{"type":"Feature","properties":{"nombre":"Arroyo Seco Blanco","tipo":"Arroyo"},"geometry":{"type":"LineString","coordinates":[[-69.5349,-34.7003],[-69.5356,-34.713],[-69.5442,-34.7133],[-69.5567,-34.7313],[-69.583,-34.7458]]}},{"type":"Feature","properties":{"nombre":"Río Atuel","tipo":"Río"},"geometry":{"type":"LineString","coordinates":[[-70.1047,-34.7153],[-70.0981,-34.7259],[-70.0941,-34.7411],[-70.0894,-34.744]]}},{"type":"Feature","properties":{"nombre":"Arroyo Seco Blanco","tipo":"Arroyo"},"geometry":{"type":"LineString","coordinates":[[-69.6347,-34.7822],[-69.6241,-34.7814],[-69.6199,-34.7741],[-69.5993,-34.7688],[-69.5979,-34.7621],[-69.5856,-34.7534],[-69.583,-34.7458]]}},{"type":"Feature","properties":{"nombre":"Arroyo Las Lágrimas","tipo":"Arroyo"},"geometry":{"type":"LineString","coordinates":[[-70.1034,-34.7488],[-70.0894,-34.744]]}},{"type":"Feature","properties":{"nombre":"Arroyo Las Lágrimas","tipo":"Arroyo"},"geometry":{"type":"LineString","coordinates":[[-70.1034,-34.7488],[-70.0845,-34.7478]]}},{"type":"Feature","properties":{"nombre":"Arroyo Las Lágrimas","tipo":"Arroyo"},"geometry":{"type":"LineString","coordinates":[[-70.1406,-34.7469],[-70.1315,-34.745],[-70.1128,-34.7518],[-70.1034,-34.7488]]}},{"type":"Feature","properties":{"nombre":"Río Atuel","tipo":"Río"},"geometry":{"type":"LineString","coordinates":[[-70.0797,-34.7592],[-70.0829,-34.7492]]}},{"type":"Feature","properties":{"nombre":"Río Atuel","tipo":"Río"},"geometry":{"type":"LineString","coordinates":[[-70.0797,-34.7592],[-70.0829,-34.7492]]}},{"type":"Feature","properties":{"nombre":"Río Atuel","tipo":"Río"},"geometry":{"type":"LineString","coordinates":[[-70.057,-34.7717],[-70.0604,-34.7686],[-70.0744,-34.7682]]}},{"type":"Feature","properties":{"nombre":"Río Atuel","tipo":"Río"},"geometry":{"type":"LineString","coordinates":[[-70.0534,-34.7838],[-70.0529,-34.7753],[-70.057,-34.7717]]}},{"type":"Feature","properties":{"nombre":"Río Atuel","tipo":"Río"},"geometry":{"type":"LineString","coordinates":[[-70.0534,-34.7838],[-70.0547,-34.7762]]}},{"type":"Feature","properties":{"nombre":"Arroyo Blanco","tipo":"Arroyo"},"geometry":{"type":"LineString","coordinates":[[-69.8542,-34.7899],[-69.8208,-34.8117],[-69.7979,-34.8091],[-69.7886,-34.814],[-69.7721,-34.8168]]}},{"type":"Feature","properties":{"nombre":"Río Atuel","tipo":"Río"},"geometry":{"type":"LineString","coordinates":[[-70.0258,-34.8029],[-70.0273,-34.7962],[-70.0347,-34.792]]}},{"type":"Feature","properties":{"nombre":"Río Atuel","tipo":"Río"},"geometry":{"type":"LineString","coordinates":[[-69.9996,-34.8122],[-70.0034,-34.8101],[-70.0088,-34.812],[-70.0192,-34.8064]]}},{"type":"Feature","properties":{"nombre":"Arroyo de la Manga","tipo":"Arroyo"},"geometry":{"type":"LineString","coordinates":[[-69.6835,-34.8343],[-69.6873,-34.8231],[-69.7026,-34.8066],[-69.7185,-34.8013],[-69.7314,-34.788],[-69.7476,-34.7859],[-69.7539,-34.782],[-69.7635,-34.7572]]}},{"type":"Feature","properties":{"nombre":"Río Atuel","tipo":"Río"},"geometry":{"type":"LineString","coordinates":[[-69.9857,-34.8179],[-69.9996,-34.8122]]}},{"type":"Feature","properties":{"nombre":"Río Atuel","tipo":"Río"},"geometry":{"type":"LineString","coordinates":[[-69.9893,-34.8193],[-69.9996,-34.8122]]}},{"type":"Feature","properties":{"nombre":"Arroyo Bayo","tipo":"Arroyo"},"geometry":{"type":"LineString","coordinates":[[-69.9505,-34.7673],[-69.9394,-34.7864],[-69.934,-34.8098],[-69.9236,-34.8301],[-69.9336,-34.8411]]}},{"type":"Feature","properties":{"nombre":"Arroyo de la Manga","tipo":"Arroyo"},"geometry":{"type":"LineString","coordinates":[[-69.6835,-34.8343],[-69.6766,-34.8609],[-69.6645,-34.8782],[-69.663,-34.8897]]}},{"type":"Feature","properties":{"nombre":"Río Salado","tipo":"Río"},"geometry":{"type":"LineString","coordinates":[[-69.8411,-35.1736],[-69.808,-35.1787]]}},{"type":"Feature","properties":{"nombre":"Arroyo Blanco","tipo":"Arroyo"},"geometry":{"type":"LineString","coordinates":[[-69.6884,-34.9632],[-69.6858,-34.9266],[-69.693,-34.9072],[-69.6938,-34.8848],[-69.701,-34.8591],[-69.7124,-34.8477],[-69.7418,-34.8278],[-69.7721,-34.8168]]}},{"type":"Feature","properties":{"nombre":"Arroyo Los Caballos","tipo":"Arroyo"},"geometry":{"type":"LineString","coordinates":[[-70.0606,-34.8901],[-70.0634,-34.8845],[-70.0623,-34.8686],[-70.0387,-34.8528],[-70.026,-34.8507],[-70.0141,-34.8444],[-69.9806,-34.845],[-69.9807,-34.8421],[-69.965,-34.8302],[-69.9522,-34.8309]]}},{"type":"Feature","properties":{"nombre":"Arroyo de la Manga","tipo":"Arroyo"},"geometry":{"type":"LineString","coordinates":[[-69.6809,-34.969],[-69.6751,-34.9655],[-69.6629,-34.9418],[-69.6628,-34.9357],[-69.6689,-34.9249],[-69.6686,-34.9021],[-69.663,-34.8897]]}},{"type":"Feature","properties":{"nombre":"Arroyo Vega Florida","tipo":"Arroyo"},"geometry":{"type":"LineString","coordinates":[[-70.1382,-34.9207],[-70.167,-34.9301],[-70.1821,-34.9406]]}},{"type":"Feature","properties":{"nombre":"Arroyo del Perdido","tipo":"Arroyo"},"geometry":{"type":"LineString","coordinates":[[-70.1821,-34.9406],[-70.1813,-34.9273],[-70.1637,-34.9075],[-70.1594,-34.8899]]}},{"type":"Feature","properties":{"nombre":"Arroyo La Linea","tipo":"Arroyo"},"geometry":{"type":"LineString","coordinates":[[-70.2971,-34.8828],[-70.282,-34.8859],[-70.2825,-34.8898],[-70.2768,-34.8903],[-70.2467,-34.9087],[-70.2317,-34.9083],[-70.2216,-34.9135]]}},{"type":"Feature","properties":{"nombre":"Arroyo Vega Florida","tipo":"Arroyo"},"geometry":{"type":"LineString","coordinates":[[-70.1102,-34.9084],[-70.1313,-34.9124],[-70.1382,-34.9207]]}},{"type":"Feature","properties":{"nombre":"Arroyo Felipe","tipo":"Arroyo"},"geometry":{"type":"LineString","coordinates":[[-69.7601,-34.9387],[-69.7648,-34.9397],[-69.7709,-34.9478]]}},{"type":"Feature","properties":{"nombre":"Arroyo Felipe","tipo":"Arroyo"},"geometry":{"type":"LineString","coordinates":[[-69.8153,-34.9471],[-69.8257,-34.9504],[-69.8349,-34.9581],[-69.8466,-34.959],[-69.8533,-34.9641],[-69.8885,-34.9723]]}},{"type":"Feature","properties":{"nombre":"Arroyo del Perdido","tipo":"Arroyo"},"geometry":{"type":"LineString","coordinates":[[-70.211,-34.9692],[-70.2,-34.9623],[-70.1821,-34.9406]]}},{"type":"Feature","properties":{"nombre":"Arroyo Paraguay","tipo":"Arroyo"},"geometry":{"type":"LineString","coordinates":[[-69.8893,-35.0303],[-69.8803,-35.0292],[-69.8717,-35.0202]]}},{"type":"Feature","properties":{"nombre":"Arroyo Paraguay","tipo":"Arroyo"},"geometry":{"type":"LineString","coordinates":[[-69.9057,-35.0323],[-69.8893,-35.0303]]}},{"type":"Feature","properties":{"nombre":"Arroyo Paraguay","tipo":"Arroyo"},"geometry":{"type":"LineString","coordinates":[[-70.0073,-35.0258],[-69.9914,-35.0288]]}},{"type":"Feature","properties":{"nombre":"Arroyo Paraguay","tipo":"Arroyo"},"geometry":{"type":"LineString","coordinates":[[-69.9914,-35.0288],[-69.9695,-35.0341]]}},{"type":"Feature","properties":{"nombre":"Arroyo Paraguay","tipo":"Arroyo"},"geometry":{"type":"LineString","coordinates":[[-69.9695,-35.0341],[-69.9506,-35.0349]]}},{"type":"Feature","properties":{"nombre":"Arroyo Paraguay","tipo":"Arroyo"},"geometry":{"type":"LineString","coordinates":[[-69.9506,-35.0349],[-69.9347,-35.0372],[-69.9296,-35.0335],[-69.9186,-35.0365],[-69.9057,-35.0323]]}},{"type":"Feature","properties":{"nombre":"Arroyo Paraguay","tipo":"Arroyo"},"geometry":{"type":"LineString","coordinates":[[-70.0317,-35.0277],[-70.0153,-35.0342],[-70.0073,-35.0258]]}},{"type":"Feature","properties":{"nombre":"Arroyo Lechuzo","tipo":"Arroyo"},"geometry":{"type":"LineString","coordinates":[[-68.8402,-35.0696],[-68.8483,-35.0782],[-68.8559,-35.0764],[-68.8671,-35.0827],[-68.8836,-35.0795],[-68.8964,-35.0871],[-68.9056,-35.0867],[-68.9129,-35.0912],[-68.9318,-35.0935],[-68.9554,-35.1046],[-68.9559,-35.1087],[-68.9709,-35.114]]}},{"type":"Feature","properties":{"nombre":"Río Atuel","tipo":"Río"},"geometry":{"type":"LineString","coordinates":[[-69.5995,-35.0849],[-69.6099,-35.0807],[-69.6223,-35.0571]]}},{"type":"Feature","properties":{"nombre":"Río del Cobre","tipo":"Río"},"geometry":{"type":"LineString","coordinates":[[-70.3012,-35.0499],[-70.3128,-35.0409],[-70.3182,-35.0303]]}},{"type":"Feature","properties":{"nombre":"Río del Cobre","tipo":"Río"},"geometry":{"type":"LineString","coordinates":[[-70.2879,-35.0613],[-70.2952,-35.0596],[-70.3012,-35.0499]]}},{"type":"Feature","properties":{"nombre":"Arroyo Lechuzo","tipo":"Arroyo"},"geometry":{"type":"LineString","coordinates":[[-68.9709,-35.114],[-68.9789,-35.1309],[-69.0395,-35.1463],[-69.0866,-35.1681],[-69.0945,-35.1744],[-69.1625,-35.1816]]}},{"type":"Feature","properties":{"nombre":"Río Atuel","tipo":"Río"},"geometry":{"type":"LineString","coordinates":[[-68.9709,-35.1424],[-68.96,-35.1288],[-68.9481,-35.1305],[-68.9362,-35.1261],[-68.9305,-35.1278],[-68.9267,-35.1237],[-68.9174,-35.1243],[-68.9115,-35.1097],[-68.8936,-35.1047],[-68.8843,-35.098],[-68.8679,-35.0972],[-68.8587,-35.0882],[-68.8462,-35.0845],[-68.8432,-35.0803]]}},{"type":"Feature","properties":{"nombre":"Arroyo del Burro","tipo":"Arroyo"},"geometry":{"type":"LineString","coordinates":[[-70.1433,-35.0527],[-70.151,-35.0594],[-70.1593,-35.0763],[-70.1655,-35.0808],[-70.2054,-35.0831]]}},{"type":"Feature","properties":{"nombre":"Río del Cobre","tipo":"Río"},"geometry":{"type":"LineString","coordinates":[[-70.2813,-35.0676],[-70.275,-35.0735],[-70.2741,-35.0796]]}},{"type":"Feature","properties":{"nombre":"Arroyo del Toro","tipo":"Arroyo"},"geometry":{"type":"LineString","coordinates":[[-69.3768,-35.122],[-69.3552,-35.1315],[-69.3339,-35.132],[-69.3186,-35.1403]]}},{"type":"Feature","properties":{"nombre":"Río Atuel","tipo":"Río"},"geometry":{"type":"LineString","coordinates":[[-68.9801,-35.1527],[-68.9715,-35.1464],[-68.9709,-35.1424]]}},{"type":"Feature","properties":{"nombre":"Río Atuel","tipo":"Río"},"geometry":{"type":"LineString","coordinates":[[-68.9801,-35.1527],[-68.9709,-35.1424]]}},{"type":"Feature","properties":{"nombre":"Río Atuel Brazo Mayor","tipo":"Río"},"geometry":{"type":"LineString","coordinates":[[-69.4645,-35.2171],[-69.4764,-35.2147],[-69.4985,-35.202]]}},{"type":"Feature","properties":{"nombre":"Arroyo El Durazno","tipo":"Arroyo"},"geometry":{"type":"LineString","coordinates":[[-69.8405,-35.0977],[-69.831,-35.1018],[-69.8108,-35.0865],[-69.7929,-35.0845],[-69.7866,-35.0907],[-69.7849,-35.0985],[-69.7597,-35.0976],[-69.7543,-35.1073],[-69.7352,-35.1095],[-69.7214,-35.1149]]}},{"type":"Feature","properties":{"nombre":"Río Atuel","tipo":"Río"},"geometry":{"type":"LineString","coordinates":[[-68.9885,-35.1583],[-68.9801,-35.1527]]}},{"type":"Feature","properties":{"nombre":"Arroyo El Durazno","tipo":"Arroyo"},"geometry":{"type":"LineString","coordinates":[[-69.7214,-35.1149],[-69.7051,-35.1152],[-69.6858,-35.1215],[-69.6782,-35.12],[-69.6582,-35.1272]]}},{"type":"Feature","properties":{"nombre":"Río Atuel","tipo":"Río"},"geometry":{"type":"LineString","coordinates":[[-69.1229,-35.2257],[-69.1119,-35.2256],[-69.1077,-35.2186],[-69.1013,-35.2152],[-69.1019,-35.2122],[-69.0982,-35.2148],[-69.0956,-35.2111],[-69.0942,-35.2133],[-69.0847,-35.2071],[-69.0691,-35.2041],[-69.0684,-35.2005],[-69.061,-35.198],[-69.0611,-35.1948],[-69.0546,-35.191],[-69.0479,-35.1792],[-69.0417,-35.1806],[-69.0436,-35.1774],[-69.0378,-35.1704],[-69.0305,-35.1681],[-69.0231,-35.1718],[-69.0209,-35.1681],[-69.0124,-35.1685],[-68.9922,-35.1595]]}},{"type":"Feature","properties":{"nombre":"Río Atuel","tipo":"Río"},"geometry":{"type":"LineString","coordinates":[[-69.5995,-35.0849],[-69.5623,-35.1113],[-69.5608,-35.1302],[-69.5501,-35.1454],[-69.5464,-35.1587]]}},{"type":"Feature","properties":{"nombre":"Arroyo de los Cisnes","tipo":"Arroyo"},"geometry":{"type":"LineString","coordinates":[[-69.3602,-35.1638],[-69.346,-35.168],[-69.3193,-35.1694],[-69.3125,-35.1772],[-69.2973,-35.1804],[-69.2631,-35.1803],[-69.255,-35.1776],[-69.2327,-35.1807],[-69.2266,-35.1765],[-69.2041,-35.1781],[-69.1928,-35.1744],[-69.1625,-35.1816]]}},{"type":"Feature","properties":{"nombre":"Río Atuel Brazo Mayor","tipo":"Río"},"geometry":{"type":"LineString","coordinates":[[-69.5309,-35.1835],[-69.5468,-35.163],[-69.5464,-35.1587]]}},{"type":"Feature","properties":{"nombre":"Arroyo El Alfalfalito","tipo":"Arroyo"},"geometry":{"type":"LineString","coordinates":[[-69.808,-35.1787],[-69.807,-35.1667],[-69.8118,-35.1603],[-69.8111,-35.1502],[-69.8164,-35.1376],[-69.8136,-35.1333]]}},{"type":"Feature","properties":{"nombre":"Río Atuel Brazo Mayor","tipo":"Río"},"geometry":{"type":"LineString","coordinates":[[-69.4489,-35.214],[-69.4645,-35.2171]]}},{"type":"Feature","properties":{"nombre":"Río Salado","tipo":"Río"},"geometry":{"type":"LineString","coordinates":[[-69.873,-35.1624],[-69.859,-35.1664]]}},{"type":"Feature","properties":{"nombre":"Río Salado","tipo":"Río"},"geometry":{"type":"LineString","coordinates":[[-69.9183,-35.162],[-69.9113,-35.1599],[-69.9043,-35.1649],[-69.8921,-35.1609],[-69.873,-35.1624]]}},{"type":"Feature","properties":{"nombre":"Río Salado","tipo":"Río"},"geometry":{"type":"LineString","coordinates":[[-69.9355,-35.1648],[-69.9243,-35.1612]]}},{"type":"Feature","properties":{"nombre":"Río Salado","tipo":"Río"},"geometry":{"type":"LineString","coordinates":[[-69.9355,-35.1648],[-69.9282,-35.1658],[-69.9183,-35.162]]}},{"type":"Feature","properties":{"nombre":"Río Salado","tipo":"Río"},"geometry":{"type":"LineString","coordinates":[[-69.9618,-35.1661],[-69.9517,-35.1603],[-69.9412,-35.1632]]}},{"type":"Feature","properties":{"nombre":"Río Salado","tipo":"Río"},"geometry":{"type":"LineString","coordinates":[[-69.859,-35.1664],[-69.8411,-35.1736]]}},{"type":"Feature","properties":{"nombre":"Arroyo Lechuzo","tipo":"Arroyo"},"geometry":{"type":"LineString","coordinates":[[-69.352,-35.1828],[-69.3206,-35.1991],[-69.2815,-35.2071]]}},{"type":"Feature","properties":{"nombre":"Arroyo Lechuzo","tipo":"Arroyo"},"geometry":{"type":"LineString","coordinates":[[-69.2815,-35.2071],[-69.2675,-35.2097],[-69.2616,-35.2051],[-69.2508,-35.205],[-69.2385,-35.1994],[-69.2147,-35.196],[-69.204,-35.1982],[-69.1767,-35.1844],[-69.1625,-35.1816]]}},{"type":"Feature","properties":{"nombre":"Río Salado","tipo":"Río"},"geometry":{"type":"LineString","coordinates":[[-69.9852,-35.1745],[-69.9618,-35.1661]]}},{"type":"Feature","properties":{"nombre":"Río Atuel Brazo Mayor","tipo":"Río"},"geometry":{"type":"LineString","coordinates":[[-69.4985,-35.202],[-69.5108,-35.1972],[-69.5236,-35.1849],[-69.5309,-35.1835]]}},{"type":"Feature","properties":{"nombre":"Río Atuel","tipo":"Río"},"geometry":{"type":"LineString","coordinates":[[-69.5406,-35.2042],[-69.5395,-35.1994],[-69.5459,-35.1917],[-69.5539,-35.1592],[-69.5659,-35.1395],[-69.5643,-35.1337],[-69.5688,-35.1107],[-69.5807,-35.1053],[-69.5995,-35.0849]]}},{"type":"Feature","properties":{"nombre":"Río Salado","tipo":"Río"},"geometry":{"type":"LineString","coordinates":[[-70.0052,-35.1791],[-69.9852,-35.1745]]}},{"type":"Feature","properties":{"nombre":"Río Atuel Brazo Mayor","tipo":"Río"},"geometry":{"type":"LineString","coordinates":[[-69.5464,-35.1587],[-69.5327,-35.1733],[-69.4656,-35.2028],[-69.4489,-35.214]]}},{"type":"Feature","properties":{"nombre":"Río Salado","tipo":"Río"},"geometry":{"type":"LineString","coordinates":[[-69.808,-35.1802],[-69.7942,-35.1855],[-69.7816,-35.1952],[-69.7666,-35.1971]]}},{"type":"Feature","properties":{"nombre":"Río Salado","tipo":"Río"},"geometry":{"type":"LineString","coordinates":[[-69.7051,-35.2098],[-69.7367,-35.2043],[-69.749,-35.2038],[-69.7533,-35.2075]]}},{"type":"Feature","properties":{"nombre":"Río Salado","tipo":"Río"},"geometry":{"type":"LineString","coordinates":[[-69.7666,-35.1971],[-69.7583,-35.1998],[-69.7533,-35.2075]]}},{"type":"Feature","properties":{"nombre":"Arroyo de las Leñas","tipo":"Arroyo"},"geometry":{"type":"LineString","coordinates":[[-70.0802,-35.1216],[-70.066,-35.1559],[-70.0696,-35.1742],[-70.0667,-35.1832],[-70.0628,-35.1904],[-70.0483,-35.1948]]}},{"type":"Feature","properties":{"nombre":"Río Atuel","tipo":"Río"},"geometry":{"type":"LineString","coordinates":[[-69.5467,-35.2095],[-69.5396,-35.2131],[-69.5299,-35.2132],[-69.5232,-35.2205],[-69.5111,-35.2255]]}},{"type":"Feature","properties":{"nombre":"Río Salado","tipo":"Río"},"geometry":{"type":"LineString","coordinates":[[-69.7051,-35.2098],[-69.665,-35.2152],[-69.6601,-35.2184],[-69.6339,-35.2198],[-69.6124,-35.2146],[-69.5999,-35.22],[-69.5786,-35.2177]]}},{"type":"Feature","properties":{"nombre":"Río Salado","tipo":"Río"},"geometry":{"type":"LineString","coordinates":[[-70.0483,-35.1948],[-70.0383,-35.1957],[-70.0238,-35.1876]]}},{"type":"Feature","properties":{"nombre":"Río Atuel Brazo Mayor","tipo":"Río"},"geometry":{"type":"LineString","coordinates":[[-69.4489,-35.214],[-69.4389,-35.215],[-69.4262,-35.2255],[-69.4122,-35.2296],[-69.404,-35.2362]]}},{"type":"Feature","properties":{"nombre":"Arroyo del Cura","tipo":"Arroyo"},"geometry":{"type":"LineString","coordinates":[[-70.4119,-35.2064],[-70.4131,-35.217],[-70.4017,-35.2372]]}},{"type":"Feature","properties":{"nombre":"Río Tordillo","tipo":"Río"},"geometry":{"type":"LineString","coordinates":[[-70.2054,-35.0831],[-70.2148,-35.0907],[-70.2151,-35.0981],[-70.2022,-35.1135],[-70.2058,-35.1349],[-70.2181,-35.147],[-70.2325,-35.1793],[-70.2473,-35.1886]]}},{"type":"Feature","properties":{"nombre":"Río del Cobre","tipo":"Río"},"geometry":{"type":"LineString","coordinates":[[-70.2473,-35.1886],[-70.2499,-35.1761],[-70.2479,-35.1721],[-70.2506,-35.1708],[-70.2463,-35.1685],[-70.2489,-35.1662],[-70.244,-35.1555],[-70.2447,-35.1486],[-70.2369,-35.1393],[-70.2542,-35.1379],[-70.2624,-35.1293],[-70.258,-35.1207],[-70.2638,-35.117],[-70.2597,-35.1068],[-70.2648,-35.1006],[-70.2643,-35.0933],[-70.2692,-35.0905],[-70.2741,-35.0796]]}},{"type":"Feature","properties":{"nombre":"Río Atuel Brazo Mayor","tipo":"Río"},"geometry":{"type":"LineString","coordinates":[[-69.404,-35.2362],[-69.414,-35.2366],[-69.4246,-35.2325],[-69.4426,-35.235],[-69.4449,-35.2312],[-69.4563,-35.2282],[-69.4645,-35.2171]]}},{"type":"Feature","properties":{"nombre":"Arroyo El Deshecho","tipo":"Arroyo"},"geometry":{"type":"LineString","coordinates":[[-70.0773,-35.2012],[-70.0542,-35.1962]]}},{"type":"Feature","properties":{"nombre":"Río Atuel Brazo Mayor","tipo":"Río"},"geometry":{"type":"LineString","coordinates":[[-69.4985,-35.202],[-69.4917,-35.2099],[-69.4805,-35.2149],[-69.4721,-35.2344],[-69.4652,-35.2397]]}},{"type":"Feature","properties":{"nombre":"Río Atuel","tipo":"Río"},"geometry":{"type":"LineString","coordinates":[[-69.509,-35.2271],[-69.4999,-35.2276],[-69.4879,-35.2393]]}},{"type":"Feature","properties":{"nombre":"Río Atuel","tipo":"Río"},"geometry":{"type":"LineString","coordinates":[[-69.4879,-35.2393],[-69.5035,-35.2351],[-69.509,-35.2271]]}},{"type":"Feature","properties":{"nombre":"Río Atuel (Brazo Sur)","tipo":"Río"},"geometry":{"type":"LineString","coordinates":[[-69.4652,-35.2397],[-69.4866,-35.2348],[-69.4909,-35.2256],[-69.5073,-35.2156],[-69.517,-35.1988],[-69.5309,-35.1835]]}},{"type":"Feature","properties":{"nombre":"Arroyo Mocho","tipo":"Arroyo"},"geometry":{"type":"LineString","coordinates":[[-69.5786,-35.2177],[-69.5689,-35.2227],[-69.5525,-35.2236],[-69.5197,-35.2387]]}},{"type":"Feature","properties":{"nombre":"Arroyo Mocho","tipo":"Arroyo"},"geometry":{"type":"LineString","coordinates":[[-69.5197,-35.2387],[-69.5024,-35.242]]}},{"type":"Feature","properties":{"nombre":"Río Tordillo","tipo":"Río"},"geometry":{"type":"LineString","coordinates":[[-70.2473,-35.1886],[-70.2499,-35.2026]]}},{"type":"Feature","properties":{"nombre":"Arroyo El Deshecho","tipo":"Arroyo"},"geometry":{"type":"LineString","coordinates":[[-70.132,-35.211],[-70.099,-35.2043],[-70.0932,-35.2063],[-70.0773,-35.2012]]}},{"type":"Feature","properties":{"nombre":"Río Atuel","tipo":"Río"},"geometry":{"type":"LineString","coordinates":[[-69.4652,-35.2397],[-69.448,-35.2447],[-69.444,-35.2499]]}},{"type":"Feature","properties":{"nombre":"Río Atuel","tipo":"Río"},"geometry":{"type":"LineString","coordinates":[[-69.444,-35.2499],[-69.448,-35.2506],[-69.4494,-35.2546],[-69.4579,-35.2485],[-69.4645,-35.2514],[-69.475,-35.2404],[-69.4879,-35.2393]]}},{"type":"Feature","properties":{"nombre":"Río Atuel","tipo":"Río"},"geometry":{"type":"LineString","coordinates":[[-69.1229,-35.2257],[-69.1325,-35.2287],[-69.1433,-35.2199],[-69.1493,-35.2233],[-69.149,-35.226],[-69.1589,-35.2281],[-69.1569,-35.2312],[-69.16,-35.2339],[-69.1739,-35.2382],[-69.182,-35.2492],[-69.1937,-35.2503],[-69.1983,-35.2532],[-69.1973,-35.257],[-69.2034,-35.2587],[-69.2142,-35.2574],[-69.2174,-35.2535],[-69.2183,-35.2581],[-69.2335,-35.2576],[-69.2467,-35.2651],[-69.2524,-35.2629],[-69.2629,-35.266],[-69.2726,-35.2571],[-69.2765,-35.2581],[-69.2759,-35.2626],[-69.2796,-35.2624],[-69.2821,-35.2579],[-69.2821,-35.2635],[-69.2873,-35.2618]]}},{"type":"Feature","properties":{"nombre":"Río Atuel","tipo":"Río"},"geometry":{"type":"LineString","coordinates":[[-69.2873,-35.2618],[-69.294,-35.2647],[-69.2971,-35.2603],[-69.3008,-35.2643],[-69.3109,-35.2606]]}},{"type":"Feature","properties":{"nombre":"Río Atuel","tipo":"Río"},"geometry":{"type":"LineString","coordinates":[[-69.3109,-35.2606],[-69.3178,-35.2614],[-69.3218,-35.2653],[-69.3252,-35.2608],[-69.3273,-35.2656]]}},{"type":"Feature","properties":{"nombre":"Río Valenzuela","tipo":"Río"},"geometry":{"type":"LineString","coordinates":[[-70.4906,-35.2953],[-70.4908,-35.282],[-70.4824,-35.2651]]}},{"type":"Feature","properties":{"nombre":"Río Atuel Brazo Mayor","tipo":"Río"},"geometry":{"type":"LineString","coordinates":[[-69.404,-35.2362],[-69.3855,-35.2398],[-69.3839,-35.2425],[-69.3803,-35.2401],[-69.3745,-35.2427],[-69.3721,-35.2402],[-69.3591,-35.2494],[-69.3608,-35.252],[-69.3537,-35.2548],[-69.3495,-35.262],[-69.3409,-35.2614],[-69.3388,-35.2638],[-69.3385,-35.2614],[-69.3273,-35.2656]]}},{"type":"Feature","properties":{"nombre":"Arroyo Los Blancos","tipo":"Arroyo"},"geometry":{"type":"LineString","coordinates":[[-69.9204,-35.2348],[-69.9113,-35.227],[-69.8917,-35.1855],[-69.8848,-35.1781],[-69.879,-35.1775],[-69.8783,-35.168],[-69.873,-35.1624]]}},{"type":"Feature","properties":{"nombre":"Río Tordillo","tipo":"Río"},"geometry":{"type":"LineString","coordinates":[[-70.2499,-35.2026],[-70.2525,-35.21],[-70.2674,-35.2175]]}},{"type":"Feature","properties":{"nombre":"Arroyo Santa Elena","tipo":"Arroyo"},"geometry":{"type":"LineString","coordinates":[[-70.2674,-35.2175],[-70.2684,-35.2066],[-70.2633,-35.1967],[-70.2835,-35.1746],[-70.2893,-35.1585],[-70.2849,-35.1474],[-70.2875,-35.139],[-70.3016,-35.1247],[-70.3255,-35.1146],[-70.3356,-35.1188],[-70.3432,-35.1171],[-70.3592,-35.125]]}},{"type":"Feature","properties":{"nombre":"Arroyo Infiernillo","tipo":"Arroyo"},"geometry":{"type":"LineString","coordinates":[[-70.0819,-35.2919],[-70.0851,-35.2988],[-70.0816,-35.309],[-70.0872,-35.3237]]}},{"type":"Feature","properties":{"nombre":"Arroyo Butamallín","tipo":"Arroyo"},"geometry":{"type":"LineString","coordinates":[[-69.7705,-35.6159],[-69.7608,-35.6073],[-69.7377,-35.5976]]}},{"type":"Feature","properties":{"nombre":"Río Atuel","tipo":"Río"},"geometry":{"type":"LineString","coordinates":[[-69.3273,-35.2656],[-69.334,-35.2711],[-69.3432,-35.2698],[-69.3485,-35.2736],[-69.3509,-35.2685],[-69.3559,-35.2726],[-69.369,-35.2635],[-69.403,-35.2609],[-69.4042,-35.2576],[-69.4142,-35.2535],[-69.4236,-35.2553],[-69.4265,-35.252],[-69.4355,-35.2514]]}},{"type":"Feature","properties":{"nombre":"Arroyo Mocho","tipo":"Arroyo"},"geometry":{"type":"LineString","coordinates":[[-69.5113,-35.2705],[-69.5178,-35.2583],[-69.5077,-35.2527],[-69.5197,-35.2387]]}},{"type":"Feature","properties":{"nombre":"Arroyo Los Blancos","tipo":"Arroyo"},"geometry":{"type":"LineString","coordinates":[[-69.9314,-35.2492],[-69.9204,-35.2348]]}},{"type":"Feature","properties":{"nombre":"Arroyo Malo","tipo":"Arroyo"},"geometry":{"type":"LineString","coordinates":[[-69.4355,-35.2514],[-69.4268,-35.2579],[-69.4305,-35.2622],[-69.4182,-35.2677],[-69.4147,-35.2651],[-69.4152,-35.269],[-69.4125,-35.2692],[-69.4145,-35.2722],[-69.4057,-35.2742],[-69.4073,-35.2797],[-69.4048,-35.2828],[-69.4028,-35.2813],[-69.4044,-35.2848],[-69.4016,-35.2867]]}},{"type":"Feature","properties":{"nombre":"Arroyo Los Blancos","tipo":"Arroyo"},"geometry":{"type":"LineString","coordinates":[[-69.9382,-35.2596],[-69.9314,-35.2492]]}},{"type":"Feature","properties":{"nombre":"Arroyo Mocho","tipo":"Arroyo"},"geometry":{"type":"LineString","coordinates":[[-69.5036,-35.288],[-69.5038,-35.2778],[-69.5113,-35.2705]]}},{"type":"Feature","properties":{"nombre":"Arroyo Mallín Largo","tipo":"Arroyo"},"geometry":{"type":"LineString","coordinates":[[-69.7389,-35.2601],[-69.7274,-35.259],[-69.7136,-35.2519],[-69.6999,-35.2519],[-69.6937,-35.2445],[-69.6846,-35.2406],[-69.6749,-35.2444],[-69.6613,-35.2613],[-69.6519,-35.266],[-69.6481,-35.273],[-69.6515,-35.2801]]}},{"type":"Feature","properties":{"nombre":"Arroyo del Difunto","tipo":"Arroyo"},"geometry":{"type":"LineString","coordinates":[[-69.8471,-35.6482],[-69.8311,-35.6407]]}},{"type":"Feature","properties":{"nombre":"Arroyo Manzano","tipo":"Arroyo"},"geometry":{"type":"LineString","coordinates":[[-69.7635,-35.2657],[-69.751,-35.2705],[-69.7409,-35.2669],[-69.7019,-35.2706],[-69.6901,-35.2683],[-69.6655,-35.2807],[-69.6515,-35.2801]]}},{"type":"Feature","properties":{"nombre":"Río Tordillo","tipo":"Río"},"geometry":{"type":"LineString","coordinates":[[-70.2674,-35.2175],[-70.2737,-35.2193],[-70.2734,-35.2244],[-70.2785,-35.2252],[-70.2797,-35.2428],[-70.2858,-35.2528]]}},{"type":"Feature","properties":{"nombre":"Arroyo de la Carga","tipo":"Arroyo"},"geometry":{"type":"LineString","coordinates":[[-70.2858,-35.2528],[-70.2927,-35.2448],[-70.3144,-35.236],[-70.3131,-35.2105],[-70.3154,-35.2001],[-70.3216,-35.1946],[-70.3208,-35.1795]]}},{"type":"Feature","properties":{"nombre":"Arroyo Cajón de los Oscuros","tipo":"Arroyo"},"geometry":{"type":"LineString","coordinates":[[-70.1832,-35.248],[-70.2022,-35.2602]]}},{"type":"Feature","properties":{"nombre":"Arroyo Punilla","tipo":"Arroyo"},"geometry":{"type":"LineString","coordinates":[[-70.4443,-35.2126],[-70.4392,-35.2222],[-70.4587,-35.2453],[-70.4585,-35.2503]]}},{"type":"Feature","properties":{"nombre":"Arroyo Alamillo","tipo":"Arroyo"},"geometry":{"type":"LineString","coordinates":[[-69.6515,-35.2801],[-69.6448,-35.3007]]}},{"type":"Feature","properties":{"nombre":"Arroyo Cajón de los Oscuros","tipo":"Arroyo"},"geometry":{"type":"LineString","coordinates":[[-70.2022,-35.2602],[-70.2125,-35.2614],[-70.2203,-35.268],[-70.2391,-35.269]]}},{"type":"Feature","properties":{"nombre":"Arroyo Punilla","tipo":"Arroyo"},"geometry":{"type":"LineString","coordinates":[[-70.4585,-35.2503],[-70.4669,-35.259],[-70.4815,-35.2619]]}},{"type":"Feature","properties":{"nombre":"Arroyo Cajón de los Oscuros","tipo":"Arroyo"},"geometry":{"type":"LineString","coordinates":[[-70.24,-35.269],[-70.2552,-35.2737],[-70.2853,-35.2745]]}},{"type":"Feature","properties":{"nombre":"Río Tordillo","tipo":"Río"},"geometry":{"type":"LineString","coordinates":[[-70.2858,-35.2528],[-70.2922,-35.2612],[-70.2928,-35.269],[-70.2853,-35.2745]]}},{"type":"Feature","properties":{"nombre":"Arroyo de Tiburcio","tipo":"Arroyo"},"geometry":{"type":"LineString","coordinates":[[-70.3598,-35.1665],[-70.353,-35.1826],[-70.3432,-35.1917],[-70.3535,-35.2178],[-70.3543,-35.2249],[-70.3503,-35.2352],[-70.3525,-35.2408],[-70.3492,-35.2428],[-70.3468,-35.2598],[-70.3549,-35.2716]]}},{"type":"Feature","properties":{"nombre":"Arroyo del Cura","tipo":"Arroyo"},"geometry":{"type":"LineString","coordinates":[[-70.4017,-35.2372],[-70.3549,-35.2716]]}},{"type":"Feature","properties":{"nombre":"Arroyo Infiernillo","tipo":"Arroyo"},"geometry":{"type":"LineString","coordinates":[[-70.0996,-35.2665],[-70.0934,-35.2687],[-70.0819,-35.2919]]}},{"type":"Feature","properties":{"nombre":"Arroyo del Álamo","tipo":"Arroyo"},"geometry":{"type":"LineString","coordinates":[[-69.6293,-35.321],[-69.6426,-35.3159],[-69.657,-35.3181]]}},{"type":"Feature","properties":{"nombre":"Arroyo del Álamo","tipo":"Arroyo"},"geometry":{"type":"LineString","coordinates":[[-69.6975,-35.3155],[-69.6293,-35.321]]}},{"type":"Feature","properties":{"nombre":"Arroyo Alamillo","tipo":"Arroyo"},"geometry":{"type":"LineString","coordinates":[[-69.6448,-35.3007],[-69.6426,-35.3062],[-69.6101,-35.3273]]}},{"type":"Feature","properties":{"nombre":"Arroyo del Álamo","tipo":"Arroyo"},"geometry":{"type":"LineString","coordinates":[[-69.6293,-35.321],[-69.6101,-35.3273]]}},{"type":"Feature","properties":{"nombre":"Arroyo Antilón","tipo":"Arroyo"},"geometry":{"type":"LineString","coordinates":[[-69.864,-35.2929],[-69.8534,-35.3001],[-69.8362,-35.3038],[-69.8124,-35.2971],[-69.8061,-35.298],[-69.8061,-35.3015],[-69.8004,-35.3056],[-69.7836,-35.3099],[-69.7771,-35.3166],[-69.7673,-35.3202],[-69.7512,-35.3155],[-69.7043,-35.3135]]}},{"type":"Feature","properties":{"nombre":"Arroyo Chacay","tipo":"Arroyo"},"geometry":{"type":"LineString","coordinates":[[-69.9552,-35.2733],[-69.9223,-35.2878],[-69.9112,-35.2969],[-69.8969,-35.2998],[-69.889,-35.3096],[-69.8773,-35.3168]]}},{"type":"Feature","properties":{"nombre":"Arroyo Mocho","tipo":"Arroyo"},"geometry":{"type":"LineString","coordinates":[[-69.4774,-35.3401],[-69.4817,-35.3299],[-69.4747,-35.3201],[-69.4809,-35.3096],[-69.5023,-35.2996],[-69.5036,-35.288]]}},{"type":"Feature","properties":{"nombre":"Arroyo Alamillo","tipo":"Arroyo"},"geometry":{"type":"LineString","coordinates":[[-69.6101,-35.3273],[-69.5835,-35.3349],[-69.5684,-35.3344]]}},{"type":"Feature","properties":{"nombre":"Río Valenzuela","tipo":"Río"},"geometry":{"type":"LineString","coordinates":[[-70.4213,-35.2961],[-70.4337,-35.3072],[-70.4456,-35.3039]]}},{"type":"Feature","properties":{"nombre":"Río Valenzuela","tipo":"Río"},"geometry":{"type":"LineString","coordinates":[[-70.4456,-35.3039],[-70.4565,-35.3076],[-70.4843,-35.306],[-70.4906,-35.2953]]}},{"type":"Feature","properties":{"nombre":"Río Tordillo","tipo":"Río"},"geometry":{"type":"LineString","coordinates":[[-70.2853,-35.2745],[-70.2819,-35.2833],[-70.2871,-35.3041],[-70.2818,-35.3185],[-70.2883,-35.3194],[-70.2918,-35.3234]]}},{"type":"Feature","properties":{"nombre":"Río Tordillo","tipo":"Río"},"geometry":{"type":"LineString","coordinates":[[-70.2918,-35.3234],[-70.2939,-35.3327]]}},{"type":"Feature","properties":{"nombre":"Arroyo Chacay","tipo":"Arroyo"},"geometry":{"type":"LineString","coordinates":[[-69.8773,-35.3168],[-69.8659,-35.3218],[-69.8484,-35.3239],[-69.8338,-35.3368],[-69.8221,-35.3408],[-69.791,-35.3723]]}},{"type":"Feature","properties":{"nombre":"Río Malargüe","tipo":"Río"},"geometry":{"type":"LineString","coordinates":[[-69.5001,-35.5491],[-69.5286,-35.5536],[-69.5334,-35.5506],[-69.5717,-35.5532]]}},{"type":"Feature","properties":{"nombre":"Río Malargüe","tipo":"Río"},"geometry":{"type":"LineString","coordinates":[[-69.5717,-35.5532],[-69.582,-35.5499]]}},{"type":"Feature","properties":{"nombre":"Río Valenzuela","tipo":"Río"},"geometry":{"type":"LineString","coordinates":[[-70.2939,-35.3327],[-70.3148,-35.3197],[-70.3342,-35.3193],[-70.3427,-35.3155],[-70.3551,-35.3175],[-70.3707,-35.3041],[-70.3886,-35.3072],[-70.4124,-35.2955],[-70.4213,-35.2961]]}},{"type":"Feature","properties":{"nombre":"Arroyo Infiernillo","tipo":"Arroyo"},"geometry":{"type":"LineString","coordinates":[[-70.0872,-35.3237],[-70.0903,-35.3339],[-70.1054,-35.3519]]}},{"type":"Feature","properties":{"nombre":"Arroyo Ventana","tipo":"Arroyo"},"geometry":{"type":"LineString","coordinates":[[-69.7481,-35.4212],[-69.7342,-35.4211],[-69.7228,-35.4289]]}},{"type":"Feature","properties":{"nombre":"Arroyo de la Pampa","tipo":"Arroyo"},"geometry":{"type":"LineString","coordinates":[[-70.1054,-35.3519],[-70.1195,-35.3555],[-70.1464,-35.3565],[-70.1622,-35.3633]]}},{"type":"Feature","properties":{"nombre":"Arroyo Vegas Peladas","tipo":"Arroyo"},"geometry":{"type":"LineString","coordinates":[[-69.9835,-35.3061],[-69.9803,-35.3131],[-69.9656,-35.3229],[-69.9586,-35.3339],[-69.9361,-35.352],[-69.9363,-35.3623],[-69.9227,-35.3685],[-69.9129,-35.3874]]}},{"type":"Feature","properties":{"nombre":"Arroyo Ventana","tipo":"Arroyo"},"geometry":{"type":"LineString","coordinates":[[-69.8067,-35.401],[-69.7935,-35.399],[-69.7819,-35.4038],[-69.7696,-35.4044],[-69.7597,-35.4089],[-69.7481,-35.4212]]}},{"type":"Feature","properties":{"nombre":"Arroyo del Álamo","tipo":"Arroyo"},"geometry":{"type":"LineString","coordinates":[[-69.3473,-35.4959],[-69.3685,-35.488],[-69.3892,-35.4707],[-69.439,-35.4414],[-69.4607,-35.4211],[-69.4713,-35.3947],[-69.4818,-35.3867],[-69.5345,-35.3617],[-69.5649,-35.357],[-69.5778,-35.3479]]}},{"type":"Feature","properties":{"nombre":"Arroyo La Bombilla","tipo":"Arroyo"},"geometry":{"type":"LineString","coordinates":[[-69.7228,-35.4289],[-69.6995,-35.4311]]}},{"type":"Feature","properties":{"nombre":"Arroyo Vegas Peladas","tipo":"Arroyo"},"geometry":{"type":"LineString","coordinates":[[-69.9129,-35.3874],[-69.8951,-35.4008],[-69.8865,-35.4138],[-69.8677,-35.4268]]}},{"type":"Feature","properties":{"nombre":"Arroyo de la Pampa","tipo":"Arroyo"},"geometry":{"type":"LineString","coordinates":[[-70.1622,-35.3633],[-70.1659,-35.3644],[-70.1732,-35.376],[-70.2032,-35.3952],[-70.2276,-35.4043],[-70.2321,-35.4012],[-70.2417,-35.402],[-70.2623,-35.4155]]}},{"type":"Feature","properties":{"nombre":"Río Grande","tipo":"Río"},"geometry":{"type":"LineString","coordinates":[[-70.2939,-35.3327],[-70.289,-35.336],[-70.2869,-35.3532],[-70.2834,-35.3529],[-70.276,-35.3623],[-70.2815,-35.3682],[-70.2778,-35.3749],[-70.28,-35.3849],[-70.272,-35.39],[-70.2787,-35.4015],[-70.2682,-35.4145],[-70.2623,-35.4155]]}},{"type":"Feature","properties":{"nombre":"Río Malargüe","tipo":"Río"},"geometry":{"type":"LineString","coordinates":[[-69.5717,-35.5532],[-69.5815,-35.5502]]}},{"type":"Feature","properties":{"nombre":"Arroyo Malo","tipo":"Arroyo"},"geometry":{"type":"LineString","coordinates":[[-69.4016,-35.2867],[-69.397,-35.2888],[-69.3966,-35.2843],[-69.3914,-35.2859],[-69.3902,-35.2821],[-69.3836,-35.2861],[-69.3846,-35.2895],[-69.3879,-35.2895],[-69.3856,-35.2937],[-69.378,-35.2907],[-69.3764,-35.2939],[-69.374,-35.2908],[-69.3685,-35.2923],[-69.3694,-35.2945],[-69.3652,-35.2923],[-69.3655,-35.2964],[-69.3594,-35.2958],[-69.3567,-35.3],[-69.3541,-35.2978],[-69.3499,-35.3017],[-69.3494,-35.2982],[-69.3403,-35.3077],[-69.3362,-35.3075],[-69.3362,-35.3112],[-69.3256,-35.3118],[-69.3278,-35.313],[-69.3214,-35.3165],[-69.3212,-35.321],[-69.317,-35.3208],[-69.3145,-35.3302],[-69.3094,-35.3297],[-69.3131,-35.3352],[-69.3116,-35.3382],[-69.3162,-35.3397],[-69.3151,-35.344],[-69.3111,-35.3456],[-69.313,-35.3495],[-69.3093,-35.3513],[-69.3096,-35.3548],[-69.2974,-35.3589],[-69.295,-35.3561],[-69.286,-35.3649],[-69.2762,-35.3654],[-69.2763,-35.3685],[-69.2672,-35.3692],[-69.2438,-35.3821],[-69.2391,-35.3803],[-69.2253,-35.3849],[-69.2086,-35.3984],[-69.1892,-35.4005],[-69.1894,-35.4038],[-69.1768,-35.4095],[-69.1711,-35.4176],[-69.155,-35.4228],[-69.1472,-35.4273],[-69.1456,-35.4317],[-69.1355,-35.4351],[-69.135,-35.4548],[-69.1259,-35.4663],[-69.1149,-35.4701]]}},{"type":"Feature","properties":{"nombre":"Arroyo Serrucho","tipo":"Arroyo"},"geometry":{"type":"LineString","coordinates":[[-69.884,-35.4295],[-69.8677,-35.4268]]}},{"type":"Feature","properties":{"nombre":"Arroyo del Moro","tipo":"Arroyo"},"geometry":{"type":"LineString","coordinates":[[-69.8805,-35.3866],[-69.8786,-35.392],[-69.8722,-35.3953],[-69.8445,-35.3975],[-69.833,-35.4095],[-69.8135,-35.4196],[-69.8094,-35.4257],[-69.8101,-35.4322],[-69.8316,-35.4485]]}},{"type":"Feature","properties":{"nombre":"Arroyo de Las Minas","tipo":"Arroyo"},"geometry":{"type":"LineString","coordinates":[[-69.8677,-35.4268],[-69.8389,-35.44],[-69.8316,-35.4485]]}},{"type":"Feature","properties":{"nombre":"Arroyo Serrucho","tipo":"Arroyo"},"geometry":{"type":"LineString","coordinates":[[-69.9311,-35.4434],[-69.9015,-35.4295],[-69.884,-35.4295]]}},{"type":"Feature","properties":{"nombre":"Arroyo de Fierro","tipo":"Arroyo"},"geometry":{"type":"LineString","coordinates":[[-70.3512,-35.4216],[-70.3819,-35.4086],[-70.4015,-35.4066],[-70.417,-35.3881],[-70.4198,-35.3799],[-70.4087,-35.3761],[-70.3976,-35.3631],[-70.3982,-35.3538],[-70.393,-35.3419]]}},{"type":"Feature","properties":{"nombre":"Arroyo Serrucho","tipo":"Arroyo"},"geometry":{"type":"LineString","coordinates":[[-70.0093,-35.4415],[-69.9991,-35.4475],[-69.9774,-35.4512],[-69.9615,-35.4451],[-69.9435,-35.4462],[-69.9311,-35.4434]]}},{"type":"Feature","properties":{"nombre":"Río Grande","tipo":"Río"},"geometry":{"type":"LineString","coordinates":[[-70.2318,-35.5062],[-70.2315,-35.5162]]}},{"type":"Feature","properties":{"nombre":"Arroyo Mocho","tipo":"Arroyo"},"geometry":{"type":"LineString","coordinates":[[-69.2678,-35.4946],[-69.2782,-35.4897],[-69.2838,-35.4809],[-69.2921,-35.4797],[-69.3055,-35.4724],[-69.3139,-35.4632],[-69.3286,-35.4583],[-69.3337,-35.4509],[-69.351,-35.4447],[-69.3585,-35.4329],[-69.3631,-35.4336],[-69.3672,-35.4284],[-69.3712,-35.4283],[-69.3804,-35.41],[-69.3951,-35.4016],[-69.4117,-35.3963],[-69.4303,-35.4013],[-69.4458,-35.4015],[-69.4524,-35.3979],[-69.4568,-35.3931],[-69.4601,-35.3806],[-69.4569,-35.3759],[-69.4635,-35.3702],[-69.4592,-35.3666],[-69.4653,-35.3555],[-69.4775,-35.3438],[-69.4774,-35.3401]]}},{"type":"Feature","properties":{"nombre":"Arroyo de la Totora","tipo":"Arroyo"},"geometry":{"type":"LineString","coordinates":[[-70.0922,-35.4366],[-70.0954,-35.4463],[-70.1155,-35.4498],[-70.1349,-35.4514],[-70.1443,-35.4428]]}},{"type":"Feature","properties":{"nombre":"Arroyo Chacay","tipo":"Arroyo"},"geometry":{"type":"LineString","coordinates":[[-69.3473,-35.4959],[-69.3787,-35.4917],[-69.4042,-35.4805],[-69.4379,-35.4734],[-69.4522,-35.4657],[-69.4566,-35.4539],[-69.4626,-35.4516],[-69.4691,-35.4393],[-69.5009,-35.4217],[-69.5125,-35.4108],[-69.5817,-35.3837],[-69.6211,-35.3837],[-69.6535,-35.3915],[-69.672,-35.3908],[-69.6884,-35.3957],[-69.694,-35.3934],[-69.7054,-35.3961],[-69.7478,-35.3875],[-69.7512,-35.3824],[-69.7805,-35.3813],[-69.791,-35.3723]]}},{"type":"Feature","properties":{"nombre":"Arroyo Chacay","tipo":"Arroyo"},"geometry":{"type":"LineString","coordinates":[[-69.2678,-35.4946],[-69.2795,-35.4989],[-69.2899,-35.51],[-69.3174,-35.5064],[-69.3205,-35.5028],[-69.3469,-35.496]]}},{"type":"Feature","properties":{"nombre":"Arroyo de la Totora","tipo":"Arroyo"},"geometry":{"type":"LineString","coordinates":[[-70.1443,-35.4428],[-70.1687,-35.4451],[-70.1831,-35.4609]]}},{"type":"Feature","properties":{"nombre":"Río Malargüe","tipo":"Río"},"geometry":{"type":"LineString","coordinates":[[-69.29,-35.524],[-69.3093,-35.5275]]}},{"type":"Feature","properties":{"nombre":"Río Malargüe","tipo":"Río"},"geometry":{"type":"LineString","coordinates":[[-69.3093,-35.5275],[-69.297,-35.5279],[-69.29,-35.524]]}},{"type":"Feature","properties":{"nombre":"Arroyo de Fierro","tipo":"Arroyo"},"geometry":{"type":"LineString","coordinates":[[-70.3512,-35.4216],[-70.3438,-35.4285],[-70.3284,-35.4345],[-70.3213,-35.449],[-70.2962,-35.4734]]}},{"type":"Feature","properties":{"nombre":"Arroyo Negro","tipo":"Arroyo"},"geometry":{"type":"LineString","coordinates":[[-69.8636,-35.4991],[-69.8749,-35.4898],[-69.8759,-35.4847],[-69.8945,-35.4765]]}},{"type":"Feature","properties":{"nombre":"Río Montañes","tipo":"Río"},"geometry":{"type":"LineString","coordinates":[[-70.2962,-35.4734],[-70.3077,-35.4762],[-70.3187,-35.4707],[-70.3326,-35.4686],[-70.3486,-35.4562],[-70.3612,-35.4591],[-70.3946,-35.4488],[-70.4052,-35.4522],[-70.4148,-35.4616]]}},{"type":"Feature","properties":{"nombre":"Río Malargüe","tipo":"Río"},"geometry":{"type":"LineString","coordinates":[[-69.8254,-35.5186],[-69.8486,-35.5204],[-69.8624,-35.5287]]}},{"type":"Feature","properties":{"nombre":"Río Grande","tipo":"Río"},"geometry":{"type":"LineString","coordinates":[[-70.2623,-35.4155],[-70.2628,-35.4201],[-70.2561,-35.4279],[-70.2606,-35.4308],[-70.2534,-35.4344],[-70.2545,-35.4392],[-70.2454,-35.4431],[-70.2447,-35.4496],[-70.2373,-35.4589],[-70.2414,-35.4713],[-70.2384,-35.4733],[-70.244,-35.4831],[-70.242,-35.4884]]}},{"type":"Feature","properties":{"nombre":"Río Montañes","tipo":"Río"},"geometry":{"type":"LineString","coordinates":[[-70.242,-35.4884],[-70.266,-35.4852],[-70.283,-35.4745],[-70.2962,-35.4734]]}},{"type":"Feature","properties":{"nombre":"Arroyo de Las Minas","tipo":"Arroyo"},"geometry":{"type":"LineString","coordinates":[[-69.8316,-35.4485],[-69.8183,-35.4681],[-69.8206,-35.4984],[-69.8064,-35.5177]]}},{"type":"Feature","properties":{"nombre":"Río Malargüe","tipo":"Río"},"geometry":{"type":"LineString","coordinates":[[-69.7835,-35.5097],[-69.7855,-35.5085],[-69.7958,-35.5167],[-69.8064,-35.5177]]}},{"type":"Feature","properties":{"nombre":"Río Malargüe","tipo":"Río"},"geometry":{"type":"LineString","coordinates":[[-69.8064,-35.5177],[-69.8141,-35.5144],[-69.8254,-35.5186]]}},{"type":"Feature","properties":{"nombre":"Arroyo Negro","tipo":"Arroyo"},"geometry":{"type":"LineString","coordinates":[[-69.8636,-35.4991],[-69.8542,-35.5033],[-69.8431,-35.5029],[-69.8254,-35.5186]]}},{"type":"Feature","properties":{"nombre":"Arroyo de la Totora","tipo":"Arroyo"},"geometry":{"type":"LineString","coordinates":[[-70.1831,-35.4609],[-70.1913,-35.4644],[-70.1941,-35.4756],[-70.2095,-35.4782],[-70.2295,-35.4905],[-70.2328,-35.4951],[-70.2318,-35.5062]]}},{"type":"Feature","properties":{"nombre":"Río Grande","tipo":"Río"},"geometry":{"type":"LineString","coordinates":[[-70.242,-35.4884],[-70.2406,-35.4963],[-70.2318,-35.5062]]}},{"type":"Feature","properties":{"nombre":"Río Malargüe","tipo":"Río"},"geometry":{"type":"LineString","coordinates":[[-69.29,-35.524],[-69.2604,-35.5267],[-69.2517,-35.5333],[-69.2506,-35.5388],[-69.2308,-35.5441],[-69.2303,-35.5656],[-69.2334,-35.5706],[-69.2185,-35.5733]]}},{"type":"Feature","properties":{"nombre":"Río Malargüe","tipo":"Río"},"geometry":{"type":"LineString","coordinates":[[-69.6434,-35.5451],[-69.6527,-35.5506]]}},{"type":"Feature","properties":{"nombre":"Río Malargüe","tipo":"Río"},"geometry":{"type":"LineString","coordinates":[[-69.3093,-35.5275],[-69.3259,-35.5342],[-69.3318,-35.5226],[-69.3858,-35.5489],[-69.4288,-35.5542],[-69.442,-35.5581],[-69.4452,-35.5631],[-69.4642,-35.5624],[-69.4734,-35.5566]]}},{"type":"Feature","properties":{"nombre":"Río Malargüe","tipo":"Río"},"geometry":{"type":"LineString","coordinates":[[-69.6527,-35.5506],[-69.6639,-35.5535]]}},{"type":"Feature","properties":{"nombre":"Río Malargüe","tipo":"Río"},"geometry":{"type":"LineString","coordinates":[[-69.6828,-35.5529],[-69.6967,-35.548],[-69.7051,-35.537],[-69.7234,-35.5289],[-69.7366,-35.5173],[-69.765,-35.5086],[-69.7835,-35.5097]]}},{"type":"Feature","properties":{"nombre":"Río Malargüe","tipo":"Río"},"geometry":{"type":"LineString","coordinates":[[-69.6639,-35.5535],[-69.6828,-35.5529]]}},{"type":"Feature","properties":{"nombre":"Río Malargüe","tipo":"Río"},"geometry":{"type":"LineString","coordinates":[[-69.5717,-35.5532],[-69.5294,-35.5647],[-69.5038,-35.5587],[-69.4846,-35.5629],[-69.4736,-35.5565]]}},{"type":"Feature","properties":{"nombre":"Río Grande","tipo":"Río"},"geometry":{"type":"LineString","coordinates":[[-70.2315,-35.5162],[-70.2298,-35.5271]]}},{"type":"Feature","properties":{"nombre":"Arroyo Montañecito","tipo":"Arroyo"},"geometry":{"type":"LineString","coordinates":[[-70.2298,-35.5271],[-70.2697,-35.504],[-70.299,-35.4964],[-70.3143,-35.502],[-70.3219,-35.4997],[-70.3546,-35.5043],[-70.3587,-35.5023],[-70.3658,-35.5065]]}},{"type":"Feature","properties":{"nombre":"Arroyo Butamallín","tipo":"Arroyo"},"geometry":{"type":"LineString","coordinates":[[-69.6828,-35.5529],[-69.6867,-35.5574],[-69.6981,-35.5594],[-69.7095,-35.5676]]}},{"type":"Feature","properties":{"nombre":"Arroyo Torrecillas","tipo":"Arroyo"},"geometry":{"type":"LineString","coordinates":[[-69.8624,-35.5287],[-69.8732,-35.5313],[-69.9095,-35.558]]}},{"type":"Feature","properties":{"nombre":"Arroyo Colorado","tipo":"Arroyo"},"geometry":{"type":"LineString","coordinates":[[-69.9335,-35.6037],[-69.9343,-35.5955],[-69.9271,-35.5798],[-69.9176,-35.564],[-69.9095,-35.558]]}},{"type":"Feature","properties":{"nombre":"Arroyo Torrecillas","tipo":"Arroyo"},"geometry":{"type":"LineString","coordinates":[[-69.9781,-35.5586],[-69.9872,-35.5463],[-70.0,-35.5417],[-70.0003,-35.5295],[-70.0108,-35.5247],[-70.0222,-35.5265],[-70.0299,-35.5237],[-70.0341,-35.5114]]}},{"type":"Feature","properties":{"nombre":"Arroyo Torrecillas","tipo":"Arroyo"},"geometry":{"type":"LineString","coordinates":[[-69.9095,-35.558],[-69.9294,-35.562],[-69.9438,-35.5584],[-69.9505,-35.5534],[-69.9575,-35.5562],[-69.9664,-35.5541],[-69.9781,-35.5586]]}},{"type":"Feature","properties":{"nombre":"Río Grande","tipo":"Río"},"geometry":{"type":"LineString","coordinates":[[-70.2298,-35.5271],[-70.226,-35.541],[-70.2201,-35.542],[-70.2218,-35.5459]]}},{"type":"Feature","properties":{"nombre":"Arroyo Calquenque","tipo":"Arroyo"},"geometry":{"type":"LineString","coordinates":[[-70.1137,-35.5325],[-70.1304,-35.5492],[-70.1488,-35.5571]]}},{"type":"Feature","properties":{"nombre":"Arroyo Lagunitas","tipo":"Arroyo"},"geometry":{"type":"LineString","coordinates":[[-69.8718,-35.5776],[-69.8669,-35.5691],[-69.8683,-35.5633],[-69.8564,-35.5503],[-69.864,-35.5376],[-69.8624,-35.5287]]}},{"type":"Feature","properties":{"nombre":"Arroyo Yesero","tipo":"Arroyo"},"geometry":{"type":"LineString","coordinates":[[-70.1101,-35.564],[-70.1058,-35.557],[-70.0938,-35.5503],[-70.0715,-35.5475]]}},{"type":"Feature","properties":{"nombre":"Arroyo del Yeso","tipo":"Arroyo"},"geometry":{"type":"LineString","coordinates":[[-70.2218,-35.5459],[-70.2374,-35.5412],[-70.2487,-35.5513],[-70.2764,-35.5561]]}},{"type":"Feature","properties":{"nombre":"Arroyo Butamallín","tipo":"Arroyo"},"geometry":{"type":"LineString","coordinates":[[-69.7313,-35.5907],[-69.7179,-35.5806],[-69.7095,-35.5676]]}},{"type":"Feature","properties":{"nombre":"Arroyo del Yeso","tipo":"Arroyo"},"geometry":{"type":"LineString","coordinates":[[-70.3109,-35.5569],[-70.3208,-35.5537],[-70.3268,-35.5561],[-70.3458,-35.5503],[-70.3816,-35.55]]}},{"type":"Feature","properties":{"nombre":"Arroyo Loncoche","tipo":"Arroyo"},"geometry":{"type":"LineString","coordinates":[[-69.6219,-35.5983],[-69.6119,-35.5932]]}},{"type":"Feature","properties":{"nombre":"Arroyo del Yeso","tipo":"Arroyo"},"geometry":{"type":"LineString","coordinates":[[-70.2764,-35.5561],[-70.2986,-35.5603],[-70.3109,-35.5569]]}},{"type":"Feature","properties":{"nombre":"Río Grande","tipo":"Río"},"geometry":{"type":"LineString","coordinates":[[-70.2218,-35.5459],[-70.2221,-35.5503],[-70.2323,-35.5598],[-70.2158,-35.5673]]}},{"type":"Feature","properties":{"nombre":"Arroyo Yesero","tipo":"Arroyo"},"geometry":{"type":"LineString","coordinates":[[-70.1197,-35.5758],[-70.1101,-35.564]]}},{"type":"Feature","properties":{"nombre":null,"tipo":null},"geometry":{"type":"LineString","coordinates":[[-69.2185,-35.5733],[-69.2261,-35.574],[-69.2457,-35.5955],[-69.2495,-35.6045],[-69.2652,-35.6119],[-69.2641,-35.6286],[-69.2856,-35.621],[-69.3035,-35.6202],[-69.3064,-35.616]]}},{"type":"Feature","properties":{"nombre":"Arroyo Lagunitas","tipo":"Arroyo"},"geometry":{"type":"LineString","coordinates":[[-69.8718,-35.5776],[-69.8834,-35.5934],[-69.8917,-35.5964],[-69.8962,-35.6053]]}},{"type":"Feature","properties":{"nombre":"Río Grande","tipo":"Río"},"geometry":{"type":"LineString","coordinates":[[-70.2158,-35.5673],[-70.2112,-35.5788],[-70.2126,-35.5891],[-70.2046,-35.5888],[-70.2033,-35.5933]]}},{"type":"Feature","properties":{"nombre":"Arroyo Calquenque","tipo":"Arroyo"},"geometry":{"type":"LineString","coordinates":[[-70.1488,-35.5571],[-70.1685,-35.5784],[-70.172,-35.5866],[-70.1685,-35.5915],[-70.1694,-35.5963],[-70.1764,-35.6095]]}},{"type":"Feature","properties":{"nombre":"Río Grande","tipo":"Río"},"geometry":{"type":"LineString","coordinates":[[-70.2033,-35.5933],[-70.1801,-35.6],[-70.1768,-35.6051],[-70.1778,-35.6099]]}},{"type":"Feature","properties":{"nombre":"Arroyo Butamallín","tipo":"Arroyo"},"geometry":{"type":"LineString","coordinates":[[-69.774,-35.6346],[-69.7705,-35.6159]]}},{"type":"Feature","properties":{"nombre":"Río Grande","tipo":"Río"},"geometry":{"type":"LineString","coordinates":[[-70.2006,-35.6494],[-70.1785,-35.645],[-70.1741,-35.6411],[-70.1764,-35.6319]]}},{"type":"Feature","properties":{"nombre":"Arroyo Yesero","tipo":"Arroyo"},"geometry":{"type":"LineString","coordinates":[[-70.1764,-35.6095],[-70.1688,-35.6128],[-70.1605,-35.6119],[-70.1416,-35.6046],[-70.1363,-35.5998],[-70.1342,-35.5906],[-70.125,-35.5849],[-70.1197,-35.5758]]}},{"type":"Feature","properties":{"nombre":"Arroyo Blanco","tipo":"Arroyo"},"geometry":{"type":"LineString","coordinates":[[-69.8852,-35.6199],[-69.8818,-35.6214],[-69.8603,-35.6151],[-69.8429,-35.6257],[-69.8384,-35.636],[-69.8311,-35.6407]]}},{"type":"Feature","properties":{"nombre":"Arroyo Margüira","tipo":"Arroyo"},"geometry":{"type":"LineString","coordinates":[[-70.0629,-35.6283],[-70.0527,-35.6229],[-70.0498,-35.6163],[-70.0429,-35.6149],[-70.0413,-35.5989],[-70.0361,-35.5922],[-70.0312,-35.5912],[-70.0325,-35.5772],[-70.027,-35.5725],[-70.0116,-35.5714],[-69.9997,-35.5666],[-69.9877,-35.5688],[-69.9781,-35.5586]]}},{"type":"Feature","properties":{"nombre":"Arroyo de los Morros","tipo":"Arroyo"},"geometry":{"type":"LineString","coordinates":[[-70.1594,-35.6238],[-70.1478,-35.6201],[-70.1382,-35.627],[-70.1185,-35.6265],[-70.1153,-35.6219],[-70.1037,-35.6188]]}},{"type":"Feature","properties":{"nombre":"Arroyo Loncoche","tipo":"Arroyo"},"geometry":{"type":"LineString","coordinates":[[-69.6607,-35.66],[-69.6439,-35.6362],[-69.6383,-35.6096],[-69.6219,-35.5983]]}},{"type":"Feature","properties":{"nombre":"Arroyo Colorado","tipo":"Arroyo"},"geometry":{"type":"LineString","coordinates":[[-69.9843,-35.642],[-69.966,-35.6256],[-69.9474,-35.618],[-69.9374,-35.6101]]}},{"type":"Feature","properties":{"nombre":"Arroyo de los Morros","tipo":"Arroyo"},"geometry":{"type":"LineString","coordinates":[[-70.1764,-35.6319],[-70.1756,-35.6273],[-70.1594,-35.6238]]}},{"type":"Feature","properties":{"nombre":"Río Grande","tipo":"Río"},"geometry":{"type":"LineString","coordinates":[[-70.1778,-35.6099],[-70.1764,-35.6188],[-70.1805,-35.6275],[-70.1764,-35.6319]]}},{"type":"Feature","properties":{"nombre":"Arroyo El Seguro","tipo":"Arroyo"},"geometry":{"type":"LineString","coordinates":[[-70.3743,-35.6316],[-70.3622,-35.6273],[-70.3602,-35.6219],[-70.3267,-35.5979],[-70.3037,-35.5945],[-70.2692,-35.6033],[-70.2606,-35.6026],[-70.2547,-35.5977],[-70.215,-35.5996],[-70.213,-35.5948],[-70.2033,-35.5933]]}},{"type":"Feature","properties":{"nombre":"Arroyo del Difunto","tipo":"Arroyo"},"geometry":{"type":"LineString","coordinates":[[-69.8641,-35.6707],[-69.8592,-35.67],[-69.856,-35.6585],[-69.8471,-35.6482]]}},{"type":"Feature","properties":{"nombre":"Río Grande","tipo":"Río"},"geometry":{"type":"LineString","coordinates":[[-69.8311,-35.8646],[-69.7982,-35.8568],[-69.7901,-35.8611]]}},{"type":"Feature","properties":{"nombre":"Arroyo Butamallín","tipo":"Arroyo"},"geometry":{"type":"LineString","coordinates":[[-69.7912,-35.6694],[-69.781,-35.6507],[-69.7738,-35.6446],[-69.774,-35.6346]]}},{"type":"Feature","properties":{"nombre":"Arroyo Chachao","tipo":"Arroyo"},"geometry":{"type":"LineString","coordinates":[[-69.5016,-35.6788],[-69.5124,-35.6769],[-69.5358,-35.6875]]}},{"type":"Feature","properties":{"nombre":"Río Grande","tipo":"Río"},"geometry":{"type":"LineString","coordinates":[[-69.911,-35.8732],[-69.89,-35.8708]]}},{"type":"Feature","properties":{"nombre":"Arroyo del Rezago","tipo":"Arroyo"},"geometry":{"type":"LineString","coordinates":[[-69.9614,-35.6685],[-69.9548,-35.6567],[-69.9409,-35.6539],[-69.9098,-35.6387],[-69.8979,-35.6392],[-69.8848,-35.6474],[-69.8471,-35.6482]]}},{"type":"Feature","properties":{"nombre":"Arroyo del Difunto","tipo":"Arroyo"},"geometry":{"type":"LineString","coordinates":[[-69.9311,-35.6836],[-69.9184,-35.6843],[-69.8773,-35.6679],[-69.8641,-35.6707]]}},{"type":"Feature","properties":{"nombre":"Arroyo Chachao","tipo":"Arroyo"},"geometry":{"type":"LineString","coordinates":[[-69.5358,-35.6875],[-69.547,-35.691],[-69.5585,-35.7006],[-69.5701,-35.7047],[-69.5736,-35.7097],[-69.6091,-35.7039]]}},{"type":"Feature","properties":{"nombre":"Río Grande","tipo":"Río"},"geometry":{"type":"LineString","coordinates":[[-70.2006,-35.6494],[-70.1979,-35.6643],[-70.2033,-35.6723],[-70.2016,-35.6767],[-70.1841,-35.6826]]}},{"type":"Feature","properties":{"nombre":"Arroyo Los Ángeles","tipo":"Arroyo"},"geometry":{"type":"LineString","coordinates":[[-70.1841,-35.6826],[-70.1915,-35.6849],[-70.218,-35.6773]]}},{"type":"Feature","properties":{"nombre":"Arroyo Hondo","tipo":"Arroyo"},"geometry":{"type":"LineString","coordinates":[[-69.9395,-35.6956],[-69.9289,-35.7037],[-69.9248,-35.7017],[-69.8799,-35.7087],[-69.8724,-35.7133],[-69.8778,-35.7205]]}},{"type":"Feature","properties":{"nombre":"Río Grande","tipo":"Río"},"geometry":{"type":"LineString","coordinates":[[-69.7858,-35.8652],[-69.7631,-35.8797],[-69.7565,-35.8781],[-69.7508,-35.8847],[-69.7495,-35.8946]]}},{"type":"Feature","properties":{"nombre":"Arroyo La Calle","tipo":"Arroyo"},"geometry":{"type":"LineString","coordinates":[[-69.5187,-35.7393],[-69.5093,-35.7413],[-69.5029,-35.7391]]}},{"type":"Feature","properties":{"nombre":"Río Grande","tipo":"Río"},"geometry":{"type":"LineString","coordinates":[[-70.1841,-35.6826],[-70.1785,-35.6929],[-70.1871,-35.7024]]}},{"type":"Feature","properties":{"nombre":"Arroyo Los Ángeles","tipo":"Arroyo"},"geometry":{"type":"LineString","coordinates":[[-70.218,-35.6773],[-70.2311,-35.6789],[-70.2847,-35.6989],[-70.3009,-35.6989],[-70.3187,-35.6936]]}},{"type":"Feature","properties":{"nombre":"Río Grande","tipo":"Río"},"geometry":{"type":"LineString","coordinates":[[-69.7495,-35.8946],[-69.7455,-35.9014],[-69.7455,-35.9194],[-69.7351,-35.9325]]}},{"type":"Feature","properties":{"nombre":"Arroyo Cari Lauquén","tipo":"Arroyo"},"geometry":{"type":"LineString","coordinates":[[-70.0625,-35.7158],[-70.0575,-35.7155],[-70.0434,-35.7057],[-70.0337,-35.7075],[-70.0327,-35.7018],[-70.0235,-35.6984],[-70.016,-35.6909]]}},{"type":"Feature","properties":{"nombre":"Arroyo Chacay - Có","tipo":"Arroyo"},"geometry":{"type":"LineString","coordinates":[[-69.8778,-35.7205],[-69.8687,-35.7274]]}},{"type":"Feature","properties":{"nombre":"Río Grande","tipo":"Río"},"geometry":{"type":"LineString","coordinates":[[-70.1871,-35.7024],[-70.1887,-35.7049],[-70.1843,-35.7125]]}},{"type":"Feature","properties":{"nombre":"Río Potimalal","tipo":"Río"},"geometry":{"type":"LineString","coordinates":[[-69.9379,-35.8683],[-69.949,-35.8705],[-69.9613,-35.8809],[-69.9653,-35.8882]]}},{"type":"Feature","properties":{"nombre":"Río Grande","tipo":"Río"},"geometry":{"type":"LineString","coordinates":[[-70.1683,-35.7267],[-70.158,-35.7268],[-70.1551,-35.7224],[-70.138,-35.7239],[-70.136,-35.728]]}},{"type":"Feature","properties":{"nombre":"Río Grande","tipo":"Río"},"geometry":{"type":"LineString","coordinates":[[-70.1843,-35.7125],[-70.1683,-35.7267]]}},{"type":"Feature","properties":{"nombre":"Río Grande","tipo":"Río"},"geometry":{"type":"LineString","coordinates":[[-70.136,-35.728],[-70.123,-35.738],[-70.1095,-35.7383],[-70.1098,-35.7418]]}},{"type":"Feature","properties":{"nombre":"Arroyo La Calle","tipo":"Arroyo"},"geometry":{"type":"LineString","coordinates":[[-69.5296,-35.7938],[-69.529,-35.7697],[-69.5322,-35.7568],[-69.5302,-35.7496],[-69.5187,-35.7393]]}},{"type":"Feature","properties":{"nombre":"Río Grande","tipo":"Río"},"geometry":{"type":"LineString","coordinates":[[-70.0909,-35.7731],[-70.0846,-35.7587],[-70.1051,-35.748],[-70.1054,-35.7437],[-70.1104,-35.744],[-70.1093,-35.7386]]}},{"type":"Feature","properties":{"nombre":"Arroyo Hondo","tipo":"Arroyo"},"geometry":{"type":"LineString","coordinates":[[-70.0918,-35.7752],[-70.0807,-35.7746],[-70.0787,-35.767],[-70.0691,-35.7641],[-70.0564,-35.7494],[-70.0276,-35.7393],[-70.0053,-35.7358],[-69.9993,-35.7318],[-69.9898,-35.7326],[-69.9785,-35.725]]}},{"type":"Feature","properties":{"nombre":"Arroyo Claro","tipo":"Arroyo"},"geometry":{"type":"LineString","coordinates":[[-70.1852,-35.787],[-70.1586,-35.7925],[-70.1497,-35.7897],[-70.1428,-35.7927]]}},{"type":"Feature","properties":{"nombre":"Río Grande","tipo":"Río"},"geometry":{"type":"LineString","coordinates":[[-70.0841,-35.8009],[-70.0835,-35.7922],[-70.0889,-35.7871],[-70.0909,-35.7731]]}},{"type":"Feature","properties":{"nombre":"Arroyo Butaló","tipo":"Arroyo"},"geometry":{"type":"LineString","coordinates":[[-69.7495,-35.8946],[-69.7427,-35.8897],[-69.7187,-35.8828],[-69.6867,-35.882]]}},{"type":"Feature","properties":{"nombre":"Arroyo Pichi Trolón","tipo":"Arroyo"},"geometry":{"type":"LineString","coordinates":[[-70.2779,-35.7612],[-70.2648,-35.7551],[-70.2346,-35.761],[-70.2191,-35.7733],[-70.1852,-35.787]]}},{"type":"Feature","properties":{"nombre":"Río Chico","tipo":"Río"},"geometry":{"type":"LineString","coordinates":[[-70.1655,-35.8141],[-70.1428,-35.7927]]}},{"type":"Feature","properties":{"nombre":"Río Chico","tipo":"Río"},"geometry":{"type":"LineString","coordinates":[[-70.1428,-35.7927],[-70.1194,-35.7977],[-70.1001,-35.7949],[-70.0841,-35.8009]]}},{"type":"Feature","properties":{"nombre":"Arroyo Los Leones","tipo":"Arroyo"},"geometry":{"type":"LineString","coordinates":[[-69.6815,-35.8165],[-69.6561,-35.8312],[-69.6214,-35.8329]]}},{"type":"Feature","properties":{"nombre":"Arroyo Los Leones","tipo":"Arroyo"},"geometry":{"type":"LineString","coordinates":[[-69.6214,-35.8329],[-69.6061,-35.8375],[-69.5863,-35.8348]]}},{"type":"Feature","properties":{"nombre":"Río Grande","tipo":"Río"},"geometry":{"type":"LineString","coordinates":[[-70.0841,-35.8009],[-70.0791,-35.8071],[-70.0657,-35.8116]]}},{"type":"Feature","properties":{"nombre":"Arroyo Chenque Có","tipo":"Arroyo"},"geometry":{"type":"LineString","coordinates":[[-69.7833,-35.8374],[-69.7901,-35.8611]]}},{"type":"Feature","properties":{"nombre":"Arroyo Vega Larga","tipo":"Arroyo"},"geometry":{"type":"LineString","coordinates":[[-69.6048,-35.8495],[-69.5814,-35.854],[-69.5702,-35.8675],[-69.5693,-35.8748]]}},{"type":"Feature","properties":{"nombre":"Arroyo Claro","tipo":"Arroyo"},"geometry":{"type":"LineString","coordinates":[[-70.2684,-35.8004],[-70.2569,-35.792],[-70.2345,-35.7837],[-70.2248,-35.7822],[-70.1951,-35.7903],[-70.1852,-35.787]]}},{"type":"Feature","properties":{"nombre":"Arroyo Chenque Có","tipo":"Arroyo"},"geometry":{"type":"LineString","coordinates":[[-69.7758,-35.7462],[-69.7656,-35.7657],[-69.7688,-35.7704],[-69.7645,-35.7936],[-69.7677,-35.7971],[-69.7673,-35.8043],[-69.7779,-35.8157],[-69.7834,-35.8289],[-69.7833,-35.8374]]}},{"type":"Feature","properties":{"nombre":"Río Grande","tipo":"Río"},"geometry":{"type":"LineString","coordinates":[[-70.0392,-35.8233],[-70.0276,-35.8194],[-70.0,-35.8377]]}},{"type":"Feature","properties":{"nombre":"Río Grande","tipo":"Río"},"geometry":{"type":"LineString","coordinates":[[-70.0657,-35.8116],[-70.0455,-35.824],[-70.0392,-35.8233]]}},{"type":"Feature","properties":{"nombre":"Río Chico","tipo":"Río"},"geometry":{"type":"LineString","coordinates":[[-70.1893,-35.8401],[-70.1655,-35.8141]]}},{"type":"Feature","properties":{"nombre":"Arroyo Leones","tipo":"Arroyo"},"geometry":{"type":"LineString","coordinates":[[-70.1014,-35.8462],[-70.0972,-35.8438],[-70.0974,-35.8372],[-70.0806,-35.8292],[-70.0679,-35.8122]]}},{"type":"Feature","properties":{"nombre":"Arroyo Agua Botada","tipo":"Arroyo"},"geometry":{"type":"LineString","coordinates":[[-69.7858,-35.8652],[-69.7709,-35.8461],[-69.7544,-35.8391],[-69.7436,-35.8392],[-69.7401,-35.8333],[-69.7266,-35.8321],[-69.7235,-35.8276],[-69.7029,-35.825],[-69.6815,-35.8165]]}},{"type":"Feature","properties":{"nombre":"Arroyo Callao","tipo":"Arroyo"},"geometry":{"type":"LineString","coordinates":[[-70.1707,-35.8181],[-70.1771,-35.8097],[-70.1955,-35.7991],[-70.2301,-35.7922],[-70.2368,-35.7934],[-70.247,-35.8062],[-70.2667,-35.8183]]}},{"type":"Feature","properties":{"nombre":"Arroyo Vega Larga","tipo":"Arroyo"},"geometry":{"type":"LineString","coordinates":[[-69.655,-35.859],[-69.6273,-35.8494],[-69.6048,-35.8495]]}},{"type":"Feature","properties":{"nombre":"Arroyo Piedra Hernández","tipo":"Arroyo"},"geometry":{"type":"LineString","coordinates":[[-69.9488,-35.7596],[-69.9453,-35.7635],[-69.9527,-35.7815],[-69.9593,-35.7853],[-69.9639,-35.7946],[-69.9611,-35.7998],[-69.9627,-35.8073],[-69.9552,-35.8206],[-69.9627,-35.8294],[-69.9628,-35.8378],[-69.9721,-35.8466]]}},{"type":"Feature","properties":{"nombre":"Arroyo Chacay - Có","tipo":"Arroyo"},"geometry":{"type":"LineString","coordinates":[[-69.8687,-35.7274],[-69.8635,-35.7325],[-69.8434,-35.7404],[-69.8265,-35.7594],[-69.8323,-35.7836],[-69.827,-35.8161],[-69.8319,-35.8422],[-69.8311,-35.8646]]}},{"type":"Feature","properties":{"nombre":"Arroyo La Batra","tipo":"Arroyo"},"geometry":{"type":"LineString","coordinates":[[-69.5146,-35.8602],[-69.5285,-35.8833]]}},{"type":"Feature","properties":{"nombre":"Río Grande","tipo":"Río"},"geometry":{"type":"LineString","coordinates":[[-69.8311,-35.8646],[-69.8474,-35.8686],[-69.8594,-35.8676]]}},{"type":"Feature","properties":{"nombre":"Río Grande","tipo":"Río"},"geometry":{"type":"LineString","coordinates":[[-69.8594,-35.8676],[-69.8375,-35.8707],[-69.832,-35.8666],[-69.815,-35.865],[-69.8067,-35.861]]}},{"type":"Feature","properties":{"nombre":"Arroyo Vega Larga","tipo":"Arroyo"},"geometry":{"type":"LineString","coordinates":[[-69.6867,-35.882],[-69.6674,-35.8633],[-69.655,-35.859]]}},{"type":"Feature","properties":{"nombre":"Río Grande","tipo":"Río"},"geometry":{"type":"LineString","coordinates":[[-69.9721,-35.8466],[-69.9661,-35.8501],[-69.9624,-35.8599],[-69.958,-35.8632],[-69.9379,-35.8683]]}},{"type":"Feature","properties":{"nombre":"Río Grande","tipo":"Río"},"geometry":{"type":"LineString","coordinates":[[-69.89,-35.8708],[-69.8695,-35.8725],[-69.8594,-35.8676]]}},{"type":"Feature","properties":{"nombre":"Río Grande","tipo":"Río"},"geometry":{"type":"LineString","coordinates":[[-69.9341,-35.8669],[-69.9228,-35.8678],[-69.911,-35.8732]]}},{"type":"Feature","properties":{"nombre":"Río Chico","tipo":"Río"},"geometry":{"type":"LineString","coordinates":[[-70.2451,-35.8793],[-70.2373,-35.876],[-70.2249,-35.8598],[-70.1893,-35.8401]]}},{"type":"Feature","properties":{"nombre":"Río Potimalal","tipo":"Río"},"geometry":{"type":"LineString","coordinates":[[-69.9653,-35.8882],[-69.9815,-35.8975],[-69.9854,-35.9174],[-69.9893,-35.9196]]}},{"type":"Feature","properties":{"nombre":"Río Grande","tipo":"Río"},"geometry":{"type":"LineString","coordinates":[[-69.8067,-35.861],[-69.7964,-35.8614],[-69.7845,-35.8673],[-69.7813,-35.8746],[-69.7669,-35.8824],[-69.7536,-35.9014],[-69.7527,-35.9158],[-69.7483,-35.926]]}},{"type":"Feature","properties":{"nombre":"Arroyo del Cajón Grande","tipo":"Arroyo"},"geometry":{"type":"LineString","coordinates":[[-70.3254,-35.8923],[-70.2989,-35.8998]]}},{"type":"Feature","properties":{"nombre":"Arroyo del Cajón Grande","tipo":"Arroyo"},"geometry":{"type":"LineString","coordinates":[[-70.2989,-35.8998],[-70.2749,-35.9002],[-70.2606,-35.8909]]}},{"type":"Feature","properties":{"nombre":"Río Grande","tipo":"Río"},"geometry":{"type":"LineString","coordinates":[[-69.7483,-35.926],[-69.737,-35.9424]]}},{"type":"Feature","properties":{"nombre":"Arroyo Pehuenche","tipo":"Arroyo"},"geometry":{"type":"LineString","coordinates":[[-70.211,-35.9163],[-70.2078,-35.9078],[-70.1953,-35.8991],[-70.1923,-35.8897],[-70.1939,-35.8727],[-70.1967,-35.8699],[-70.1947,-35.8541],[-70.1899,-35.8513],[-70.1876,-35.8441],[-70.1893,-35.8401]]}},{"type":"Feature","properties":{"nombre":"Arroyo Lululén","tipo":"Arroyo"},"geometry":{"type":"LineString","coordinates":[[-69.7483,-35.926],[-69.7637,-35.9185],[-69.7765,-35.9218],[-69.7872,-35.9197],[-69.8093,-35.9219],[-69.8197,-35.9266],[-69.8265,-35.9354],[-69.8357,-35.9409]]}},{"type":"Feature","properties":{"nombre":"Río Potimalal","tipo":"Río"},"geometry":{"type":"LineString","coordinates":[[-69.9841,-35.949],[-69.9874,-35.9438],[-69.9843,-35.943],[-69.9919,-35.94],[-69.9902,-35.9307],[-69.9926,-35.9292],[-69.9889,-35.9269],[-69.9893,-35.9196]]}},{"type":"Feature","properties":{"nombre":"Arroyo Lululén","tipo":"Arroyo"},"geometry":{"type":"LineString","coordinates":[[-69.8357,-35.9409],[-69.8481,-35.9565],[-69.8565,-35.9614]]}},{"type":"Feature","properties":{"nombre":"Río Potimalal","tipo":"Río"},"geometry":{"type":"LineString","coordinates":[[-69.9906,-35.9564],[-69.9841,-35.949]]}},{"type":"Feature","properties":{"nombre":"Arroyo El Carrizal","tipo":"Arroyo"},"geometry":{"type":"LineString","coordinates":[[-69.7248,-35.9795],[-69.7149,-35.9682],[-69.7096,-35.9667],[-69.6438,-35.9602],[-69.6363,-35.9544],[-69.6223,-35.9525]]}},{"type":"Feature","properties":{"nombre":"Río Grande","tipo":"Río"},"geometry":{"type":"LineString","coordinates":[[-69.7351,-35.9325],[-69.7265,-35.9469],[-69.7297,-35.9546],[-69.7248,-35.9795]]}},{"type":"Feature","properties":{"nombre":"Río Grande","tipo":"Río"},"geometry":{"type":"LineString","coordinates":[[-69.737,-35.9424],[-69.7306,-35.9692],[-69.7331,-35.9859]]}},{"type":"Feature","properties":{"nombre":"Arroyo Pehuenche","tipo":"Arroyo"},"geometry":{"type":"LineString","coordinates":[[-70.2276,-35.9584],[-70.2276,-35.9449],[-70.2138,-35.9297],[-70.211,-35.9163]]}},{"type":"Feature","properties":{"nombre":"Arroyo Pehuenche","tipo":"Arroyo"},"geometry":{"type":"LineString","coordinates":[[-70.2276,-35.9584],[-70.2405,-35.9578],[-70.2427,-35.9605],[-70.2582,-35.9575]]}},{"type":"Feature","properties":{"nombre":"Río Grande","tipo":"Río"},"geometry":{"type":"LineString","coordinates":[[-69.7248,-35.9795],[-69.7206,-36.0]]}},{"type":"Feature","properties":{"nombre":"Arroyo Pehuenche","tipo":"Arroyo"},"geometry":{"type":"LineString","coordinates":[[-70.2582,-35.9575],[-70.2664,-35.955],[-70.2973,-35.9569],[-70.32,-35.9644]]}},{"type":"Feature","properties":{"nombre":"Río Grande","tipo":"Río"},"geometry":{"type":"LineString","coordinates":[[-69.7331,-35.9859],[-69.7376,-35.9995]]}},{"type":"Feature","properties":{"nombre":"Arroyo Pehuenche","tipo":"Arroyo"},"geometry":{"type":"LineString","coordinates":[[-70.32,-35.9644],[-70.3435,-35.9694],[-70.3597,-35.9656]]}},{"type":"Feature","properties":{"nombre":"Arroyo Pehuenche","tipo":"Arroyo"},"geometry":{"type":"LineString","coordinates":[[-70.3597,-35.9656],[-70.3757,-35.9619],[-70.3824,-35.9657]]}},{"type":"Feature","properties":{"nombre":"Río Potimalal","tipo":"Río"},"geometry":{"type":"LineString","coordinates":[[-69.9872,-36.0],[-69.9912,-35.9889],[-69.9908,-35.9769],[-69.9873,-35.9726],[-69.9937,-35.9625],[-69.9906,-35.9564]]}},{"type":"Feature","properties":{"nombre":"Arroyo Pehuenche","tipo":"Arroyo"},"geometry":{"type":"LineString","coordinates":[[-70.3824,-35.9657],[-70.3928,-35.9803],[-70.4042,-35.9796],[-70.4059,-35.9741],[-70.4166,-35.9699]]}},{"type":"Feature","properties":{"nombre":"Arroyo Guanaco","tipo":"Arroyo"},"geometry":{"type":"LineString","coordinates":[[-70.239,-35.9723],[-70.2439,-35.9828],[-70.2502,-35.9831],[-70.2496,-35.9913],[-70.2537,-36.0]]}},{"type":"Feature","properties":{"nombre":"Río Colorado","tipo":"Río"},"geometry":{"type":"LineString","coordinates":[[-67.7503,-37.7568],[-67.7454,-37.7621],[-67.7463,-37.766]]}},{"type":"Feature","properties":{"nombre":"Río Colorado","tipo":"Río"},"geometry":{"type":"LineString","coordinates":[[-67.8685,-38.0373],[-67.878,-38.0331],[-67.8828,-38.0227]]}},{"type":"Feature","properties":{"nombre":"Río Colorado","tipo":"Río"},"geometry":{"type":"LineString","coordinates":[[-67.7444,-37.8633],[-67.729,-37.8611],[-67.7149,-37.8357],[-67.7173,-37.8319],[-67.7144,-37.8253],[-67.7179,-37.8223],[-67.707,-37.8098],[-67.7206,-37.7856],[-67.7277,-37.7855],[-67.7276,-37.7786],[-67.7372,-37.7761],[-67.7335,-37.7681],[-67.7409,-37.7624]]}},{"type":"Feature","properties":{"nombre":"Río Colorado","tipo":"Río"},"geometry":{"type":"LineString","coordinates":[[-67.7444,-37.8633],[-67.7564,-37.8739]]}},{"type":"Feature","properties":{"nombre":"Río Colorado","tipo":"Río"},"geometry":{"type":"LineString","coordinates":[[-67.7603,-37.8739],[-67.7623,-37.8681],[-67.7555,-37.8694],[-67.7528,-37.8635],[-67.7339,-37.8604],[-67.7337,-37.8558],[-67.7288,-37.8535],[-67.7297,-37.8334],[-67.7263,-37.8295],[-67.7338,-37.8195],[-67.724,-37.8127],[-67.7211,-37.8042],[-67.7347,-37.8179],[-67.7342,-37.8129],[-67.7245,-37.8019],[-67.7288,-37.7968],[-67.7235,-37.7929],[-67.7308,-37.7892],[-67.738,-37.7907],[-67.7443,-37.7786],[-67.7391,-37.7725],[-67.7405,-37.7685],[-67.7463,-37.766]]}},{"type":"Feature","properties":{"nombre":"Río Colorado","tipo":"Río"},"geometry":{"type":"LineString","coordinates":[[-67.7782,-37.8953],[-67.7774,-37.887],[-67.7682,-37.884],[-67.7682,-37.8777],[-67.7603,-37.8739]]}},{"type":"Feature","properties":{"nombre":"Río Colorado","tipo":"Río"},"geometry":{"type":"LineString","coordinates":[[-67.7613,-37.8785],[-67.7652,-37.8815],[-67.7644,-37.8882],[-67.7751,-37.8956]]}},{"type":"Feature","properties":{"nombre":"Río Colorado","tipo":"Río"},"geometry":{"type":"LineString","coordinates":[[-67.7475,-37.8591],[-67.7616,-37.8621],[-67.7764,-37.8849],[-67.8008,-37.896]]}},{"type":"Feature","properties":{"nombre":"Río Colorado","tipo":"Río"},"geometry":{"type":"LineString","coordinates":[[-67.7979,-37.8971],[-67.7782,-37.8953]]}},{"type":"Feature","properties":{"nombre":"Río Colorado","tipo":"Río"},"geometry":{"type":"LineString","coordinates":[[-67.8008,-37.896],[-67.8109,-37.8995]]}},{"type":"Feature","properties":{"nombre":"Río Colorado","tipo":"Río"},"geometry":{"type":"LineString","coordinates":[[-67.7923,-37.9008],[-67.7762,-37.8995],[-67.7754,-37.896]]}},{"type":"Feature","properties":{"nombre":"Río Colorado","tipo":"Río"},"geometry":{"type":"LineString","coordinates":[[-67.8067,-37.9005],[-67.7979,-37.8971]]}},{"type":"Feature","properties":{"nombre":"Río Colorado","tipo":"Río"},"geometry":{"type":"LineString","coordinates":[[-67.8745,-37.9506],[-67.8716,-37.9375],[-67.8655,-37.9356],[-67.8671,-37.9311],[-67.8614,-37.931],[-67.8584,-37.9269],[-67.8469,-37.9229],[-67.8444,-37.9172],[-67.8355,-37.9126],[-67.8213,-37.9101],[-67.8191,-37.9009],[-67.8139,-37.8977],[-67.8109,-37.8995]]}},{"type":"Feature","properties":{"nombre":"Río Colorado","tipo":"Río"},"geometry":{"type":"LineString","coordinates":[[-67.9042,-37.9829],[-67.897,-37.9806],[-67.8984,-37.9759]]}},{"type":"Feature","properties":{"nombre":"Río Colorado","tipo":"Río"},"geometry":{"type":"LineString","coordinates":[[-67.883,-37.9521],[-67.8829,-37.9463],[-67.8745,-37.9506]]}},{"type":"Feature","properties":{"nombre":"Río Colorado","tipo":"Río"},"geometry":{"type":"LineString","coordinates":[[-67.7999,-37.9008],[-67.8104,-37.9104],[-67.8145,-37.9099],[-67.8193,-37.9196],[-67.8446,-37.927],[-67.8534,-37.9434],[-67.8692,-37.9493],[-67.8747,-37.9548]]}},{"type":"Feature","properties":{"nombre":"Río Colorado","tipo":"Río"},"geometry":{"type":"LineString","coordinates":[[-67.9018,-37.9877],[-67.9071,-37.9908],[-67.9042,-37.9949]]}},{"type":"Feature","properties":{"nombre":"Río Colorado","tipo":"Río"},"geometry":{"type":"LineString","coordinates":[[-67.8747,-37.9548],[-67.8776,-37.957],[-67.883,-37.9521]]}},{"type":"Feature","properties":{"nombre":"Río Colorado","tipo":"Río"},"geometry":{"type":"LineString","coordinates":[[-67.8984,-37.9759],[-67.8911,-37.969]]}},{"type":"Feature","properties":{"nombre":"Río Colorado","tipo":"Río"},"geometry":{"type":"LineString","coordinates":[[-67.8925,-37.9741],[-67.8907,-37.9828],[-67.8975,-37.984],[-67.9001,-37.9885]]}},{"type":"Feature","properties":{"nombre":"Río Colorado","tipo":"Río"},"geometry":{"type":"LineString","coordinates":[[-67.8934,-38.0129],[-67.8945,-38.0095],[-67.8893,-38.0003],[-67.8924,-37.9997]]}},{"type":"Feature","properties":{"nombre":"Río Colorado","tipo":"Río"},"geometry":{"type":"LineString","coordinates":[[-67.8859,-38.0177],[-67.8858,-38.0146],[-67.8934,-38.0129]]}},{"type":"Feature","properties":{"nombre":"Río Colorado","tipo":"Río"},"geometry":{"type":"LineString","coordinates":[[-67.8934,-38.0129],[-67.8946,-38.019],[-67.8859,-38.0177]]}},{"type":"Feature","properties":{"nombre":"Río Colorado","tipo":"Río"},"geometry":{"type":"LineString","coordinates":[[-67.8489,-38.0562],[-67.845,-38.0536],[-67.8475,-38.0505],[-67.8616,-38.046],[-67.8614,-38.0417],[-67.8685,-38.0373]]}},{"type":"Feature","properties":{"nombre":"Río Colorado","tipo":"Río"},"geometry":{"type":"LineString","coordinates":[[-67.8602,-38.0539],[-67.8515,-38.0521],[-67.8489,-38.0562]]}},{"type":"Feature","properties":{"nombre":"Río Colorado","tipo":"Río"},"geometry":{"type":"LineString","coordinates":[[-67.8517,-38.0632],[-67.8471,-38.0662],[-67.8391,-38.0573],[-67.8333,-38.0577],[-67.8263,-38.0677],[-67.8215,-38.0631],[-67.8162,-38.0631],[-67.8099,-38.0728],[-67.8089,-38.067],[-67.7955,-38.0662]]}},{"type":"Feature","properties":{"nombre":"Río Colorado","tipo":"Río"},"geometry":{"type":"LineString","coordinates":[[-67.1504,-38.3247],[-67.1537,-38.3294],[-67.1483,-38.335]]}},{"type":"Feature","properties":{"nombre":"Río Colorado","tipo":"Río"},"geometry":{"type":"LineString","coordinates":[[-67.6812,-38.1612],[-67.6805,-38.1548],[-67.6878,-38.1357],[-67.7057,-38.1244],[-67.7184,-38.1305],[-67.7201,-38.1236],[-67.7308,-38.1145],[-67.726,-38.1084],[-67.7345,-38.0969],[-67.7266,-38.0936],[-67.7298,-38.0795],[-67.7374,-38.0801],[-67.7512,-38.0747],[-67.7467,-38.0691],[-67.7465,-38.0605],[-67.7558,-38.0561],[-67.7583,-38.0593],[-67.7567,-38.0658],[-67.7632,-38.0692],[-67.7681,-38.0671],[-67.7666,-38.062],[-67.7811,-38.054],[-67.7839,-38.0533],[-67.7855,-38.0591],[-67.7903,-38.06]]}},{"type":"Feature","properties":{"nombre":"Río Colorado","tipo":"Río"},"geometry":{"type":"LineString","coordinates":[[-67.1917,-38.2133],[-67.1855,-38.2139],[-67.1866,-38.2182],[-67.189,-38.218],[-67.1831,-38.2228],[-67.1934,-38.2349],[-67.1961,-38.2526],[-67.1912,-38.2572]]}},{"type":"Feature","properties":{"nombre":"Río Colorado","tipo":"Río"},"geometry":{"type":"LineString","coordinates":[[-67.1755,-38.2596],[-67.1867,-38.2578],[-67.1949,-38.2527],[-67.1918,-38.2342],[-67.182,-38.2218],[-67.186,-38.2198],[-67.1845,-38.2137],[-67.191,-38.2124]]}},{"type":"Feature","properties":{"nombre":"Río Colorado","tipo":"Río"},"geometry":{"type":"LineString","coordinates":[[-67.1912,-38.2572],[-67.1761,-38.2601]]}},{"type":"Feature","properties":{"nombre":"Río Colorado","tipo":"Río"},"geometry":{"type":"LineString","coordinates":[[-67.1912,-38.2572],[-67.1883,-38.2609],[-67.1761,-38.2601]]}},{"type":"Feature","properties":{"nombre":"Río Colorado","tipo":"Río"},"geometry":{"type":"LineString","coordinates":[[-67.1755,-38.2596],[-67.1688,-38.2598],[-67.1723,-38.2652]]}},{"type":"Feature","properties":{"nombre":"Río Colorado","tipo":"Río"},"geometry":{"type":"LineString","coordinates":[[-67.1755,-38.2596],[-67.1718,-38.2575],[-67.1657,-38.2618],[-67.1714,-38.2664]]}},{"type":"Feature","properties":{"nombre":"Río Colorado","tipo":"Río"},"geometry":{"type":"LineString","coordinates":[[-67.1714,-38.2664],[-67.1708,-38.2779]]}},{"type":"Feature","properties":{"nombre":"Río Colorado","tipo":"Río"},"geometry":{"type":"LineString","coordinates":[[-67.1708,-38.2779],[-67.1747,-38.2747],[-67.173,-38.2643]]}},{"type":"Feature","properties":{"nombre":"Río Colorado","tipo":"Río"},"geometry":{"type":"LineString","coordinates":[[-67.156,-38.3092],[-67.1573,-38.3015],[-67.152,-38.2923],[-67.1536,-38.2886]]}},{"type":"Feature","properties":{"nombre":"Río Colorado","tipo":"Río"},"geometry":{"type":"LineString","coordinates":[[-67.1536,-38.2886],[-67.1511,-38.2948],[-67.1569,-38.304],[-67.1517,-38.3142]]}},{"type":"Feature","properties":{"nombre":"Río Colorado","tipo":"Río"},"geometry":{"type":"LineString","coordinates":[[-67.0986,-38.3818],[-67.0915,-38.386],[-67.0892,-38.3927]]}},{"type":"Feature","properties":{"nombre":"Río Colorado","tipo":"Río"},"geometry":{"type":"LineString","coordinates":[[-67.0551,-38.4112],[-67.0467,-38.4156],[-67.0448,-38.4133]]}},{"type":"Feature","properties":{"nombre":"Río Colorado","tipo":"Río"},"geometry":{"type":"LineString","coordinates":[[-66.597,-38.6521],[-66.5904,-38.6479],[-66.5859,-38.639]]}},{"type":"Feature","properties":{"nombre":"Río Colorado","tipo":"Río"},"geometry":{"type":"LineString","coordinates":[[-66.5971,-38.6527],[-66.5936,-38.6616]]}},{"type":"Feature","properties":{"nombre":"Río Colorado","tipo":"Río"},"geometry":{"type":"LineString","coordinates":[[-66.5954,-38.6746],[-66.5902,-38.6766],[-66.5843,-38.6744],[-66.5727,-38.6825],[-66.571,-38.6849],[-66.5772,-38.689]]}},{"type":"Feature","properties":{"nombre":"Río Colorado","tipo":"Río"},"geometry":{"type":"LineString","coordinates":[[-66.4734,-38.7264],[-66.4702,-38.7236],[-66.4626,-38.729]]}},{"type":"Feature","properties":{"nombre":"Río Colorado","tipo":"Río"},"geometry":{"type":"LineString","coordinates":[[-66.5116,-38.7296],[-66.5092,-38.7317],[-66.5045,-38.7255],[-66.498,-38.7292],[-66.4896,-38.7271]]}},{"type":"Feature","properties":{"nombre":"Río Colorado","tipo":"Río"},"geometry":{"type":"LineString","coordinates":[[-66.4031,-38.7319],[-66.3883,-38.7362]]}},{"type":"Feature","properties":{"nombre":"Río Colorado","tipo":"Río"},"geometry":{"type":"LineString","coordinates":[[-66.4587,-38.7307],[-66.4555,-38.7277],[-66.4451,-38.7337],[-66.4447,-38.7373]]}},{"type":"Feature","properties":{"nombre":"Río Colorado","tipo":"Río"},"geometry":{"type":"LineString","coordinates":[[-66.3812,-38.7411],[-66.3906,-38.7381]]}},{"type":"Feature","properties":{"nombre":"Río Colorado","tipo":"Río"},"geometry":{"type":"LineString","coordinates":[[-66.4174,-38.7261],[-66.4157,-38.7337],[-66.4298,-38.7426]]}},{"type":"Feature","properties":{"nombre":"Río Colorado","tipo":"Río"},"geometry":{"type":"LineString","coordinates":[[-66.3812,-38.7411],[-66.377,-38.7506],[-66.3703,-38.7487],[-66.3687,-38.7443]]}},{"type":"Feature","properties":{"nombre":"Río Colorado","tipo":"Río"},"geometry":{"type":"LineString","coordinates":[[-66.3455,-38.7532],[-66.3398,-38.7533],[-66.3355,-38.7495],[-66.3355,-38.7449],[-66.3428,-38.741],[-66.3384,-38.7373],[-66.3352,-38.738],[-66.3344,-38.7435],[-66.3291,-38.7387],[-66.3213,-38.7383],[-66.3169,-38.7435],[-66.3183,-38.7472]]}},{"type":"Feature","properties":{"nombre":"Río Colorado","tipo":"Río"},"geometry":{"type":"LineString","coordinates":[[-66.4391,-38.7446],[-66.4395,-38.7527],[-66.4358,-38.7554],[-66.4323,-38.7536],[-66.4309,-38.7451],[-66.4255,-38.7489],[-66.4176,-38.7474],[-66.4128,-38.7497],[-66.4085,-38.7454],[-66.4035,-38.7499],[-66.3985,-38.75],[-66.3902,-38.7411],[-66.3906,-38.7381]]}},{"type":"Feature","properties":{"nombre":"Río Colorado","tipo":"Río"},"geometry":{"type":"LineString","coordinates":[[-66.3668,-38.7437],[-66.3451,-38.7584],[-66.3399,-38.757]]}},{"type":"Feature","properties":{"nombre":"Río Colorado","tipo":"Río"},"geometry":{"type":"LineString","coordinates":[[-67.8924,-37.9997],[-67.9042,-37.9949]]}},{"type":"Feature","properties":{"nombre":null,"tipo":null},"geometry":{"type":"LineString","coordinates":[[-67.849,-37.9977],[-67.8391,-37.9913],[-67.841,-37.9851]]}},{"type":"Feature","properties":{"nombre":null,"tipo":null},"geometry":{"type":"LineString","coordinates":[[-69.8556,-35.2106],[-69.8635,-35.2113],[-69.8694,-35.2174]]}},{"type":"Feature","properties":{"nombre":null,"tipo":null},"geometry":{"type":"LineString","coordinates":[[-69.5149,-35.227],[-69.5024,-35.242]]}},{"type":"Feature","properties":{"nombre":null,"tipo":null},"geometry":{"type":"LineString","coordinates":[[-69.8556,-35.2106],[-69.866,-35.2239]]}},{"type":"Feature","properties":{"nombre":null,"tipo":null},"geometry":{"type":"LineString","coordinates":[[-70.0901,-35.0183],[-70.0843,-35.0196],[-70.0739,-35.016]]}},{"type":"Feature","properties":{"nombre":null,"tipo":null},"geometry":{"type":"LineString","coordinates":[[-70.1481,-35.0485],[-70.1484,-35.0389],[-70.1608,-35.033]]}},{"type":"Feature","properties":{"nombre":null,"tipo":null},"geometry":{"type":"LineString","coordinates":[[-69.7052,-34.1487],[-69.7139,-34.1155],[-69.7249,-34.1051],[-69.728,-34.0808]]}},{"type":"Feature","properties":{"nombre":null,"tipo":null},"geometry":{"type":"LineString","coordinates":[[-69.6755,-34.2284],[-69.6703,-34.2178],[-69.6604,-34.2113],[-69.6389,-34.1839],[-69.6444,-34.1786],[-69.6615,-34.1783],[-69.6816,-34.1712]]}},{"type":"Feature","properties":{"nombre":null,"tipo":null},"geometry":{"type":"LineString","coordinates":[[-69.7026,-34.4264],[-69.6952,-34.4414]]}},{"type":"Feature","properties":{"nombre":null,"tipo":null},"geometry":{"type":"LineString","coordinates":[[-69.6034,-34.2628],[-69.5971,-34.2721],[-69.5963,-34.2811]]}},{"type":"Feature","properties":{"nombre":null,"tipo":null},"geometry":{"type":"LineString","coordinates":[[-69.8224,-34.2692],[-69.8363,-34.2843]]}},{"type":"Feature","properties":{"nombre":null,"tipo":null},"geometry":{"type":"LineString","coordinates":[[-69.8363,-34.2843],[-69.8372,-34.2803],[-69.8489,-34.2737],[-69.8622,-34.2798],[-69.8701,-34.2771],[-69.8735,-34.2795],[-69.8863,-34.2684],[-69.8841,-34.2619]]}},{"type":"Feature","properties":{"nombre":null,"tipo":null},"geometry":{"type":"LineString","coordinates":[[-69.4929,-34.315],[-69.4228,-34.3092],[-69.4111,-34.3132],[-69.4016,-34.3111],[-69.3931,-34.3134],[-69.3926,-34.3108],[-69.3817,-34.3123],[-69.3794,-34.3073]]}},{"type":"Feature","properties":{"nombre":null,"tipo":null},"geometry":{"type":"LineString","coordinates":[[-69.8363,-34.2843],[-69.8327,-34.2996],[-69.8378,-34.3116]]}},{"type":"Feature","properties":{"nombre":null,"tipo":null},"geometry":{"type":"LineString","coordinates":[[-69.8624,-34.2939],[-69.8507,-34.2958],[-69.8448,-34.3021],[-69.8437,-34.3108],[-69.8378,-34.3116]]}},{"type":"Feature","properties":{"nombre":null,"tipo":null},"geometry":{"type":"LineString","coordinates":[[-69.5899,-34.3242],[-69.5792,-34.328],[-69.5708,-34.3272],[-69.5629,-34.3195],[-69.548,-34.3134],[-69.5441,-34.306],[-69.5344,-34.3027],[-69.5277,-34.2889]]}},{"type":"Feature","properties":{"nombre":null,"tipo":null},"geometry":{"type":"LineString","coordinates":[[-69.9607,-34.2695],[-69.9525,-34.2875],[-69.9523,-34.3052],[-69.9453,-34.3051],[-69.9441,-34.31],[-69.9258,-34.3216],[-69.9098,-34.3089]]}},{"type":"Feature","properties":{"nombre":null,"tipo":null},"geometry":{"type":"LineString","coordinates":[[-69.8392,-34.3306],[-69.8378,-34.3116]]}},{"type":"Feature","properties":{"nombre":null,"tipo":null},"geometry":{"type":"LineString","coordinates":[[-69.8666,-34.3],[-69.8581,-34.3167],[-69.8392,-34.3306]]}},{"type":"Feature","properties":{"nombre":null,"tipo":null},"geometry":{"type":"LineString","coordinates":[[-70.0013,-34.3239],[-69.9814,-34.347],[-69.9748,-34.3498],[-69.9527,-34.3519],[-69.9388,-34.3499],[-69.9275,-34.3473],[-69.9134,-34.338]]}},{"type":"Feature","properties":{"nombre":null,"tipo":null},"geometry":{"type":"LineString","coordinates":[[-69.8467,-34.3829],[-69.8495,-34.3761],[-69.8373,-34.3646],[-69.842,-34.3441],[-69.8392,-34.3306]]}},{"type":"Feature","properties":{"nombre":null,"tipo":null},"geometry":{"type":"LineString","coordinates":[[-69.5666,-34.3791],[-69.5223,-34.3962],[-69.5072,-34.4051],[-69.4942,-34.4059],[-69.4882,-34.4173]]}},{"type":"Feature","properties":{"nombre":null,"tipo":null},"geometry":{"type":"LineString","coordinates":[[-69.6937,-34.4194],[-69.6962,-34.4222],[-69.6928,-34.4328],[-69.6952,-34.4414]]}},{"type":"Feature","properties":{"nombre":null,"tipo":null},"geometry":{"type":"LineString","coordinates":[[-69.5467,-34.469],[-69.5341,-34.469],[-69.5147,-34.4762],[-69.4954,-34.4691],[-69.4773,-34.4751],[-69.4744,-34.4729],[-69.4824,-34.4613],[-69.5138,-34.4581],[-69.5298,-34.4482],[-69.5392,-34.4352]]}},{"type":"Feature","properties":{"nombre":null,"tipo":null},"geometry":{"type":"LineString","coordinates":[[-69.6952,-34.4414],[-69.6972,-34.463],[-69.7104,-34.4758],[-69.7119,-34.481]]}},{"type":"Feature","properties":{"nombre":null,"tipo":null},"geometry":{"type":"LineString","coordinates":[[-69.9048,-34.456],[-69.8974,-34.4553],[-69.8743,-34.476]]}},{"type":"Feature","properties":{"nombre":null,"tipo":null},"geometry":{"type":"LineString","coordinates":[[-69.8743,-34.476],[-69.8629,-34.4797]]}},{"type":"Feature","properties":{"nombre":null,"tipo":null},"geometry":{"type":"LineString","coordinates":[[-69.9204,-34.4589],[-69.898,-34.4831]]}},{"type":"Feature","properties":{"nombre":null,"tipo":null},"geometry":{"type":"LineString","coordinates":[[-69.8958,-34.4835],[-69.8855,-34.4829],[-69.8743,-34.476]]}},{"type":"Feature","properties":{"nombre":null,"tipo":null},"geometry":{"type":"LineString","coordinates":[[-69.938,-34.4606],[-69.9391,-34.4683],[-69.9308,-34.4714],[-69.9234,-34.4842],[-69.9149,-34.4876],[-69.912,-34.4844],[-69.898,-34.4831]]}},{"type":"Feature","properties":{"nombre":null,"tipo":null},"geometry":{"type":"LineString","coordinates":[[-69.8746,-34.4936],[-69.8719,-34.4859],[-69.8629,-34.4797]]}},{"type":"Feature","properties":{"nombre":null,"tipo":null},"geometry":{"type":"LineString","coordinates":[[-69.8621,-34.4992],[-69.8634,-34.4932],[-69.8585,-34.4813],[-69.8629,-34.4797]]}},{"type":"Feature","properties":{"nombre":null,"tipo":null},"geometry":{"type":"LineString","coordinates":[[-70.0597,-34.5024],[-70.0481,-34.4998]]}},{"type":"Feature","properties":{"nombre":null,"tipo":null},"geometry":{"type":"LineString","coordinates":[[-70.0597,-34.5024],[-70.0595,-34.4981],[-70.0533,-34.4951],[-70.054,-34.4921]]}},{"type":"Feature","properties":{"nombre":null,"tipo":null},"geometry":{"type":"LineString","coordinates":[[-69.8169,-34.5217],[-69.7976,-34.5298],[-69.7901,-34.5294],[-69.7776,-34.518],[-69.773,-34.5092],[-69.7503,-34.4979],[-69.7493,-34.4939],[-69.7405,-34.493],[-69.7331,-34.4879],[-69.7342,-34.4798],[-69.7314,-34.4791]]}},{"type":"Feature","properties":{"nombre":null,"tipo":null},"geometry":{"type":"LineString","coordinates":[[-69.908,-34.5353],[-69.9034,-34.5111],[-69.8997,-34.5092],[-69.8952,-34.4967],[-69.8985,-34.4865],[-69.8958,-34.4835]]}},{"type":"Feature","properties":{"nombre":null,"tipo":null},"geometry":{"type":"LineString","coordinates":[[-70.0902,-34.5485],[-70.0832,-34.5254],[-70.0849,-34.5221],[-70.0754,-34.5188],[-70.0737,-34.5095],[-70.0597,-34.5024]]}},{"type":"Feature","properties":{"nombre":null,"tipo":null},"geometry":{"type":"LineString","coordinates":[[-70.0902,-34.5485],[-70.1066,-34.5247]]}},{"type":"Feature","properties":{"nombre":null,"tipo":null},"geometry":{"type":"LineString","coordinates":[[-69.5595,-34.5519],[-69.5587,-34.5594],[-69.5691,-34.5649],[-69.581,-34.5852]]}},{"type":"Feature","properties":{"nombre":null,"tipo":null},"geometry":{"type":"LineString","coordinates":[[-70.1645,-35.04],[-70.1481,-35.0485]]}},{"type":"Feature","properties":{"nombre":null,"tipo":null},"geometry":{"type":"LineString","coordinates":[[-69.8893,-34.5474],[-69.8833,-34.557],[-69.8652,-34.5718],[-69.8572,-34.5732],[-69.8534,-34.5795],[-69.8785,-34.5758],[-69.8922,-34.5794],[-69.9003,-34.5888],[-69.9156,-34.5884]]}},{"type":"Feature","properties":{"nombre":null,"tipo":null},"geometry":{"type":"LineString","coordinates":[[-69.1151,-34.6144],[-69.1126,-34.626]]}},{"type":"Feature","properties":{"nombre":null,"tipo":null},"geometry":{"type":"LineString","coordinates":[[-69.9611,-34.5714],[-69.9555,-34.5811]]}},{"type":"Feature","properties":{"nombre":null,"tipo":null},"geometry":{"type":"LineString","coordinates":[[-69.9803,-34.4834],[-69.9702,-34.4965],[-69.9679,-34.5047],[-69.9627,-34.5047],[-69.9518,-34.5152],[-69.951,-34.5284],[-69.9454,-34.5407],[-69.9468,-34.5451],[-69.9252,-34.5619],[-69.9265,-34.5701],[-69.9156,-34.5884]]}},{"type":"Feature","properties":{"nombre":null,"tipo":null},"geometry":{"type":"LineString","coordinates":[[-69.9555,-34.5811],[-69.9437,-34.5865],[-69.9251,-34.588]]}},{"type":"Feature","properties":{"nombre":null,"tipo":null},"geometry":{"type":"LineString","coordinates":[[-69.5057,-34.6082],[-69.519,-34.6126]]}},{"type":"Feature","properties":{"nombre":null,"tipo":null},"geometry":{"type":"LineString","coordinates":[[-69.5354,-34.5265],[-69.5365,-34.5518],[-69.5234,-34.5746],[-69.52,-34.5768],[-69.5183,-34.5744],[-69.5159,-34.585],[-69.5129,-34.5853],[-69.519,-34.6126]]}},{"type":"Feature","properties":{"nombre":null,"tipo":null},"geometry":{"type":"LineString","coordinates":[[-69.9737,-34.5901],[-69.9621,-34.5876],[-69.9555,-34.5811]]}},{"type":"Feature","properties":{"nombre":null,"tipo":null},"geometry":{"type":"LineString","coordinates":[[-69.8032,-34.6079],[-69.7984,-34.5949],[-69.7881,-34.5838],[-69.7908,-34.5794],[-69.7857,-34.5742],[-69.7882,-34.5676],[-69.779,-34.5633],[-69.7784,-34.5589],[-69.7825,-34.5533]]}},{"type":"Feature","properties":{"nombre":null,"tipo":null},"geometry":{"type":"LineString","coordinates":[[-69.9404,-34.6087],[-69.931,-34.605],[-69.9206,-34.5946],[-69.9251,-34.588]]}},{"type":"Feature","properties":{"nombre":null,"tipo":null},"geometry":{"type":"LineString","coordinates":[[-70.1191,-34.5996],[-70.1126,-34.5977],[-70.1124,-34.5848],[-70.1073,-34.5819],[-70.1062,-34.575],[-70.0987,-34.5684],[-70.0944,-34.5546],[-70.0917,-34.5547]]}},{"type":"Feature","properties":{"nombre":null,"tipo":null},"geometry":{"type":"LineString","coordinates":[[-70.1191,-34.5996],[-70.1192,-34.5871],[-70.125,-34.5766],[-70.148,-34.5608]]}},{"type":"Feature","properties":{"nombre":null,"tipo":null},"geometry":{"type":"LineString","coordinates":[[-70.1208,-34.6013],[-70.1256,-34.5957],[-70.1435,-34.5865]]}},{"type":"Feature","properties":{"nombre":null,"tipo":null},"geometry":{"type":"LineString","coordinates":[[-69.519,-34.6126],[-69.5339,-34.6278],[-69.5311,-34.6322],[-69.5325,-34.6362]]}},{"type":"Feature","properties":{"nombre":null,"tipo":null},"geometry":{"type":"LineString","coordinates":[[-69.8682,-34.6223],[-69.8565,-34.621],[-69.8295,-34.5985],[-69.8115,-34.6023],[-69.8032,-34.6079]]}},{"type":"Feature","properties":{"nombre":null,"tipo":null},"geometry":{"type":"LineString","coordinates":[[-69.8124,-34.6271],[-69.8032,-34.6079]]}},{"type":"Feature","properties":{"nombre":null,"tipo":null},"geometry":{"type":"LineString","coordinates":[[-69.6625,-34.6208],[-69.6534,-34.631],[-69.6244,-34.642]]}},{"type":"Feature","properties":{"nombre":null,"tipo":null},"geometry":{"type":"LineString","coordinates":[[-70.157,-34.6474],[-70.1372,-34.6421],[-70.1146,-34.6466]]}},{"type":"Feature","properties":{"nombre":null,"tipo":null},"geometry":{"type":"LineString","coordinates":[[-69.9248,-34.6254],[-69.9087,-34.6186],[-69.8981,-34.6029],[-69.8883,-34.5984],[-69.8671,-34.6019],[-69.85,-34.5965],[-69.8439,-34.5886],[-69.842,-34.5897],[-69.8411,-34.5812],[-69.8441,-34.5742]]}},{"type":"Feature","properties":{"nombre":null,"tipo":null},"geometry":{"type":"LineString","coordinates":[[-69.7771,-34.6044],[-69.7549,-34.6181],[-69.7437,-34.6347],[-69.7382,-34.6363]]}},{"type":"Feature","properties":{"nombre":null,"tipo":null},"geometry":{"type":"LineString","coordinates":[[-70.181,-34.5973],[-70.1723,-34.6008],[-70.1665,-34.6151],[-70.1574,-34.6164]]}},{"type":"Feature","properties":{"nombre":null,"tipo":null},"geometry":{"type":"LineString","coordinates":[[-69.6477,-34.6464],[-69.6351,-34.6412],[-69.6244,-34.642]]}},{"type":"Feature","properties":{"nombre":null,"tipo":null},"geometry":{"type":"LineString","coordinates":[[-70.0765,-34.624],[-70.0727,-34.6178],[-70.0752,-34.6136],[-70.0683,-34.6066],[-70.0489,-34.6062]]}},{"type":"Feature","properties":{"nombre":null,"tipo":null},"geometry":{"type":"LineString","coordinates":[[-70.0561,-34.626],[-70.0765,-34.624]]}},{"type":"Feature","properties":{"nombre":null,"tipo":null},"geometry":{"type":"LineString","coordinates":[[-70.126,-34.6231],[-70.1285,-34.6208],[-70.1208,-34.6013]]}},{"type":"Feature","properties":{"nombre":null,"tipo":null},"geometry":{"type":"LineString","coordinates":[[-70.1574,-34.6164],[-70.1425,-34.6155],[-70.1368,-34.6097],[-70.1313,-34.6136],[-70.1317,-34.6214],[-70.126,-34.6231]]}},{"type":"Feature","properties":{"nombre":null,"tipo":null},"geometry":{"type":"LineString","coordinates":[[-69.5063,-34.622],[-69.4981,-34.6366],[-69.5037,-34.6615]]}},{"type":"Feature","properties":{"nombre":null,"tipo":null},"geometry":{"type":"LineString","coordinates":[[-69.7662,-34.659],[-69.7382,-34.6363]]}},{"type":"Feature","properties":{"nombre":null,"tipo":null},"geometry":{"type":"LineString","coordinates":[[-69.8331,-34.6439],[-69.8248,-34.6517],[-69.7905,-34.659],[-69.7717,-34.6566],[-69.7662,-34.659]]}},{"type":"Feature","properties":{"nombre":null,"tipo":null},"geometry":{"type":"LineString","coordinates":[[-70.1904,-34.6365],[-70.1839,-34.6221],[-70.1659,-34.6221],[-70.1574,-34.6164]]}},{"type":"Feature","properties":{"nombre":null,"tipo":null},"geometry":{"type":"LineString","coordinates":[[-70.0955,-34.6187],[-70.1034,-34.625],[-70.1054,-34.6315],[-70.1099,-34.6334],[-70.1105,-34.6385],[-70.1157,-34.6431]]}},{"type":"Feature","properties":{"nombre":null,"tipo":null},"geometry":{"type":"LineString","coordinates":[[-70.126,-34.6231],[-70.1157,-34.6431]]}},{"type":"Feature","properties":{"nombre":null,"tipo":null},"geometry":{"type":"LineString","coordinates":[[-69.8842,-34.6364],[-69.8764,-34.6418],[-69.8675,-34.6581],[-69.851,-34.6665]]}},{"type":"Feature","properties":{"nombre":null,"tipo":null},"geometry":{"type":"LineString","coordinates":[[-69.6244,-34.642],[-69.62,-34.6482],[-69.6097,-34.6526],[-69.59,-34.6846]]}},{"type":"Feature","properties":{"nombre":null,"tipo":null},"geometry":{"type":"LineString","coordinates":[[-70.1086,-34.6574],[-70.0939,-34.6425]]}},{"type":"Feature","properties":{"nombre":null,"tipo":null},"geometry":{"type":"LineString","coordinates":[[-70.1146,-34.6466],[-70.1086,-34.6574]]}},{"type":"Feature","properties":{"nombre":null,"tipo":null},"geometry":{"type":"LineString","coordinates":[[-69.851,-34.6665],[-69.8301,-34.6752],[-69.8013,-34.6735],[-69.7758,-34.668],[-69.7662,-34.659]]}},{"type":"Feature","properties":{"nombre":null,"tipo":null},"geometry":{"type":"LineString","coordinates":[[-69.5598,-34.6768],[-69.5511,-34.6942]]}},{"type":"Feature","properties":{"nombre":"Arroyo de las Aucas","tipo":"Arroyo"},"geometry":{"type":"LineString","coordinates":[[-69.59,-34.6846],[-69.5751,-34.694],[-69.5659,-34.6918],[-69.5511,-34.6942]]}},{"type":"Feature","properties":{"nombre":null,"tipo":null},"geometry":{"type":"LineString","coordinates":[[-69.673,-34.6864],[-69.6685,-34.6802],[-69.6588,-34.6761],[-69.633,-34.6815],[-69.6275,-34.6917],[-69.6201,-34.6945]]}},{"type":"Feature","properties":{"nombre":"Arroyo de las Aucas","tipo":"Arroyo"},"geometry":{"type":"LineString","coordinates":[[-69.6201,-34.6945],[-69.6105,-34.6965],[-69.602,-34.6888],[-69.59,-34.6846]]}},{"type":"Feature","properties":{"nombre":"Arroyo de las Aucas","tipo":"Arroyo"},"geometry":{"type":"LineString","coordinates":[[-69.5511,-34.6942],[-69.5379,-34.7015],[-69.5349,-34.7003]]}},{"type":"Feature","properties":{"nombre":null,"tipo":null},"geometry":{"type":"LineString","coordinates":[[-70.0995,-34.6713],[-70.0931,-34.6668],[-70.0894,-34.6544],[-70.0851,-34.651],[-70.086,-34.6406],[-70.0765,-34.624]]}},{"type":"Feature","properties":{"nombre":null,"tipo":null},"geometry":{"type":"LineString","coordinates":[[-69.8903,-34.6834],[-69.8766,-34.6757],[-69.8574,-34.6723],[-69.851,-34.6665]]}},{"type":"Feature","properties":{"nombre":null,"tipo":null},"geometry":{"type":"LineString","coordinates":[[-70.1048,-34.6653],[-70.0997,-34.6776]]}},{"type":"Feature","properties":{"nombre":null,"tipo":null},"geometry":{"type":"LineString","coordinates":[[-69.6201,-34.6945],[-69.6279,-34.7016],[-69.6381,-34.7015],[-69.6488,-34.7057],[-69.6563,-34.7026],[-69.6601,-34.6965]]}},{"type":"Feature","properties":{"nombre":null,"tipo":null},"geometry":{"type":"LineString","coordinates":[[-69.7028,-34.7033],[-69.7178,-34.6762],[-69.7071,-34.6556],[-69.7072,-34.6496],[-69.7147,-34.6384],[-69.7156,-34.6258],[-69.7323,-34.6295],[-69.7382,-34.6363]]}},{"type":"Feature","properties":{"nombre":null,"tipo":null},"geometry":{"type":"LineString","coordinates":[[-69.7333,-34.7006],[-69.7028,-34.7033]]}},{"type":"Feature","properties":{"nombre":null,"tipo":null},"geometry":{"type":"LineString","coordinates":[[-69.9745,-34.6133],[-69.975,-34.6226],[-69.9793,-34.6261],[-69.9807,-34.6427],[-69.9867,-34.6433],[-69.9869,-34.6479],[-69.9961,-34.661],[-70.0058,-34.6703],[-70.0162,-34.675],[-70.0218,-34.6833],[-70.0262,-34.6816],[-70.0337,-34.685],[-70.0562,-34.6822],[-70.0645,-34.6867],[-70.0687,-34.6955],[-70.0925,-34.7073],[-70.1025,-34.7058],[-70.1059,-34.713]]}},{"type":"Feature","properties":{"nombre":null,"tipo":null},"geometry":{"type":"LineString","coordinates":[[-69.8766,-34.6983],[-69.8712,-34.7011],[-69.8506,-34.6963],[-69.85,-34.6997],[-69.8598,-34.7078],[-69.8641,-34.7207]]}},{"type":"Feature","properties":{"nombre":null,"tipo":null},"geometry":{"type":"LineString","coordinates":[[-70.0997,-34.6776],[-70.0977,-34.6895],[-70.1023,-34.6985]]}},{"type":"Feature","properties":{"nombre":null,"tipo":null},"geometry":{"type":"LineString","coordinates":[[-70.1878,-34.663],[-70.1824,-34.6695],[-70.1753,-34.671],[-70.1691,-34.68],[-70.1112,-34.689],[-70.1023,-34.6985]]}},{"type":"Feature","properties":{"nombre":null,"tipo":null},"geometry":{"type":"LineString","coordinates":[[-70.0487,-34.7979],[-70.0527,-34.7867]]}},{"type":"Feature","properties":{"nombre":null,"tipo":null},"geometry":{"type":"LineString","coordinates":[[-70.0707,-34.7993],[-70.0601,-34.7905],[-70.0599,-34.7872],[-70.0531,-34.7854]]}},{"type":"Feature","properties":{"nombre":null,"tipo":null},"geometry":{"type":"LineString","coordinates":[[-69.7938,-34.7228],[-69.8108,-34.7124],[-69.8072,-34.7001],[-69.8081,-34.689]]}},{"type":"Feature","properties":{"nombre":null,"tipo":null},"geometry":{"type":"LineString","coordinates":[[-70.1023,-34.6985],[-70.1053,-34.7007],[-70.1059,-34.713]]}},{"type":"Feature","properties":{"nombre":null,"tipo":null},"geometry":{"type":"LineString","coordinates":[[-70.1452,-34.7069],[-70.1393,-34.7104],[-70.1136,-34.7109],[-70.1079,-34.7154],[-70.1047,-34.7153],[-70.1059,-34.713]]}},{"type":"Feature","properties":{"nombre":null,"tipo":null},"geometry":{"type":"LineString","coordinates":[[-69.6776,-34.7499],[-69.6806,-34.7359],[-69.6852,-34.7325],[-69.6889,-34.7138],[-69.7028,-34.7033]]}},{"type":"Feature","properties":{"nombre":null,"tipo":null},"geometry":{"type":"LineString","coordinates":[[-69.6776,-34.7499],[-69.6881,-34.7459],[-69.6928,-34.749],[-69.7172,-34.7462],[-69.7207,-34.7368],[-69.7268,-34.7343],[-69.7375,-34.7207]]}},{"type":"Feature","properties":{"nombre":null,"tipo":null},"geometry":{"type":"LineString","coordinates":[[-70.001,-34.7317],[-70.0142,-34.7301]]}},{"type":"Feature","properties":{"nombre":null,"tipo":null},"geometry":{"type":"LineString","coordinates":[[-69.583,-34.7458],[-69.5928,-34.7485],[-69.6067,-34.7465],[-69.6299,-34.7546],[-69.6376,-34.7532],[-69.6385,-34.7462]]}},{"type":"Feature","properties":{"nombre":null,"tipo":null},"geometry":{"type":"LineString","coordinates":[[-69.758,-34.7192],[-69.7474,-34.7342],[-69.756,-34.7412],[-69.7591,-34.7543],[-69.7635,-34.7572],[-69.7721,-34.7505],[-69.7996,-34.7411],[-69.8261,-34.738],[-69.8337,-34.7325]]}},{"type":"Feature","properties":{"nombre":null,"tipo":null},"geometry":{"type":"LineString","coordinates":[[-69.6722,-34.7643],[-69.6762,-34.7622],[-69.6776,-34.7499]]}},{"type":"Feature","properties":{"nombre":null,"tipo":null},"geometry":{"type":"LineString","coordinates":[[-70.0142,-34.7301],[-70.0415,-34.7416],[-70.0483,-34.7416],[-70.0634,-34.7535]]}},{"type":"Feature","properties":{"nombre":null,"tipo":null},"geometry":{"type":"LineString","coordinates":[[-70.0634,-34.7535],[-70.0634,-34.7429],[-70.0709,-34.7392],[-70.0672,-34.7283],[-70.0774,-34.7232]]}},{"type":"Feature","properties":{"nombre":null,"tipo":null},"geometry":{"type":"LineString","coordinates":[[-70.0755,-34.766],[-70.0634,-34.7535]]}},{"type":"Feature","properties":{"nombre":null,"tipo":null},"geometry":{"type":"LineString","coordinates":[[-70.1041,-34.7581],[-70.0929,-34.758],[-70.0846,-34.7615],[-70.0811,-34.7674],[-70.0771,-34.7675]]}},{"type":"Feature","properties":{"nombre":null,"tipo":null},"geometry":{"type":"LineString","coordinates":[[-70.0209,-34.7563],[-70.0333,-34.7702],[-70.0351,-34.7761],[-70.0415,-34.7804],[-70.0347,-34.792]]}},{"type":"Feature","properties":{"nombre":null,"tipo":null},"geometry":{"type":"LineString","coordinates":[[-70.1183,-34.7915],[-70.1144,-34.7772],[-70.1047,-34.7716],[-70.0784,-34.7776],[-70.0618,-34.7722]]}},{"type":"Feature","properties":{"nombre":null,"tipo":null},"geometry":{"type":"LineString","coordinates":[[-69.7721,-34.8168],[-69.7855,-34.7968],[-69.8027,-34.7825],[-69.8059,-34.7657],[-69.8192,-34.7562],[-69.8285,-34.7556],[-69.8345,-34.7513]]}},{"type":"Feature","properties":{"nombre":null,"tipo":null},"geometry":{"type":"LineString","coordinates":[[-70.1406,-34.7469],[-70.1473,-34.7423],[-70.1516,-34.7323],[-70.1657,-34.7169],[-70.194,-34.7074]]}},{"type":"Feature","properties":{"nombre":null,"tipo":null},"geometry":{"type":"LineString","coordinates":[[-69.9912,-34.7561],[-69.9997,-34.7703],[-69.9987,-34.7814],[-70.0086,-34.7901],[-70.0192,-34.8064]]}},{"type":"Feature","properties":{"nombre":null,"tipo":null},"geometry":{"type":"LineString","coordinates":[[-70.103,-34.806],[-70.0946,-34.8012],[-70.0861,-34.789],[-70.0671,-34.7837],[-70.0547,-34.7762]]}},{"type":"Feature","properties":{"nombre":null,"tipo":null},"geometry":{"type":"LineString","coordinates":[[-69.5725,-34.7819],[-69.545,-34.8052],[-69.5431,-34.8164],[-69.5282,-34.8372],[-69.5256,-34.855],[-69.5291,-34.8654],[-69.5291,-34.8848]]}},{"type":"Feature","properties":{"nombre":null,"tipo":null},"geometry":{"type":"LineString","coordinates":[[-69.9917,-34.8219],[-69.9875,-34.8259],[-69.9786,-34.8243]]}},{"type":"Feature","properties":{"nombre":null,"tipo":null},"geometry":{"type":"LineString","coordinates":[[-70.0315,-34.8336],[-70.0379,-34.8303],[-70.0416,-34.8179],[-70.0321,-34.8055],[-70.0258,-34.8029]]}},{"type":"Feature","properties":{"nombre":null,"tipo":null},"geometry":{"type":"LineString","coordinates":[[-69.8763,-34.8023],[-69.8799,-34.8193],[-69.8936,-34.8442]]}},{"type":"Feature","properties":{"nombre":null,"tipo":null},"geometry":{"type":"LineString","coordinates":[[-69.9271,-34.6649],[-69.9253,-34.6833],[-69.9299,-34.7078],[-69.9275,-34.7119],[-69.9174,-34.716],[-69.9017,-34.7541],[-69.8992,-34.765],[-69.9023,-34.7836],[-69.8979,-34.7892],[-69.9034,-34.8028],[-69.9013,-34.8106],[-69.904,-34.8203],[-69.8936,-34.8442]]}},{"type":"Feature","properties":{"nombre":null,"tipo":null},"geometry":{"type":"LineString","coordinates":[[-70.1029,-34.8323],[-70.0987,-34.827],[-70.0615,-34.8211],[-70.0427,-34.8043],[-70.0487,-34.7979]]}},{"type":"Feature","properties":{"nombre":null,"tipo":null},"geometry":{"type":"LineString","coordinates":[[-69.7909,-34.8475],[-69.8072,-34.8642]]}},{"type":"Feature","properties":{"nombre":null,"tipo":null},"geometry":{"type":"LineString","coordinates":[[-69.8208,-34.845],[-69.8154,-34.8489],[-69.8134,-34.859],[-69.8072,-34.8642]]}},{"type":"Feature","properties":{"nombre":null,"tipo":null},"geometry":{"type":"LineString","coordinates":[[-69.9048,-34.8574],[-69.9202,-34.8642]]}},{"type":"Feature","properties":{"nombre":null,"tipo":null},"geometry":{"type":"LineString","coordinates":[[-69.9202,-34.8642],[-69.9154,-34.8513]]}},{"type":"Feature","properties":{"nombre":null,"tipo":null},"geometry":{"type":"LineString","coordinates":[[-69.8936,-34.8442],[-69.8845,-34.8677]]}},{"type":"Feature","properties":{"nombre":null,"tipo":null},"geometry":{"type":"LineString","coordinates":[[-69.663,-34.8897],[-69.6534,-34.8813],[-69.6528,-34.8636],[-69.6408,-34.8546],[-69.6322,-34.8534],[-69.6303,-34.8448],[-69.62,-34.8426],[-69.6243,-34.8344],[-69.6176,-34.8293],[-69.6249,-34.828],[-69.6282,-34.8236],[-69.6251,-34.8069]]}},{"type":"Feature","properties":{"nombre":null,"tipo":null},"geometry":{"type":"LineString","coordinates":[[-70.1422,-34.8387],[-70.1494,-34.853],[-70.1605,-34.8632],[-70.1623,-34.8691],[-70.1601,-34.8772],[-70.163,-34.8814],[-70.1698,-34.8573],[-70.2163,-34.8161]]}},{"type":"Feature","properties":{"nombre":null,"tipo":null},"geometry":{"type":"LineString","coordinates":[[-69.8072,-34.8642],[-69.8078,-34.8712],[-69.8145,-34.8766],[-69.8137,-34.8803],[-69.8247,-34.8949],[-69.8237,-34.9029]]}},{"type":"Feature","properties":{"nombre":null,"tipo":null},"geometry":{"type":"LineString","coordinates":[[-70.1119,-34.8729],[-70.1282,-34.8875],[-70.1447,-34.8922],[-70.1594,-34.8899]]}},{"type":"Feature","properties":{"nombre":null,"tipo":null},"geometry":{"type":"LineString","coordinates":[[-69.7708,-34.8543],[-69.7699,-34.8588],[-69.7756,-34.8656],[-69.7769,-34.8796],[-69.799,-34.9152]]}},{"type":"Feature","properties":{"nombre":null,"tipo":null},"geometry":{"type":"LineString","coordinates":[[-69.9176,-34.9098],[-69.8875,-34.9104],[-69.8809,-34.907],[-69.869,-34.8896],[-69.8586,-34.8852]]}},{"type":"Feature","properties":{"nombre":null,"tipo":null},"geometry":{"type":"LineString","coordinates":[[-69.9202,-34.8642],[-69.935,-34.8809],[-69.9803,-34.8997],[-70.0,-34.9115]]}},{"type":"Feature","properties":{"nombre":null,"tipo":null},"geometry":{"type":"LineString","coordinates":[[-70.1269,-34.9243],[-70.1382,-34.9207]]}},{"type":"Feature","properties":{"nombre":null,"tipo":null},"geometry":{"type":"LineString","coordinates":[[-69.8153,-34.9471],[-69.8207,-34.9433],[-69.8315,-34.9436],[-69.8389,-34.9382],[-69.859,-34.9364],[-69.8917,-34.9387],[-69.9047,-34.9359],[-69.9267,-34.9405],[-69.9444,-34.9363],[-69.959,-34.9257]]}},{"type":"Feature","properties":{"nombre":null,"tipo":null},"geometry":{"type":"LineString","coordinates":[[-70.2564,-34.9386],[-70.2529,-34.9294],[-70.243,-34.9184],[-70.2703,-34.9147],[-70.2817,-34.9077]]}},{"type":"Feature","properties":{"nombre":null,"tipo":null},"geometry":{"type":"LineString","coordinates":[[-69.9571,-34.9655],[-69.9791,-34.9617]]}},{"type":"Feature","properties":{"nombre":null,"tipo":null},"geometry":{"type":"LineString","coordinates":[[-70.0466,-34.9665],[-70.0537,-34.9395],[-70.0589,-34.9312],[-70.0808,-34.9245],[-70.1224,-34.9268],[-70.1269,-34.9243]]}},{"type":"Feature","properties":{"nombre":null,"tipo":null},"geometry":{"type":"LineString","coordinates":[[-70.0855,-34.9676],[-70.1179,-34.949],[-70.1269,-34.9243]]}},{"type":"Feature","properties":{"nombre":null,"tipo":null},"geometry":{"type":"LineString","coordinates":[[-69.7709,-34.9478],[-69.7805,-34.956],[-69.8027,-34.9541],[-69.8055,-34.9597],[-69.8145,-34.9644],[-69.8178,-34.9707],[-69.833,-34.9826],[-69.8344,-34.9884],[-69.8504,-35.0],[-69.8596,-35.0138],[-69.8702,-35.02],[-69.8816,-35.0158],[-69.8934,-35.0176],[-69.9111,-35.0106]]}},{"type":"Feature","properties":{"nombre":null,"tipo":null},"geometry":{"type":"LineString","coordinates":[[-69.9111,-35.0106],[-69.9119,-35.0035],[-69.8976,-34.9935],[-69.8982,-34.9833],[-69.8885,-34.9723],[-69.9322,-34.9728],[-69.9571,-34.9655]]}},{"type":"Feature","properties":{"nombre":null,"tipo":null},"geometry":{"type":"LineString","coordinates":[[-69.9571,-34.9655],[-69.9715,-34.9868],[-69.9656,-35.0039],[-69.9111,-35.0106]]}},{"type":"Feature","properties":{"nombre":null,"tipo":null},"geometry":{"type":"LineString","coordinates":[[-70.208,-35.0537],[-70.1936,-35.0466],[-70.1896,-35.0414],[-70.1824,-35.0285],[-70.1826,-35.0127],[-70.1752,-34.9967]]}},{"type":"Feature","properties":{"nombre":null,"tipo":null},"geometry":{"type":"LineString","coordinates":[[-70.208,-35.0537],[-70.2122,-35.0368],[-70.2169,-35.0346],[-70.2267,-35.0161],[-70.2234,-35.0149],[-70.2203,-35.0055],[-70.2227,-34.9939],[-70.211,-34.9692],[-70.2157,-34.9639],[-70.2138,-34.9537],[-70.2212,-34.9309],[-70.2222,-34.9138],[-70.2171,-34.9072],[-70.2142,-34.8887],[-70.2205,-34.8801],[-70.2363,-34.8744],[-70.2504,-34.8572],[-70.2691,-34.8558]]}},{"type":"Feature","properties":{"nombre":null,"tipo":null},"geometry":{"type":"LineString","coordinates":[[-69.8086,-35.0281],[-69.7684,-35.0391]]}},{"type":"Feature","properties":{"nombre":null,"tipo":null},"geometry":{"type":"LineString","coordinates":[[-70.0901,-35.0183],[-70.0838,-35.0076],[-70.0744,-35.0018]]}},{"type":"Feature","properties":{"nombre":null,"tipo":null},"geometry":{"type":"LineString","coordinates":[[-69.7769,-35.0055],[-69.7806,-35.0197],[-69.7684,-35.0391]]}},{"type":"Feature","properties":{"nombre":null,"tipo":null},"geometry":{"type":"LineString","coordinates":[[-70.0204,-35.0051],[-70.0197,-35.0148],[-70.0145,-35.0165],[-70.0073,-35.0258]]}},{"type":"Feature","properties":{"nombre":null,"tipo":null},"geometry":{"type":"LineString","coordinates":[[-69.9914,-35.0288],[-69.994,-35.0254],[-69.9941,-35.0029]]}},{"type":"Feature","properties":{"nombre":null,"tipo":null},"geometry":{"type":"LineString","coordinates":[[-69.7684,-35.0391],[-69.7571,-35.0422]]}},{"type":"Feature","properties":{"nombre":null,"tipo":null},"geometry":{"type":"LineString","coordinates":[[-69.7571,-35.0422],[-69.7411,-35.044],[-69.7243,-35.0309],[-69.7171,-35.0092],[-69.6989,-35.0066],[-69.6802,-35.022],[-69.6661,-35.0231],[-69.654,-35.0298],[-69.6423,-35.0453],[-69.6251,-35.0546]]}},{"type":"Feature","properties":{"nombre":null,"tipo":null},"geometry":{"type":"LineString","coordinates":[[-70.0485,-35.0393],[-70.0317,-35.0277],[-70.0469,-35.0133]]}},{"type":"Feature","properties":{"nombre":null,"tipo":null},"geometry":{"type":"LineString","coordinates":[[-69.9537,-35.0579],[-69.9585,-35.0477],[-69.9506,-35.0349]]}},{"type":"Feature","properties":{"nombre":null,"tipo":null},"geometry":{"type":"LineString","coordinates":[[-69.8571,-35.0587],[-69.8473,-35.0603],[-69.8392,-35.0579],[-69.8268,-35.0659],[-69.8182,-35.0574],[-69.8075,-35.0541],[-69.7949,-35.0548],[-69.7868,-35.0467],[-69.7685,-35.0498],[-69.7571,-35.0422]]}},{"type":"Feature","properties":{"nombre":null,"tipo":null},"geometry":{"type":"LineString","coordinates":[[-70.1326,-35.0491],[-70.1233,-35.0422],[-70.1185,-35.0423],[-70.1164,-35.0358],[-70.0901,-35.0183]]}},{"type":"Feature","properties":{"nombre":null,"tipo":null},"geometry":{"type":"LineString","coordinates":[[-69.9057,-35.0323],[-69.9112,-35.0443],[-69.9162,-35.0466],[-69.9213,-35.0553],[-69.9359,-35.0611]]}},{"type":"Feature","properties":{"nombre":null,"tipo":null},"geometry":{"type":"LineString","coordinates":[[-70.1326,-35.0491],[-70.1113,-35.0523],[-70.0837,-35.0452]]}},{"type":"Feature","properties":{"nombre":null,"tipo":null},"geometry":{"type":"LineString","coordinates":[[-70.1384,-35.0139],[-70.1347,-35.0348],[-70.1433,-35.0527]]}},{"type":"Feature","properties":{"nombre":null,"tipo":null},"geometry":{"type":"LineString","coordinates":[[-70.1433,-35.0527],[-70.1328,-35.0492]]}},{"type":"Feature","properties":{"nombre":null,"tipo":null},"geometry":{"type":"LineString","coordinates":[[-70.0308,-35.0621],[-70.0066,-35.0452],[-69.987,-35.0436],[-69.9695,-35.0341]]}},{"type":"Feature","properties":{"nombre":null,"tipo":null},"geometry":{"type":"LineString","coordinates":[[-69.8893,-35.0303],[-69.8933,-35.0368],[-69.8908,-35.0487],[-69.8943,-35.0617],[-69.8992,-35.0688],[-69.9041,-35.0701]]}},{"type":"Feature","properties":{"nombre":null,"tipo":null},"geometry":{"type":"LineString","coordinates":[[-69.7643,-35.0672],[-69.7418,-35.0654],[-69.7241,-35.0792],[-69.7098,-35.0827],[-69.6983,-35.0803],[-69.6871,-35.0887],[-69.6551,-35.0865],[-69.6423,-35.0919]]}},{"type":"Feature","properties":{"nombre":null,"tipo":null},"geometry":{"type":"LineString","coordinates":[[-70.1159,-35.0699],[-70.1328,-35.0492]]}},{"type":"Feature","properties":{"nombre":null,"tipo":null},"geometry":{"type":"LineString","coordinates":[[-70.0515,-35.0839],[-70.0363,-35.0698]]}},{"type":"Feature","properties":{"nombre":null,"tipo":null},"geometry":{"type":"LineString","coordinates":[[-70.0515,-35.0839],[-70.0578,-35.073],[-70.0576,-35.0671],[-70.0533,-35.0625]]}},{"type":"Feature","properties":{"nombre":null,"tipo":null},"geometry":{"type":"LineString","coordinates":[[-69.9636,-35.0676],[-69.9674,-35.0776],[-69.965,-35.0832],[-69.9672,-35.0934]]}},{"type":"Feature","properties":{"nombre":null,"tipo":null},"geometry":{"type":"LineString","coordinates":[[-69.9923,-35.0702],[-69.9882,-35.0749],[-69.9785,-35.0778],[-69.9672,-35.0934]]}},{"type":"Feature","properties":{"nombre":null,"tipo":null},"geometry":{"type":"LineString","coordinates":[[-70.208,-35.0537],[-70.2054,-35.0831]]}},{"type":"Feature","properties":{"nombre":"Río del Cobre","tipo":"Río"},"geometry":{"type":"LineString","coordinates":[[-70.2741,-35.0796],[-70.2813,-35.0676]]}},{"type":"Feature","properties":{"nombre":null,"tipo":null},"geometry":{"type":"LineString","coordinates":[[-69.942,-35.0799],[-69.9409,-35.0995]]}},{"type":"Feature","properties":{"nombre":null,"tipo":null},"geometry":{"type":"LineString","coordinates":[[-69.9409,-35.0995],[-69.9376,-35.0996],[-69.9359,-35.0941],[-69.923,-35.0831],[-69.9223,-35.0745],[-69.9271,-35.0681]]}},{"type":"Feature","properties":{"nombre":null,"tipo":null},"geometry":{"type":"LineString","coordinates":[[-69.8825,-35.0905],[-69.8848,-35.0969],[-69.8799,-35.1042]]}},{"type":"Feature","properties":{"nombre":null,"tipo":null},"geometry":{"type":"LineString","coordinates":[[-69.8923,-35.1004],[-69.8799,-35.1042]]}},{"type":"Feature","properties":{"nombre":null,"tipo":null},"geometry":{"type":"LineString","coordinates":[[-69.3793,-35.1311],[-69.3345,-35.1423],[-69.3465,-35.1433],[-69.3542,-35.1401],[-69.3817,-35.1379]]}},{"type":"Feature","properties":{"nombre":null,"tipo":null},"geometry":{"type":"LineString","coordinates":[[-69.9105,-35.1116],[-69.9028,-35.1077],[-69.9014,-35.0965]]}},{"type":"Feature","properties":{"nombre":null,"tipo":null},"geometry":{"type":"LineString","coordinates":[[-69.9105,-35.1116],[-69.9083,-35.1097],[-69.9108,-35.1036],[-69.9079,-35.0883]]}},{"type":"Feature","properties":{"nombre":null,"tipo":null},"geometry":{"type":"LineString","coordinates":[[-70.0846,-35.0681],[-70.0871,-35.0819],[-70.08,-35.104]]}},{"type":"Feature","properties":{"nombre":null,"tipo":null},"geometry":{"type":"LineString","coordinates":[[-69.9672,-35.0934],[-69.9674,-35.1056],[-69.9643,-35.1108]]}},{"type":"Feature","properties":{"nombre":null,"tipo":null},"geometry":{"type":"LineString","coordinates":[[-70.08,-35.104],[-70.0557,-35.1045],[-70.0511,-35.0973],[-70.0515,-35.0839]]}},{"type":"Feature","properties":{"nombre":null,"tipo":null},"geometry":{"type":"LineString","coordinates":[[-69.7733,-35.1229],[-69.7582,-35.1126],[-69.744,-35.1197],[-69.7281,-35.119],[-69.7214,-35.1149]]}},{"type":"Feature","properties":{"nombre":null,"tipo":null},"geometry":{"type":"LineString","coordinates":[[-69.9993,-35.0984],[-69.9788,-35.1121],[-69.9643,-35.1108]]}},{"type":"Feature","properties":{"nombre":null,"tipo":null},"geometry":{"type":"LineString","coordinates":[[-70.0968,-35.0831],[-70.0971,-35.0945],[-70.1015,-35.1036],[-70.0814,-35.1134]]}},{"type":"Feature","properties":{"nombre":null,"tipo":null},"geometry":{"type":"LineString","coordinates":[[-69.8799,-35.1042],[-69.8697,-35.1097],[-69.8592,-35.1283]]}},{"type":"Feature","properties":{"nombre":null,"tipo":null},"geometry":{"type":"LineString","coordinates":[[-69.8852,-35.1226],[-69.8789,-35.1255],[-69.8648,-35.1242],[-69.8592,-35.1283]]}},{"type":"Feature","properties":{"nombre":null,"tipo":null},"geometry":{"type":"LineString","coordinates":[[-69.8146,-35.1274],[-69.8136,-35.1333],[-69.8111,-35.1331],[-69.7998,-35.1228]]}},{"type":"Feature","properties":{"nombre":null,"tipo":null},"geometry":{"type":"LineString","coordinates":[[-69.9409,-35.0995],[-69.9437,-35.1149],[-69.952,-35.12],[-69.9551,-35.1282]]}},{"type":"Feature","properties":{"nombre":null,"tipo":null},"geometry":{"type":"LineString","coordinates":[[-69.9643,-35.1108],[-69.9552,-35.1212],[-69.9551,-35.1282]]}},{"type":"Feature","properties":{"nombre":null,"tipo":null},"geometry":{"type":"LineString","coordinates":[[-70.0814,-35.1134],[-70.0802,-35.1216],[-70.0621,-35.1183],[-70.0565,-35.1116],[-70.0372,-35.1021],[-70.0316,-35.0887]]}},{"type":"Feature","properties":{"nombre":null,"tipo":null},"geometry":{"type":"LineString","coordinates":[[-69.7782,-35.153],[-69.7831,-35.1386]]}},{"type":"Feature","properties":{"nombre":null,"tipo":null},"geometry":{"type":"LineString","coordinates":[[-69.3879,-35.1611],[-69.3548,-35.1754],[-69.3303,-35.1786]]}},{"type":"Feature","properties":{"nombre":null,"tipo":null},"geometry":{"type":"LineString","coordinates":[[-69.3882,-35.1689],[-69.3513,-35.1783]]}},{"type":"Feature","properties":{"nombre":null,"tipo":null},"geometry":{"type":"LineString","coordinates":[[-69.8284,-35.1337],[-69.8318,-35.1509],[-69.8367,-35.156]]}},{"type":"Feature","properties":{"nombre":null,"tipo":null},"geometry":{"type":"LineString","coordinates":[[-69.8367,-35.156],[-69.8397,-35.149],[-69.8498,-35.1411],[-69.8464,-35.1202],[-69.8368,-35.1171]]}},{"type":"Feature","properties":{"nombre":null,"tipo":null},"geometry":{"type":"LineString","coordinates":[[-69.3949,-35.1726],[-69.3702,-35.1821],[-69.352,-35.1828],[-69.3565,-35.1782],[-69.3796,-35.1724]]}},{"type":"Feature","properties":{"nombre":null,"tipo":null},"geometry":{"type":"LineString","coordinates":[[-69.6541,-35.141],[-69.649,-35.1528],[-69.6322,-35.1695],[-69.6173,-35.1752]]}},{"type":"Feature","properties":{"nombre":null,"tipo":null},"geometry":{"type":"LineString","coordinates":[[-69.9243,-35.1612],[-69.9302,-35.1551],[-69.9279,-35.1374],[-69.9309,-35.1322],[-69.9219,-35.1262],[-69.9105,-35.1116]]}},{"type":"Feature","properties":{"nombre":null,"tipo":null},"geometry":{"type":"LineString","coordinates":[[-69.8592,-35.1283],[-69.8675,-35.1445],[-69.8671,-35.1505],[-69.8615,-35.1538],[-69.8644,-35.1614],[-69.859,-35.1664]]}},{"type":"Feature","properties":{"nombre":null,"tipo":null},"geometry":{"type":"LineString","coordinates":[[-69.9551,-35.1282],[-69.9384,-35.1494],[-69.9386,-35.1604],[-69.9412,-35.1632]]}},{"type":"Feature","properties":{"nombre":null,"tipo":null},"geometry":{"type":"LineString","coordinates":[[-69.8411,-35.1736],[-69.8358,-35.165],[-69.8367,-35.156]]}},{"type":"Feature","properties":{"nombre":null,"tipo":null},"geometry":{"type":"LineString","coordinates":[[-69.6173,-35.1752],[-69.6312,-35.1805],[-69.6498,-35.1812],[-69.6562,-35.1878],[-69.6859,-35.184]]}},{"type":"Feature","properties":{"nombre":null,"tipo":null},"geometry":{"type":"LineString","coordinates":[[-69.4101,-35.197],[-69.4024,-35.2006],[-69.3878,-35.199],[-69.3692,-35.2037],[-69.3446,-35.2004],[-69.3127,-35.2094],[-69.2815,-35.2071]]}},{"type":"Feature","properties":{"nombre":null,"tipo":null},"geometry":{"type":"LineString","coordinates":[[-69.5716,-35.2171],[-69.5518,-35.2216],[-69.5366,-35.2205],[-69.5149,-35.227]]}},{"type":"Feature","properties":{"nombre":null,"tipo":null},"geometry":{"type":"LineString","coordinates":[[-69.8304,-35.189],[-69.8454,-35.1976],[-69.8556,-35.2106]]}},{"type":"Feature","properties":{"nombre":null,"tipo":null},"geometry":{"type":"LineString","coordinates":[[-70.0169,-35.1117],[-70.015,-35.1156],[-70.0038,-35.1202],[-69.9983,-35.1326],[-69.9994,-35.1381],[-70.0045,-35.1413],[-69.9998,-35.1493],[-70.0042,-35.1526],[-70.0102,-35.1726]]}},{"type":"Feature","properties":{"nombre":null,"tipo":null},"geometry":{"type":"LineString","coordinates":[[-70.0276,-35.1453],[-70.0106,-35.1679],[-70.0102,-35.1726]]}},{"type":"Feature","properties":{"nombre":null,"tipo":null},"geometry":{"type":"LineString","coordinates":[[-69.9618,-35.1661],[-69.9567,-35.1781],[-69.945,-35.1901]]}},{"type":"Feature","properties":{"nombre":null,"tipo":null},"geometry":{"type":"LineString","coordinates":[[-69.6173,-35.1752],[-69.6023,-35.1737],[-69.5406,-35.2042]]}},{"type":"Feature","properties":{"nombre":null,"tipo":null},"geometry":{"type":"LineString","coordinates":[[-69.808,-35.1802],[-69.8304,-35.189]]}},{"type":"Feature","properties":{"nombre":null,"tipo":null},"geometry":{"type":"LineString","coordinates":[[-70.0332,-35.16],[-70.0223,-35.1643],[-70.0228,-35.1708],[-70.0155,-35.1728],[-70.0081,-35.1798]]}},{"type":"Feature","properties":{"nombre":null,"tipo":null},"geometry":{"type":"LineString","coordinates":[[-69.7666,-35.1971],[-69.7676,-35.1887],[-69.7764,-35.18],[-69.7727,-35.1661],[-69.7782,-35.153]]}},{"type":"Feature","properties":{"nombre":null,"tipo":null},"geometry":{"type":"LineString","coordinates":[[-70.0481,-35.1728],[-70.0282,-35.1768],[-70.0231,-35.1835],[-70.0238,-35.1876]]}},{"type":"Feature","properties":{"nombre":null,"tipo":null},"geometry":{"type":"LineString","coordinates":[[-69.5716,-35.2171],[-69.5467,-35.2095]]}},{"type":"Feature","properties":{"nombre":null,"tipo":null},"geometry":{"type":"LineString","coordinates":[[-69.8304,-35.189],[-69.8246,-35.2015],[-69.8319,-35.209]]}},{"type":"Feature","properties":{"nombre":null,"tipo":null},"geometry":{"type":"LineString","coordinates":[[-70.0491,-35.2164],[-70.0458,-35.2067],[-70.0387,-35.2024],[-70.0427,-35.1985],[-70.0542,-35.1962]]}},{"type":"Feature","properties":{"nombre":null,"tipo":null},"geometry":{"type":"LineString","coordinates":[[-69.2873,-35.2618],[-69.2869,-35.2569],[-69.301,-35.247],[-69.3046,-35.2412],[-69.3161,-35.2388],[-69.3456,-35.2179],[-69.3651,-35.2167],[-69.4127,-35.2058]]}},{"type":"Feature","properties":{"nombre":null,"tipo":null},"geometry":{"type":"LineString","coordinates":[[-69.3109,-35.2606],[-69.3141,-35.2569],[-69.3129,-35.254],[-69.3404,-35.2418],[-69.3524,-35.241],[-69.3663,-35.2307],[-69.3803,-35.2265],[-69.3869,-35.2283],[-69.3927,-35.2238],[-69.4051,-35.2229],[-69.4109,-35.2164],[-69.4175,-35.2145]]}},{"type":"Feature","properties":{"nombre":null,"tipo":null},"geometry":{"type":"LineString","coordinates":[[-70.1437,-35.2206],[-70.132,-35.211],[-70.1563,-35.1826],[-70.1561,-35.1766],[-70.1531,-35.1692],[-70.1356,-35.1594],[-70.1313,-35.1519]]}},{"type":"Feature","properties":{"nombre":null,"tipo":null},"geometry":{"type":"LineString","coordinates":[[-70.4127,-35.2046],[-70.4105,-35.1859]]}},{"type":"Feature","properties":{"nombre":null,"tipo":null},"geometry":{"type":"LineString","coordinates":[[-70.4335,-35.1987],[-70.4127,-35.2046]]}},{"type":"Feature","properties":{"nombre":null,"tipo":null},"geometry":{"type":"LineString","coordinates":[[-69.9733,-35.2317],[-69.9815,-35.2244],[-69.9912,-35.221],[-69.994,-35.2148],[-69.9909,-35.2053],[-69.9923,-35.191],[-69.9851,-35.1802],[-69.9852,-35.1745]]}},{"type":"Feature","properties":{"nombre":null,"tipo":null},"geometry":{"type":"LineString","coordinates":[[-70.4127,-35.2046],[-70.4119,-35.2064],[-70.4091,-35.2027],[-70.4051,-35.2032],[-70.4067,-35.2011],[-70.3923,-35.1983],[-70.3846,-35.1865]]}},{"type":"Feature","properties":{"nombre":null,"tipo":null},"geometry":{"type":"LineString","coordinates":[[-70.0221,-35.2341],[-69.9991,-35.2524]]}},{"type":"Feature","properties":{"nombre":null,"tipo":null},"geometry":{"type":"LineString","coordinates":[[-70.0221,-35.2341],[-70.0142,-35.1825]]}},{"type":"Feature","properties":{"nombre":null,"tipo":null},"geometry":{"type":"LineString","coordinates":[[-70.0834,-35.2312],[-70.0781,-35.2212],[-70.0781,-35.2124],[-70.0812,-35.2106],[-70.0773,-35.2012]]}},{"type":"Feature","properties":{"nombre":null,"tipo":null},"geometry":{"type":"LineString","coordinates":[[-69.7533,-35.2075],[-69.765,-35.2076],[-69.7736,-35.2118],[-69.7845,-35.2083],[-69.796,-35.2137],[-69.8043,-35.21],[-69.8129,-35.2171],[-69.8291,-35.2199],[-69.8377,-35.2182],[-69.8458,-35.2245],[-69.8561,-35.2424],[-69.8641,-35.2446]]}},{"type":"Feature","properties":{"nombre":null,"tipo":null},"geometry":{"type":"LineString","coordinates":[[-70.0443,-35.2363],[-70.0376,-35.2275],[-70.0481,-35.2207],[-70.0491,-35.2164]]}},{"type":"Feature","properties":{"nombre":null,"tipo":null},"geometry":{"type":"LineString","coordinates":[[-69.9553,-35.2457],[-69.9314,-35.2492]]}},{"type":"Feature","properties":{"nombre":null,"tipo":null},"geometry":{"type":"LineString","coordinates":[[-70.0627,-35.2458],[-70.0658,-35.2351],[-70.0641,-35.2295],[-70.0491,-35.2164]]}},{"type":"Feature","properties":{"nombre":null,"tipo":null},"geometry":{"type":"LineString","coordinates":[[-70.0239,-35.2481],[-70.0221,-35.2341]]}},{"type":"Feature","properties":{"nombre":null,"tipo":null},"geometry":{"type":"LineString","coordinates":[[-69.9025,-35.2554],[-69.9177,-35.244],[-69.9204,-35.2348]]}},{"type":"Feature","properties":{"nombre":null,"tipo":null},"geometry":{"type":"LineString","coordinates":[[-70.1116,-35.2443],[-70.1069,-35.2387],[-70.0834,-35.2312]]}},{"type":"Feature","properties":{"nombre":null,"tipo":null},"geometry":{"type":"LineString","coordinates":[[-70.1437,-35.2206],[-70.1593,-35.2239],[-70.1679,-35.2322],[-70.1676,-35.241]]}},{"type":"Feature","properties":{"nombre":null,"tipo":null},"geometry":{"type":"LineString","coordinates":[[-70.0668,-35.9638],[-70.0562,-35.9567],[-70.054,-35.951],[-70.0567,-35.9441],[-70.0454,-35.9309]]}},{"type":"Feature","properties":{"nombre":null,"tipo":null},"geometry":{"type":"LineString","coordinates":[[-70.2499,-35.2026],[-70.2358,-35.2035],[-70.222,-35.2145],[-70.2033,-35.2214],[-70.193,-35.2394],[-70.1838,-35.2414],[-70.1813,-35.2367],[-70.1829,-35.2287]]}},{"type":"Feature","properties":{"nombre":null,"tipo":null},"geometry":{"type":"LineString","coordinates":[[-69.473,-35.2597],[-69.4587,-35.2659],[-69.4291,-35.286],[-69.4016,-35.2867]]}},{"type":"Feature","properties":{"nombre":null,"tipo":null},"geometry":{"type":"LineString","coordinates":[[-69.5113,-35.2705],[-69.5165,-35.2781],[-69.5036,-35.288]]}},{"type":"Feature","properties":{"nombre":null,"tipo":null},"geometry":{"type":"LineString","coordinates":[[-70.1476,-35.2551],[-70.1371,-35.2511],[-70.136,-35.2462],[-70.1437,-35.2206]]}},{"type":"Feature","properties":{"nombre":null,"tipo":null},"geometry":{"type":"LineString","coordinates":[[-70.1476,-35.2551],[-70.1532,-35.2537],[-70.162,-35.2439]]}},{"type":"Feature","properties":{"nombre":null,"tipo":null},"geometry":{"type":"LineString","coordinates":[[-70.0962,-35.2601],[-70.0817,-35.2391],[-70.0834,-35.2312]]}},{"type":"Feature","properties":{"nombre":null,"tipo":null},"geometry":{"type":"LineString","coordinates":[[-69.9956,-35.2687],[-70.0009,-35.2613],[-70.0191,-35.2544],[-70.0239,-35.2481]]}},{"type":"Feature","properties":{"nombre":null,"tipo":null},"geometry":{"type":"LineString","coordinates":[[-69.9604,-35.264],[-69.9599,-35.2692],[-69.9552,-35.2733],[-69.9647,-35.2785],[-69.9728,-35.2764],[-69.9782,-35.2676]]}},{"type":"Feature","properties":{"nombre":null,"tipo":null},"geometry":{"type":"LineString","coordinates":[[-70.4017,-35.2372],[-70.4191,-35.2483],[-70.4307,-35.2478]]}},{"type":"Feature","properties":{"nombre":null,"tipo":null},"geometry":{"type":"LineString","coordinates":[[-70.0139,-35.2759],[-70.0304,-35.2681],[-70.0304,-35.2603],[-70.0239,-35.2481]]}},{"type":"Feature","properties":{"nombre":null,"tipo":null},"geometry":{"type":"LineString","coordinates":[[-70.0928,-35.9855],[-70.0999,-35.9658]]}},{"type":"Feature","properties":{"nombre":null,"tipo":null},"geometry":{"type":"LineString","coordinates":[[-69.7093,-35.2772],[-69.6983,-35.2842],[-69.6603,-35.2872],[-69.6509,-35.2922],[-69.6463,-35.2994]]}},{"type":"Feature","properties":{"nombre":null,"tipo":null},"geometry":{"type":"LineString","coordinates":[[-70.166,-35.2715],[-70.1476,-35.2551]]}},{"type":"Feature","properties":{"nombre":null,"tipo":null},"geometry":{"type":"LineString","coordinates":[[-70.1945,-35.2709],[-70.2022,-35.2602]]}},{"type":"Feature","properties":{"nombre":null,"tipo":null},"geometry":{"type":"LineString","coordinates":[[-69.6463,-35.2994],[-69.6971,-35.2999]]}},{"type":"Feature","properties":{"nombre":null,"tipo":null},"geometry":{"type":"LineString","coordinates":[[-70.2453,-35.2435],[-70.2453,-35.2482],[-70.2397,-35.2538],[-70.24,-35.269]]}},{"type":"Feature","properties":{"nombre":null,"tipo":null},"geometry":{"type":"LineString","coordinates":[[-70.4324,-35.2601],[-70.4445,-35.2523],[-70.4585,-35.2503]]}},{"type":"Feature","properties":{"nombre":null,"tipo":null},"geometry":{"type":"LineString","coordinates":[[-70.0756,-35.2634],[-70.0701,-35.2696],[-70.0687,-35.2778],[-70.0717,-35.283]]}},{"type":"Feature","properties":{"nombre":null,"tipo":null},"geometry":{"type":"LineString","coordinates":[[-70.4815,-35.2619],[-70.488,-35.2451],[-70.4876,-35.2364],[-70.5107,-35.2221],[-70.5211,-35.2111],[-70.5308,-35.2076]]}},{"type":"Feature","properties":{"nombre":null,"tipo":null},"geometry":{"type":"LineString","coordinates":[[-69.7769,-35.2961],[-69.7423,-35.3056],[-69.7105,-35.3092],[-69.7043,-35.3135]]}},{"type":"Feature","properties":{"nombre":null,"tipo":null},"geometry":{"type":"LineString","coordinates":[[-70.0717,-35.283],[-70.0819,-35.2919]]}},{"type":"Feature","properties":{"nombre":null,"tipo":null},"geometry":{"type":"LineString","coordinates":[[-70.0369,-35.2894],[-70.0405,-35.2948],[-70.0439,-35.2949],[-70.0629,-35.2833],[-70.0717,-35.283]]}},{"type":"Feature","properties":{"nombre":null,"tipo":null},"geometry":{"type":"LineString","coordinates":[[-70.0872,-35.3237],[-70.0657,-35.323],[-70.0542,-35.3185]]}},{"type":"Feature","properties":{"nombre":null,"tipo":null},"geometry":{"type":"LineString","coordinates":[[-70.546,-35.2649],[-70.5309,-35.2556],[-70.5161,-35.2529],[-70.4913,-35.255],[-70.4824,-35.2651]]}},{"type":"Feature","properties":{"nombre":null,"tipo":null},"geometry":{"type":"LineString","coordinates":[[-69.89,-35.2655],[-69.8483,-35.2789],[-69.8287,-35.2816],[-69.8136,-35.2786],[-69.8044,-35.2703],[-69.7909,-35.2657],[-69.7773,-35.2775],[-69.7574,-35.2806],[-69.7467,-35.287],[-69.7215,-35.2939],[-69.6975,-35.3155]]}},{"type":"Feature","properties":{"nombre":null,"tipo":null},"geometry":{"type":"LineString","coordinates":[[-70.2276,-35.285],[-70.2332,-35.2729],[-70.2391,-35.269]]}},{"type":"Feature","properties":{"nombre":null,"tipo":null},"geometry":{"type":"LineString","coordinates":[[-69.9858,-35.2858],[-69.9835,-35.3061],[-69.997,-35.3019],[-70.0075,-35.3023],[-70.0138,-35.2942]]}},{"type":"Feature","properties":{"nombre":null,"tipo":null},"geometry":{"type":"LineString","coordinates":[[-69.4774,-35.3401],[-69.4876,-35.33],[-69.4927,-35.32]]}},{"type":"Feature","properties":{"nombre":null,"tipo":null},"geometry":{"type":"LineString","coordinates":[[-69.8773,-35.3168],[-69.8873,-35.3216],[-69.9136,-35.3143]]}},{"type":"Feature","properties":{"nombre":null,"tipo":null},"geometry":{"type":"LineString","coordinates":[[-69.48,-35.3461],[-69.4952,-35.3395],[-69.5001,-35.3305],[-69.5137,-35.3189]]}},{"type":"Feature","properties":{"nombre":null,"tipo":null},"geometry":{"type":"LineString","coordinates":[[-70.4222,-35.275],[-70.419,-35.2796],[-70.4213,-35.2961]]}},{"type":"Feature","properties":{"nombre":"Arroyo de los Baños","tipo":"Arroyo"},"geometry":{"type":"LineString","coordinates":[[-70.4906,-35.2953],[-70.4943,-35.2925],[-70.521,-35.2918],[-70.5395,-35.281],[-70.5468,-35.2813]]}},{"type":"Feature","properties":{"nombre":null,"tipo":null},"geometry":{"type":"LineString","coordinates":[[-70.4456,-35.3039],[-70.448,-35.2959],[-70.4414,-35.2784]]}},{"type":"Feature","properties":{"nombre":null,"tipo":null},"geometry":{"type":"LineString","coordinates":[[-70.3549,-35.2716],[-70.3487,-35.2804],[-70.3346,-35.2912],[-70.3318,-35.3018],[-70.2953,-35.3188],[-70.2918,-35.3234]]}},{"type":"Feature","properties":{"nombre":null,"tipo":null},"geometry":{"type":"LineString","coordinates":[[-69.5838,-35.3677],[-69.5535,-35.3732]]}},{"type":"Feature","properties":{"nombre":null,"tipo":null},"geometry":{"type":"LineString","coordinates":[[-69.8521,-35.3587],[-69.8398,-35.3599],[-69.8265,-35.3729]]}},{"type":"Feature","properties":{"nombre":null,"tipo":null},"geometry":{"type":"LineString","coordinates":[[-69.8265,-35.3729],[-69.8158,-35.3769],[-69.791,-35.3723]]}},{"type":"Feature","properties":{"nombre":null,"tipo":null},"geometry":{"type":"LineString","coordinates":[[-69.8265,-35.3729],[-69.8344,-35.3781],[-69.8538,-35.3764]]}},{"type":"Feature","properties":{"nombre":null,"tipo":null},"geometry":{"type":"LineString","coordinates":[[-69.9789,-35.3776],[-69.971,-35.364]]}},{"type":"Feature","properties":{"nombre":null,"tipo":null},"geometry":{"type":"LineString","coordinates":[[-69.9858,-35.361],[-69.9789,-35.3776]]}},{"type":"Feature","properties":{"nombre":null,"tipo":null},"geometry":{"type":"LineString","coordinates":[[-70.147,-35.3738],[-70.1622,-35.3633]]}},{"type":"Feature","properties":{"nombre":null,"tipo":null},"geometry":{"type":"LineString","coordinates":[[-69.9743,-35.3858],[-69.9789,-35.3776]]}},{"type":"Feature","properties":{"nombre":null,"tipo":null},"geometry":{"type":"LineString","coordinates":[[-69.9923,-35.3753],[-69.992,-35.381],[-69.9862,-35.3853],[-69.9743,-35.3858]]}},{"type":"Feature","properties":{"nombre":null,"tipo":null},"geometry":{"type":"LineString","coordinates":[[-69.9129,-35.3874],[-69.9257,-35.3863],[-69.9408,-35.3949],[-69.9548,-35.3855],[-69.9743,-35.3858]]}},{"type":"Feature","properties":{"nombre":null,"tipo":null},"geometry":{"type":"LineString","coordinates":[[-69.6115,-35.5088],[-69.6097,-35.4809],[-69.6015,-35.4798],[-69.6026,-35.4668]]}},{"type":"Feature","properties":{"nombre":null,"tipo":null},"geometry":{"type":"LineString","coordinates":[[-70.1054,-35.3519],[-70.0991,-35.3509],[-70.0878,-35.3589],[-70.0843,-35.3789],[-70.0743,-35.3933]]}},{"type":"Feature","properties":{"nombre":null,"tipo":null},"geometry":{"type":"LineString","coordinates":[[-69.7843,-35.421],[-69.7481,-35.4212]]}},{"type":"Feature","properties":{"nombre":null,"tipo":null},"geometry":{"type":"LineString","coordinates":[[-69.9743,-35.3858],[-69.9774,-35.3869],[-69.9752,-35.3904],[-69.9779,-35.4052],[-69.9874,-35.4117]]}},{"type":"Feature","properties":{"nombre":null,"tipo":null},"geometry":{"type":"LineString","coordinates":[[-69.7838,-35.4485],[-69.7562,-35.4442],[-69.7445,-35.4385],[-69.7369,-35.4299],[-69.7228,-35.4289]]}},{"type":"Feature","properties":{"nombre":null,"tipo":null},"geometry":{"type":"LineString","coordinates":[[-70.3573,-35.3897],[-70.3557,-35.4067],[-70.3508,-35.4123],[-70.3512,-35.4216]]}},{"type":"Feature","properties":{"nombre":null,"tipo":null},"geometry":{"type":"LineString","coordinates":[[-69.884,-35.4295],[-69.8998,-35.452]]}},{"type":"Feature","properties":{"nombre":null,"tipo":null},"geometry":{"type":"LineString","coordinates":[[-70.1225,-35.4165],[-70.1261,-35.426],[-70.1443,-35.4428]]}},{"type":"Feature","properties":{"nombre":null,"tipo":null},"geometry":{"type":"LineString","coordinates":[[-69.9432,-35.4694],[-69.937,-35.449],[-69.9322,-35.4477],[-69.9311,-35.4434]]}},{"type":"Feature","properties":{"nombre":null,"tipo":null},"geometry":{"type":"LineString","coordinates":[[-69.9185,-35.4739],[-69.8945,-35.4765],[-69.8989,-35.468],[-69.9037,-35.467],[-69.9112,-35.4581]]}},{"type":"Feature","properties":{"nombre":null,"tipo":null},"geometry":{"type":"LineString","coordinates":[[-70.1831,-35.4609],[-70.1558,-35.467]]}},{"type":"Feature","properties":{"nombre":null,"tipo":null},"geometry":{"type":"LineString","coordinates":[[-69.2045,-35.53],[-69.2158,-35.5285],[-69.2205,-35.523],[-69.2385,-35.5158],[-69.2386,-35.507],[-69.2517,-35.5024],[-69.2541,-35.4927],[-69.2678,-35.4946]]}},{"type":"Feature","properties":{"nombre":null,"tipo":null},"geometry":{"type":"LineString","coordinates":[[-69.9632,-35.4727],[-69.9607,-35.4807],[-69.9559,-35.4792],[-69.9497,-35.4838],[-69.9189,-35.4883],[-69.9075,-35.4955],[-69.8726,-35.496],[-69.8636,-35.4991]]}},{"type":"Feature","properties":{"nombre":null,"tipo":null},"geometry":{"type":"LineString","coordinates":[[-69.3469,-35.496],[-69.3704,-35.5079],[-69.3785,-35.5169],[-69.3793,-35.5222],[-69.3926,-35.5231],[-69.3954,-35.5267],[-69.4139,-35.5318],[-69.4293,-35.5472],[-69.4433,-35.5442],[-69.4533,-35.5487]]}},{"type":"Feature","properties":{"nombre":null,"tipo":null},"geometry":{"type":"LineString","coordinates":[[-70.2315,-35.5162],[-70.2157,-35.5096],[-70.2058,-35.4959]]}},{"type":"Feature","properties":{"nombre":null,"tipo":null},"geometry":{"type":"LineString","coordinates":[[-69.7835,-35.5097],[-69.7897,-35.5254],[-69.7999,-35.5305],[-69.7992,-35.5352],[-69.8099,-35.5491]]}},{"type":"Feature","properties":{"nombre":null,"tipo":null},"geometry":{"type":"LineString","coordinates":[[-70.0803,-35.5014],[-70.0844,-35.5148],[-70.1076,-35.5252],[-70.1137,-35.5325],[-70.1068,-35.5171],[-70.111,-35.514],[-70.1126,-35.5033]]}},{"type":"Feature","properties":{"nombre":null,"tipo":null},"geometry":{"type":"LineString","coordinates":[[-69.5815,-35.5502],[-69.5628,-35.5683],[-69.5544,-35.5723],[-69.555,-35.5781],[-69.5457,-35.592]]}},{"type":"Feature","properties":{"nombre":null,"tipo":null},"geometry":{"type":"LineString","coordinates":[[-69.7781,-35.5567],[-69.7636,-35.5588],[-69.7474,-35.5557],[-69.7438,-35.5612],[-69.7135,-35.5689]]}},{"type":"Feature","properties":{"nombre":null,"tipo":null},"geometry":{"type":"LineString","coordinates":[[-69.7649,-35.5941],[-69.7606,-35.5955],[-69.7563,-35.588],[-69.7483,-35.5845],[-69.7376,-35.5863],[-69.7302,-35.5838],[-69.7135,-35.5689]]}},{"type":"Feature","properties":{"nombre":"Arroyo Mora","tipo":"Arroyo"},"geometry":{"type":"LineString","coordinates":[[-70.3833,-35.5264],[-70.3706,-35.5388],[-70.3441,-35.5412],[-70.33,-35.5463],[-70.2837,-35.549],[-70.2764,-35.5561]]}},{"type":"Feature","properties":{"nombre":null,"tipo":null},"geometry":{"type":"LineString","coordinates":[[-69.8157,-35.5665],[-69.793,-35.5828],[-69.7717,-35.5849],[-69.769,-35.5928]]}},{"type":"Feature","properties":{"nombre":null,"tipo":null},"geometry":{"type":"LineString","coordinates":[[-70.2158,-35.5673],[-70.1966,-35.5551]]}},{"type":"Feature","properties":{"nombre":null,"tipo":null},"geometry":{"type":"LineString","coordinates":[[-69.8171,-35.6075],[-69.7998,-35.5997],[-69.78,-35.5995],[-69.7649,-35.5941]]}},{"type":"Feature","properties":{"nombre":null,"tipo":null},"geometry":{"type":"LineString","coordinates":[[-70.3109,-35.5569],[-70.3303,-35.5658],[-70.334,-35.5727],[-70.3444,-35.5773]]}},{"type":"Feature","properties":{"nombre":null,"tipo":null},"geometry":{"type":"LineString","coordinates":[[-70.0751,-35.5994],[-70.0856,-35.5948],[-70.0854,-35.5871],[-70.1013,-35.5737],[-70.1197,-35.5758]]}},{"type":"Feature","properties":{"nombre":null,"tipo":null},"geometry":{"type":"LineString","coordinates":[[-69.8618,-35.6084],[-69.8592,-35.5964],[-69.8645,-35.588],[-69.8719,-35.5833],[-69.8718,-35.5776]]}},{"type":"Feature","properties":{"nombre":null,"tipo":null},"geometry":{"type":"LineString","coordinates":[[-69.8412,-35.6103],[-69.82,-35.5936],[-69.7896,-35.5872],[-69.7754,-35.5884],[-69.769,-35.5928]]}},{"type":"Feature","properties":{"nombre":null,"tipo":null},"geometry":{"type":"LineString","coordinates":[[-70.3855,-35.578],[-70.3768,-35.568],[-70.3776,-35.555],[-70.3825,-35.5489],[-70.3858,-35.5484],[-70.3935,-35.555],[-70.3993,-35.5537],[-70.4019,-35.5578],[-70.4091,-35.5567]]}},{"type":"Feature","properties":{"nombre":null,"tipo":null},"geometry":{"type":"LineString","coordinates":[[-69.7839,-35.6226],[-69.7705,-35.6159]]}},{"type":"Feature","properties":{"nombre":null,"tipo":null},"geometry":{"type":"LineString","coordinates":[[-69.7839,-35.6226],[-69.796,-35.6157],[-69.8057,-35.6192],[-69.8311,-35.6201]]}},{"type":"Feature","properties":{"nombre":null,"tipo":null},"geometry":{"type":"LineString","coordinates":[[-69.9374,-35.6101],[-69.9327,-35.6255]]}},{"type":"Feature","properties":{"nombre":null,"tipo":null},"geometry":{"type":"LineString","coordinates":[[-69.9222,-35.6273],[-69.9196,-35.6186],[-69.9248,-35.6118],[-69.9316,-35.6093],[-69.9304,-35.6059],[-69.9335,-35.6037]]}},{"type":"Feature","properties":{"nombre":null,"tipo":null},"geometry":{"type":"LineString","coordinates":[[-69.9669,-35.7462],[-69.9626,-35.7537],[-69.9488,-35.7596]]}},{"type":"Feature","properties":{"nombre":null,"tipo":null},"geometry":{"type":"LineString","coordinates":[[-69.1488,-35.6758],[-69.1675,-35.6715],[-69.1799,-35.6635],[-69.189,-35.6686],[-69.1995,-35.6699],[-69.2211,-35.661],[-69.2583,-35.6587]]}},{"type":"Feature","properties":{"nombre":null,"tipo":null},"geometry":{"type":"LineString","coordinates":[[-69.2555,-35.6674],[-69.246,-35.6738],[-69.2386,-35.6691],[-69.2162,-35.668]]}},{"type":"Feature","properties":{"nombre":null,"tipo":null},"geometry":{"type":"LineString","coordinates":[[-69.8311,-35.6407],[-69.8241,-35.6439],[-69.8083,-35.6389],[-69.7972,-35.6281],[-69.7839,-35.6226]]}},{"type":"Feature","properties":{"nombre":null,"tipo":null},"geometry":{"type":"LineString","coordinates":[[-69.7255,-35.6789],[-69.7476,-35.6508],[-69.7564,-35.648],[-69.774,-35.6346]]}},{"type":"Feature","properties":{"nombre":null,"tipo":null},"geometry":{"type":"LineString","coordinates":[[-69.2328,-35.6805],[-69.2262,-35.6876],[-69.2253,-35.6966],[-69.2075,-35.6994]]}},{"type":"Feature","properties":{"nombre":null,"tipo":null},"geometry":{"type":"LineString","coordinates":[[-70.2006,-35.6494],[-70.2163,-35.6315],[-70.2245,-35.632],[-70.2283,-35.6372],[-70.2469,-35.6366]]}},{"type":"Feature","properties":{"nombre":null,"tipo":null},"geometry":{"type":"LineString","coordinates":[[-69.2075,-35.6994],[-69.2076,-35.7047],[-69.2151,-35.7079]]}},{"type":"Feature","properties":{"nombre":null,"tipo":null},"geometry":{"type":"LineString","coordinates":[[-69.2075,-35.6994],[-69.1992,-35.7015],[-69.1894,-35.714],[-69.1691,-35.7165],[-69.1651,-35.7036],[-69.1702,-35.6928],[-69.1913,-35.6933],[-69.1949,-35.6888],[-69.1914,-35.6858],[-69.1786,-35.6857],[-69.1549,-35.6799]]}},{"type":"Feature","properties":{"nombre":null,"tipo":null},"geometry":{"type":"LineString","coordinates":[[-69.5973,-35.8928],[-69.6044,-35.8772],[-69.6108,-35.8716],[-69.655,-35.859]]}},{"type":"Feature","properties":{"nombre":null,"tipo":null},"geometry":{"type":"LineString","coordinates":[[-69.8013,-35.689],[-69.7931,-35.6851],[-69.7885,-35.6738],[-69.7912,-35.6694],[-69.8069,-35.6856]]}},{"type":"Feature","properties":{"nombre":null,"tipo":null},"geometry":{"type":"LineString","coordinates":[[-69.1477,-35.7179],[-69.1406,-35.7267]]}},{"type":"Feature","properties":{"nombre":null,"tipo":null},"geometry":{"type":"LineString","coordinates":[[-70.0185,-35.6669],[-70.0383,-35.6799],[-70.0519,-35.6825],[-70.0578,-35.6948],[-70.0547,-35.7025],[-70.0609,-35.7086],[-70.0625,-35.7158]]}},{"type":"Feature","properties":{"nombre":null,"tipo":null},"geometry":{"type":"LineString","coordinates":[[-69.877,-35.6974],[-69.8646,-35.6855],[-69.867,-35.6783]]}},{"type":"Feature","properties":{"nombre":null,"tipo":null},"geometry":{"type":"LineString","coordinates":[[-69.867,-35.6783],[-69.898,-35.6968]]}},{"type":"Feature","properties":{"nombre":null,"tipo":null},"geometry":{"type":"LineString","coordinates":[[-69.1406,-35.7267],[-69.1516,-35.7378],[-69.1634,-35.7399],[-69.1777,-35.7389],[-69.2018,-35.7284]]}},{"type":"Feature","properties":{"nombre":null,"tipo":null},"geometry":{"type":"LineString","coordinates":[[-70.3295,-35.6921],[-70.3435,-35.6872],[-70.3498,-35.6908],[-70.3693,-35.6845]]}},{"type":"Feature","properties":{"nombre":null,"tipo":null},"geometry":{"type":"LineString","coordinates":[[-70.3367,-35.6427],[-70.3295,-35.663],[-70.3318,-35.6835],[-70.3289,-35.689],[-70.3235,-35.6898],[-70.3187,-35.6936],[-70.3295,-35.6921]]}},{"type":"Feature","properties":{"nombre":null,"tipo":null},"geometry":{"type":"LineString","coordinates":[[-69.1406,-35.7267],[-69.1283,-35.7342],[-69.1241,-35.7433],[-69.1347,-35.7563],[-69.1499,-35.759]]}},{"type":"Feature","properties":{"nombre":null,"tipo":null},"geometry":{"type":"LineString","coordinates":[[-70.0684,-35.685],[-70.0901,-35.714],[-70.0974,-35.731]]}},{"type":"Feature","properties":{"nombre":null,"tipo":null},"geometry":{"type":"LineString","coordinates":[[-69.9507,-35.7182],[-69.9315,-35.7273],[-69.9072,-35.7221],[-69.9006,-35.7244],[-69.8863,-35.7187],[-69.8778,-35.7205]]}},{"type":"Feature","properties":{"nombre":null,"tipo":null},"geometry":{"type":"LineString","coordinates":[[-69.6065,-35.7204],[-69.5946,-35.7363],[-69.58,-35.7464],[-69.5682,-35.7491],[-69.5417,-35.7465],[-69.5187,-35.7393]]}},{"type":"Feature","properties":{"nombre":null,"tipo":null},"geometry":{"type":"LineString","coordinates":[[-70.3295,-35.6921],[-70.3528,-35.7004],[-70.3649,-35.7084]]}},{"type":"Feature","properties":{"nombre":null,"tipo":null},"geometry":{"type":"LineString","coordinates":[[-69.78,-35.7187],[-69.774,-35.7273],[-69.7776,-35.7432],[-69.7758,-35.7462],[-69.7709,-35.742],[-69.7579,-35.7404],[-69.7517,-35.7227],[-69.7381,-35.7068],[-69.7392,-35.6955]]}},{"type":"Feature","properties":{"nombre":"Arroyo Los Menucos","tipo":"Arroyo"},"geometry":{"type":"LineString","coordinates":[[-70.1871,-35.7024],[-70.1991,-35.6975],[-70.2477,-35.7096],[-70.2549,-35.7179],[-70.2774,-35.7261]]}},{"type":"Feature","properties":{"nombre":null,"tipo":null},"geometry":{"type":"LineString","coordinates":[[-70.0625,-35.7158],[-70.0746,-35.7227],[-70.0858,-35.7212],[-70.092,-35.7303],[-70.1007,-35.7323],[-70.1043,-35.7398],[-70.1087,-35.7416],[-70.1071,-35.7438]]}},{"type":"Feature","properties":{"nombre":null,"tipo":null},"geometry":{"type":"LineString","coordinates":[[-70.1683,-35.7267],[-70.1745,-35.7367]]}},{"type":"Feature","properties":{"nombre":null,"tipo":null},"geometry":{"type":"LineString","coordinates":[[-70.1745,-35.7367],[-70.1791,-35.7397],[-70.1954,-35.7324],[-70.216,-35.7322],[-70.2265,-35.729]]}},{"type":"Feature","properties":{"nombre":null,"tipo":null},"geometry":{"type":"LineString","coordinates":[[-69.515,-35.8576],[-69.5059,-35.8415],[-69.5078,-35.8373],[-69.5046,-35.8288],[-69.4916,-35.8184],[-69.486,-35.8014],[-69.5022,-35.815],[-69.524,-35.8147],[-69.5392,-35.8205]]}},{"type":"Feature","properties":{"nombre":null,"tipo":null},"geometry":{"type":"LineString","coordinates":[[-69.5475,-35.8568],[-69.5518,-35.8503],[-69.5538,-35.8353],[-69.5519,-35.8305],[-69.5392,-35.8205]]}},{"type":"Feature","properties":{"nombre":"Arroyo Trolón","tipo":"Arroyo"},"geometry":{"type":"LineString","coordinates":[[-70.218,-35.6773],[-70.228,-35.6807],[-70.2327,-35.6886],[-70.2378,-35.6894],[-70.2416,-35.6985],[-70.2551,-35.7024],[-70.2642,-35.7112],[-70.2932,-35.7196],[-70.305,-35.7321],[-70.3118,-35.7342]]}},{"type":"Feature","properties":{"nombre":null,"tipo":null},"geometry":{"type":"LineString","coordinates":[[-70.3625,-35.7269],[-70.3474,-35.7335],[-70.3296,-35.7302],[-70.3118,-35.7342]]}},{"type":"Feature","properties":{"nombre":null,"tipo":null},"geometry":{"type":"LineString","coordinates":[[-70.1745,-35.7367],[-70.1765,-35.7424],[-70.1821,-35.7438],[-70.2087,-35.7382],[-70.2345,-35.739],[-70.2407,-35.742],[-70.2537,-35.7392]]}},{"type":"Feature","properties":{"nombre":null,"tipo":null},"geometry":{"type":"LineString","coordinates":[[-69.9005,-35.7616],[-69.8875,-35.7513],[-69.8835,-35.7434],[-69.8751,-35.7399],[-69.8687,-35.7274]]}},{"type":"Feature","properties":{"nombre":null,"tipo":null},"geometry":{"type":"LineString","coordinates":[[-69.6648,-35.7464],[-69.6641,-35.7711],[-69.6688,-35.7831],[-69.6675,-35.7901],[-69.6784,-35.8128]]}},{"type":"Feature","properties":{"nombre":null,"tipo":null},"geometry":{"type":"LineString","coordinates":[[-70.3142,-35.7661],[-70.302,-35.7599],[-70.2947,-35.7618]]}},{"type":"Feature","properties":{"nombre":null,"tipo":null},"geometry":{"type":"LineString","coordinates":[[-70.1517,-35.7703],[-70.1433,-35.7777],[-70.1159,-35.772],[-70.1013,-35.7748],[-70.0909,-35.7731]]}},{"type":"Feature","properties":{"nombre":null,"tipo":null},"geometry":{"type":"LineString","coordinates":[[-70.3168,-35.7739],[-70.305,-35.7704],[-70.2947,-35.7618]]}},{"type":"Feature","properties":{"nombre":null,"tipo":null},"geometry":{"type":"LineString","coordinates":[[-69.6784,-35.8128],[-69.6586,-35.8056],[-69.648,-35.795]]}},{"type":"Feature","properties":{"nombre":null,"tipo":null},"geometry":{"type":"LineString","coordinates":[[-69.5589,-35.8079],[-69.5559,-35.8157],[-69.5392,-35.8205]]}},{"type":"Feature","properties":{"nombre":null,"tipo":null},"geometry":{"type":"LineString","coordinates":[[-70.3118,-35.7342],[-70.3148,-35.7376],[-70.3132,-35.7477],[-70.3258,-35.758],[-70.3344,-35.7594],[-70.3373,-35.78],[-70.3457,-35.789],[-70.355,-35.7933]]}},{"type":"Feature","properties":{"nombre":null,"tipo":null},"geometry":{"type":"LineString","coordinates":[[-69.7833,-35.8374],[-69.7923,-35.8295],[-69.8025,-35.8132],[-69.8088,-35.7822]]}},{"type":"Feature","properties":{"nombre":null,"tipo":null},"geometry":{"type":"LineString","coordinates":[[-69.6048,-35.8495],[-69.5827,-35.8701],[-69.5782,-35.8952]]}},{"type":"Feature","properties":{"nombre":null,"tipo":null},"geometry":{"type":"LineString","coordinates":[[-70.0473,-35.8404],[-70.0398,-35.8304],[-70.0402,-35.8238]]}},{"type":"Feature","properties":{"nombre":null,"tipo":null},"geometry":{"type":"LineString","coordinates":[[-69.515,-35.8576],[-69.5228,-35.8621],[-69.5415,-35.864],[-69.5423,-35.8692],[-69.5532,-35.88]]}},{"type":"Feature","properties":{"nombre":null,"tipo":null},"geometry":{"type":"LineString","coordinates":[[-69.9341,-35.8669],[-69.9376,-35.8531],[-69.9339,-35.8436],[-69.935,-35.834],[-69.9324,-35.821],[-69.922,-35.8067]]}},{"type":"Feature","properties":{"nombre":null,"tipo":null},"geometry":{"type":"LineString","coordinates":[[-70.1362,-35.861],[-70.1187,-35.8575],[-70.1014,-35.8462],[-70.1068,-35.8575]]}},{"type":"Feature","properties":{"nombre":null,"tipo":null},"geometry":{"type":"LineString","coordinates":[[-70.0839,-35.8593],[-70.0473,-35.8404]]}},{"type":"Feature","properties":{"nombre":null,"tipo":null},"geometry":{"type":"LineString","coordinates":[[-69.8824,-35.822],[-69.8842,-35.8285],[-69.8931,-35.8372],[-69.8885,-35.8621],[-69.89,-35.8708]]}},{"type":"Feature","properties":{"nombre":null,"tipo":null},"geometry":{"type":"LineString","coordinates":[[-70.0242,-35.8682],[-70.0461,-35.8605],[-70.0519,-35.852],[-70.0511,-35.8458]]}},{"type":"Feature","properties":{"nombre":null,"tipo":null},"geometry":{"type":"LineString","coordinates":[[-69.0692,-35.873],[-69.0681,-35.9027],[-69.0727,-35.9159],[-69.081,-35.9188],[-69.0953,-35.915],[-69.0976,-35.9114],[-69.09,-35.9015],[-69.0897,-35.8926],[-69.0943,-35.8829],[-69.0898,-35.8728],[-69.0983,-35.8622],[-69.101,-35.8516],[-69.1061,-35.8475],[-69.121,-35.8485],[-69.1384,-35.8191],[-69.1628,-35.8114],[-69.1485,-35.8059],[-69.1719,-35.7998],[-69.175,-35.7964],[-69.1738,-35.7924],[-69.1599,-35.7838],[-69.1645,-35.7745],[-69.1627,-35.757],[-69.1791,-35.7481],[-69.1911,-35.7343],[-69.2298,-35.7209],[-69.2463,-35.6975],[-69.2601,-35.6847]]}},{"type":"Feature","properties":{"nombre":null,"tipo":null},"geometry":{"type":"LineString","coordinates":[[-69.813,-35.8816],[-69.8032,-35.8659],[-69.8067,-35.861]]}},{"type":"Feature","properties":{"nombre":null,"tipo":null},"geometry":{"type":"LineString","coordinates":[[-69.6867,-35.882],[-69.6551,-35.8913],[-69.6433,-35.8896]]}},{"type":"Feature","properties":{"nombre":null,"tipo":null},"geometry":{"type":"LineString","coordinates":[[-70.1115,-35.8711],[-70.1081,-35.8677],[-70.1068,-35.8575]]}},{"type":"Feature","properties":{"nombre":null,"tipo":null},"geometry":{"type":"LineString","coordinates":[[-69.5422,-35.9046],[-69.5341,-35.8983],[-69.5328,-35.8937],[-69.5232,-35.8897],[-69.5136,-35.8804],[-69.5097,-35.8714],[-69.515,-35.8576]]}},{"type":"Feature","properties":{"nombre":null,"tipo":null},"geometry":{"type":"LineString","coordinates":[[-69.8406,-35.8957],[-69.828,-35.8918],[-69.813,-35.8816]]}},{"type":"Feature","properties":{"nombre":null,"tipo":null},"geometry":{"type":"LineString","coordinates":[[-70.1384,-35.8785],[-70.1317,-35.8707],[-70.1068,-35.8575]]}},{"type":"Feature","properties":{"nombre":null,"tipo":null},"geometry":{"type":"LineString","coordinates":[[-69.8331,-35.902],[-69.8149,-35.8937],[-69.813,-35.8816]]}},{"type":"Feature","properties":{"nombre":null,"tipo":null},"geometry":{"type":"LineString","coordinates":[[-70.1443,-35.9582],[-70.1112,-35.9503],[-70.0981,-35.952]]}},{"type":"Feature","properties":{"nombre":"Arroyo Turbio","tipo":"Arroyo"},"geometry":{"type":"LineString","coordinates":[[-70.3167,-35.8434],[-70.316,-35.8561],[-70.3019,-35.8641],[-70.2804,-35.8688],[-70.2639,-35.868],[-70.2475,-35.8755],[-70.2451,-35.8793]]}},{"type":"Feature","properties":{"nombre":null,"tipo":null},"geometry":{"type":"LineString","coordinates":[[-70.1351,-35.8861],[-70.1276,-35.8837],[-70.1115,-35.8711]]}},{"type":"Feature","properties":{"nombre":null,"tipo":null},"geometry":{"type":"LineString","coordinates":[[-69.5603,-35.9258],[-69.5461,-35.9212]]}},{"type":"Feature","properties":{"nombre":null,"tipo":null},"geometry":{"type":"LineString","coordinates":[[-69.5575,-35.9157],[-69.5603,-35.9258]]}},{"type":"Feature","properties":{"nombre":null,"tipo":null},"geometry":{"type":"LineString","coordinates":[[-69.6018,-35.9241],[-69.5902,-35.9147]]}},{"type":"Feature","properties":{"nombre":null,"tipo":null},"geometry":{"type":"LineString","coordinates":[[-69.5699,-35.9154],[-69.5739,-35.9192],[-69.5932,-35.9246],[-69.6018,-35.9241]]}},{"type":"Feature","properties":{"nombre":null,"tipo":null},"geometry":{"type":"LineString","coordinates":[[-69.6136,-35.9313],[-69.6018,-35.9241]]}},{"type":"Feature","properties":{"nombre":null,"tipo":null},"geometry":{"type":"LineString","coordinates":[[-69.6088,-35.9076],[-69.6153,-35.9209],[-69.6136,-35.9313]]}},{"type":"Feature","properties":{"nombre":null,"tipo":null},"geometry":{"type":"LineString","coordinates":[[-69.6578,-35.906],[-69.6673,-35.9076],[-69.6783,-35.9045],[-69.6897,-35.9067],[-69.7093,-35.9038],[-69.7309,-35.9109],[-69.7341,-35.9246]]}},{"type":"Feature","properties":{"nombre":null,"tipo":null},"geometry":{"type":"LineString","coordinates":[[-69.911,-35.8732],[-69.9224,-35.8776],[-69.9306,-35.9135]]}},{"type":"Feature","properties":{"nombre":null,"tipo":null},"geometry":{"type":"LineString","coordinates":[[-70.1134,-35.9039],[-70.1079,-35.897],[-70.1054,-35.8869],[-70.1097,-35.8833],[-70.1115,-35.8711]]}},{"type":"Feature","properties":{"nombre":null,"tipo":null},"geometry":{"type":"LineString","coordinates":[[-69.944,-35.9154],[-69.9477,-35.9039],[-69.9653,-35.8882]]}},{"type":"Feature","properties":{"nombre":null,"tipo":null},"geometry":{"type":"LineString","coordinates":[[-69.6136,-35.9313],[-69.6164,-35.946]]}},{"type":"Feature","properties":{"nombre":null,"tipo":null},"geometry":{"type":"LineString","coordinates":[[-69.6153,-35.9058],[-69.6258,-35.9201],[-69.6245,-35.9332],[-69.6164,-35.946]]}},{"type":"Feature","properties":{"nombre":null,"tipo":null},"geometry":{"type":"LineString","coordinates":[[-70.0357,-35.8995],[-70.0331,-35.9219],[-70.0372,-35.9256]]}},{"type":"Feature","properties":{"nombre":null,"tipo":null},"geometry":{"type":"LineString","coordinates":[[-70.0855,-35.8996],[-70.0738,-35.898],[-70.064,-35.9005],[-70.0592,-35.9131],[-70.0372,-35.9256]]}},{"type":"Feature","properties":{"nombre":null,"tipo":null},"geometry":{"type":"LineString","coordinates":[[-69.6164,-35.946],[-69.6154,-35.948],[-69.6223,-35.9525]]}},{"type":"Feature","properties":{"nombre":null,"tipo":null},"geometry":{"type":"LineString","coordinates":[[-69.8876,-35.9286],[-69.8431,-35.9366],[-69.8357,-35.9409]]}},{"type":"Feature","properties":{"nombre":null,"tipo":null},"geometry":{"type":"LineString","coordinates":[[-70.0185,-35.9307],[-70.0073,-35.9286],[-69.9921,-35.9184],[-69.9893,-35.9196]]}},{"type":"Feature","properties":{"nombre":null,"tipo":null},"geometry":{"type":"LineString","coordinates":[[-69.5603,-35.9258],[-69.5788,-35.9311],[-69.5813,-35.9388],[-69.5886,-35.946],[-69.5884,-35.9515],[-69.5978,-35.9571],[-69.5907,-35.9569],[-69.5775,-35.9476],[-69.5721,-35.9492],[-69.57,-35.9468]]}},{"type":"Feature","properties":{"nombre":null,"tipo":null},"geometry":{"type":"LineString","coordinates":[[-70.0412,-35.9318],[-70.0331,-35.9352],[-70.0185,-35.9307]]}},{"type":"Feature","properties":{"nombre":null,"tipo":null},"geometry":{"type":"LineString","coordinates":[[-70.0239,-35.9399],[-70.0185,-35.9307]]}},{"type":"Feature","properties":{"nombre":null,"tipo":null},"geometry":{"type":"LineString","coordinates":[[-69.7934,-35.9558],[-69.7857,-35.9471],[-69.7783,-35.9449],[-69.7597,-35.9309],[-69.7511,-35.9321],[-69.737,-35.9424]]}},{"type":"Feature","properties":{"nombre":null,"tipo":null},"geometry":{"type":"LineString","coordinates":[[-69.4682,-35.9768],[-69.4592,-35.9699],[-69.4295,-35.9623]]}},{"type":"Feature","properties":{"nombre":null,"tipo":null},"geometry":{"type":"LineString","coordinates":[[-69.9841,-35.949],[-69.9713,-35.9512],[-69.964,-35.9559],[-69.9559,-35.9539],[-69.945,-35.9575]]}},{"type":"Feature","properties":{"nombre":null,"tipo":null},"geometry":{"type":"LineString","coordinates":[[-69.8703,-35.9638],[-69.8565,-35.9614],[-69.8585,-35.9681],[-69.8767,-35.9832]]}},{"type":"Feature","properties":{"nombre":null,"tipo":null},"geometry":{"type":"LineString","coordinates":[[-69.9024,-35.9502],[-69.8703,-35.9638]]}},{"type":"Feature","properties":{"nombre":null,"tipo":null},"geometry":{"type":"LineString","coordinates":[[-70.1257,-35.9321],[-70.0993,-35.9476],[-70.0973,-35.9519]]}},{"type":"Feature","properties":{"nombre":null,"tipo":null},"geometry":{"type":"LineString","coordinates":[[-70.0973,-35.9519],[-70.0927,-35.9517],[-70.0678,-35.9317],[-70.0454,-35.9309]]}},{"type":"Feature","properties":{"nombre":null,"tipo":null},"geometry":{"type":"LineString","coordinates":[[-70.0319,-35.9635],[-70.0252,-35.9512],[-70.0239,-35.9399]]}},{"type":"Feature","properties":{"nombre":null,"tipo":null},"geometry":{"type":"LineString","coordinates":[[-70.1727,-35.9602],[-70.1688,-35.9464]]}},{"type":"Feature","properties":{"nombre":null,"tipo":null},"geometry":{"type":"LineString","coordinates":[[-70.184,-35.9547],[-70.1727,-35.9602]]}},{"type":"Feature","properties":{"nombre":null,"tipo":null},"geometry":{"type":"LineString","coordinates":[[-70.0999,-35.9658],[-70.0981,-35.952]]}},{"type":"Feature","properties":{"nombre":null,"tipo":null},"geometry":{"type":"LineString","coordinates":[[-70.0576,-35.9694],[-70.0239,-35.9399]]}},{"type":"Feature","properties":{"nombre":null,"tipo":null},"geometry":{"type":"LineString","coordinates":[[-69.8936,-35.9823],[-69.8703,-35.9638]]}},{"type":"Feature","properties":{"nombre":null,"tipo":null},"geometry":{"type":"LineString","coordinates":[[-69.8344,-35.9836],[-69.8242,-35.9816],[-69.7982,-35.9885],[-69.7854,-35.9878],[-69.7666,-35.98],[-69.7545,-35.9833],[-69.7447,-35.9823],[-69.7376,-35.9995]]}},{"type":"Feature","properties":{"nombre":null,"tipo":null},"geometry":{"type":"LineString","coordinates":[[-69.9906,-35.9564],[-69.9769,-35.9693],[-69.9725,-35.9782],[-69.9583,-35.9812],[-69.9505,-35.9887]]}},{"type":"Feature","properties":{"nombre":null,"tipo":null},"geometry":{"type":"LineString","coordinates":[[-70.1123,-35.9808],[-70.0999,-35.9658]]}},{"type":"Feature","properties":{"nombre":"Arroyo El Pino","tipo":"Arroyo"},"geometry":{"type":"LineString","coordinates":[[-70.3266,-35.9901],[-70.3253,-35.9809],[-70.3204,-35.9767],[-70.2865,-35.972],[-70.2724,-35.9641],[-70.2628,-35.9638],[-70.2594,-35.9578]]}},{"type":"Feature","properties":{"nombre":null,"tipo":null},"geometry":{"type":"LineString","coordinates":[[-70.1727,-35.9602],[-70.1711,-35.9668],[-70.1616,-35.9775],[-70.1634,-35.9925]]}},{"type":"Feature","properties":{"nombre":null,"tipo":null},"geometry":{"type":"LineString","coordinates":[[-70.1634,-35.9925],[-70.1715,-35.9904],[-70.1866,-35.9914],[-70.1909,-35.9949],[-70.2043,-35.9941]]}},{"type":"Feature","properties":{"nombre":"Arroyo Salinas","tipo":"Arroyo"},"geometry":{"type":"LineString","coordinates":[[-70.1466,-36.0],[-70.1634,-35.9925]]}},{"type":"Feature","properties":{"nombre":null,"tipo":null},"geometry":{"type":"LineString","coordinates":[[-70.2394,-36.0],[-70.2332,-35.9901],[-70.2348,-35.9766],[-70.239,-35.9711],[-70.2276,-35.9584]]}},{"type":"Feature","properties":{"nombre":null,"tipo":null},"geometry":{"type":"LineString","coordinates":[[-69.2116,-36.0176],[-69.2055,-36.0393],[-69.2062,-36.0477],[-69.2263,-36.0595],[-69.2383,-36.0527],[-69.2767,-36.0508],[-69.3195,-36.0314]]}},{"type":"Feature","properties":{"nombre":null,"tipo":null},"geometry":{"type":"LineString","coordinates":[[-69.227,-36.2343],[-69.2331,-36.3394]]}},{"type":"Feature","properties":{"nombre":null,"tipo":null},"geometry":{"type":"LineString","coordinates":[[-67.841,-37.9851],[-67.8445,-37.9791],[-67.8378,-37.9769],[-67.8376,-37.9731],[-67.811,-37.9625],[-67.8153,-37.9571],[-67.8092,-37.9523],[-67.8149,-37.9482],[-67.805,-37.9432],[-67.8133,-37.9392],[-67.8033,-37.9357],[-67.8071,-37.9301],[-67.7937,-37.9285],[-67.7925,-37.9255],[-67.799,-37.9248],[-67.797,-37.9221],[-67.7925,-37.9233],[-67.7929,-37.9194],[-67.7807,-37.9139],[-67.7713,-37.9038],[-67.7751,-37.8956]]}},{"type":"Feature","properties":{"nombre":null,"tipo":null},"geometry":{"type":"LineString","coordinates":[[-67.8828,-38.0227],[-67.8797,-38.015],[-67.8726,-38.0149],[-67.8744,-38.0113],[-67.8699,-38.0042],[-67.8576,-38.0022],[-67.8581,-37.9977],[-67.864,-37.994],[-67.8593,-37.9924],[-67.8546,-37.9955],[-67.8525,-37.9879],[-67.8454,-37.9907],[-67.841,-37.9851]]}},{"type":"Feature","properties":{"nombre":null,"tipo":null},"geometry":{"type":"LineString","coordinates":[[-67.6158,-39.1055],[-67.608,-39.104],[-67.6034,-39.0994],[-67.5965,-39.1035]]}},{"type":"Feature","properties":{"nombre":"Río Seco Cinta Roja","tipo":"Río"},"geometry":{"type":"LineString","coordinates":[[-69.5,-36.5383],[-69.4719,-36.5432],[-69.4636,-36.5557],[-69.4663,-36.5768],[-69.4523,-36.5903],[-69.4492,-36.602]]}},{"type":"Feature","properties":{"nombre":"Río Salado","tipo":"Río"},"geometry":{"type":"LineString","coordinates":[[-66.9825,-39.1178],[-67.0179,-39.1049],[-67.0284,-39.105]]}},{"type":"Feature","properties":{"nombre":"Río Salado","tipo":"Río"},"geometry":{"type":"LineString","coordinates":[[-66.9193,-39.1398],[-66.918,-39.1353],[-66.9221,-39.1308],[-66.9405,-39.1296],[-66.9449,-39.132],[-66.9476,-39.1243],[-66.9723,-39.1236],[-66.9757,-39.1203]]}},{"type":"Feature","properties":{"nombre":null,"tipo":null},"geometry":{"type":"LineString","coordinates":[[-70.1792,-34.7966],[-70.1637,-34.7709],[-70.159,-34.7499]]}},{"type":"Feature","properties":{"nombre":"Arroyo Las Lágrimas","tipo":"Arroyo"},"geometry":{"type":"LineString","coordinates":[[-70.159,-34.7499],[-70.1406,-34.7469]]}},{"type":"Feature","properties":{"nombre":"Río Grande","tipo":"Río"},"geometry":{"type":"LineString","coordinates":[[-70.0,-35.8377],[-69.98,-35.8408],[-69.9721,-35.8466]]}},{"type":"Feature","properties":{"nombre":null,"tipo":null},"geometry":{"type":"LineString","coordinates":[[-70.2443,-36.0],[-70.2358,-35.9934]]}},{"type":"Feature","properties":{"nombre":null,"tipo":null},"geometry":{"type":"LineString","coordinates":[[-70.2219,-35.9931],[-70.2339,-35.9908]]}},{"type":"Feature","properties":{"nombre":null,"tipo":null},"geometry":{"type":"LineString","coordinates":[[-70.2578,-35.9438],[-70.25,-35.9434],[-70.2476,-35.9394],[-70.2295,-35.9317]]}},{"type":"Feature","properties":{"nombre":null,"tipo":null},"geometry":{"type":"LineString","coordinates":[[-70.261,-35.9287],[-70.2506,-35.9272],[-70.2295,-35.9317]]}},{"type":"Feature","properties":{"nombre":null,"tipo":null},"geometry":{"type":"LineString","coordinates":[[-70.2295,-35.9317],[-70.2173,-35.932]]}},{"type":"Feature","properties":{"nombre":null,"tipo":null},"geometry":{"type":"LineString","coordinates":[[-70.2088,-35.9398],[-70.2189,-35.9344]]}},{"type":"Feature","properties":{"nombre":null,"tipo":null},"geometry":{"type":"LineString","coordinates":[[-70.29,-35.9296],[-70.2685,-35.9184]]}},{"type":"Feature","properties":{"nombre":null,"tipo":null},"geometry":{"type":"LineString","coordinates":[[-70.2926,-35.9142],[-70.2754,-35.9192],[-70.2685,-35.9184]]}},{"type":"Feature","properties":{"nombre":null,"tipo":null},"geometry":{"type":"LineString","coordinates":[[-70.2685,-35.9184],[-70.2588,-35.9119],[-70.2397,-35.9099],[-70.2348,-35.9053],[-70.2098,-35.9119]]}},{"type":"Feature","properties":{"nombre":null,"tipo":null},"geometry":{"type":"LineString","coordinates":[[-70.1718,-35.9048],[-70.192,-35.9029],[-70.1964,-35.8996]]}},{"type":"Feature","properties":{"nombre":null,"tipo":null},"geometry":{"type":"LineString","coordinates":[[-70.1815,-35.8963],[-70.1938,-35.8924]]}},{"type":"Feature","properties":{"nombre":null,"tipo":null},"geometry":{"type":"LineString","coordinates":[[-70.2065,-35.9851],[-70.188,-35.9919]]}},{"type":"Feature","properties":{"nombre":null,"tipo":null},"geometry":{"type":"LineString","coordinates":[[-70.1937,-35.9905],[-70.2013,-35.9837]]}},{"type":"Feature","properties":{"nombre":null,"tipo":null},"geometry":{"type":"LineString","coordinates":[[-70.1784,-35.9815],[-70.173,-35.9837],[-70.1713,-35.9905]]}},{"type":"Feature","properties":{"nombre":null,"tipo":null},"geometry":{"type":"LineString","coordinates":[[-70.1718,-35.9837],[-70.1631,-35.989]]}},{"type":"Feature","properties":{"nombre":"Río Negro","tipo":"Río"},"geometry":{"type":"LineString","coordinates":[[-67.3407,-39.0952],[-67.3104,-39.0975]]}},{"type":"Feature","properties":{"nombre":"Río Negro","tipo":"Río"},"geometry":{"type":"LineString","coordinates":[[-67.3711,-39.0901],[-67.3487,-39.0939]]}},{"type":"Feature","properties":{"nombre":"Río Negro","tipo":"Río"},"geometry":{"type":"LineString","coordinates":[[-67.3849,-39.0878],[-67.3711,-39.0901]]}},{"type":"Feature","properties":{"nombre":"Río Negro","tipo":"Río"},"geometry":{"type":"LineString","coordinates":[[-67.4194,-39.0821],[-67.3916,-39.0867]]}},{"type":"Feature","properties":{"nombre":"Río Negro","tipo":"Río"},"geometry":{"type":"LineString","coordinates":[[-67.5,-39.0833],[-67.4813,-39.0872],[-67.4696,-39.0817],[-67.4266,-39.0809]]}},{"type":"Feature","properties":{"nombre":"Río Atuel","tipo":"Río"},"geometry":{"type":"LineString","coordinates":[[-69.9048,-34.8574],[-69.8942,-34.872],[-69.8857,-34.8677]]}},{"type":"Feature","properties":{"nombre":"Río Atuel","tipo":"Río"},"geometry":{"type":"LineString","coordinates":[[-69.8857,-34.8677],[-69.8769,-34.8694],[-69.8644,-34.8815],[-69.8366,-34.8935],[-69.8211,-34.9051],[-69.8118,-34.9069],[-69.7376,-34.9509],[-69.7192,-34.9518],[-69.6905,-34.9629],[-69.6797,-34.9718],[-69.6591,-34.9813],[-69.648,-34.9963]]}},{"type":"Feature","properties":{"nombre":"Río Colorado","tipo":"Río"},"geometry":{"type":"LineString","coordinates":[[-67.7646,-37.7227],[-67.7604,-37.7106],[-67.7623,-37.7059],[-67.7593,-37.7052],[-67.7632,-37.7014],[-67.7585,-37.699],[-67.7664,-37.6935],[-67.766,-37.6736],[-67.7927,-37.6461],[-67.8148,-37.6421],[-67.8423,-37.6199],[-67.8599,-37.6171],[-67.888,-37.6074],[-67.9254,-37.6089],[-67.9543,-37.6006],[-67.9707,-37.606],[-68.0,-37.6042]]}},{"type":"Feature","properties":{"nombre":"Río Colorado","tipo":"Río"},"geometry":{"type":"LineString","coordinates":[[-67.7504,-37.7564],[-67.7488,-37.7482],[-67.7558,-37.7485],[-67.7575,-37.7458],[-67.7512,-37.7377],[-67.76,-37.7339],[-67.7726,-37.7126],[-67.7711,-37.7056],[-67.7758,-37.6883],[-67.7719,-37.6808],[-67.7836,-37.672],[-67.7856,-37.6628],[-67.8047,-37.6521],[-67.8145,-37.6514],[-67.8318,-37.6434],[-67.843,-37.6277],[-67.857,-37.6229],[-67.8591,-37.6269],[-67.863,-37.627],[-67.8704,-37.6211],[-67.8844,-37.6194],[-67.8929,-37.6192],[-67.8976,-37.6237],[-67.9058,-37.6228],[-67.9206,-37.616],[-67.9304,-37.6158],[-67.9361,-37.6101],[-67.9541,-37.617],[-67.9573,-37.6123],[-67.9593,-37.615],[-67.9661,-37.6112],[-67.9758,-37.612],[-67.9785,-37.6155],[-67.981,-37.6114],[-67.9869,-37.6133],[-67.9877,-37.6084],[-67.9962,-37.6106],[-68.0,-37.608]]}},{"type":"Feature","properties":{"nombre":"Río Colorado","tipo":"Río"},"geometry":{"type":"LineString","coordinates":[[-67.7647,-37.7227],[-67.7467,-37.7387],[-67.7439,-37.7558],[-67.7464,-37.7584]]}},{"type":"Feature","properties":{"nombre":"Río Colorado","tipo":"Río"},"geometry":{"type":"LineString","coordinates":[[-64.5,-38.8669],[-64.5157,-38.8687],[-64.5222,-38.864],[-64.5233,-38.8588],[-64.5337,-38.8566],[-64.538,-38.8584],[-64.5367,-38.8623],[-64.5396,-38.8638],[-64.5479,-38.8575],[-64.557,-38.8597],[-64.5707,-38.8555],[-64.5941,-38.8578],[-64.6022,-38.8541],[-64.6025,-38.8463],[-64.6064,-38.845],[-64.6296,-38.851],[-64.6336,-38.8436],[-64.6445,-38.8443],[-64.6557,-38.8356],[-64.6729,-38.8315],[-64.6926,-38.8419],[-64.7024,-38.8355],[-64.7184,-38.8394],[-64.7348,-38.8391],[-64.8074,-38.816],[-64.8269,-38.8252],[-64.8448,-38.8268],[-64.8771,-38.8147],[-64.8913,-38.8267],[-64.9239,-38.8312],[-64.9684,-38.8189],[-65.0025,-38.8169],[-65.0194,-38.8117],[-65.0351,-38.8144],[-65.0877,-38.8066],[-65.0949,-38.7989],[-65.1123,-38.7977],[-65.1174,-38.804],[-65.1294,-38.8039],[-65.1306,-38.8104],[-65.1397,-38.8162],[-65.1547,-38.8097],[-65.159,-38.8018],[-65.1651,-38.8004],[-65.1699,-38.8002],[-65.1749,-38.8063],[-65.1925,-38.8083],[-65.186,-38.8271],[-65.1917,-38.8343],[-65.1975,-38.8301],[-65.206,-38.8295],[-65.2167,-38.8361],[-65.2199,-38.8321],[-65.2549,-38.8298],[-65.2655,-38.8203],[-65.2782,-38.8196],[-65.3215,-38.8329],[-65.3369,-38.8435],[-65.3587,-38.8466],[-65.3708,-38.854],[-65.3756,-38.8537],[-65.3815,-38.8496],[-65.3892,-38.8288],[-65.4078,-38.8266],[-65.4161,-38.8199],[-65.4286,-38.8185],[-65.4318,-38.8147],[-65.4554,-38.8132],[-65.4618,-38.8046],[-65.4733,-38.8051],[-65.5036,-38.7952],[-65.5103,-38.7861],[-65.5228,-38.7771],[-65.5607,-38.7793],[-65.5674,-38.7829],[-65.5721,-38.7808],[-65.5734,-38.7747],[-65.581,-38.7725],[-65.6012,-38.7745],[-65.608,-38.7826],[-65.6226,-38.7851],[-65.6239,-38.7874],[-65.6118,-38.7917],[-65.6081,-38.7978],[-65.6176,-38.8064],[-65.6224,-38.802],[-65.6314,-38.8007],[-65.6267,-38.8076],[-65.6312,-38.8165],[-65.6413,-38.8066],[-65.6445,-38.8074],[-65.6491,-38.8124],[-65.6464,-38.8188],[-65.6491,-38.8232],[-65.6887,-38.8316],[-65.6945,-38.831],[-65.6987,-38.8151],[-65.7059,-38.8154],[-65.7115,-38.8229],[-65.7155,-38.8171],[-65.7404,-38.8152],[-65.748,-38.8081],[-65.7535,-38.8141],[-65.7736,-38.8099],[-65.784,-38.8041],[-65.7859,-38.7937],[-65.8007,-38.8043],[-65.8063,-38.8041],[-65.8091,-38.8005],[-65.8029,-38.7929],[-65.8164,-38.7868],[-65.819,-38.7878],[-65.8151,-38.7925],[-65.8165,-38.7956],[-65.8222,-38.7974],[-65.8276,-38.7933],[-65.8302,-38.7857],[-65.8411,-38.7835],[-65.8504,-38.7929],[-65.8625,-38.798],[-65.859,-38.7921],[-65.8607,-38.7896],[-65.881,-38.7881],[-65.8795,-38.7828],[-65.8721,-38.7788],[-65.8749,-38.7756],[-65.8871,-38.7749],[-65.9106,-38.7821],[-65.9098,-38.7632],[-65.9247,-38.7732],[-65.9277,-38.7717],[-65.9223,-38.7681],[-65.9222,-38.7634],[-65.9264,-38.7622],[-65.9385,-38.7682],[-65.9447,-38.7653],[-65.9482,-38.7564],[-65.9417,-38.7497],[-65.9466,-38.7458],[-65.9797,-38.7424],[-65.9932,-38.7454],[-66.0194,-38.7393],[-66.0224,-38.7481],[-66.0326,-38.7493],[-66.0303,-38.7376],[-66.0376,-38.7455],[-66.0429,-38.7467],[-66.055,-38.7406],[-66.0576,-38.7484],[-66.0641,-38.7498],[-66.0767,-38.7399],[-66.0766,-38.7317],[-66.0835,-38.7238],[-66.0933,-38.7289],[-66.1077,-38.7264],[-66.1092,-38.7339],[-66.1154,-38.7356],[-66.1189,-38.7417],[-66.1216,-38.7381],[-66.1204,-38.7318],[-66.1317,-38.737],[-66.1559,-38.7269],[-66.1628,-38.7359],[-66.1766,-38.7437],[-66.1783,-38.7418],[-66.1743,-38.7346],[-66.1807,-38.7289],[-66.1949,-38.7352],[-66.206,-38.7297],[-66.2192,-38.7394],[-66.23,-38.7343],[-66.2466,-38.7343],[-66.2572,-38.742],[-66.2726,-38.7428],[-66.2874,-38.754],[-66.2911,-38.7529],[-66.2899,-38.7439],[-66.3072,-38.741],[-66.3139,-38.7451],[-66.3107,-38.7518],[-66.3116,-38.7593],[-66.3172,-38.7586],[-66.3169,-38.7504],[-66.3229,-38.7464],[-66.3326,-38.7538],[-66.3419,-38.7563],[-66.3588,-38.7425],[-66.3728,-38.7437],[-66.3886,-38.7368],[-66.4055,-38.7422],[-66.404,-38.7322],[-66.4076,-38.7289],[-66.4162,-38.7423],[-66.4448,-38.7436],[-66.4457,-38.7358],[-66.4581,-38.7344],[-66.4623,-38.7297],[-66.4748,-38.7359],[-66.4745,-38.7265],[-66.4876,-38.7273],[-66.4965,-38.7168],[-66.5244,-38.7139],[-66.5386,-38.7192],[-66.5435,-38.7075],[-66.5524,-38.6972],[-66.5566,-38.6953],[-66.5756,-38.6997],[-66.5821,-38.6964],[-66.5776,-38.6898],[-66.5878,-38.6882],[-66.6064,-38.6779],[-66.6067,-38.6742],[-66.5951,-38.6736],[-66.5929,-38.6697],[-66.5929,-38.6637],[-66.5983,-38.6553],[-66.5976,-38.649],[-66.5839,-38.6352],[-66.5769,-38.6216],[-66.5896,-38.614],[-66.5996,-38.5969],[-66.5954,-38.5867],[-66.6044,-38.5809],[-66.603,-38.5722],[-66.6087,-38.563],[-66.6088,-38.557],[-66.6336,-38.555],[-66.6324,-38.5446],[-66.6362,-38.5402],[-66.6518,-38.5328],[-66.658,-38.537],[-66.6632,-38.5364],[-66.6898,-38.5275],[-66.7111,-38.5304],[-66.7117,-38.5218],[-66.7151,-38.5184],[-66.745,-38.5158],[-66.7514,-38.5058],[-66.7642,-38.5027],[-66.785,-38.4787],[-66.8114,-38.4832],[-66.8309,-38.4755],[-66.8534,-38.4737],[-66.8732,-38.4606],[-66.8914,-38.4601],[-66.8961,-38.4421],[-66.9492,-38.451],[-66.9678,-38.4415],[-66.981,-38.4469],[-66.9936,-38.4446],[-67.0022,-38.434],[-67.0063,-38.4223],[-67.03,-38.4136],[-67.0548,-38.4107],[-67.0694,-38.4001],[-67.0906,-38.3971],[-67.1013,-38.3783],[-67.1119,-38.3667],[-67.1167,-38.3543],[-67.1317,-38.3522],[-67.1412,-38.3615],[-67.1457,-38.3606],[-67.1533,-38.352],[-67.1473,-38.3318]]}},{"type":"Feature","properties":{"nombre":"Río Negro","tipo":"Río"},"geometry":{"type":"LineString","coordinates":[[-67.3044,-39.0965],[-67.2901,-39.1002],[-67.2791,-39.0983],[-67.2573,-39.1092],[-67.2274,-39.1113],[-67.2097,-39.0999],[-67.1879,-39.1252],[-67.1352,-39.1583],[-67.1041,-39.168],[-67.0721,-39.1687],[-67.025,-39.1756],[-66.9997,-39.175],[-66.9769,-39.17],[-66.954,-39.159],[-66.9305,-39.1616],[-66.9021,-39.1553],[-66.8941,-39.159],[-66.8654,-39.1599],[-66.8601,-39.1583],[-66.8525,-39.1453],[-66.8353,-39.137],[-66.7976,-39.1399],[-66.7432,-39.1322],[-66.6785,-39.1062],[-66.6234,-39.1025],[-66.5828,-39.0938],[-66.5659,-39.0945],[-66.5413,-39.0972],[-66.5294,-39.1033],[-66.5112,-39.1022],[-66.506,-39.1153],[-66.5,-39.1188],[-66.4766,-39.1175],[-66.4384,-39.121],[-66.4161,-39.114],[-66.4045,-39.1253],[-66.3457,-39.1243],[-66.3132,-39.1415],[-66.2825,-39.1513],[-66.2612,-39.1536],[-66.2538,-39.1602],[-66.259,-39.1633],[-66.2625,-39.1711],[-66.2104,-39.2],[-66.1984,-39.2038],[-66.1851,-39.1998],[-66.1497,-39.205],[-66.1336,-39.2128],[-66.1263,-39.2097],[-66.1273,-39.198],[-66.1146,-39.1978],[-66.1054,-39.2167],[-66.0777,-39.2298],[-66.0262,-39.2364],[-66.0108,-39.2285],[-65.9998,-39.2324],[-65.9966,-39.2397],[-65.9996,-39.2511],[-65.9909,-39.2525],[-65.9781,-39.2424],[-65.9717,-39.243],[-65.9695,-39.2554],[-65.9605,-39.2639],[-65.9499,-39.2698],[-65.9164,-39.2789],[-65.8817,-39.2754],[-65.8691,-39.2782],[-65.862,-39.2767],[-65.8514,-39.2818],[-65.8449,-39.2804],[-65.8446,-39.2722],[-65.8416,-39.2701],[-65.8199,-39.2705],[-65.802,-39.2602],[-65.7972,-39.2612],[-65.7936,-39.2729],[-65.7701,-39.2692],[-65.7571,-39.2602],[-65.7402,-39.2641],[-65.7347,-39.254],[-65.7125,-39.2575],[-65.6923,-39.2672],[-65.6653,-39.3016],[-65.6496,-39.3088],[-65.6568,-39.3193],[-65.656,-39.3226],[-65.639,-39.3269],[-65.6401,-39.3353],[-65.6288,-39.3488],[-65.6374,-39.3578],[-65.62,-39.3666],[-65.622,-39.3698],[-65.6301,-39.3713],[-65.633,-39.3771],[-65.6127,-39.3759],[-65.6057,-39.3826],[-65.5958,-39.3833],[-65.5809,-39.3949],[-65.5924,-39.406],[-65.5715,-39.4088],[-65.5709,-39.4113],[-65.5819,-39.4157],[-65.5874,-39.4258],[-65.5859,-39.4466],[-65.5921,-39.4528],[-65.591,-39.4669],[-65.5827,-39.4727],[-65.5755,-39.473],[-65.5693,-39.471],[-65.5642,-39.4624],[-65.5575,-39.4609],[-65.5553,-39.4628],[-65.5575,-39.4794],[-65.5548,-39.4831],[-65.5468,-39.4869],[-65.5312,-39.4847],[-65.5244,-39.4993],[-65.5217,-39.4991],[-65.5154,-39.4878],[-65.5023,-39.4899],[-65.5061,-39.5084],[-65.4933,-39.5148],[-65.4982,-39.5276],[-65.4848,-39.5317],[-65.4818,-39.5361],[-65.4869,-39.5463],[-65.4724,-39.5498],[-65.4689,-39.5558],[-65.4711,-39.5592],[-65.4877,-39.5632],[-65.4854,-39.5678],[-65.4611,-39.5787],[-65.4635,-39.5834],[-65.4606,-39.5951],[-65.4232,-39.6263],[-65.423,-39.6364],[-65.4167,-39.6441],[-65.4133,-39.6612],[-65.4078,-39.6654],[-65.3919,-39.6671],[-65.3834,-39.6785],[-65.3778,-39.694],[-65.3783,-39.7089],[-65.344,-39.7321],[-65.3507,-39.7511],[-65.3608,-39.758],[-65.3684,-39.779],[-65.3641,-39.7845],[-65.3433,-39.7919],[-65.3418,-39.7975],[-65.3552,-39.7972],[-65.3604,-39.7992],[-65.3619,-39.8033],[-65.3464,-39.8145],[-65.3429,-39.8212],[-65.3357,-39.824],[-65.3189,-39.8294],[-65.299,-39.8276],[-65.2953,-39.8354],[-65.2851,-39.8437],[-65.2779,-39.8594],[-65.2667,-39.8671],[-65.2649,-39.8745],[-65.2581,-39.8815],[-65.2493,-39.8776],[-65.2441,-39.8644],[-65.2404,-39.8624],[-65.2103,-39.8752],[-65.2032,-39.8818],[-65.206,-39.8917],[-65.203,-39.8931],[-65.1345,-39.8911],[-65.1016,-39.8809],[-65.0781,-39.8918],[-65.0581,-39.8957],[-65.0416,-39.8907],[-65.0357,-39.8848],[-64.9664,-39.8989],[-64.8894,-39.9095],[-64.882,-39.9121],[-64.8816,-39.9177],[-64.8871,-39.9223],[-64.8866,-39.9267],[-64.8797,-39.9327],[-64.8774,-39.9427],[-64.8632,-39.9542],[-64.8491,-39.9598],[-64.8407,-39.9676],[-64.8159,-39.9775],[-64.8018,-39.9889],[-64.7552,-40.0097],[-64.7403,-40.0135],[-64.6943,-40.0168],[-64.6961,-40.0278],[-64.6904,-40.0331],[-64.6837,-40.0283],[-64.6785,-40.0191],[-64.6677,-40.0165],[-64.6621,-40.0306],[-64.6391,-40.0338],[-64.6334,-40.0371],[-64.6309,-40.0482],[-64.6228,-40.0477],[-64.6141,-40.0359],[-64.6076,-40.0356],[-64.5983,-40.0428],[-64.5955,-40.0503],[-64.5986,-40.0645],[-64.5826,-40.0697],[-64.5788,-40.0792],[-64.5619,-40.0867],[-64.542,-40.0857],[-64.5314,-40.0806],[-64.5179,-40.0842],[-64.505,-40.081],[-64.4943,-40.085],[-64.4774,-40.0731],[-64.4707,-40.0751],[-64.4654,-40.0838],[-64.4553,-40.0903],[-64.4134,-40.0866],[-64.3996,-40.0941],[-64.3756,-40.086],[-64.3669,-40.0878],[-64.3569,-40.0986],[-64.3365,-40.091],[-64.3126,-40.1012],[-64.2989,-40.1017],[-64.2853,-40.1086],[-64.2644,-40.1129],[-64.2573,-40.1225],[-64.2586,-40.1341],[-64.2215,-40.1533],[-64.2087,-40.1704],[-64.1864,-40.1656],[-64.1746,-40.1744],[-64.1632,-40.1903],[-64.1358,-40.2122],[-64.1362,-40.2218],[-64.132,-40.2265],[-64.1238,-40.2266],[-64.1191,-40.2189],[-64.1101,-40.218],[-64.0969,-40.2274],[-64.0808,-40.2217],[-64.0717,-40.224],[-64.0644,-40.2365],[-64.0785,-40.2501],[-64.0841,-40.2649],[-64.0936,-40.276],[-64.0922,-40.2808],[-64.0603,-40.2813],[-64.0447,-40.2869],[-64.0295,-40.2843],[-64.0196,-40.2872],[-64.0134,-40.2982],[-63.9986,-40.3036],[-63.9824,-40.317],[-63.9291,-40.3203],[-63.9122,-40.3322],[-63.8957,-40.3379],[-63.9024,-40.3565],[-63.9015,-40.3615],[-63.8792,-40.3581],[-63.8693,-40.3644],[-63.8528,-40.4],[-63.8537,-40.4054],[-63.8481,-40.4106],[-63.8303,-40.4149],[-63.8339,-40.431],[-63.8154,-40.4372],[-63.8056,-40.4496],[-63.7882,-40.4544],[-63.7639,-40.4552],[-63.7058,-40.4503],[-63.6519,-40.4725],[-63.65,-40.4835],[-63.634,-40.4854],[-63.6086,-40.5049],[-63.5961,-40.5063],[-63.5771,-40.5181],[-63.5739,-40.5378],[-63.571,-40.5408],[-63.5572,-40.5483],[-63.5467,-40.5455],[-63.5423,-40.5509],[-63.5579,-40.5607],[-63.5564,-40.5676],[-63.5456,-40.5729],[-63.5357,-40.5841],[-63.5305,-40.584],[-63.5242,-40.5786],[-63.5158,-40.5789],[-63.5154,-40.5854],[-63.5235,-40.5951],[-63.5192,-40.6062],[-63.4864,-40.629],[-63.4719,-40.6465],[-63.4839,-40.6589],[-63.4745,-40.6571],[-63.4677,-40.6654],[-63.4585,-40.6677],[-63.4486,-40.6641],[-63.443,-40.6653],[-63.44,-40.6683],[-63.4451,-40.6779],[-63.4436,-40.6842],[-63.4385,-40.6844],[-63.4302,-40.6781],[-63.4212,-40.6795],[-63.4246,-40.6988],[-63.4159,-40.7049],[-63.4032,-40.7029],[-63.3951,-40.7084],[-63.3825,-40.711],[-63.3599,-40.7024],[-63.3307,-40.7103],[-63.3088,-40.7067],[-63.2995,-40.7106],[-63.2973,-40.7234],[-63.2935,-40.7257],[-63.1987,-40.7217],[-63.1597,-40.7302],[-63.1159,-40.7494],[-63.1063,-40.7581],[-63.0409,-40.7765],[-63.0253,-40.7933],[-62.993,-40.8002],[-62.9864,-40.8047],[-62.9826,-40.8141],[-62.9585,-40.8177],[-62.9467,-40.8285],[-62.9414,-40.8415],[-62.926,-40.85],[-62.9168,-40.8694],[-62.8798,-40.8937],[-62.8404,-40.9471],[-62.8247,-40.9599],[-62.7899,-41.0248]]}},{"type":"Feature","properties":{"nombre":"Arroyo Poñihue","tipo":"Arroyo"},"geometry":{"type":"LineString","coordinates":[[-70.2515,-36.8216],[-70.2305,-36.8289],[-70.2113,-36.8259]]}},{"type":"Feature","properties":{"nombre":null,"tipo":null},"geometry":{"type":"LineString","coordinates":[[-70.8818,-37.2411],[-70.8799,-37.2363],[-70.8848,-37.2232]]}},{"type":"Feature","properties":{"nombre":null,"tipo":null},"geometry":{"type":"LineString","coordinates":[[-69.2557,-38.849],[-69.2537,-38.8441],[-69.2367,-38.8379],[-69.2205,-38.8455],[-69.2112,-38.8443],[-69.2072,-38.8403]]}},{"type":"Feature","properties":{"nombre":null,"tipo":null},"geometry":{"type":"LineString","coordinates":[[-70.8632,-38.8461],[-70.8768,-38.8514],[-70.8837,-38.8662],[-70.895,-38.8775],[-70.9111,-38.881]]}},{"type":"Feature","properties":{"nombre":"Arroyo Cajón Negro","tipo":"Arroyo"},"geometry":{"type":"LineString","coordinates":[[-70.9811,-36.659],[-70.9687,-36.6501],[-70.9546,-36.6238],[-70.9556,-36.6152]]}},{"type":"Feature","properties":{"nombre":"Arroyo Hueyeltué","tipo":"Arroyo"},"geometry":{"type":"LineString","coordinates":[[-71.4061,-39.7171],[-71.3977,-39.7302]]}},{"type":"Feature","properties":{"nombre":"Arroyo Hueyeltué","tipo":"Arroyo"},"geometry":{"type":"LineString","coordinates":[[-71.4725,-39.6515],[-71.4558,-39.6554],[-71.4405,-39.6667]]}},{"type":"Feature","properties":{"nombre":"Arroyo Pehuenche","tipo":"Arroyo"},"geometry":{"type":"LineString","coordinates":[[-70.8204,-36.4335],[-70.811,-36.4466],[-70.809,-36.4561],[-70.8117,-36.4662],[-70.8026,-36.4718]]}},{"type":"Feature","properties":{"nombre":"Arroyo Rahueco","tipo":"Arroyo"},"geometry":{"type":"LineString","coordinates":[[-70.5527,-37.1429],[-70.5773,-37.1382],[-70.5843,-37.1439]]}},{"type":"Feature","properties":{"nombre":"Arroyo Morro Negro","tipo":"Arroyo"},"geometry":{"type":"LineString","coordinates":[[-70.5,-37.1916],[-70.4937,-37.1936],[-70.4744,-37.1881]]}},{"type":"Feature","properties":{"nombre":null,"tipo":null},"geometry":{"type":"LineString","coordinates":[[-70.4885,-36.7991],[-70.465,-36.819]]}},{"type":"Feature","properties":{"nombre":null,"tipo":null},"geometry":{"type":"LineString","coordinates":[[-71.3254,-39.9955],[-71.3153,-39.9982]]}},{"type":"Feature","properties":{"nombre":"Río Chimehuín","tipo":"Río"},"geometry":{"type":"LineString","coordinates":[[-71.1346,-39.8972],[-71.1222,-39.904]]}},{"type":"Feature","properties":{"nombre":"Río Limay","tipo":"Río"},"geometry":{"type":"LineString","coordinates":[[-69.6162,-39.8347],[-69.604,-39.8309]]}},{"type":"Feature","properties":{"nombre":"Río Chimehuín","tipo":"Río"},"geometry":{"type":"LineString","coordinates":[[-70.9938,-40.0994],[-70.9811,-40.0983]]}},{"type":"Feature","properties":{"nombre":"Arroyo Covunco","tipo":"Arroyo"},"geometry":{"type":"LineString","coordinates":[[-70.0551,-38.7713],[-70.0516,-38.7657],[-70.0468,-38.7668],[-70.0405,-38.7616],[-70.0404,-38.7578],[-70.0303,-38.7488]]}},{"type":"Feature","properties":{"nombre":"Arroyo Pichi Currhué","tipo":"Arroyo"},"geometry":{"type":"LineString","coordinates":[[-71.3723,-39.8304],[-71.3487,-39.8413]]}},{"type":"Feature","properties":{"nombre":null,"tipo":null},"geometry":{"type":"LineString","coordinates":[[-70.533,-37.1206],[-70.5325,-37.1113],[-70.5475,-37.1056]]}},{"type":"Feature","properties":{"nombre":"Arroyo Pichi Picún Leufú","tipo":"Arroyo"},"geometry":{"type":"LineString","coordinates":[[-70.5176,-39.1063],[-70.5037,-39.1124],[-70.5,-39.11]]}},{"type":"Feature","properties":{"nombre":"Arroyo Ruca","tipo":"Arroyo"},"geometry":{"type":"LineString","coordinates":[[-70.1619,-36.0066],[-70.1454,-36.0002]]}},{"type":"Feature","properties":{"nombre":"Arroyo Liu Cullín","tipo":"Arroyo"},"geometry":{"type":"LineString","coordinates":[[-69.8833,-36.0516],[-69.8721,-36.0603]]}},{"type":"Feature","properties":{"nombre":"Arroyo Pilhué","tipo":"Arroyo"},"geometry":{"type":"LineString","coordinates":[[-71.3431,-39.1291],[-71.3296,-39.1326],[-71.3242,-39.1291]]}},{"type":"Feature","properties":{"nombre":"Arroyo Las Canoas","tipo":"Arroyo"},"geometry":{"type":"LineString","coordinates":[[-70.5885,-38.9814],[-70.5768,-38.9786],[-70.5711,-38.9724]]}},{"type":"Feature","properties":{"nombre":"Arroyo Curamileu","tipo":"Arroyo"},"geometry":{"type":"LineString","coordinates":[[-70.7905,-36.7917],[-70.7804,-36.7915]]}},{"type":"Feature","properties":{"nombre":"Arroyo Ranquilco","tipo":"Arroyo"},"geometry":{"type":"LineString","coordinates":[[-70.7224,-38.2267],[-70.716,-38.2189]]}},{"type":"Feature","properties":{"nombre":null,"tipo":null},"geometry":{"type":"LineString","coordinates":[[-71.4741,-39.8016],[-71.4796,-39.8037],[-71.4899,-39.8233],[-71.4846,-39.8273],[-71.4841,-39.8366],[-71.4798,-39.8383]]}},{"type":"Feature","properties":{"nombre":null,"tipo":null},"geometry":{"type":"LineString","coordinates":[[-70.5974,-38.8278],[-70.5975,-38.8316],[-70.5923,-38.836],[-70.584,-38.8344],[-70.5593,-38.8381],[-70.5523,-38.8354]]}},{"type":"Feature","properties":{"nombre":"Río Colorado","tipo":"Río"},"geometry":{"type":"LineString","coordinates":[[-68.7888,-37.3721],[-68.7784,-37.3685]]}},{"type":"Feature","properties":{"nombre":"Río Aluminé","tipo":"Río"},"geometry":{"type":"LineString","coordinates":[[-70.8407,-39.872],[-70.8346,-39.8723],[-70.8347,-39.8758]]}},{"type":"Feature","properties":{"nombre":"Arroyo Pilunchaya","tipo":"Arroyo"},"geometry":{"type":"LineString","coordinates":[[-71.1122,-37.6965],[-71.092,-37.6943]]}},{"type":"Feature","properties":{"nombre":"Arroyo China Muerta","tipo":"Arroyo"},"geometry":{"type":"LineString","coordinates":[[-70.4065,-39.4422],[-70.3979,-39.4477]]}},{"type":"Feature","properties":{"nombre":"Río Colorado","tipo":"Río"},"geometry":{"type":"LineString","coordinates":[[-68.5176,-37.4575],[-68.5035,-37.4548]]}},{"type":"Feature","properties":{"nombre":"Río Collón Curá","tipo":"Río"},"geometry":{"type":"LineString","coordinates":[[-70.6965,-40.1794],[-70.6847,-40.1892]]}},{"type":"Feature","properties":{"nombre":"Río Agrio","tipo":"Río"},"geometry":{"type":"LineString","coordinates":[[-70.007,-38.3697],[-70.0214,-38.3735]]}},{"type":"Feature","properties":{"nombre":"Arroyo Nahuel Mapi","tipo":"Arroyo"},"geometry":{"type":"LineString","coordinates":[[-71.0915,-39.5752],[-71.0891,-39.5785],[-71.0834,-39.5766]]}},{"type":"Feature","properties":{"nombre":"Arroyo Quirinco","tipo":"Arroyo"},"geometry":{"type":"LineString","coordinates":[[-71.0,-38.8545],[-71.0085,-38.86]]}},{"type":"Feature","properties":{"nombre":"Río Colorado","tipo":"Río"},"geometry":{"type":"LineString","coordinates":[[-68.4761,-37.4934],[-68.4685,-37.4953],[-68.4672,-37.501]]}},{"type":"Feature","properties":{"nombre":"Arroyo Pilhué","tipo":"Arroyo"},"geometry":{"type":"LineString","coordinates":[[-71.3431,-39.1291],[-71.3569,-39.1197],[-71.3534,-39.1164],[-71.356,-39.1127],[-71.3718,-39.1127]]}},{"type":"Feature","properties":{"nombre":"Arroyo Chacaico","tipo":"Arroyo"},"geometry":{"type":"LineString","coordinates":[[-69.9989,-36.6248],[-69.9918,-36.6062]]}},{"type":"Feature","properties":{"nombre":null,"tipo":null},"geometry":{"type":"LineString","coordinates":[[-70.8322,-38.823],[-70.8337,-38.8266],[-70.8414,-38.8296]]}},{"type":"Feature","properties":{"nombre":"Arroyo La Totora","tipo":"Arroyo"},"geometry":{"type":"LineString","coordinates":[[-70.5473,-36.715],[-70.5566,-36.7221]]}},{"type":"Feature","properties":{"nombre":"Arroyo Los Menucos","tipo":"Arroyo"},"geometry":{"type":"LineString","coordinates":[[-70.3065,-36.9327],[-70.3073,-36.9367],[-70.2944,-36.9457]]}},{"type":"Feature","properties":{"nombre":"Río Pulmarí","tipo":"Río"},"geometry":{"type":"LineString","coordinates":[[-71.2016,-39.14],[-71.1829,-39.1352]]}},{"type":"Feature","properties":{"nombre":null,"tipo":null},"geometry":{"type":"LineString","coordinates":[[-71.4283,-38.9259],[-71.4187,-38.936]]}},{"type":"Feature","properties":{"nombre":"Arroyo Correntoso","tipo":"Arroyo"},"geometry":{"type":"LineString","coordinates":[[-71.2853,-39.5727],[-71.2936,-39.5808],[-71.296,-39.5954]]}},{"type":"Feature","properties":{"nombre":null,"tipo":null},"geometry":{"type":"LineString","coordinates":[[-71.6797,-40.3029],[-71.6547,-40.301]]}},{"type":"Feature","properties":{"nombre":"Arroyo Coloco","tipo":"Arroyo"},"geometry":{"type":"LineString","coordinates":[[-71.3277,-39.1665],[-71.322,-39.1616],[-71.3175,-39.163]]}},{"type":"Feature","properties":{"nombre":"Arroyo Coloco","tipo":"Arroyo"},"geometry":{"type":"LineString","coordinates":[[-71.388,-39.1959],[-71.3761,-39.1955],[-71.371,-39.1821]]}},{"type":"Feature","properties":{"nombre":"Arroyo Colimamil","tipo":"Arroyo"},"geometry":{"type":"LineString","coordinates":[[-70.1905,-36.152],[-70.2038,-36.1627],[-70.2244,-36.1643]]}},{"type":"Feature","properties":{"nombre":"Arroyo Molulco","tipo":"Arroyo"},"geometry":{"type":"LineString","coordinates":[[-70.4781,-36.8929],[-70.4837,-36.9041],[-70.4829,-36.9099]]}},{"type":"Feature","properties":{"nombre":null,"tipo":null},"geometry":{"type":"LineString","coordinates":[[-71.4051,-39.0204],[-71.4071,-39.0124],[-71.4133,-39.0124]]}},{"type":"Feature","properties":{"nombre":null,"tipo":null},"geometry":{"type":"LineString","coordinates":[[-70.9531,-37.8469],[-70.9649,-37.8391]]}},{"type":"Feature","properties":{"nombre":"Arroyo Rucaco","tipo":"Arroyo"},"geometry":{"type":"LineString","coordinates":[[-71.1185,-39.2767],[-71.1349,-39.2673],[-71.1429,-39.2678],[-71.1588,-39.2577],[-71.1627,-39.2425],[-71.1617,-39.229],[-71.1602,-39.2223],[-71.1532,-39.2203]]}},{"type":"Feature","properties":{"nombre":"Arroyo Cajón del Norte","tipo":"Arroyo"},"geometry":{"type":"LineString","coordinates":[[-70.255,-36.7865],[-70.2607,-36.7979]]}},{"type":"Feature","properties":{"nombre":"Arroyo Codihue","tipo":"Arroyo"},"geometry":{"type":"LineString","coordinates":[[-70.539,-38.4557],[-70.5241,-38.4615]]}},{"type":"Feature","properties":{"nombre":"Río Colorado","tipo":"Río"},"geometry":{"type":"LineString","coordinates":[[-68.9149,-37.3755],[-68.8978,-37.3778]]}},{"type":"Feature","properties":{"nombre":"Río Quillén","tipo":"Río"},"geometry":{"type":"LineString","coordinates":[[-71.0165,-39.3672],[-71.0124,-39.3714],[-71.0035,-39.3734]]}},{"type":"Feature","properties":{"nombre":"Arroyo de las Caballadas","tipo":"Arroyo"},"geometry":{"type":"LineString","coordinates":[[-71.222,-39.4956],[-71.2273,-39.4918],[-71.2322,-39.4929],[-71.2464,-39.4782]]}},{"type":"Feature","properties":{"nombre":"Arroyo Los Tábanos","tipo":"Arroyo"},"geometry":{"type":"LineString","coordinates":[[-70.9666,-38.1196],[-70.9636,-38.1291],[-70.9694,-38.1436],[-70.9621,-38.1493]]}},{"type":"Feature","properties":{"nombre":null,"tipo":null},"geometry":{"type":"LineString","coordinates":[[-70.9477,-37.2289],[-70.936,-37.2325]]}},{"type":"Feature","properties":{"nombre":"Río Grande","tipo":"Río"},"geometry":{"type":"LineString","coordinates":[[-69.7759,-36.8541],[-69.7586,-36.8683]]}},{"type":"Feature","properties":{"nombre":"Río Limay","tipo":"Río"},"geometry":{"type":"LineString","coordinates":[[-68.5158,-39.0664],[-68.5067,-39.0715],[-68.5,-39.0691]]}},{"type":"Feature","properties":{"nombre":"Arroyo Remeco","tipo":"Arroyo"},"geometry":{"type":"LineString","coordinates":[[-71.3872,-39.0304],[-71.3754,-39.034]]}},{"type":"Feature","properties":{"nombre":"Arroyo Nahuel Mapi","tipo":"Arroyo"},"geometry":{"type":"LineString","coordinates":[[-71.1561,-39.568],[-71.1483,-39.5666],[-71.142,-39.5697],[-71.1362,-39.5671]]}},{"type":"Feature","properties":{"nombre":"Arroyo Los Filos","tipo":"Arroyo"},"geometry":{"type":"LineString","coordinates":[[-70.2559,-36.7317],[-70.2437,-36.7248]]}},{"type":"Feature","properties":{"nombre":"Arroyo Ranquilón","tipo":"Arroyo"},"geometry":{"type":"LineString","coordinates":[[-70.5729,-37.846],[-70.5823,-37.8565]]}},{"type":"Feature","properties":{"nombre":"Arroyo Domuyo (S)","tipo":"Arroyo"},"geometry":{"type":"LineString","coordinates":[[-70.4053,-36.7324],[-70.4083,-36.7402],[-70.418,-36.7479],[-70.4217,-36.7654]]}},{"type":"Feature","properties":{"nombre":"Arroyo Kilca","tipo":"Arroyo"},"geometry":{"type":"LineString","coordinates":[[-70.7127,-38.802],[-70.7219,-38.7961]]}},{"type":"Feature","properties":{"nombre":"Río Colorado","tipo":"Río"},"geometry":{"type":"LineString","coordinates":[[-69.1166,-37.2071],[-69.1044,-37.205]]}},{"type":"Feature","properties":{"nombre":"Arroyo Casheu Malle-Hue","tipo":"Arroyo"},"geometry":{"type":"LineString","coordinates":[[-70.6388,-39.0375],[-70.6468,-39.0279]]}},{"type":"Feature","properties":{"nombre":"Río Negro","tipo":"Río"},"geometry":{"type":"LineString","coordinates":[[-67.5934,-39.1108],[-67.575,-39.1083]]}},{"type":"Feature","properties":{"nombre":"Río Colorado","tipo":"Río"},"geometry":{"type":"LineString","coordinates":[[-68.4585,-37.5175],[-68.4548,-37.5221],[-68.4577,-37.5255]]}},{"type":"Feature","properties":{"nombre":"Río Limay","tipo":"Río"},"geometry":{"type":"LineString","coordinates":[[-69.8868,-39.9127],[-69.8675,-39.8911]]}},{"type":"Feature","properties":{"nombre":"Arroyo Covunco","tipo":"Arroyo"},"geometry":{"type":"LineString","coordinates":[[-69.7903,-38.6061],[-69.7858,-38.6035],[-69.7783,-38.6048]]}},{"type":"Feature","properties":{"nombre":"Río Blanco","tipo":"Río"},"geometry":{"type":"LineString","coordinates":[[-71.6764,-39.5884],[-71.677,-39.5991],[-71.6879,-39.6104],[-71.6854,-39.6155],[-71.6798,-39.6158],[-71.6785,-39.6216],[-71.6819,-39.6298],[-71.6799,-39.6323],[-71.6851,-39.6362],[-71.6848,-39.6425],[-71.6781,-39.6461],[-71.6794,-39.6492],[-71.6743,-39.654],[-71.6663,-39.6572],[-71.6648,-39.6614],[-71.6581,-39.6643],[-71.649,-39.6612],[-71.6456,-39.6639]]}},{"type":"Feature","properties":{"nombre":"Río Agrio","tipo":"Río"},"geometry":{"type":"LineString","coordinates":[[-70.4884,-38.4302],[-70.4818,-38.4383]]}},{"type":"Feature","properties":{"nombre":"Río Colorado","tipo":"Río"},"geometry":{"type":"LineString","coordinates":[[-68.3825,-37.56],[-68.378,-37.5609],[-68.3734,-37.5566]]}},{"type":"Feature","properties":{"nombre":"Arroyo Buta - Có","tipo":"Arroyo"},"geometry":{"type":"LineString","coordinates":[[-70.1392,-36.9418],[-70.1264,-36.9435]]}},{"type":"Feature","properties":{"nombre":"Arroyo Los Menucos","tipo":"Arroyo"},"geometry":{"type":"LineString","coordinates":[[-70.4188,-37.1406],[-70.4083,-37.1336]]}},{"type":"Feature","properties":{"nombre":"Arroyo Quillahue","tipo":"Arroyo"},"geometry":{"type":"LineString","coordinates":[[-71.3915,-38.9829],[-71.3853,-38.9757]]}},{"type":"Feature","properties":{"nombre":"Arroyo Alincó","tipo":"Arroyo"},"geometry":{"type":"LineString","coordinates":[[-70.8849,-40.0272],[-70.8759,-40.0289]]}},{"type":"Feature","properties":{"nombre":"Arroyo Quilli Malal","tipo":"Arroyo"},"geometry":{"type":"LineString","coordinates":[[-70.0436,-36.5194],[-70.0366,-36.5082]]}},{"type":"Feature","properties":{"nombre":"Río Curi Leuvú","tipo":"Río"},"geometry":{"type":"LineString","coordinates":[[-70.3861,-36.8524],[-70.3925,-36.8548],[-70.3925,-36.8587]]}},{"type":"Feature","properties":{"nombre":"Río Neuquén","tipo":"Río"},"geometry":{"type":"LineString","coordinates":[[-69.8297,-37.9345],[-69.8403,-37.9464],[-69.8314,-37.9516]]}},{"type":"Feature","properties":{"nombre":"Río Negro","tipo":"Río"},"geometry":{"type":"LineString","coordinates":[[-67.5261,-39.075],[-67.5268,-39.0844],[-67.5117,-39.0822]]}},{"type":"Feature","properties":{"nombre":"Arroyo Malalco","tipo":"Arroyo"},"geometry":{"type":"LineString","coordinates":[[-71.2081,-39.3445],[-71.2005,-39.3459],[-71.2069,-39.3526],[-71.1966,-39.3716]]}},{"type":"Feature","properties":{"nombre":"Arroyo Carreri","tipo":"Arroyo"},"geometry":{"type":"LineString","coordinates":[[-70.5,-38.9093],[-70.4898,-38.9109]]}},{"type":"Feature","properties":{"nombre":"Arroyo La Puerta","tipo":"Arroyo"},"geometry":{"type":"LineString","coordinates":[[-70.5891,-37.1271],[-70.6196,-37.1309]]}},{"type":"Feature","properties":{"nombre":"Arroyo Pichaihue","tipo":"Arroyo"},"geometry":{"type":"LineString","coordinates":[[-70.358,-37.8834],[-70.3536,-37.8842],[-70.3493,-37.8807]]}},{"type":"Feature","properties":{"nombre":"Arroyo del Escorial","tipo":"Arroyo"},"geometry":{"type":"LineString","coordinates":[[-71.547,-39.8309],[-71.553,-39.8349],[-71.555,-39.8405],[-71.5524,-39.8539]]}},{"type":"Feature","properties":{"nombre":"Río Collón Curá","tipo":"Río"},"geometry":{"type":"LineString","coordinates":[[-70.8042,-40.067],[-70.7963,-40.0697],[-70.7914,-40.0763]]}},{"type":"Feature","properties":{"nombre":"Arroyo Ñireco","tipo":"Arroyo"},"geometry":{"type":"LineString","coordinates":[[-70.8149,-38.2218],[-70.7983,-38.2118],[-70.7906,-38.2028],[-70.7636,-38.196]]}},{"type":"Feature","properties":{"nombre":"Arroyo Collún - Co","tipo":"Arroyo"},"geometry":{"type":"LineString","coordinates":[[-71.4254,-39.942],[-71.4152,-39.9375],[-71.4019,-39.9398],[-71.388,-39.957],[-71.3772,-39.9636]]}},{"type":"Feature","properties":{"nombre":"Arroyo Copulhue","tipo":"Arroyo"},"geometry":{"type":"LineString","coordinates":[[-71.089,-37.6169],[-71.0787,-37.6266]]}},{"type":"Feature","properties":{"nombre":"Arroyo Cochicó Grande","tipo":"Arroyo"},"geometry":{"type":"LineString","coordinates":[[-70.824,-38.8848],[-70.8203,-38.8921],[-70.8214,-38.8976],[-70.8138,-38.9043]]}},{"type":"Feature","properties":{"nombre":"Río Reñileuvú","tipo":"Río"},"geometry":{"type":"LineString","coordinates":[[-70.7994,-37.3481],[-70.79,-37.3496],[-70.7814,-37.3428],[-70.772,-37.3446]]}},{"type":"Feature","properties":{"nombre":null,"tipo":null},"geometry":{"type":"LineString","coordinates":[[-70.882,-38.8398],[-70.891,-38.8457],[-70.8932,-38.8518]]}},{"type":"Feature","properties":{"nombre":null,"tipo":null},"geometry":{"type":"LineString","coordinates":[[-69.2794,-38.881],[-69.2708,-38.8593]]}},{"type":"Feature","properties":{"nombre":"Arroyo Ranquilco","tipo":"Arroyo"},"geometry":{"type":"LineString","coordinates":[[-70.4846,-37.3096],[-70.4937,-37.3333]]}},{"type":"Feature","properties":{"nombre":"Arroyo Casheu Malle-Hue","tipo":"Arroyo"},"geometry":{"type":"LineString","coordinates":[[-70.7815,-38.9417],[-70.7947,-38.9396]]}},{"type":"Feature","properties":{"nombre":"Río Agrio","tipo":"Río"},"geometry":{"type":"LineString","coordinates":[[-69.9838,-38.3508],[-69.9745,-38.3503],[-69.9728,-38.3458]]}},{"type":"Feature","properties":{"nombre":"Río Neuquén","tipo":"Río"},"geometry":{"type":"LineString","coordinates":[[-69.8553,-37.8978],[-69.8547,-37.9083]]}},{"type":"Feature","properties":{"nombre":null,"tipo":null},"geometry":{"type":"LineString","coordinates":[[-70.5783,-38.965],[-70.5907,-38.9597]]}},{"type":"Feature","properties":{"nombre":"Río Neuquén","tipo":"Río"},"geometry":{"type":"LineString","coordinates":[[-69.985,-37.6635],[-70.0,-37.6564]]}},{"type":"Feature","properties":{"nombre":"Arroyo El Manzano","tipo":"Arroyo"},"geometry":{"type":"LineString","coordinates":[[-70.5,-37.6195],[-70.4932,-37.6191],[-70.4875,-37.6233]]}},{"type":"Feature","properties":{"nombre":"Arroyo Haichol","tipo":"Arroyo"},"geometry":{"type":"LineString","coordinates":[[-70.7211,-38.5971],[-70.7051,-38.5819],[-70.7003,-38.5724]]}},{"type":"Feature","properties":{"nombre":"Río Neuquén","tipo":"Río"},"geometry":{"type":"LineString","coordinates":[[-68.9317,-38.4505],[-68.9243,-38.4415]]}},{"type":"Feature","properties":{"nombre":"Río Chimehuín","tipo":"Río"},"geometry":{"type":"LineString","coordinates":[[-71.0257,-40.0876],[-71.0135,-40.0918]]}},{"type":"Feature","properties":{"nombre":"Río Caleufú","tipo":"Río"},"geometry":{"type":"LineString","coordinates":[[-70.825,-40.3984],[-70.8141,-40.4017]]}},{"type":"Feature","properties":{"nombre":"Arroyo La Leona","tipo":"Arroyo"},"geometry":{"type":"LineString","coordinates":[[-70.0,-36.0217],[-69.9924,-36.0163]]}},{"type":"Feature","properties":{"nombre":"Arroyo Domuyo (S)","tipo":"Arroyo"},"geometry":{"type":"LineString","coordinates":[[-70.411,-36.7939],[-70.3966,-36.8142]]}},{"type":"Feature","properties":{"nombre":"Arroyo Manzano","tipo":"Arroyo"},"geometry":{"type":"LineString","coordinates":[[-70.6208,-38.6282],[-70.6116,-38.6248],[-70.588,-38.6247],[-70.5505,-38.6028]]}},{"type":"Feature","properties":{"nombre":"Arroyo Cochicó Grande","tipo":"Arroyo"},"geometry":{"type":"LineString","coordinates":[[-70.8227,-38.8679],[-70.8268,-38.8809],[-70.824,-38.8848]]}},{"type":"Feature","properties":{"nombre":"Río Barrancas","tipo":"Río"},"geometry":{"type":"LineString","coordinates":[[-70.2152,-36.3422],[-70.2136,-36.3662]]}},{"type":"Feature","properties":{"nombre":null,"tipo":null},"geometry":{"type":"LineString","coordinates":[[-71.6689,-39.5771],[-71.6692,-39.5821],[-71.6764,-39.5884]]}},{"type":"Feature","properties":{"nombre":"Arroyo La Turbia","tipo":"Arroyo"},"geometry":{"type":"LineString","coordinates":[[-70.3495,-36.8877],[-70.3769,-36.8874],[-70.3888,-36.8957]]}},{"type":"Feature","properties":{"nombre":"Arroyo Santo Tomás","tipo":"Arroyo"},"geometry":{"type":"LineString","coordinates":[[-70.0113,-39.8306],[-70.0,-39.8316]]}},{"type":"Feature","properties":{"nombre":"Arroyo Poñihue","tipo":"Arroyo"},"geometry":{"type":"LineString","coordinates":[[-70.0932,-36.8039],[-70.0942,-36.7997],[-70.0866,-36.7981],[-70.0867,-36.7939],[-70.0818,-36.7926],[-70.0776,-36.7864]]}},{"type":"Feature","properties":{"nombre":"Arroyo Metrenco","tipo":"Arroyo"},"geometry":{"type":"LineString","coordinates":[[-71.4383,-39.8077],[-71.434,-39.7869]]}},{"type":"Feature","properties":{"nombre":"Arroyo Alincó","tipo":"Arroyo"},"geometry":{"type":"LineString","coordinates":[[-70.9325,-40.0064],[-70.9228,-40.0162]]}},{"type":"Feature","properties":{"nombre":"Río Agrio","tipo":"Río"},"geometry":{"type":"LineString","coordinates":[[-70.0214,-38.3735],[-70.034,-38.3703],[-70.0381,-38.3722]]}},{"type":"Feature","properties":{"nombre":"Arroyo Coliqueo","tipo":"Arroyo"},"geometry":{"type":"LineString","coordinates":[[-71.0883,-37.9564],[-71.0729,-37.9615],[-71.0509,-37.9568],[-71.0361,-37.9589],[-71.0287,-37.9542]]}},{"type":"Feature","properties":{"nombre":"Río Neuquén","tipo":"Río"},"geometry":{"type":"LineString","coordinates":[[-68.941,-38.4442],[-68.9241,-38.4297]]}},{"type":"Feature","properties":{"nombre":"Río Neuquén","tipo":"Río"},"geometry":{"type":"LineString","coordinates":[[-68.2235,-38.7055],[-68.2148,-38.7093]]}},{"type":"Feature","properties":{"nombre":null,"tipo":null},"geometry":{"type":"LineString","coordinates":[[-68.1262,-38.7805],[-68.1237,-38.7877],[-68.1257,-38.7908],[-68.1198,-38.7949],[-68.1167,-38.8066]]}},{"type":"Feature","properties":{"nombre":null,"tipo":null},"geometry":{"type":"LineString","coordinates":[[-69.1982,-38.8276],[-69.1506,-38.8234]]}},{"type":"Feature","properties":{"nombre":"Río Barrancas","tipo":"Río"},"geometry":{"type":"LineString","coordinates":[[-70.3717,-36.2815],[-70.3671,-36.2815],[-70.36,-36.2932]]}},{"type":"Feature","properties":{"nombre":"Arroyo Quintuco","tipo":"Arroyo"},"geometry":{"type":"LineString","coordinates":[[-70.3304,-38.1344],[-70.3144,-38.1339]]}},{"type":"Feature","properties":{"nombre":"Arroyo Haichol","tipo":"Arroyo"},"geometry":{"type":"LineString","coordinates":[[-70.741,-38.6124],[-70.7363,-38.6062],[-70.7255,-38.6006]]}},{"type":"Feature","properties":{"nombre":"Arroyo Huanquimileo","tipo":"Arroyo"},"geometry":{"type":"LineString","coordinates":[[-70.0454,-36.0768],[-70.0428,-36.0615]]}},{"type":"Feature","properties":{"nombre":"Arroyo El Pino","tipo":"Arroyo"},"geometry":{"type":"LineString","coordinates":[[-70.8397,-37.8861],[-70.8017,-37.8901],[-70.7986,-37.8927]]}},{"type":"Feature","properties":{"nombre":"Río Curi Leuvú","tipo":"Río"},"geometry":{"type":"LineString","coordinates":[[-70.3939,-36.8733],[-70.393,-36.881]]}},{"type":"Feature","properties":{"nombre":"Arroyo Carreri","tipo":"Arroyo"},"geometry":{"type":"LineString","coordinates":[[-70.4826,-38.903],[-70.475,-38.8922]]}},{"type":"Feature","properties":{"nombre":"Arroyo Pilmatué","tipo":"Arroyo"},"geometry":{"type":"LineString","coordinates":[[-70.2435,-38.4762],[-70.2531,-38.4882]]}},{"type":"Feature","properties":{"nombre":"Río Neuquén","tipo":"Río"},"geometry":{"type":"LineString","coordinates":[[-69.7678,-38.1517],[-69.7619,-38.161]]}},{"type":"Feature","properties":{"nombre":"Río Limay","tipo":"Río"},"geometry":{"type":"LineString","coordinates":[[-69.7764,-39.8864],[-69.7805,-39.8894],[-69.8001,-39.8888]]}},{"type":"Feature","properties":{"nombre":"Río Agrio","tipo":"Río"},"geometry":{"type":"LineString","coordinates":[[-70.4899,-38.4184],[-70.4922,-38.426],[-70.4884,-38.4302]]}},{"type":"Feature","properties":{"nombre":"Arroyo Mallohue","tipo":"Arroyo"},"geometry":{"type":"LineString","coordinates":[[-71.1242,-39.4559],[-71.108,-39.459],[-71.0854,-39.4557],[-71.0785,-39.459],[-71.0711,-39.456],[-71.0628,-39.4574],[-71.0592,-39.4531],[-71.0489,-39.4556],[-71.0392,-39.4493]]}},{"type":"Feature","properties":{"nombre":"Río Collón Curá","tipo":"Río"},"geometry":{"type":"LineString","coordinates":[[-70.7753,-40.0985],[-70.7537,-40.1109]]}},{"type":"Feature","properties":{"nombre":"Arroyo Pichi Ñireco","tipo":"Arroyo"},"geometry":{"type":"LineString","coordinates":[[-70.4459,-39.0336],[-70.43,-39.0329],[-70.416,-39.04],[-70.4049,-39.0357],[-70.3963,-39.048]]}},{"type":"Feature","properties":{"nombre":"Arroyo Pichi Currhué","tipo":"Arroyo"},"geometry":{"type":"LineString","coordinates":[[-71.2648,-39.8978],[-71.261,-39.9089]]}},{"type":"Feature","properties":{"nombre":"Río Colorado","tipo":"Río"},"geometry":{"type":"LineString","coordinates":[[-68.4075,-37.5591],[-68.4031,-37.5616],[-68.3982,-37.5598]]}},{"type":"Feature","properties":{"nombre":"Río Neuquén","tipo":"Río"},"geometry":{"type":"LineString","coordinates":[[-69.4566,-38.4892],[-69.4474,-38.4956]]}},{"type":"Feature","properties":{"nombre":"Arroyo Carreri","tipo":"Arroyo"},"geometry":{"type":"LineString","coordinates":[[-70.5918,-38.9516],[-70.5773,-38.9406]]}},{"type":"Feature","properties":{"nombre":null,"tipo":null},"geometry":{"type":"LineString","coordinates":[[-70.3741,-38.6082],[-70.361,-38.6059],[-70.3589,-38.6011],[-70.3507,-38.5988]]}},{"type":"Feature","properties":{"nombre":"Arroyo Covunco","tipo":"Arroyo"},"geometry":{"type":"LineString","coordinates":[[-69.9853,-38.7025],[-69.9805,-38.7043],[-69.9718,-38.699],[-69.9685,-38.6965],[-69.9709,-38.6933],[-69.969,-38.6912],[-69.9558,-38.6893]]}},{"type":"Feature","properties":{"nombre":"Arroyo Coloco","tipo":"Arroyo"},"geometry":{"type":"LineString","coordinates":[[-71.3075,-39.1499],[-71.3083,-39.1474],[-71.3023,-39.142],[-71.3015,-39.1345]]}},{"type":"Feature","properties":{"nombre":"Río Colorado","tipo":"Río"},"geometry":{"type":"LineString","coordinates":[[-68.4866,-37.4784],[-68.4818,-37.4869]]}},{"type":"Feature","properties":{"nombre":"Arroyo de los Pinos","tipo":"Arroyo"},"geometry":{"type":"LineString","coordinates":[[-71.4609,-39.8807],[-71.4513,-39.877],[-71.4482,-39.8707]]}},{"type":"Feature","properties":{"nombre":null,"tipo":null},"geometry":{"type":"LineString","coordinates":[[-70.5394,-37.1328],[-70.527,-37.1375]]}},{"type":"Feature","properties":{"nombre":"Arroyo Turbio","tipo":"Arroyo"},"geometry":{"type":"LineString","coordinates":[[-70.4749,-36.568],[-70.4761,-36.5591],[-70.484,-36.5469]]}},{"type":"Feature","properties":{"nombre":"Arroyo Corrales de Soto","tipo":"Arroyo"},"geometry":{"type":"LineString","coordinates":[[-70.6172,-37.0131],[-70.6262,-37.0168],[-70.65,-37.0144]]}},{"type":"Feature","properties":{"nombre":"Arroyo Haichol","tipo":"Arroyo"},"geometry":{"type":"LineString","coordinates":[[-70.8339,-38.6667],[-70.8325,-38.6602],[-70.8247,-38.6561]]}},{"type":"Feature","properties":{"nombre":"Río Limay","tipo":"Río"},"geometry":{"type":"LineString","coordinates":[[-69.6273,-39.842],[-69.6162,-39.8347]]}},{"type":"Feature","properties":{"nombre":"Río Caleufú","tipo":"Río"},"geometry":{"type":"LineString","coordinates":[[-71.1432,-40.5039],[-71.1444,-40.498],[-71.1395,-40.4946],[-71.1385,-40.4889]]}},{"type":"Feature","properties":{"nombre":"Arroyo Lonco Luan","tipo":"Arroyo"},"geometry":{"type":"LineString","coordinates":[[-70.8414,-38.8296],[-70.852,-38.84],[-70.8547,-38.8514],[-70.8749,-38.8653],[-70.8759,-38.8688],[-70.8722,-38.8721],[-70.8761,-38.8751],[-70.879,-38.889]]}},{"type":"Feature","properties":{"nombre":"Arroyo Guayapa","tipo":"Arroyo"},"geometry":{"type":"LineString","coordinates":[[-70.4808,-38.8637],[-70.4721,-38.859]]}},{"type":"Feature","properties":{"nombre":"Arroyo Quintuco","tipo":"Arroyo"},"geometry":{"type":"LineString","coordinates":[[-70.2068,-38.1565],[-70.1837,-38.1578]]}},{"type":"Feature","properties":{"nombre":null,"tipo":null},"geometry":{"type":"LineString","coordinates":[[-70.6145,-37.0564],[-70.6292,-37.0616]]}},{"type":"Feature","properties":{"nombre":"Arroyo Ñireco","tipo":"Arroyo"},"geometry":{"type":"LineString","coordinates":[[-70.8054,-37.1584],[-70.7744,-37.1599],[-70.768,-37.155]]}},{"type":"Feature","properties":{"nombre":"Arroyo Pichi Ñireco","tipo":"Arroyo"},"geometry":{"type":"LineString","coordinates":[[-70.5,-39.0444],[-70.4839,-39.0473],[-70.4752,-39.0433],[-70.4661,-39.0332],[-70.4459,-39.0336]]}},{"type":"Feature","properties":{"nombre":"Arroyo Nompehuen (Blanco)","tipo":"Arroyo"},"geometry":{"type":"LineString","coordinates":[[-71.3099,-39.0967],[-71.3113,-39.1006],[-71.3029,-39.1202],[-71.2865,-39.1245]]}},{"type":"Feature","properties":{"nombre":"Cañada del Cerro La Grasa","tipo":"Cañada"},"geometry":{"type":"LineString","coordinates":[[-70.2524,-38.4022],[-70.2373,-38.4122]]}},{"type":"Feature","properties":{"nombre":"Arroyo Chadileo","tipo":"Arroyo"},"geometry":{"type":"LineString","coordinates":[[-70.343,-36.6667],[-70.3388,-36.6754],[-70.3249,-36.6867]]}},{"type":"Feature","properties":{"nombre":"Arroyo Charahuilla","tipo":"Arroyo"},"geometry":{"type":"LineString","coordinates":[[-70.4037,-39.3918],[-70.3909,-39.3968],[-70.385,-39.4039]]}},{"type":"Feature","properties":{"nombre":null,"tipo":null},"geometry":{"type":"LineString","coordinates":[[-71.0,-37.0168],[-70.993,-37.0212]]}},{"type":"Feature","properties":{"nombre":"Arroyo Salinas","tipo":"Arroyo"},"geometry":{"type":"LineString","coordinates":[[-70.085,-36.0147],[-70.0708,-36.0129]]}},{"type":"Feature","properties":{"nombre":"Arroyo Tracalén","tipo":"Arroyo"},"geometry":{"type":"LineString","coordinates":[[-70.7976,-37.771],[-70.7768,-37.7785]]}},{"type":"Feature","properties":{"nombre":"Río Auquinco","tipo":"Río"},"geometry":{"type":"LineString","coordinates":[[-71.5,-39.9597],[-71.4968,-39.9601],[-71.4926,-39.9701],[-71.4835,-39.9779],[-71.4843,-39.9829],[-71.4857,-39.9821],[-71.4889,-39.9836],[-71.4855,-39.9886],[-71.4925,-39.9965]]}},{"type":"Feature","properties":{"nombre":"Río Nahueve","tipo":"Río"},"geometry":{"type":"LineString","coordinates":[[-70.9561,-36.8875],[-70.9478,-36.8997],[-70.9424,-36.9018]]}},{"type":"Feature","properties":{"nombre":"Arroyo Carreri","tipo":"Arroyo"},"geometry":{"type":"LineString","coordinates":[[-70.5663,-38.9223],[-70.5454,-38.9173]]}},{"type":"Feature","properties":{"nombre":"Arroyo Ranquilco","tipo":"Arroyo"},"geometry":{"type":"LineString","coordinates":[[-70.8325,-37.5008],[-70.8198,-37.5116],[-70.818,-37.5199]]}},{"type":"Feature","properties":{"nombre":"Río Neuquén","tipo":"Río"},"geometry":{"type":"LineString","coordinates":[[-70.6829,-37.1896],[-70.6878,-37.192],[-70.689,-37.1987]]}},{"type":"Feature","properties":{"nombre":"Arroyo Las Lajitas","tipo":"Arroyo"},"geometry":{"type":"LineString","coordinates":[[-70.6509,-38.8077],[-70.6493,-38.798]]}},{"type":"Feature","properties":{"nombre":"Río Limay","tipo":"Río"},"geometry":{"type":"LineString","coordinates":[[-69.6571,-39.8227],[-69.6501,-39.8235],[-69.6454,-39.8202],[-69.6383,-39.8225],[-69.635,-39.8164],[-69.6275,-39.8151]]}},{"type":"Feature","properties":{"nombre":null,"tipo":null},"geometry":{"type":"LineString","coordinates":[[-70.8412,-38.7771],[-70.8577,-38.7764]]}},{"type":"Feature","properties":{"nombre":"Río Quillén","tipo":"Río"},"geometry":{"type":"LineString","coordinates":[[-71.1166,-39.3813],[-71.0912,-39.3747]]}},{"type":"Feature","properties":{"nombre":"Arroyo Catrinao","tipo":"Arroyo"},"geometry":{"type":"LineString","coordinates":[[-70.8548,-36.5104],[-70.835,-36.5169],[-70.8061,-36.5406]]}},{"type":"Feature","properties":{"nombre":"Arroyo Quemquemtreu","tipo":"Arroyo"},"geometry":{"type":"LineString","coordinates":[[-70.7072,-40.2241],[-70.7039,-40.2212],[-70.6878,-40.2211]]}},{"type":"Feature","properties":{"nombre":"Arroyo Rucamilio","tipo":"Arroyo"},"geometry":{"type":"LineString","coordinates":[[-70.0597,-36.3068],[-70.0551,-36.317],[-70.0568,-36.326],[-70.054,-36.3333]]}},{"type":"Feature","properties":{"nombre":"Arroyo Aseret","tipo":"Arroyo"},"geometry":{"type":"LineString","coordinates":[[-71.3967,-39.9068],[-71.3809,-39.9053],[-71.3691,-39.9006],[-71.3682,-39.8973]]}},{"type":"Feature","properties":{"nombre":"Río Aluminé","tipo":"Río"},"geometry":{"type":"LineString","coordinates":[[-70.9105,-39.2413],[-70.9046,-39.244],[-70.9061,-39.2507]]}},{"type":"Feature","properties":{"nombre":"Arroyo El Pelán","tipo":"Arroyo"},"geometry":{"type":"LineString","coordinates":[[-70.3615,-36.8426],[-70.3832,-36.8397]]}},{"type":"Feature","properties":{"nombre":"Arroyo Chadileo","tipo":"Arroyo"},"geometry":{"type":"LineString","coordinates":[[-70.3788,-36.6457],[-70.366,-36.645]]}},{"type":"Feature","properties":{"nombre":"Arroyo Poñihué","tipo":"Arroyo"},"geometry":{"type":"LineString","coordinates":[[-69.8734,-36.2508],[-69.8707,-36.2562],[-69.8737,-36.2649]]}},{"type":"Feature","properties":{"nombre":"Río Colorado","tipo":"Río"},"geometry":{"type":"LineString","coordinates":[[-69.0397,-37.342],[-69.0364,-37.3536]]}},{"type":"Feature","properties":{"nombre":"Arroyo China Muerta","tipo":"Arroyo"},"geometry":{"type":"LineString","coordinates":[[-71.085,-39.076],[-71.0465,-39.0692],[-71.0194,-39.0559]]}},{"type":"Feature","properties":{"nombre":null,"tipo":null},"geometry":{"type":"LineString","coordinates":[[-70.8269,-37.1556],[-70.8159,-37.1648],[-70.7978,-37.1683],[-70.7912,-37.1733]]}},{"type":"Feature","properties":{"nombre":"Arroyo Mallín Largo","tipo":"Arroyo"},"geometry":{"type":"LineString","coordinates":[[-70.7516,-38.4492],[-70.7463,-38.4469],[-70.7367,-38.4344]]}},{"type":"Feature","properties":{"nombre":"Arroyo Buta - Có","tipo":"Arroyo"},"geometry":{"type":"LineString","coordinates":[[-70.1264,-36.9435],[-70.1179,-36.9442],[-70.1101,-36.9398]]}},{"type":"Feature","properties":{"nombre":null,"tipo":null},"geometry":{"type":"LineString","coordinates":[[-71.282,-39.8103],[-71.2643,-39.8081],[-71.2553,-39.7992]]}},{"type":"Feature","properties":{"nombre":null,"tipo":null},"geometry":{"type":"LineString","coordinates":[[-71.6904,-40.1336],[-71.6836,-40.1311],[-71.6781,-40.1415],[-71.653,-40.141]]}},{"type":"Feature","properties":{"nombre":"Arroyo El Catreo","tipo":"Arroyo"},"geometry":{"type":"LineString","coordinates":[[-70.6011,-37.4134],[-70.6253,-37.4202],[-70.6375,-37.4196]]}},{"type":"Feature","properties":{"nombre":"Río Chimehuín","tipo":"Río"},"geometry":{"type":"LineString","coordinates":[[-71.1569,-39.881],[-71.1476,-39.89]]}},{"type":"Feature","properties":{"nombre":"Arroyo Picún Leufú","tipo":"Arroyo"},"geometry":{"type":"LineString","coordinates":[[-70.0533,-39.2374],[-70.0513,-39.2456],[-70.039,-39.2525]]}},{"type":"Feature","properties":{"nombre":"Río Collón Curá","tipo":"Río"},"geometry":{"type":"LineString","coordinates":[[-70.6694,-40.3085],[-70.6655,-40.3182]]}},{"type":"Feature","properties":{"nombre":"Arroyo Ferrada","tipo":"Arroyo"},"geometry":{"type":"LineString","coordinates":[[-70.7956,-38.5513],[-70.7926,-38.555],[-70.7885,-38.5539],[-70.7834,-38.5632]]}},{"type":"Feature","properties":{"nombre":null,"tipo":null},"geometry":{"type":"LineString","coordinates":[[-69.7587,-36.7354],[-69.7635,-36.7326],[-69.7824,-36.7334],[-69.7934,-36.7271]]}},{"type":"Feature","properties":{"nombre":"Arroyo Chichahuay","tipo":"Arroyo"},"geometry":{"type":"LineString","coordinates":[[-70.8262,-40.3506],[-70.8177,-40.3622]]}},{"type":"Feature","properties":{"nombre":"Arroyo Ranquileo","tipo":"Arroyo"},"geometry":{"type":"LineString","coordinates":[[-70.7526,-36.8335],[-70.754,-36.8299],[-70.7463,-36.825],[-70.747,-36.8215]]}},{"type":"Feature","properties":{"nombre":null,"tipo":null},"geometry":{"type":"LineString","coordinates":[[-70.9737,-38.3447],[-70.9586,-38.3459]]}},{"type":"Feature","properties":{"nombre":"Río Neuquén","tipo":"Río"},"geometry":{"type":"LineString","coordinates":[[-70.675,-36.865],[-70.6819,-36.8705]]}},{"type":"Feature","properties":{"nombre":"Arroyo Nalca","tipo":"Arroyo"},"geometry":{"type":"LineString","coordinates":[[-71.5611,-40.0624],[-71.5568,-40.0553],[-71.5473,-40.0501]]}},{"type":"Feature","properties":{"nombre":"Río Currhué","tipo":"Río"},"geometry":{"type":"LineString","coordinates":[[-71.3929,-39.8857],[-71.372,-39.8933]]}},{"type":"Feature","properties":{"nombre":"Arroyo Domuyo (S)","tipo":"Arroyo"},"geometry":{"type":"LineString","coordinates":[[-70.3981,-36.719],[-70.4053,-36.7324]]}},{"type":"Feature","properties":{"nombre":"Río Barrancas","tipo":"Río"},"geometry":{"type":"LineString","coordinates":[[-70.3594,-36.2938],[-70.3617,-36.3018],[-70.354,-36.3192]]}},{"type":"Feature","properties":{"nombre":"Arroyo Picún Leufú","tipo":"Arroyo"},"geometry":{"type":"LineString","coordinates":[[-69.4159,-39.5155],[-69.4071,-39.5197]]}},{"type":"Feature","properties":{"nombre":"Río Colorado","tipo":"Río"},"geometry":{"type":"LineString","coordinates":[[-68.8373,-37.3855],[-68.8336,-37.3836],[-68.8277,-37.3864]]}},{"type":"Feature","properties":{"nombre":"Arroyo Los Choroyes","tipo":"Arroyo"},"geometry":{"type":"LineString","coordinates":[[-70.3572,-36.7251],[-70.3646,-36.7342],[-70.3825,-36.7412]]}},{"type":"Feature","properties":{"nombre":"Río Neuquén","tipo":"Río"},"geometry":{"type":"LineString","coordinates":[[-68.6181,-38.448],[-68.6171,-38.4526],[-68.6106,-38.4574]]}},{"type":"Feature","properties":{"nombre":"Arroyo Liu Cullín","tipo":"Arroyo"},"geometry":{"type":"LineString","coordinates":[[-70.569,-38.6554],[-70.564,-38.6334]]}},{"type":"Feature","properties":{"nombre":"Río Agrio","tipo":"Río"},"geometry":{"type":"LineString","coordinates":[[-70.4694,-38.4958],[-70.4572,-38.4974]]}},{"type":"Feature","properties":{"nombre":"Arroyo Hui - Hui","tipo":"Arroyo"},"geometry":{"type":"LineString","coordinates":[[-71.3775,-39.343],[-71.3683,-39.348],[-71.3617,-39.3465]]}},{"type":"Feature","properties":{"nombre":"Arroyo Malo o Feo","tipo":"Arroyo"},"geometry":{"type":"LineString","coordinates":[[-70.5391,-37.2191],[-70.5245,-37.2257],[-70.5,-37.2265]]}},{"type":"Feature","properties":{"nombre":"Arroyo Bota Curá","tipo":"Arroyo"},"geometry":{"type":"LineString","coordinates":[[-70.2627,-36.5203],[-70.2597,-36.5123],[-70.2546,-36.5093],[-70.2581,-36.4985]]}},{"type":"Feature","properties":{"nombre":"Arroyo Remeco","tipo":"Arroyo"},"geometry":{"type":"LineString","coordinates":[[-71.3582,-39.0452],[-71.349,-39.0609],[-71.3319,-39.0726],[-71.3289,-39.0854],[-71.3234,-39.0915],[-71.3266,-39.0982],[-71.3242,-39.106],[-71.3272,-39.1107],[-71.3219,-39.1202]]}},{"type":"Feature","properties":{"nombre":"Arroyo Nalca","tipo":"Arroyo"},"geometry":{"type":"LineString","coordinates":[[-71.6009,-40.0586],[-71.5972,-40.0617],[-71.5677,-40.0639]]}},{"type":"Feature","properties":{"nombre":"Arroyo Los Barros","tipo":"Arroyo"},"geometry":{"type":"LineString","coordinates":[[-71.0364,-38.0462],[-71.0355,-38.0407],[-71.0464,-38.0316],[-71.0423,-38.0232]]}},{"type":"Feature","properties":{"nombre":"Arroyo Matancilla","tipo":"Arroyo"},"geometry":{"type":"LineString","coordinates":[[-70.6555,-36.7755],[-70.6648,-36.7798]]}},{"type":"Feature","properties":{"nombre":null,"tipo":null},"geometry":{"type":"LineString","coordinates":[[-70.8932,-38.8518],[-70.8974,-38.8606],[-70.9121,-38.8681]]}},{"type":"Feature","properties":{"nombre":"Río Quilquihue","tipo":"Río"},"geometry":{"type":"LineString","coordinates":[[-71.2695,-40.0923],[-71.2792,-40.0922],[-71.2822,-40.0868]]}},{"type":"Feature","properties":{"nombre":"Arroyo Cajón Atravesado","tipo":"Arroyo"},"geometry":{"type":"LineString","coordinates":[[-70.9637,-38.3878],[-70.9583,-38.3989]]}},{"type":"Feature","properties":{"nombre":"Río Neuquén","tipo":"Río"},"geometry":{"type":"LineString","coordinates":[[-69.8925,-37.6917],[-69.8914,-37.6963],[-69.886,-37.6993]]}},{"type":"Feature","properties":{"nombre":null,"tipo":null},"geometry":{"type":"LineString","coordinates":[[-70.6765,-39.0357],[-70.6568,-39.0431],[-70.6488,-39.0356],[-70.6468,-39.0279]]}},{"type":"Feature","properties":{"nombre":"Arroyo Las Pampitas","tipo":"Arroyo"},"geometry":{"type":"LineString","coordinates":[[-71.6149,-40.5192],[-71.5914,-40.5329]]}},{"type":"Feature","properties":{"nombre":"Arroyo de los Toldos","tipo":"Arroyo"},"geometry":{"type":"LineString","coordinates":[[-70.4948,-38.9617],[-70.4938,-38.9456],[-70.4989,-38.9406]]}},{"type":"Feature","properties":{"nombre":"Río Malleo","tipo":"Río"},"geometry":{"type":"LineString","coordinates":[[-71.1561,-39.7225],[-71.145,-39.7324]]}},{"type":"Feature","properties":{"nombre":"Arroyo Cajón Negro","tipo":"Arroyo"},"geometry":{"type":"LineString","coordinates":[[-71.629,-40.4292],[-71.6124,-40.4367]]}},{"type":"Feature","properties":{"nombre":null,"tipo":null},"geometry":{"type":"LineString","coordinates":[[-70.8577,-38.7764],[-70.8662,-38.7783]]}},{"type":"Feature","properties":{"nombre":null,"tipo":null},"geometry":{"type":"LineString","coordinates":[[-70.5787,-37.2592],[-70.6065,-37.2635]]}},{"type":"Feature","properties":{"nombre":"Arroyo Ailinco","tipo":"Arroyo"},"geometry":{"type":"LineString","coordinates":[[-70.2001,-36.2914],[-70.1983,-36.2997],[-70.2012,-36.3057]]}},{"type":"Feature","properties":{"nombre":"Río Grande","tipo":"Río"},"geometry":{"type":"LineString","coordinates":[[-69.7777,-36.8018],[-69.7809,-36.8136]]}},{"type":"Feature","properties":{"nombre":"Arroyo Millaqueo","tipo":"Arroyo"},"geometry":{"type":"LineString","coordinates":[[-70.6558,-36.4796],[-70.651,-36.4971],[-70.6577,-36.5112]]}},{"type":"Feature","properties":{"nombre":"Río Barrancas","tipo":"Río"},"geometry":{"type":"LineString","coordinates":[[-70.2621,-36.322],[-70.2575,-36.3239],[-70.2473,-36.3214]]}},{"type":"Feature","properties":{"nombre":"Arroyo Azul","tipo":"Arroyo"},"geometry":{"type":"LineString","coordinates":[[-71.0942,-37.0544],[-71.0756,-37.0593],[-71.0685,-37.0581]]}},{"type":"Feature","properties":{"nombre":"Arroyo Auquinco","tipo":"Arroyo"},"geometry":{"type":"LineString","coordinates":[[-70.8014,-36.8673],[-70.7957,-36.8721],[-70.7873,-36.8731]]}},{"type":"Feature","properties":{"nombre":"Arroyo Buta - Có","tipo":"Arroyo"},"geometry":{"type":"LineString","coordinates":[[-69.8252,-36.9126],[-69.8168,-36.9087]]}},{"type":"Feature","properties":{"nombre":null,"tipo":null},"geometry":{"type":"LineString","coordinates":[[-71.0,-38.9744],[-71.0145,-38.9732]]}},{"type":"Feature","properties":{"nombre":"Arroyo Nompehuen (Blanco)","tipo":"Arroyo"},"geometry":{"type":"LineString","coordinates":[[-71.3099,-39.0967],[-71.3082,-39.0821],[-71.3133,-39.0735],[-71.3112,-39.064]]}},{"type":"Feature","properties":{"nombre":"Arroyo La Ramadita","tipo":"Arroyo"},"geometry":{"type":"LineString","coordinates":[[-70.4782,-36.9912],[-70.4693,-36.9887],[-70.4528,-36.9964],[-70.4438,-36.9966]]}},{"type":"Feature","properties":{"nombre":"Arroyo Mollucura","tipo":"Arroyo"},"geometry":{"type":"LineString","coordinates":[[-70.7398,-38.3863],[-70.721,-38.388],[-70.709,-38.3974],[-70.6913,-38.4001],[-70.6754,-38.412],[-70.6741,-38.4167]]}},{"type":"Feature","properties":{"nombre":"Arroyo Ranquilco","tipo":"Arroyo"},"geometry":{"type":"LineString","coordinates":[[-70.716,-38.2189],[-70.7072,-38.2192],[-70.6905,-38.2285],[-70.6812,-38.2227],[-70.6646,-38.2211],[-70.6479,-38.2085],[-70.6208,-38.2152],[-70.62,-38.2185]]}},{"type":"Feature","properties":{"nombre":"Arroyo de los Tábanos","tipo":"Arroyo"},"geometry":{"type":"LineString","coordinates":[[-70.4304,-36.7795],[-70.4198,-36.7926]]}},{"type":"Feature","properties":{"nombre":"Río Neuquén","tipo":"Río"},"geometry":{"type":"LineString","coordinates":[[-68.1373,-38.7447],[-68.1319,-38.7504],[-68.1278,-38.7497],[-68.1265,-38.746],[-68.121,-38.7469],[-68.1202,-38.7576]]}},{"type":"Feature","properties":{"nombre":"Río Litrán","tipo":"Río"},"geometry":{"type":"LineString","coordinates":[[-70.9526,-38.8012],[-70.9616,-38.8048]]}},{"type":"Feature","properties":{"nombre":"Arroyo Los Menucos","tipo":"Arroyo"},"geometry":{"type":"LineString","coordinates":[[-70.5225,-37.1276],[-70.5093,-37.1468],[-70.5,-37.1543]]}},{"type":"Feature","properties":{"nombre":"Río Colorado","tipo":"Río"},"geometry":{"type":"LineString","coordinates":[[-68.1491,-37.5857],[-68.1401,-37.5876]]}},{"type":"Feature","properties":{"nombre":"Río Agrio","tipo":"Río"},"geometry":{"type":"LineString","coordinates":[[-70.5473,-38.3359],[-70.5428,-38.3445]]}},{"type":"Feature","properties":{"nombre":"Arroyo Huaca Mamuil","tipo":"Arroyo"},"geometry":{"type":"LineString","coordinates":[[-71.3015,-39.6028],[-71.2945,-39.6043],[-71.2953,-39.6085],[-71.2917,-39.6082],[-71.2962,-39.618],[-71.2866,-39.6245],[-71.2875,-39.6302]]}},{"type":"Feature","properties":{"nombre":"Arroyo El Manzano","tipo":"Arroyo"},"geometry":{"type":"LineString","coordinates":[[-70.4421,-37.5952],[-70.4305,-37.5893]]}},{"type":"Feature","properties":{"nombre":"Río Agrio","tipo":"Río"},"geometry":{"type":"LineString","coordinates":[[-69.9455,-38.3419],[-69.936,-38.3452]]}},{"type":"Feature","properties":{"nombre":"Arroyo El Cholar","tipo":"Arroyo"},"geometry":{"type":"LineString","coordinates":[[-70.686,-37.5193],[-70.6776,-37.5115],[-70.6803,-37.508],[-70.6774,-37.5013],[-70.662,-37.4956]]}},{"type":"Feature","properties":{"nombre":"Arroyo Poñihué","tipo":"Arroyo"},"geometry":{"type":"LineString","coordinates":[[-69.8737,-36.2649],[-69.8875,-36.2854],[-69.9134,-36.296],[-69.9193,-36.3009],[-69.9228,-36.3103],[-69.9311,-36.3119],[-69.9503,-36.3279]]}},{"type":"Feature","properties":{"nombre":"Arroyo Coihueco","tipo":"Arroyo"},"geometry":{"type":"LineString","coordinates":[[-70.2401,-37.9958],[-70.2313,-38.0]]}},{"type":"Feature","properties":{"nombre":"Río Catán Lil","tipo":"Río"},"geometry":{"type":"LineString","coordinates":[[-70.692,-39.2028],[-70.6909,-39.2077],[-70.6944,-39.2119]]}},{"type":"Feature","properties":{"nombre":"Río Limay","tipo":"Río"},"geometry":{"type":"LineString","coordinates":[[-69.6884,-39.8495],[-69.6696,-39.849]]}},{"type":"Feature","properties":{"nombre":"Arroyo Ñireco","tipo":"Arroyo"},"geometry":{"type":"LineString","coordinates":[[-70.6319,-37.0479],[-70.6373,-37.0492],[-70.6433,-37.0449]]}},{"type":"Feature","properties":{"nombre":"Río Colorado","tipo":"Río"},"geometry":{"type":"LineString","coordinates":[[-68.6294,-37.4451],[-68.6201,-37.4388]]}},{"type":"Feature","properties":{"nombre":null,"tipo":null},"geometry":{"type":"LineString","coordinates":[[-71.0168,-38.9235],[-71.0012,-38.9145],[-71.0035,-38.9021]]}},{"type":"Feature","properties":{"nombre":null,"tipo":null},"geometry":{"type":"LineString","coordinates":[[-71.4617,-39.6691],[-71.4593,-39.6735],[-71.4389,-39.6748],[-71.4266,-39.6924],[-71.415,-39.7024]]}},{"type":"Feature","properties":{"nombre":"Río Reñileuvú","tipo":"Río"},"geometry":{"type":"LineString","coordinates":[[-70.772,-37.3446],[-70.7642,-37.3396],[-70.7479,-37.3416],[-70.7397,-37.338]]}},{"type":"Feature","properties":{"nombre":"Río Limay","tipo":"Río"},"geometry":{"type":"LineString","coordinates":[[-69.5866,-39.8225],[-69.5764,-39.8217],[-69.5716,-39.8139]]}},{"type":"Feature","properties":{"nombre":"Arroyo La Greda","tipo":"Arroyo"},"geometry":{"type":"LineString","coordinates":[[-70.5991,-37.5217],[-70.6129,-37.5151]]}},{"type":"Feature","properties":{"nombre":"Río Caleufú","tipo":"Río"},"geometry":{"type":"LineString","coordinates":[[-71.0,-40.3865],[-70.989,-40.3919]]}},{"type":"Feature","properties":{"nombre":"Río Aluminé","tipo":"Río"},"geometry":{"type":"LineString","coordinates":[[-70.933,-39.3779],[-70.9271,-39.3841]]}},{"type":"Feature","properties":{"nombre":"Arroyo Picún Leufú","tipo":"Arroyo"},"geometry":{"type":"LineString","coordinates":[[-70.126,-39.1988],[-70.1209,-39.2025],[-70.1165,-39.201]]}},{"type":"Feature","properties":{"nombre":"Arroyo Colorado","tipo":"Arroyo"},"geometry":{"type":"LineString","coordinates":[[-71.0311,-36.4759],[-71.0273,-36.4791],[-71.0244,-36.4905],[-71.0236,-36.5173],[-71.0147,-36.5306],[-71.0152,-36.5365]]}},{"type":"Feature","properties":{"nombre":"Río Limay","tipo":"Río"},"geometry":{"type":"LineString","coordinates":[[-69.8868,-39.9127],[-69.8827,-39.9086],[-69.8831,-39.9011],[-69.8675,-39.8911]]}},{"type":"Feature","properties":{"nombre":null,"tipo":null},"geometry":{"type":"LineString","coordinates":[[-70.5321,-37.2402],[-70.5269,-37.2553],[-70.5209,-37.2575]]}},{"type":"Feature","properties":{"nombre":"Arroyo Curamilio","tipo":"Arroyo"},"geometry":{"type":"LineString","coordinates":[[-70.5397,-36.1938],[-70.5314,-36.206],[-70.5228,-36.2097]]}},{"type":"Feature","properties":{"nombre":"Arroyo Ailinco","tipo":"Arroyo"},"geometry":{"type":"LineString","coordinates":[[-70.5731,-36.5875],[-70.5794,-36.5978],[-70.5926,-36.6055],[-70.594,-36.6143]]}},{"type":"Feature","properties":{"nombre":"Arroyo Pilunchaya","tipo":"Arroyo"},"geometry":{"type":"LineString","coordinates":[[-71.1333,-37.6866],[-71.1288,-37.6916],[-71.1176,-37.6958]]}},{"type":"Feature","properties":{"nombre":"Arroyo Vutalelvún","tipo":"Arroyo"},"geometry":{"type":"LineString","coordinates":[[-70.535,-37.4991],[-70.5533,-37.4959],[-70.5814,-37.483]]}},{"type":"Feature","properties":{"nombre":null,"tipo":null},"geometry":{"type":"LineString","coordinates":[[-70.4979,-37.5477],[-70.5,-37.5377]]}},{"type":"Feature","properties":{"nombre":"Arroyo del Salto","tipo":"Arroyo"},"geometry":{"type":"LineString","coordinates":[[-71.6987,-40.2876],[-71.6749,-40.2856]]}},{"type":"Feature","properties":{"nombre":"Arroyo Liuco","tipo":"Arroyo"},"geometry":{"type":"LineString","coordinates":[[-70.3517,-37.0308],[-70.3824,-37.044]]}},{"type":"Feature","properties":{"nombre":null,"tipo":null},"geometry":{"type":"LineString","coordinates":[[-71.4783,-39.9366],[-71.4591,-39.945]]}},{"type":"Feature","properties":{"nombre":"Arroyo Pino","tipo":"Arroyo"},"geometry":{"type":"LineString","coordinates":[[-70.8177,-38.9829],[-70.8269,-38.9804]]}},{"type":"Feature","properties":{"nombre":"Arroyo Aquihuecó","tipo":"Arroyo"},"geometry":{"type":"LineString","coordinates":[[-70.3994,-37.0788],[-70.3863,-37.081],[-70.3816,-37.0847]]}},{"type":"Feature","properties":{"nombre":"Arroyo Pichi Neuquén","tipo":"Arroyo"},"geometry":{"type":"LineString","coordinates":[[-69.988,-37.8362],[-69.9884,-37.8415],[-69.982,-37.8438]]}},{"type":"Feature","properties":{"nombre":"Río Chimehuín","tipo":"Río"},"geometry":{"type":"LineString","coordinates":[[-71.1707,-39.8167],[-71.1704,-39.8221],[-71.1743,-39.8258],[-71.1694,-39.8327]]}},{"type":"Feature","properties":{"nombre":"Arroyo del Cajón Bayo","tipo":"Arroyo"},"geometry":{"type":"LineString","coordinates":[[-70.3398,-36.0],[-70.3194,-36.0042],[-70.3101,-36.016]]}},{"type":"Feature","properties":{"nombre":"Arroyo Butalón","tipo":"Arroyo"},"geometry":{"type":"LineString","coordinates":[[-70.1645,-36.4149],[-70.1688,-36.424]]}},{"type":"Feature","properties":{"nombre":"Arroyo La Meche","tipo":"Arroyo"},"geometry":{"type":"LineString","coordinates":[[-70.8675,-37.0462],[-70.8602,-37.0394]]}},{"type":"Feature","properties":{"nombre":"Arroyo Mechanquil","tipo":"Arroyo"},"geometry":{"type":"LineString","coordinates":[[-69.7597,-36.1807],[-69.7455,-36.188],[-69.7232,-36.1864],[-69.7234,-36.1887],[-69.7089,-36.1956],[-69.6927,-36.1967],[-69.6758,-36.2022],[-69.6729,-36.2157],[-69.6669,-36.2232],[-69.6692,-36.2294],[-69.6671,-36.2327],[-69.6725,-36.2396],[-69.6663,-36.2601],[-69.6674,-36.2691]]}},{"type":"Feature","properties":{"nombre":"Arroyo de las Yeguas","tipo":"Arroyo"},"geometry":{"type":"LineString","coordinates":[[-70.9301,-38.1702],[-70.952,-38.176]]}},{"type":"Feature","properties":{"nombre":"Arroyo Las Lecheras","tipo":"Arroyo"},"geometry":{"type":"LineString","coordinates":[[-70.992,-38.0442],[-70.9811,-38.0419]]}},{"type":"Feature","properties":{"nombre":"Arroyo Quechuquina","tipo":"Arroyo"},"geometry":{"type":"LineString","coordinates":[[-71.5905,-40.0993],[-71.5808,-40.1028]]}},{"type":"Feature","properties":{"nombre":"Arroyo Nahuel Mapi","tipo":"Arroyo"},"geometry":{"type":"LineString","coordinates":[[-71.2119,-39.5543],[-71.1913,-39.5608]]}},{"type":"Feature","properties":{"nombre":null,"tipo":null},"geometry":{"type":"LineString","coordinates":[[-71.6807,-39.5749],[-71.6799,-39.5863]]}},{"type":"Feature","properties":{"nombre":"Río Colorado","tipo":"Río"},"geometry":{"type":"LineString","coordinates":[[-68.0725,-37.5996],[-68.063,-37.5991]]}},{"type":"Feature","properties":{"nombre":"Arroyo Trovunco","tipo":"Arroyo"},"geometry":{"type":"LineString","coordinates":[[-70.3191,-36.3556],[-70.3199,-36.3395],[-70.3174,-36.3342]]}},{"type":"Feature","properties":{"nombre":"Río Curi Leuvú","tipo":"Río"},"geometry":{"type":"LineString","coordinates":[[-70.2778,-37.3406],[-70.281,-37.3449],[-70.2791,-37.3507]]}},{"type":"Feature","properties":{"nombre":"Río Limay","tipo":"Río"},"geometry":{"type":"LineString","coordinates":[[-69.4654,-39.7826],[-69.4596,-39.7824],[-69.4572,-39.7784]]}},{"type":"Feature","properties":{"nombre":"Arroyo Quintuco","tipo":"Arroyo"},"geometry":{"type":"LineString","coordinates":[[-70.2197,-38.1571],[-70.2101,-38.1563]]}},{"type":"Feature","properties":{"nombre":"Río Colorado","tipo":"Río"},"geometry":{"type":"LineString","coordinates":[[-68.1723,-37.6006],[-68.1675,-37.6031],[-68.1621,-37.6006]]}},{"type":"Feature","properties":{"nombre":"Arroyo Quebrada Mala","tipo":"Arroyo"},"geometry":{"type":"LineString","coordinates":[[-70.4502,-36.8543],[-70.4501,-36.8672],[-70.4458,-36.8725],[-70.4364,-36.8787],[-70.4152,-36.8834]]}},{"type":"Feature","properties":{"nombre":"Río Chimehuín","tipo":"Río"},"geometry":{"type":"LineString","coordinates":[[-71.0601,-39.9874],[-71.0637,-39.9959]]}},{"type":"Feature","properties":{"nombre":"Arroyo Los Filos","tipo":"Arroyo"},"geometry":{"type":"LineString","coordinates":[[-70.2437,-36.7248],[-70.2327,-36.7174]]}},{"type":"Feature","properties":{"nombre":"Arroyo Pancú Lehué","tipo":"Arroyo"},"geometry":{"type":"LineString","coordinates":[[-70.2973,-36.2875],[-70.28,-36.2979],[-70.2624,-36.2967],[-70.2547,-36.2998]]}},{"type":"Feature","properties":{"nombre":"Arroyo Mapio","tipo":"Arroyo"},"geometry":{"type":"LineString","coordinates":[[-71.2295,-39.0924],[-71.2197,-39.0962]]}},{"type":"Feature","properties":{"nombre":"Río Colorado","tipo":"Río"},"geometry":{"type":"LineString","coordinates":[[-69.4378,-37.1634],[-69.4198,-37.1738],[-69.4108,-37.1747]]}},{"type":"Feature","properties":{"nombre":"Río Potimalal","tipo":"Río"},"geometry":{"type":"LineString","coordinates":[[-70.0388,-36.1401],[-70.0219,-36.135]]}},{"type":"Feature","properties":{"nombre":"Río Negro","tipo":"Río"},"geometry":{"type":"LineString","coordinates":[[-67.5301,-39.0698],[-67.5183,-39.0694]]}},{"type":"Feature","properties":{"nombre":"Río Curi Leuvú","tipo":"Río"},"geometry":{"type":"LineString","coordinates":[[-70.3886,-36.9762],[-70.391,-36.9859],[-70.4042,-37.0]]}},{"type":"Feature","properties":{"nombre":"Río Buraleo","tipo":"Río"},"geometry":{"type":"LineString","coordinates":[[-71.2079,-36.9744],[-71.2093,-36.9764],[-71.2054,-36.9808],[-71.1901,-36.9775]]}},{"type":"Feature","properties":{"nombre":"Río Agrio","tipo":"Río"},"geometry":{"type":"LineString","coordinates":[[-70.9692,-37.8297],[-70.9609,-37.8263],[-70.9571,-37.8186],[-70.9463,-37.8179]]}},{"type":"Feature","properties":{"nombre":null,"tipo":null},"geometry":{"type":"LineString","coordinates":[[-71.0662,-38.8527],[-71.0606,-38.8532],[-71.0583,-38.858],[-71.0491,-38.8545]]}},{"type":"Feature","properties":{"nombre":null,"tipo":null},"geometry":{"type":"LineString","coordinates":[[-69.9535,-36.3884],[-69.9661,-36.3761]]}},{"type":"Feature","properties":{"nombre":null,"tipo":null},"geometry":{"type":"LineString","coordinates":[[-70.0427,-38.3873],[-70.0421,-38.381],[-70.0395,-38.3802]]}},{"type":"Feature","properties":{"nombre":"Río Curi Leuvú","tipo":"Río"},"geometry":{"type":"LineString","coordinates":[[-70.3619,-37.2266],[-70.3607,-37.2303],[-70.3505,-37.2353]]}},{"type":"Feature","properties":{"nombre":"Arroyo Chadileo","tipo":"Arroyo"},"geometry":{"type":"LineString","coordinates":[[-70.2803,-36.6849],[-70.2696,-36.6838]]}},{"type":"Feature","properties":{"nombre":"Río Limay","tipo":"Río"},"geometry":{"type":"LineString","coordinates":[[-69.4546,-39.7707],[-69.4426,-39.7686]]}},{"type":"Feature","properties":{"nombre":"Río Limay","tipo":"Río"},"geometry":{"type":"LineString","coordinates":[[-68.296,-38.9773],[-68.2873,-38.9842]]}},{"type":"Feature","properties":{"nombre":"Arroyo Manchana Covunco","tipo":"Arroyo"},"geometry":{"type":"LineString","coordinates":[[-70.6179,-36.6556],[-70.6167,-36.6625],[-70.6205,-36.6661]]}},{"type":"Feature","properties":{"nombre":"Río Barrancas","tipo":"Río"},"geometry":{"type":"LineString","coordinates":[[-70.3705,-36.266],[-70.3712,-36.2772]]}},{"type":"Feature","properties":{"nombre":"Río Quillén","tipo":"Río"},"geometry":{"type":"LineString","coordinates":[[-71.0781,-39.376],[-71.0656,-39.3692]]}},{"type":"Feature","properties":{"nombre":"Arroyo Cajón del Medio","tipo":"Arroyo"},"geometry":{"type":"LineString","coordinates":[[-70.4612,-36.7946],[-70.4409,-36.7985],[-70.4198,-36.7926]]}},{"type":"Feature","properties":{"nombre":"Arroyo Poñihue","tipo":"Arroyo"},"geometry":{"type":"LineString","coordinates":[[-70.1039,-36.8214],[-70.0889,-36.8163]]}},{"type":"Feature","properties":{"nombre":"Arroyo Ñireco","tipo":"Arroyo"},"geometry":{"type":"LineString","coordinates":[[-70.9563,-38.424],[-70.9234,-38.43]]}},{"type":"Feature","properties":{"nombre":"Arroyo Pichi Neuquén","tipo":"Arroyo"},"geometry":{"type":"LineString","coordinates":[[-69.8735,-37.8956],[-69.8684,-37.8976],[-69.8682,-37.9013]]}},{"type":"Feature","properties":{"nombre":"Río Agrio","tipo":"Río"},"geometry":{"type":"LineString","coordinates":[[-70.0607,-38.413],[-70.051,-38.4114]]}},{"type":"Feature","properties":{"nombre":null,"tipo":null},"geometry":{"type":"LineString","coordinates":[[-71.0479,-37.0907],[-71.0404,-37.0918],[-71.026,-37.1049]]}},{"type":"Feature","properties":{"nombre":"Arroyo Comodón","tipo":"Arroyo"},"geometry":{"type":"LineString","coordinates":[[-71.5967,-40.3376],[-71.5803,-40.3333]]}},{"type":"Feature","properties":{"nombre":"Arroyo Los Pinos","tipo":"Arroyo"},"geometry":{"type":"LineString","coordinates":[[-70.7696,-38.6075],[-70.7258,-38.5953]]}},{"type":"Feature","properties":{"nombre":"Arroyo Codihue","tipo":"Arroyo"},"geometry":{"type":"LineString","coordinates":[[-70.5704,-38.4509],[-70.557,-38.45],[-70.539,-38.4557]]}},{"type":"Feature","properties":{"nombre":"Arroyo Picún Leufú","tipo":"Arroyo"},"geometry":{"type":"LineString","coordinates":[[-69.8654,-39.3305],[-69.8534,-39.3312],[-69.8474,-39.328],[-69.8359,-39.3333]]}},{"type":"Feature","properties":{"nombre":"Arroyo Tocuyo","tipo":"Arroyo"},"geometry":{"type":"LineString","coordinates":[[-70.4303,-37.0],[-70.4204,-37.0]]}},{"type":"Feature","properties":{"nombre":"Arroyo Bota Curá","tipo":"Arroyo"},"geometry":{"type":"LineString","coordinates":[[-70.2821,-36.5484],[-70.2764,-36.5478],[-70.2766,-36.5448],[-70.2676,-36.5388],[-70.2669,-36.5228],[-70.2627,-36.5203]]}},{"type":"Feature","properties":{"nombre":"Arroyo Liu Cullín","tipo":"Arroyo"},"geometry":{"type":"LineString","coordinates":[[-70.6436,-38.7245],[-70.6338,-38.7196]]}},{"type":"Feature","properties":{"nombre":"Río Currhué","tipo":"Río"},"geometry":{"type":"LineString","coordinates":[[-71.2164,-39.9494],[-71.2098,-39.9484],[-71.1966,-39.9563],[-71.1895,-39.9554],[-71.1835,-39.9615],[-71.1744,-39.9604],[-71.1645,-39.9642]]}},{"type":"Feature","properties":{"nombre":"Arroyo La Buitrera","tipo":"Arroyo"},"geometry":{"type":"LineString","coordinates":[[-70.323,-38.5645],[-70.304,-38.566],[-70.2894,-38.5608]]}},{"type":"Feature","properties":{"nombre":"Arroyo Las Lajitas","tipo":"Arroyo"},"geometry":{"type":"LineString","coordinates":[[-70.5969,-38.7788],[-70.5875,-38.77]]}},{"type":"Feature","properties":{"nombre":null,"tipo":null},"geometry":{"type":"LineString","coordinates":[[-71.0274,-38.8648],[-71.0169,-38.8625],[-71.0003,-38.8723]]}},{"type":"Feature","properties":{"nombre":"Río Neuquén","tipo":"Río"},"geometry":{"type":"LineString","coordinates":[[-69.8059,-38.0],[-69.8145,-38.009],[-69.814,-38.0213],[-69.8067,-38.0248]]}},{"type":"Feature","properties":{"nombre":"Arroyo Lapa","tipo":"Arroyo"},"geometry":{"type":"LineString","coordinates":[[-70.4469,-39.3795],[-70.436,-39.3863]]}},{"type":"Feature","properties":{"nombre":"Río Litrán","tipo":"Río"},"geometry":{"type":"LineString","coordinates":[[-71.0274,-38.8648],[-71.0368,-38.8701]]}},{"type":"Feature","properties":{"nombre":"Río Neuquén","tipo":"Río"},"geometry":{"type":"LineString","coordinates":[[-69.8209,-38.0246],[-69.8277,-38.0193],[-69.8332,-38.0243]]}},{"type":"Feature","properties":{"nombre":"Arroyo Mapio","tipo":"Arroyo"},"geometry":{"type":"LineString","coordinates":[[-71.2314,-39.1206],[-71.2387,-39.1287],[-71.2284,-39.133],[-71.2248,-39.1392],[-71.2177,-39.1397]]}},{"type":"Feature","properties":{"nombre":"Arroyo Salto Grande","tipo":"Arroyo"},"geometry":{"type":"LineString","coordinates":[[-71.6708,-39.7511],[-71.6628,-39.7511],[-71.6555,-39.757]]}},{"type":"Feature","properties":{"nombre":"Arroyo Pichi - Quinquín","tipo":"Arroyo"},"geometry":{"type":"LineString","coordinates":[[-71.3117,-39.2444],[-71.304,-39.2445],[-71.2878,-39.2331],[-71.2854,-39.2236],[-71.2817,-39.2217]]}},{"type":"Feature","properties":{"nombre":"Río Nahueve","tipo":"Río"},"geometry":{"type":"LineString","coordinates":[[-70.8863,-36.9726],[-70.8766,-36.9795],[-70.8705,-36.9786]]}},{"type":"Feature","properties":{"nombre":"Río Agrio","tipo":"Río"},"geometry":{"type":"LineString","coordinates":[[-70.9872,-37.8737],[-70.9748,-37.8742]]}},{"type":"Feature","properties":{"nombre":"Río Currhué","tipo":"Río"},"geometry":{"type":"LineString","coordinates":[[-71.257,-39.9224],[-71.2565,-39.9324]]}},{"type":"Feature","properties":{"nombre":"Río Colorado","tipo":"Río"},"geometry":{"type":"LineString","coordinates":[[-68.0529,-37.5992],[-68.048,-37.6009],[-68.043,-37.5985]]}},{"type":"Feature","properties":{"nombre":"Arroyo Chapúa","tipo":"Arroyo"},"geometry":{"type":"LineString","coordinates":[[-70.2141,-37.1606],[-70.2177,-37.1669],[-70.2337,-37.1707]]}},{"type":"Feature","properties":{"nombre":"Río Currhué","tipo":"Río"},"geometry":{"type":"LineString","coordinates":[[-71.2925,-39.9191],[-71.2807,-39.9187]]}},{"type":"Feature","properties":{"nombre":"Río Salado","tipo":"Río"},"geometry":{"type":"LineString","coordinates":[[-70.029,-38.3151],[-70.0308,-38.3173],[-70.0218,-38.3227]]}},{"type":"Feature","properties":{"nombre":"Río Salado","tipo":"Río"},"geometry":{"type":"LineString","coordinates":[[-70.0716,-38.2284],[-70.0741,-38.2302],[-70.0711,-38.2342],[-70.0722,-38.2431]]}},{"type":"Feature","properties":{"nombre":"Arroyo Los Ñires","tipo":"Arroyo"},"geometry":{"type":"LineString","coordinates":[[-70.8832,-38.0604],[-70.8398,-38.0643],[-70.8347,-38.0677],[-70.8055,-38.0642],[-70.7686,-38.0687],[-70.7512,-38.0613],[-70.7394,-38.0635],[-70.7116,-38.0593],[-70.7031,-38.055]]}},{"type":"Feature","properties":{"nombre":null,"tipo":null},"geometry":{"type":"LineString","coordinates":[[-71.2887,-38.8841],[-71.2813,-38.8863],[-71.2796,-38.8907]]}},{"type":"Feature","properties":{"nombre":"Río Barrancas","tipo":"Río"},"geometry":{"type":"LineString","coordinates":[[-69.9207,-36.7614],[-69.9222,-36.7702]]}},{"type":"Feature","properties":{"nombre":"Arroyo Los Barros","tipo":"Arroyo"},"geometry":{"type":"LineString","coordinates":[[-71.0291,-37.9906],[-71.0336,-38.0]]}},{"type":"Feature","properties":{"nombre":null,"tipo":null},"geometry":{"type":"LineString","coordinates":[[-70.9231,-37.0452],[-70.915,-37.0392],[-70.913,-37.0337],[-70.89,-37.0224]]}},{"type":"Feature","properties":{"nombre":"Arroyo China Muerta","tipo":"Arroyo"},"geometry":{"type":"LineString","coordinates":[[-70.3777,-39.4698],[-70.3727,-39.4758]]}},{"type":"Feature","properties":{"nombre":"Río Pulmarí","tipo":"Río"},"geometry":{"type":"LineString","coordinates":[[-71.1513,-39.1211],[-71.1454,-39.1216],[-71.1494,-39.1242],[-71.1461,-39.1243],[-71.1475,-39.1266],[-71.1445,-39.1287],[-71.1359,-39.1253]]}},{"type":"Feature","properties":{"nombre":"Arroyo Quillahue","tipo":"Arroyo"},"geometry":{"type":"LineString","coordinates":[[-71.3766,-38.973],[-71.3655,-38.9659]]}},{"type":"Feature","properties":{"nombre":null,"tipo":null},"geometry":{"type":"LineString","coordinates":[[-71.1159,-37.5528],[-71.1074,-37.5471]]}},{"type":"Feature","properties":{"nombre":"Arroyo Poñihue","tipo":"Arroyo"},"geometry":{"type":"LineString","coordinates":[[-70.1256,-36.8351],[-70.1059,-36.8331],[-70.1039,-36.8214]]}},{"type":"Feature","properties":{"nombre":"Río Limay","tipo":"Río"},"geometry":{"type":"LineString","coordinates":[[-68.2808,-38.9857],[-68.2639,-38.9833]]}},{"type":"Feature","properties":{"nombre":"Río Colorado","tipo":"Río"},"geometry":{"type":"LineString","coordinates":[[-69.6268,-37.1439],[-69.6131,-37.1477]]}},{"type":"Feature","properties":{"nombre":"Río Barrancas","tipo":"Río"},"geometry":{"type":"LineString","coordinates":[[-69.7979,-36.8599],[-69.7875,-36.8694],[-69.765,-36.8733],[-69.7597,-36.8715]]}},{"type":"Feature","properties":{"nombre":"Arroyo Pilmatué","tipo":"Arroyo"},"geometry":{"type":"LineString","coordinates":[[-70.1305,-38.214],[-70.1132,-38.2145],[-70.0997,-38.2104]]}},{"type":"Feature","properties":{"nombre":null,"tipo":null},"geometry":{"type":"LineString","coordinates":[[-70.9121,-38.8681],[-70.9147,-38.8744],[-70.9111,-38.881]]}},{"type":"Feature","properties":{"nombre":"Arroyo El Saco","tipo":"Arroyo"},"geometry":{"type":"LineString","coordinates":[[-71.3172,-38.9855],[-71.3292,-38.9746],[-71.3423,-38.9707]]}},{"type":"Feature","properties":{"nombre":"Arroyo China Muerta","tipo":"Arroyo"},"geometry":{"type":"LineString","coordinates":[[-70.2253,-39.5412],[-70.2228,-39.5452],[-70.2159,-39.5461]]}},{"type":"Feature","properties":{"nombre":"Arroyo Ruca","tipo":"Arroyo"},"geometry":{"type":"LineString","coordinates":[[-70.223,-36.0674],[-70.2127,-36.0641],[-70.2003,-36.0459],[-70.2032,-36.0403],[-70.1929,-36.0368],[-70.1849,-36.0255],[-70.1767,-36.0201]]}},{"type":"Feature","properties":{"nombre":"Río Neuquén","tipo":"Río"},"geometry":{"type":"LineString","coordinates":[[-69.8678,-37.7194],[-69.8667,-37.7248],[-69.8723,-37.7287]]}},{"type":"Feature","properties":{"nombre":"Río Grande","tipo":"Río"},"geometry":{"type":"LineString","coordinates":[[-69.6516,-36.2204],[-69.6516,-36.2148],[-69.6588,-36.2087]]}},{"type":"Feature","properties":{"nombre":null,"tipo":null},"geometry":{"type":"LineString","coordinates":[[-69.9005,-37.8775],[-69.9081,-37.88],[-69.9069,-37.8829]]}},{"type":"Feature","properties":{"nombre":"Arroyo Huayilón","tipo":"Arroyo"},"geometry":{"type":"LineString","coordinates":[[-70.4618,-38.363],[-70.4613,-38.3679],[-70.4672,-38.3704]]}},{"type":"Feature","properties":{"nombre":"Río Colorado","tipo":"Río"},"geometry":{"type":"LineString","coordinates":[[-68.2577,-37.5743],[-68.2448,-37.5799],[-68.2447,-37.5825]]}},{"type":"Feature","properties":{"nombre":"Arroyo Ferrada","tipo":"Arroyo"},"geometry":{"type":"LineString","coordinates":[[-70.7676,-38.5655],[-70.7642,-38.5695],[-70.7564,-38.5676],[-70.7495,-38.5724]]}},{"type":"Feature","properties":{"nombre":"Arroyo Hui - Hui","tipo":"Arroyo"},"geometry":{"type":"LineString","coordinates":[[-71.3853,-39.3333],[-71.381,-39.3418]]}},{"type":"Feature","properties":{"nombre":"Arroyo Picún Leufú","tipo":"Arroyo"},"geometry":{"type":"LineString","coordinates":[[-70.5802,-39.1598],[-70.5746,-39.1631],[-70.5739,-39.1681]]}},{"type":"Feature","properties":{"nombre":"Arroyo Chacaico","tipo":"Arroyo"},"geometry":{"type":"LineString","coordinates":[[-69.981,-36.5912],[-69.9702,-36.5865]]}},{"type":"Feature","properties":{"nombre":"Río Colorado","tipo":"Río"},"geometry":{"type":"LineString","coordinates":[[-68.763,-37.3695],[-68.7518,-37.3764]]}},{"type":"Feature","properties":{"nombre":"Río Negro","tipo":"Río"},"geometry":{"type":"LineString","coordinates":[[-67.574,-39.108],[-67.5622,-39.1053]]}},{"type":"Feature","properties":{"nombre":"Río Colorado","tipo":"Río"},"geometry":{"type":"LineString","coordinates":[[-68.7784,-37.3685],[-68.7656,-37.3667]]}},{"type":"Feature","properties":{"nombre":"Arroyo Calfiquitra","tipo":"Arroyo"},"geometry":{"type":"LineString","coordinates":[[-71.2666,-39.2317],[-71.2618,-39.2312],[-71.2571,-39.2342],[-71.2582,-39.2369],[-71.2526,-39.2369],[-71.2477,-39.2454],[-71.2495,-39.2472],[-71.2436,-39.2471],[-71.2366,-39.2534],[-71.2307,-39.2525]]}},{"type":"Feature","properties":{"nombre":"Arroyo Buta - Có","tipo":"Arroyo"},"geometry":{"type":"LineString","coordinates":[[-69.8563,-36.9302],[-69.8393,-36.9187]]}},{"type":"Feature","properties":{"nombre":"Arroyo Chacaico","tipo":"Arroyo"},"geometry":{"type":"LineString","coordinates":[[-70.2547,-36.2998],[-70.2538,-36.3114],[-70.2473,-36.3214]]}},{"type":"Feature","properties":{"nombre":"Río Colorado","tipo":"Río"},"geometry":{"type":"LineString","coordinates":[[-69.016,-37.366],[-69.0114,-37.3701],[-69.0067,-37.3697]]}},{"type":"Feature","properties":{"nombre":"Arroyo Los Chenques","tipo":"Arroyo"},"geometry":{"type":"LineString","coordinates":[[-70.7795,-36.4561],[-70.7847,-36.4548],[-70.7917,-36.4578]]}},{"type":"Feature","properties":{"nombre":"Arroyo Quilli Malal","tipo":"Arroyo"},"geometry":{"type":"LineString","coordinates":[[-70.0464,-36.5311],[-70.057,-36.5379]]}},{"type":"Feature","properties":{"nombre":null,"tipo":null},"geometry":{"type":"LineString","coordinates":[[-70.7194,-37.7309],[-70.711,-37.7299]]}},{"type":"Feature","properties":{"nombre":"Arroyo Calfiquitra","tipo":"Arroyo"},"geometry":{"type":"LineString","coordinates":[[-71.2817,-39.2217],[-71.271,-39.223],[-71.2691,-39.2321],[-71.2666,-39.2317]]}},{"type":"Feature","properties":{"nombre":"Arroyo Los Tejos","tipo":"Arroyo"},"geometry":{"type":"LineString","coordinates":[[-70.9981,-37.1704],[-70.9907,-37.1756],[-70.9838,-37.1897],[-70.974,-37.1934]]}},{"type":"Feature","properties":{"nombre":"Río Agrio","tipo":"Río"},"geometry":{"type":"LineString","coordinates":[[-70.3302,-38.5181],[-70.32,-38.5174]]}},{"type":"Feature","properties":{"nombre":"Río Currhué","tipo":"Río"},"geometry":{"type":"LineString","coordinates":[[-71.2565,-39.9324],[-71.2531,-39.9446]]}},{"type":"Feature","properties":{"nombre":"Arroyo Codihue","tipo":"Arroyo"},"geometry":{"type":"LineString","coordinates":[[-70.7367,-38.4344],[-70.7343,-38.4321],[-70.7295,-38.4346],[-70.7046,-38.4312],[-70.6739,-38.4316],[-70.6602,-38.4358]]}},{"type":"Feature","properties":{"nombre":"Arroyo Ayhuin","tipo":"Arroyo"},"geometry":{"type":"LineString","coordinates":[[-71.7456,-40.4589],[-71.75,-40.4679]]}},{"type":"Feature","properties":{"nombre":"Río Reñileuvú","tipo":"Río"},"geometry":{"type":"LineString","coordinates":[[-70.7339,-37.3333],[-70.7249,-37.3333]]}},{"type":"Feature","properties":{"nombre":"Arroyo Piuquenes","tipo":"Arroyo"},"geometry":{"type":"LineString","coordinates":[[-71.1165,-37.3451],[-71.1159,-37.3484],[-71.1093,-37.3498]]}},{"type":"Feature","properties":{"nombre":null,"tipo":null},"geometry":{"type":"LineString","coordinates":[[-71.3005,-39.8279],[-71.2956,-39.8147],[-71.2896,-39.81],[-71.282,-39.8103]]}},{"type":"Feature","properties":{"nombre":"Arroyo China Muerta","tipo":"Arroyo"},"geometry":{"type":"LineString","coordinates":[[-70.3506,-39.4988],[-70.3422,-39.5043]]}},{"type":"Feature","properties":{"nombre":"Río Filo Hua Hum","tipo":"Río"},"geometry":{"type":"LineString","coordinates":[[-71.2666,-40.4977],[-71.2571,-40.4962],[-71.2431,-40.4859],[-71.2266,-40.4812]]}},{"type":"Feature","properties":{"nombre":"Arroyo de la Lagunita o Blanco","tipo":"Arroyo"},"geometry":{"type":"LineString","coordinates":[[-70.2041,-36.4611],[-70.2143,-36.4634]]}},{"type":"Feature","properties":{"nombre":"Arroyo Los Mogotillos","tipo":"Arroyo"},"geometry":{"type":"LineString","coordinates":[[-70.4387,-36.9323],[-70.436,-36.9466]]}},{"type":"Feature","properties":{"nombre":"Arroyo Colorado","tipo":"Arroyo"},"geometry":{"type":"LineString","coordinates":[[-71.0246,-36.5542],[-71.0184,-36.5738]]}},{"type":"Feature","properties":{"nombre":"Arroyo Loma Angosta","tipo":"Arroyo"},"geometry":{"type":"LineString","coordinates":[[-70.8192,-38.2571],[-70.7417,-38.2511]]}},{"type":"Feature","properties":{"nombre":"Arroyo de El Arco","tipo":"Arroyo"},"geometry":{"type":"LineString","coordinates":[[-71.0971,-38.7858],[-71.0791,-38.779]]}},{"type":"Feature","properties":{"nombre":"Río Filuco","tipo":"Río"},"geometry":{"type":"LineString","coordinates":[[-71.5087,-40.4163],[-71.5116,-40.4215],[-71.5189,-40.4227],[-71.5262,-40.4301],[-71.5294,-40.4276],[-71.5344,-40.4306]]}},{"type":"Feature","properties":{"nombre":"Río Quillén","tipo":"Río"},"geometry":{"type":"LineString","coordinates":[[-71.1966,-39.3716],[-71.1866,-39.3737],[-71.1808,-39.371],[-71.1677,-39.3793],[-71.1651,-39.3762],[-71.1671,-39.3736],[-71.1591,-39.3756],[-71.146,-39.3644],[-71.139,-39.372],[-71.1405,-39.3761],[-71.1345,-39.3769]]}},{"type":"Feature","properties":{"nombre":"Arroyo Ailinco","tipo":"Arroyo"},"geometry":{"type":"LineString","coordinates":[[-70.6006,-36.6186],[-70.6074,-36.6288],[-70.6211,-36.633]]}},{"type":"Feature","properties":{"nombre":"Río Aluminé","tipo":"Río"},"geometry":{"type":"LineString","coordinates":[[-70.9351,-39.5945],[-70.9382,-39.603],[-70.9331,-39.6092]]}},{"type":"Feature","properties":{"nombre":null,"tipo":null},"geometry":{"type":"LineString","coordinates":[[-70.4482,-37.6933],[-70.4475,-37.6803]]}},{"type":"Feature","properties":{"nombre":null,"tipo":null},"geometry":{"type":"LineString","coordinates":[[-71.4261,-40.029],[-71.4385,-40.0297]]}},{"type":"Feature","properties":{"nombre":"Arroyo Lonco Luan","tipo":"Arroyo"},"geometry":{"type":"LineString","coordinates":[[-71.0145,-38.9732],[-71.0274,-38.9753],[-71.0383,-38.9701],[-71.0438,-38.971]]}},{"type":"Feature","properties":{"nombre":"Río Collón Curá","tipo":"Río"},"geometry":{"type":"LineString","coordinates":[[-70.6784,-40.2088],[-70.6704,-40.211],[-70.6699,-40.2158]]}},{"type":"Feature","properties":{"nombre":"Arroyo Chadileo","tipo":"Arroyo"},"geometry":{"type":"LineString","coordinates":[[-70.3521,-36.6544],[-70.343,-36.6667]]}},{"type":"Feature","properties":{"nombre":"Arroyo Pucará","tipo":"Arroyo"},"geometry":{"type":"LineString","coordinates":[[-71.6449,-40.2296],[-71.6411,-40.2329],[-71.6413,-40.2403]]}},{"type":"Feature","properties":{"nombre":"Río Reñileuvú","tipo":"Río"},"geometry":{"type":"LineString","coordinates":[[-70.9606,-37.3608],[-70.9452,-37.3576]]}},{"type":"Feature","properties":{"nombre":"Arroyo Lumabia","tipo":"Arroyo"},"geometry":{"type":"LineString","coordinates":[[-71.014,-36.7989],[-71.0093,-36.8024],[-71.0106,-36.8055]]}},{"type":"Feature","properties":{"nombre":"Arroyo Malalco","tipo":"Arroyo"},"geometry":{"type":"LineString","coordinates":[[-71.28,-39.3104],[-71.2769,-39.316],[-71.2661,-39.3188]]}},{"type":"Feature","properties":{"nombre":"Arroyo Mulichincó","tipo":"Arroyo"},"geometry":{"type":"LineString","coordinates":[[-70.4488,-38.0952],[-70.4416,-38.0867]]}},{"type":"Feature","properties":{"nombre":"Arroyo Colimichicó","tipo":"Arroyo"},"geometry":{"type":"LineString","coordinates":[[-70.5686,-36.9121],[-70.5691,-36.9224],[-70.5749,-36.9286]]}},{"type":"Feature","properties":{"nombre":"Arroyo Pino Solo","tipo":"Arroyo"},"geometry":{"type":"LineString","coordinates":[[-70.8201,-38.5718],[-70.7962,-38.5662]]}},{"type":"Feature","properties":{"nombre":"Arroyo La Buitrera","tipo":"Arroyo"},"geometry":{"type":"LineString","coordinates":[[-70.3515,-38.5605],[-70.323,-38.5645]]}},{"type":"Feature","properties":{"nombre":"Arroyo Tricahueras","tipo":"Arroyo"},"geometry":{"type":"LineString","coordinates":[[-70.2757,-38.0049],[-70.2662,-38.0019]]}},{"type":"Feature","properties":{"nombre":"Arroyo Coihueco","tipo":"Arroyo"},"geometry":{"type":"LineString","coordinates":[[-70.2262,-38.0],[-70.2183,-38.0014]]}},{"type":"Feature","properties":{"nombre":"Arroyo Chadileo","tipo":"Arroyo"},"geometry":{"type":"LineString","coordinates":[[-70.2267,-36.6937],[-70.2162,-36.6965]]}},{"type":"Feature","properties":{"nombre":"Arroyo Blanco","tipo":"Arroyo"},"geometry":{"type":"LineString","coordinates":[[-70.2303,-37.2392],[-70.2412,-37.2474]]}},{"type":"Feature","properties":{"nombre":"Arroyo Pino Solo","tipo":"Arroyo"},"geometry":{"type":"LineString","coordinates":[[-70.7725,-38.5714],[-70.7594,-38.5706],[-70.7555,-38.5733]]}},{"type":"Feature","properties":{"nombre":"Arroyo Salinas","tipo":"Arroyo"},"geometry":{"type":"LineString","coordinates":[[-70.0408,-36.0417],[-70.0268,-36.042]]}},{"type":"Feature","properties":{"nombre":"Río Quilquihue","tipo":"Río"},"geometry":{"type":"LineString","coordinates":[[-71.1012,-40.0595],[-71.1168,-40.0636]]}},{"type":"Feature","properties":{"nombre":"Río Neuquén","tipo":"Río"},"geometry":{"type":"LineString","coordinates":[[-70.2546,-37.3973],[-70.2404,-37.3989]]}},{"type":"Feature","properties":{"nombre":null,"tipo":null},"geometry":{"type":"LineString","coordinates":[[-71.6839,-39.5714],[-71.6871,-39.5841],[-71.6799,-39.5863]]}},{"type":"Feature","properties":{"nombre":"Arroyo Molulco","tipo":"Arroyo"},"geometry":{"type":"LineString","coordinates":[[-70.4814,-36.9183],[-70.4745,-36.9358]]}},{"type":"Feature","properties":{"nombre":"Arroyo Huinganco","tipo":"Arroyo"},"geometry":{"type":"LineString","coordinates":[[-70.183,-36.5568],[-70.1407,-36.5452],[-70.1343,-36.5447],[-70.1275,-36.5505]]}},{"type":"Feature","properties":{"nombre":"Río Agrio","tipo":"Río"},"geometry":{"type":"LineString","coordinates":[[-71.0953,-37.8778],[-71.0866,-37.8845]]}},{"type":"Feature","properties":{"nombre":"Arroyo Pichi Picún Leufú","tipo":"Arroyo"},"geometry":{"type":"LineString","coordinates":[[-70.0,-39.961],[-69.9858,-39.9602],[-69.9603,-39.966],[-69.957,-39.9638]]}},{"type":"Feature","properties":{"nombre":"Arroyo Liu Cullín","tipo":"Arroyo"},"geometry":{"type":"LineString","coordinates":[[-70.4978,-38.5328],[-70.4797,-38.5198],[-70.48,-38.5152],[-70.4732,-38.5134],[-70.4726,-38.5094],[-70.4669,-38.5071],[-70.4552,-38.5107],[-70.4431,-38.5028]]}},{"type":"Feature","properties":{"nombre":"Arroyo Lonco Luan","tipo":"Arroyo"},"geometry":{"type":"LineString","coordinates":[[-70.9415,-38.9247],[-70.9506,-38.9264],[-70.9512,-38.9291]]}},{"type":"Feature","properties":{"nombre":"Río Neuquén","tipo":"Río"},"geometry":{"type":"LineString","coordinates":[[-69.1264,-38.6051],[-69.1125,-38.6024]]}},{"type":"Feature","properties":{"nombre":"Arroyo Liuco","tipo":"Arroyo"},"geometry":{"type":"LineString","coordinates":[[-70.2269,-36.9142],[-70.2338,-36.9338],[-70.2403,-36.9409]]}},{"type":"Feature","properties":{"nombre":"Arroyo Huanquimileo","tipo":"Arroyo"},"geometry":{"type":"LineString","coordinates":[[-70.2046,-36.0882],[-70.1893,-36.0882],[-70.1756,-36.104]]}},{"type":"Feature","properties":{"nombre":"Río Neuquén","tipo":"Río"},"geometry":{"type":"LineString","coordinates":[[-70.0949,-37.5015],[-70.0927,-37.5106],[-70.0846,-37.5183],[-70.0869,-37.5296]]}},{"type":"Feature","properties":{"nombre":"Río Malleo","tipo":"Río"},"geometry":{"type":"LineString","coordinates":[[-71.0134,-39.7905],[-71.0038,-39.7958]]}},{"type":"Feature","properties":{"nombre":"Arroyo Lonco Luan","tipo":"Arroyo"},"geometry":{"type":"LineString","coordinates":[[-70.8912,-38.8988],[-70.8892,-38.9015],[-70.9048,-38.9004],[-70.9067,-38.9055],[-70.9115,-38.9044]]}},{"type":"Feature","properties":{"nombre":"Arroyo El Pino","tipo":"Arroyo"},"geometry":{"type":"LineString","coordinates":[[-70.7239,-37.8925],[-70.7033,-37.891],[-70.6974,-37.8841],[-70.6832,-37.8805],[-70.6692,-37.8719],[-70.6551,-37.8768],[-70.6434,-37.8715]]}},{"type":"Feature","properties":{"nombre":"Río Neuquén","tipo":"Río"},"geometry":{"type":"LineString","coordinates":[[-69.0647,-38.5776],[-69.0774,-38.5767]]}},{"type":"Feature","properties":{"nombre":"Arroyo Turbio","tipo":"Arroyo"},"geometry":{"type":"LineString","coordinates":[[-70.5286,-36.4891],[-70.5415,-36.4846]]}},{"type":"Feature","properties":{"nombre":"Arroyo Quebrada Mala","tipo":"Arroyo"},"geometry":{"type":"LineString","coordinates":[[-70.4152,-36.8834],[-70.4047,-36.8803]]}},{"type":"Feature","properties":{"nombre":"Río Colorado","tipo":"Río"},"geometry":{"type":"LineString","coordinates":[[-69.6593,-37.1205],[-69.6493,-37.1236]]}},{"type":"Feature","properties":{"nombre":"Arroyo Nahuel Mapi","tipo":"Arroyo"},"geometry":{"type":"LineString","coordinates":[[-70.9901,-39.5938],[-70.9794,-39.5971]]}},{"type":"Feature","properties":{"nombre":"Arroyo Covunco","tipo":"Arroyo"},"geometry":{"type":"LineString","coordinates":[[-69.9456,-38.6853],[-69.9415,-38.6751]]}},{"type":"Feature","properties":{"nombre":"Arroyo Huaca Mamuil","tipo":"Arroyo"},"geometry":{"type":"LineString","coordinates":[[-71.313,-39.5793],[-71.3094,-39.5841],[-71.3127,-39.5863],[-71.312,-39.5937],[-71.3015,-39.6028]]}},{"type":"Feature","properties":{"nombre":"Río Pulmarí","tipo":"Río"},"geometry":{"type":"LineString","coordinates":[[-71.048,-39.1123],[-71.0408,-39.1203],[-71.0354,-39.1194],[-71.0347,-39.1165]]}},{"type":"Feature","properties":{"nombre":"Arroyo Curu Pehuén","tipo":"Arroyo"},"geometry":{"type":"LineString","coordinates":[[-70.7052,-39.0853],[-70.6883,-39.1188]]}},{"type":"Feature","properties":{"nombre":"Arroyo Ñivinco","tipo":"Arroyo"},"geometry":{"type":"LineString","coordinates":[[-71.7029,-40.448],[-71.6986,-40.4515],[-71.6904,-40.4521]]}},{"type":"Feature","properties":{"nombre":null,"tipo":null},"geometry":{"type":"LineString","coordinates":[[-71.3872,-39.0304],[-71.3923,-39.0252],[-71.3987,-39.0252],[-71.4051,-39.0204]]}},{"type":"Feature","properties":{"nombre":"Río Limay","tipo":"Río"},"geometry":{"type":"LineString","coordinates":[[-69.4517,-39.7732],[-69.4426,-39.7686]]}},{"type":"Feature","properties":{"nombre":"Río Neuquén","tipo":"Río"},"geometry":{"type":"LineString","coordinates":[[-70.619,-37.1477],[-70.6291,-37.1503]]}},{"type":"Feature","properties":{"nombre":null,"tipo":null},"geometry":{"type":"LineString","coordinates":[[-71.048,-37.4311],[-71.0452,-37.4451],[-71.0397,-37.4515]]}},{"type":"Feature","properties":{"nombre":"Arroyo Pichi Hua Hum o Fortín","tipo":"Arroyo"},"geometry":{"type":"LineString","coordinates":[[-71.6783,-40.0333],[-71.6634,-40.0406]]}},{"type":"Feature","properties":{"nombre":null,"tipo":null},"geometry":{"type":"LineString","coordinates":[[-71.036,-37.2656],[-71.0301,-37.2654],[-71.0279,-37.2594]]}},{"type":"Feature","properties":{"nombre":"Arroyo de El Arco","tipo":"Arroyo"},"geometry":{"type":"LineString","coordinates":[[-71.0341,-38.8308],[-71.0353,-38.8371],[-71.0323,-38.84]]}},{"type":"Feature","properties":{"nombre":"Río Collón Curá","tipo":"Río"},"geometry":{"type":"LineString","coordinates":[[-70.6548,-40.2515],[-70.6573,-40.2608],[-70.6659,-40.2644]]}},{"type":"Feature","properties":{"nombre":"Arroyo Ñivinco","tipo":"Arroyo"},"geometry":{"type":"LineString","coordinates":[[-71.6704,-40.4786],[-71.673,-40.4806],[-71.6693,-40.483]]}},{"type":"Feature","properties":{"nombre":"Arroyo Huarenchenque","tipo":"Arroyo"},"geometry":{"type":"LineString","coordinates":[[-70.8066,-38.3217],[-70.77,-38.3287],[-70.761,-38.3215],[-70.7452,-38.3188]]}},{"type":"Feature","properties":{"nombre":"Río Neuquén","tipo":"Río"},"geometry":{"type":"LineString","coordinates":[[-70.0697,-37.5872],[-70.0598,-37.5907],[-70.0556,-37.5973],[-70.0467,-37.5963],[-70.043,-37.6023]]}},{"type":"Feature","properties":{"nombre":"Arroyo Pitrunquen","tipo":"Arroyo"},"geometry":{"type":"LineString","coordinates":[[-70.7072,-38.861],[-70.7112,-38.8713],[-70.711,-38.8806]]}},{"type":"Feature","properties":{"nombre":"Río Barrancas","tipo":"Río"},"geometry":{"type":"LineString","coordinates":[[-70.0463,-36.6538],[-70.0421,-36.6592],[-70.03,-36.6618]]}},{"type":"Feature","properties":{"nombre":null,"tipo":null},"geometry":{"type":"LineString","coordinates":[[-70.7541,-38.7339],[-70.7472,-38.7273]]}},{"type":"Feature","properties":{"nombre":"Arroyo Chacay Melehué","tipo":"Arroyo"},"geometry":{"type":"LineString","coordinates":[[-70.4324,-37.2503],[-70.4219,-37.2544]]}},{"type":"Feature","properties":{"nombre":"Arroyo Los Tábanos","tipo":"Arroyo"},"geometry":{"type":"LineString","coordinates":[[-70.9801,-38.1158],[-70.974,-38.1191],[-70.968,-38.1174]]}},{"type":"Feature","properties":{"nombre":"Río Neuquén","tipo":"Río"},"geometry":{"type":"LineString","coordinates":[[-69.2444,-38.6045],[-69.2354,-38.609],[-69.2403,-38.6157]]}},{"type":"Feature","properties":{"nombre":"Arroyo Bella Vista","tipo":"Arroyo"},"geometry":{"type":"LineString","coordinates":[[-70.7505,-39.6189],[-70.7438,-39.6182],[-70.7435,-39.6236],[-70.7391,-39.6253],[-70.7415,-39.6286],[-70.7352,-39.63],[-70.7339,-39.6383],[-70.7286,-39.6449]]}},{"type":"Feature","properties":{"nombre":"Río Neuquén","tipo":"Río"},"geometry":{"type":"LineString","coordinates":[[-70.5578,-37.3649],[-70.549,-37.3666],[-70.5414,-37.3756]]}},{"type":"Feature","properties":{"nombre":"Arroyo Covunco","tipo":"Arroyo"},"geometry":{"type":"LineString","coordinates":[[-69.7527,-38.5285],[-69.7489,-38.5288],[-69.7491,-38.5244],[-69.7427,-38.5259],[-69.7444,-38.5227]]}},{"type":"Feature","properties":{"nombre":"Arroyo Buta - Có","tipo":"Arroyo"},"geometry":{"type":"LineString","coordinates":[[-70.0885,-36.9569],[-70.0813,-36.9621]]}},{"type":"Feature","properties":{"nombre":"Río Limay","tipo":"Río"},"geometry":{"type":"LineString","coordinates":[[-69.7344,-39.8703],[-69.7444,-39.871]]}},{"type":"Feature","properties":{"nombre":"Arroyo Huaca Mamuil","tipo":"Arroyo"},"geometry":{"type":"LineString","coordinates":[[-71.3479,-39.5398],[-71.3462,-39.5533]]}},{"type":"Feature","properties":{"nombre":"Arroyo Liuco","tipo":"Arroyo"},"geometry":{"type":"LineString","coordinates":[[-70.2403,-36.9409],[-70.2482,-36.9477],[-70.2443,-36.9536],[-70.2514,-36.9642]]}},{"type":"Feature","properties":{"nombre":"Río Turbio","tipo":"Río"},"geometry":{"type":"LineString","coordinates":[[-71.4303,-39.5741],[-71.4408,-39.5691]]}},{"type":"Feature","properties":{"nombre":"Río Neuquén","tipo":"Río"},"geometry":{"type":"LineString","coordinates":[[-69.472,-38.5005],[-69.4706,-38.4868]]}},{"type":"Feature","properties":{"nombre":null,"tipo":null},"geometry":{"type":"LineString","coordinates":[[-71.0458,-36.7046],[-71.0401,-36.7088],[-71.0336,-36.703]]}},{"type":"Feature","properties":{"nombre":"Arroyo Primeros Pinos","tipo":"Arroyo"},"geometry":{"type":"LineString","coordinates":[[-70.6151,-38.8481],[-70.6107,-38.8556],[-70.6009,-38.8603],[-70.5939,-38.8692],[-70.5538,-38.8554],[-70.5262,-38.8556]]}},{"type":"Feature","properties":{"nombre":"Arroyo Quebrada Mala","tipo":"Arroyo"},"geometry":{"type":"LineString","coordinates":[[-70.4047,-36.8803],[-70.3946,-36.8806]]}},{"type":"Feature","properties":{"nombre":"Río Limay","tipo":"Río"},"geometry":{"type":"LineString","coordinates":[[-69.4706,-39.7907],[-69.4577,-39.7867]]}},{"type":"Feature","properties":{"nombre":"Río Neuquén","tipo":"Río"},"geometry":{"type":"LineString","coordinates":[[-69.7008,-38.3257],[-69.6957,-38.3258],[-69.6957,-38.3333]]}},{"type":"Feature","properties":{"nombre":null,"tipo":null},"geometry":{"type":"LineString","coordinates":[[-70.5739,-37.1273],[-70.5829,-37.1204],[-70.5834,-37.1107]]}},{"type":"Feature","properties":{"nombre":"Río Filuco","tipo":"Río"},"geometry":{"type":"LineString","coordinates":[[-71.5114,-40.3918],[-71.5084,-40.3938],[-71.5106,-40.3958],[-71.5075,-40.3998],[-71.5093,-40.4048]]}},{"type":"Feature","properties":{"nombre":"Arroyo Coihueco","tipo":"Arroyo"},"geometry":{"type":"LineString","coordinates":[[-70.2003,-38.0176],[-70.1906,-38.0243],[-70.1802,-38.0254]]}},{"type":"Feature","properties":{"nombre":null,"tipo":null},"geometry":{"type":"LineString","coordinates":[[-67.7426,-39.0716],[-67.7303,-39.0785]]}},{"type":"Feature","properties":{"nombre":"Río Paimún","tipo":"Río"},"geometry":{"type":"LineString","coordinates":[[-71.6635,-39.5976],[-71.6498,-39.6085],[-71.6388,-39.6113],[-71.6269,-39.6266],[-71.6289,-39.6501],[-71.644,-39.66],[-71.643,-39.6626]]}},{"type":"Feature","properties":{"nombre":"Arroyo Relem","tipo":"Arroyo"},"geometry":{"type":"LineString","coordinates":[[-71.2238,-39.011],[-71.2156,-39.0]]}},{"type":"Feature","properties":{"nombre":"Arroyo Colimamil","tipo":"Arroyo"},"geometry":{"type":"LineString","coordinates":[[-70.2244,-36.1643],[-70.2296,-36.1673],[-70.2342,-36.1862],[-70.2427,-36.1916]]}},{"type":"Feature","properties":{"nombre":null,"tipo":null},"geometry":{"type":"LineString","coordinates":[[-70.0102,-36.3873],[-70.0128,-36.3951],[-70.0202,-36.4006]]}},{"type":"Feature","properties":{"nombre":null,"tipo":null},"geometry":{"type":"LineString","coordinates":[[-70.5698,-37.0229],[-70.5775,-37.0133]]}},{"type":"Feature","properties":{"nombre":null,"tipo":null},"geometry":{"type":"LineString","coordinates":[[-70.9291,-37.0869],[-70.9289,-37.0928],[-70.9189,-37.1037],[-70.9147,-37.1058],[-70.9106,-37.1025]]}},{"type":"Feature","properties":{"nombre":"Río Agrio","tipo":"Río"},"geometry":{"type":"LineString","coordinates":[[-70.0889,-38.4554],[-70.08,-38.4512]]}},{"type":"Feature","properties":{"nombre":"Arroyo Rucu Leufú","tipo":"Arroyo"},"geometry":{"type":"LineString","coordinates":[[-71.4788,-39.6835],[-71.4818,-39.6885],[-71.4905,-39.6917]]}},{"type":"Feature","properties":{"nombre":"Río Malleo","tipo":"Río"},"geometry":{"type":"LineString","coordinates":[[-71.3828,-39.5995],[-71.3407,-39.6163],[-71.3209,-39.6195],[-71.3212,-39.6223],[-71.3168,-39.6227],[-71.3178,-39.6258],[-71.3117,-39.6248]]}},{"type":"Feature","properties":{"nombre":"Arroyo Calfiquitra","tipo":"Arroyo"},"geometry":{"type":"LineString","coordinates":[[-71.2988,-39.21],[-71.2817,-39.2217]]}},{"type":"Feature","properties":{"nombre":"Arroyo Buta Mallín","tipo":"Arroyo"},"geometry":{"type":"LineString","coordinates":[[-70.8956,-38.0203],[-70.8766,-38.0233],[-70.8645,-38.0319]]}},{"type":"Feature","properties":{"nombre":"Río Rucachoroi","tipo":"Río"},"geometry":{"type":"LineString","coordinates":[[-71.0848,-39.1955],[-71.0792,-39.1978],[-71.0753,-39.1959]]}},{"type":"Feature","properties":{"nombre":"Arroyo Pichi Currhué","tipo":"Arroyo"},"geometry":{"type":"LineString","coordinates":[[-71.3166,-39.8543],[-71.3067,-39.8594]]}},{"type":"Feature","properties":{"nombre":"Río Potimalal","tipo":"Río"},"geometry":{"type":"LineString","coordinates":[[-69.9924,-36.0163],[-69.9934,-36.0217],[-69.9887,-36.0309],[-69.9973,-36.0426]]}},{"type":"Feature","properties":{"nombre":"Arroyo Tilhué","tipo":"Arroyo"},"geometry":{"type":"LineString","coordinates":[[-70.1761,-37.2864],[-70.1743,-37.295],[-70.162,-37.3131],[-70.1671,-37.3251],[-70.1611,-37.3333]]}},{"type":"Feature","properties":{"nombre":"Río Malleo","tipo":"Río"},"geometry":{"type":"LineString","coordinates":[[-71.2391,-39.6431],[-71.2327,-39.649],[-71.2236,-39.6513],[-71.2207,-39.6573],[-71.2154,-39.6555],[-71.2125,-39.6614],[-71.2079,-39.6619],[-71.2041,-39.6667]]}},{"type":"Feature","properties":{"nombre":"Arroyo Pilunchaya","tipo":"Arroyo"},"geometry":{"type":"LineString","coordinates":[[-71.092,-37.6943],[-71.0782,-37.6894],[-71.0768,-37.6863]]}},{"type":"Feature","properties":{"nombre":"Río Colorado","tipo":"Río"},"geometry":{"type":"LineString","coordinates":[[-68.3951,-37.5557],[-68.3879,-37.5497]]}},{"type":"Feature","properties":{"nombre":null,"tipo":null},"geometry":{"type":"LineString","coordinates":[[-70.4997,-37.2454],[-70.4929,-37.2516]]}},{"type":"Feature","properties":{"nombre":"Arroyo Quebrada La Greda","tipo":"Arroyo"},"geometry":{"type":"LineString","coordinates":[[-70.6989,-36.4963],[-70.7066,-36.5051],[-70.7272,-36.5094],[-70.73,-36.516],[-70.7434,-36.5251],[-70.7805,-36.5199]]}},{"type":"Feature","properties":{"nombre":"Arroyo Colimamil","tipo":"Arroyo"},"geometry":{"type":"LineString","coordinates":[[-70.3363,-36.7521],[-70.3387,-36.7641],[-70.3458,-36.7708]]}},{"type":"Feature","properties":{"nombre":"Arroyo Calmuco","tipo":"Arroyo"},"geometry":{"type":"LineString","coordinates":[[-69.9058,-36.4827],[-69.888,-36.4784],[-69.8813,-36.472]]}},{"type":"Feature","properties":{"nombre":"Arroyo Raquitué","tipo":"Arroyo"},"geometry":{"type":"LineString","coordinates":[[-71.4697,-39.7334],[-71.4776,-39.7451],[-71.4769,-39.7481]]}},{"type":"Feature","properties":{"nombre":"Arroyo Las Islas","tipo":"Arroyo"},"geometry":{"type":"LineString","coordinates":[[-70.9444,-37.0803],[-70.9316,-37.0781],[-70.9258,-37.0669],[-70.8935,-37.0512],[-70.8885,-37.0432],[-70.8871,-37.0324],[-70.8722,-37.0221],[-70.8625,-37.0207],[-70.8527,-37.0244]]}},{"type":"Feature","properties":{"nombre":"Río Chimehuín","tipo":"Río"},"geometry":{"type":"LineString","coordinates":[[-70.9468,-40.1064],[-70.9346,-40.0957],[-70.9242,-40.0912]]}},{"type":"Feature","properties":{"nombre":"Río Barrancas","tipo":"Río"},"geometry":{"type":"LineString","coordinates":[[-70.2977,-36.3393],[-70.288,-36.3333]]}},{"type":"Feature","properties":{"nombre":null,"tipo":null},"geometry":{"type":"LineString","coordinates":[[-70.4259,-36.4936],[-70.4025,-36.5128]]}},{"type":"Feature","properties":{"nombre":null,"tipo":null},"geometry":{"type":"LineString","coordinates":[[-71.4385,-40.0297],[-71.4591,-40.0288]]}},{"type":"Feature","properties":{"nombre":"Arroyo Guaraco","tipo":"Arroyo"},"geometry":{"type":"LineString","coordinates":[[-70.0966,-36.7872],[-70.0776,-36.7864]]}},{"type":"Feature","properties":{"nombre":"Arroyo Hui - Hui","tipo":"Arroyo"},"geometry":{"type":"LineString","coordinates":[[-71.307,-39.3678],[-71.3169,-39.3753],[-71.3132,-39.3827],[-71.3198,-39.3879],[-71.3185,-39.39],[-71.322,-39.3883],[-71.3289,-39.3969]]}},{"type":"Feature","properties":{"nombre":"Arroyo Picún Leufú","tipo":"Arroyo"},"geometry":{"type":"LineString","coordinates":[[-70.591,-39.1535],[-70.5802,-39.1598]]}},{"type":"Feature","properties":{"nombre":"Arroyo Romero","tipo":"Arroyo"},"geometry":{"type":"LineString","coordinates":[[-70.8197,-38.3333],[-70.8076,-38.3379]]}},{"type":"Feature","properties":{"nombre":"Arroyo del Salto","tipo":"Arroyo"},"geometry":{"type":"LineString","coordinates":[[-71.6749,-40.2856],[-71.6604,-40.2912]]}},{"type":"Feature","properties":{"nombre":"Arroyo Domuyo (S)","tipo":"Arroyo"},"geometry":{"type":"LineString","coordinates":[[-70.4106,-36.7838],[-70.411,-36.7939]]}},{"type":"Feature","properties":{"nombre":"Río Colorado","tipo":"Río"},"geometry":{"type":"LineString","coordinates":[[-68.867,-37.3957],[-68.8578,-37.3938]]}},{"type":"Feature","properties":{"nombre":"Río Neuquén","tipo":"Río"},"geometry":{"type":"LineString","coordinates":[[-69.3502,-38.5954],[-69.3476,-38.5997],[-69.3357,-38.596]]}},{"type":"Feature","properties":{"nombre":"Arroyo Relem","tipo":"Arroyo"},"geometry":{"type":"LineString","coordinates":[[-71.1893,-38.9924],[-71.1851,-38.9889],[-71.181,-38.9902]]}},{"type":"Feature","properties":{"nombre":"Río Colorado","tipo":"Río"},"geometry":{"type":"LineString","coordinates":[[-69.7775,-36.9184],[-69.7703,-36.9247],[-69.7753,-36.932],[-69.7763,-36.9443]]}},{"type":"Feature","properties":{"nombre":"Río Neuquén","tipo":"Río"},"geometry":{"type":"LineString","coordinates":[[-69.9866,-37.657],[-69.9982,-37.6548]]}},{"type":"Feature","properties":{"nombre":"Arroyo de la Laguna","tipo":"Arroyo"},"geometry":{"type":"LineString","coordinates":[[-70.9592,-37.5205],[-70.9566,-37.5231],[-70.9552,-37.5462]]}},{"type":"Feature","properties":{"nombre":"Río Caleufú","tipo":"Río"},"geometry":{"type":"LineString","coordinates":[[-70.7894,-40.4045],[-70.7705,-40.4055]]}},{"type":"Feature","properties":{"nombre":"Río Nonthue","tipo":"Río"},"geometry":{"type":"LineString","coordinates":[[-71.6323,-40.1547],[-71.6288,-40.1667],[-71.6369,-40.1686],[-71.6358,-40.1767]]}},{"type":"Feature","properties":{"nombre":"Arroyo Buta - Có","tipo":"Arroyo"},"geometry":{"type":"LineString","coordinates":[[-70.1183,-36.9448],[-70.1101,-36.9398]]}},{"type":"Feature","properties":{"nombre":null,"tipo":null},"geometry":{"type":"LineString","coordinates":[[-69.9883,-36.4597],[-69.9796,-36.4562],[-69.9755,-36.449],[-69.9789,-36.4413]]}},{"type":"Feature","properties":{"nombre":"Arroyo Curamileu","tipo":"Arroyo"},"geometry":{"type":"LineString","coordinates":[[-70.7619,-36.7924],[-70.7482,-36.8011]]}},{"type":"Feature","properties":{"nombre":"Arroyo Los Huemules","tipo":"Arroyo"},"geometry":{"type":"LineString","coordinates":[[-70.5792,-37.1637],[-70.586,-37.1658],[-70.5924,-37.1621],[-70.6107,-37.1614],[-70.6116,-37.1561]]}},{"type":"Feature","properties":{"nombre":"Río Colorado","tipo":"Río"},"geometry":{"type":"LineString","coordinates":[[-68.4761,-37.4934],[-68.4684,-37.4999]]}},{"type":"Feature","properties":{"nombre":"Arroyo Chadileo","tipo":"Arroyo"},"geometry":{"type":"LineString","coordinates":[[-70.1028,-36.7227],[-70.0928,-36.7282]]}},{"type":"Feature","properties":{"nombre":"Río Barrancas","tipo":"Río"},"geometry":{"type":"LineString","coordinates":[[-70.0937,-36.5873],[-70.0896,-36.5964]]}},{"type":"Feature","properties":{"nombre":"Río Colorado","tipo":"Río"},"geometry":{"type":"LineString","coordinates":[[-68.5176,-37.4575],[-68.5035,-37.4548]]}},{"type":"Feature","properties":{"nombre":null,"tipo":null},"geometry":{"type":"LineString","coordinates":[[-69.97,-36.0528],[-69.9884,-36.0414],[-69.9973,-36.0426]]}},{"type":"Feature","properties":{"nombre":"Arroyo Cajón de Flores","tipo":"Arroyo"},"geometry":{"type":"LineString","coordinates":[[-70.7383,-36.6914],[-70.7357,-36.7051],[-70.7412,-36.7148],[-70.7453,-36.7163],[-70.7518,-36.713],[-70.7622,-36.7154]]}},{"type":"Feature","properties":{"nombre":"Río Limay","tipo":"Río"},"geometry":{"type":"LineString","coordinates":[[-69.4378,-39.7691],[-69.428,-39.7706]]}},{"type":"Feature","properties":{"nombre":"Río Agrio","tipo":"Río"},"geometry":{"type":"LineString","coordinates":[[-70.5257,-38.3751],[-70.5169,-38.387],[-70.5103,-38.3896]]}},{"type":"Feature","properties":{"nombre":"Río Agrio","tipo":"Río"},"geometry":{"type":"LineString","coordinates":[[-70.5182,-38.383],[-70.5103,-38.3896]]}},{"type":"Feature","properties":{"nombre":"Arroyo de la Lagunita o Blanco","tipo":"Arroyo"},"geometry":{"type":"LineString","coordinates":[[-70.2195,-36.4685],[-70.2416,-36.4734]]}},{"type":"Feature","properties":{"nombre":"Arroyo China Muerta","tipo":"Arroyo"},"geometry":{"type":"LineString","coordinates":[[-70.3634,-39.4875],[-70.3539,-39.496]]}},{"type":"Feature","properties":{"nombre":"Río Colorado","tipo":"Río"},"geometry":{"type":"LineString","coordinates":[[-69.4342,-37.1603],[-69.4236,-37.1661]]}},{"type":"Feature","properties":{"nombre":null,"tipo":null},"geometry":{"type":"LineString","coordinates":[[-70.1679,-37.5202],[-70.1686,-37.5107]]}},{"type":"Feature","properties":{"nombre":"Arroyo Llamuco","tipo":"Arroyo"},"geometry":{"type":"LineString","coordinates":[[-70.7651,-39.1465],[-70.7761,-39.1463],[-70.784,-39.1498]]}},{"type":"Feature","properties":{"nombre":"Arroyo Quirinco","tipo":"Arroyo"},"geometry":{"type":"LineString","coordinates":[[-70.9093,-38.8179],[-70.935,-38.8263],[-70.9475,-38.8225]]}},{"type":"Feature","properties":{"nombre":"Río Neuquén","tipo":"Río"},"geometry":{"type":"LineString","coordinates":[[-69.8617,-37.8169],[-69.8567,-37.8241],[-69.8487,-37.8252]]}},{"type":"Feature","properties":{"nombre":"Arroyo Lonco Luan","tipo":"Arroyo"},"geometry":{"type":"LineString","coordinates":[[-70.9148,-38.9093],[-70.9118,-38.918]]}},{"type":"Feature","properties":{"nombre":"Arroyo Buta - Có","tipo":"Arroyo"},"geometry":{"type":"LineString","coordinates":[[-69.8393,-36.9187],[-69.8252,-36.9126]]}},{"type":"Feature","properties":{"nombre":"Arroyo Ñireco","tipo":"Arroyo"},"geometry":{"type":"LineString","coordinates":[[-70.8764,-37.6881],[-70.8605,-37.6711]]}},{"type":"Feature","properties":{"nombre":"Arroyo Curamilio","tipo":"Arroyo"},"geometry":{"type":"LineString","coordinates":[[-70.4448,-36.2391],[-70.4412,-36.2433],[-70.4173,-36.2528],[-70.4122,-36.2621]]}},{"type":"Feature","properties":{"nombre":"Arroyo del Salto","tipo":"Arroyo"},"geometry":{"type":"LineString","coordinates":[[-71.6156,-40.2788],[-71.6112,-40.2721],[-71.6195,-40.2654],[-71.6161,-40.2628]]}},{"type":"Feature","properties":{"nombre":"Arroyo Collún - Co","tipo":"Arroyo"},"geometry":{"type":"LineString","coordinates":[[-71.3236,-39.9862],[-71.3183,-39.9928],[-71.3087,-39.9943]]}},{"type":"Feature","properties":{"nombre":"Arroyo Chapelco Chico","tipo":"Arroyo"},"geometry":{"type":"LineString","coordinates":[[-71.2472,-40.1225],[-71.2549,-40.1214],[-71.2631,-40.1254]]}},{"type":"Feature","properties":{"nombre":"Río Catán Lil","tipo":"Río"},"geometry":{"type":"LineString","coordinates":[[-70.8129,-39.8412],[-70.8168,-39.8415],[-70.816,-39.8468],[-70.8223,-39.8518],[-70.8172,-39.8548],[-70.8198,-39.8581],[-70.8171,-39.86]]}},{"type":"Feature","properties":{"nombre":"Río Salado","tipo":"Río"},"geometry":{"type":"LineString","coordinates":[[-70.0538,-38.2828],[-70.0501,-38.29]]}},{"type":"Feature","properties":{"nombre":null,"tipo":null},"geometry":{"type":"LineString","coordinates":[[-70.8212,-38.7187],[-70.8175,-38.7089]]}},{"type":"Feature","properties":{"nombre":"Arroyo Mulichincó","tipo":"Arroyo"},"geometry":{"type":"LineString","coordinates":[[-70.4333,-38.054],[-70.431,-38.0469],[-70.4333,-38.0436]]}},{"type":"Feature","properties":{"nombre":"Río Curi Leuvú","tipo":"Río"},"geometry":{"type":"LineString","coordinates":[[-70.2784,-37.3192],[-70.2817,-37.3284]]}},{"type":"Feature","properties":{"nombre":null,"tipo":null},"geometry":{"type":"LineString","coordinates":[[-70.9943,-38.9237],[-70.9882,-38.9225],[-70.9873,-38.9177],[-70.9923,-38.9036],[-71.0,-38.8986]]}},{"type":"Feature","properties":{"nombre":"Arroyo Palao","tipo":"Arroyo"},"geometry":{"type":"LineString","coordinates":[[-70.9512,-37.0863],[-70.9395,-37.1061],[-70.9475,-37.1218]]}},{"type":"Feature","properties":{"nombre":"Arroyo de El Arco","tipo":"Arroyo"},"geometry":{"type":"LineString","coordinates":[[-71.073,-38.7838],[-71.0695,-38.7834],[-71.0648,-38.7897]]}},{"type":"Feature","properties":{"nombre":"Arroyo Chico","tipo":"Arroyo"},"geometry":{"type":"LineString","coordinates":[[-71.0119,-38.2293],[-71.0021,-38.2345]]}},{"type":"Feature","properties":{"nombre":"Río Aluminé","tipo":"Río"},"geometry":{"type":"LineString","coordinates":[[-70.833,-40.0166],[-70.8252,-40.0218],[-70.8289,-40.0364],[-70.8227,-40.0455]]}},{"type":"Feature","properties":{"nombre":"Arroyo Hualcupén","tipo":"Arroyo"},"geometry":{"type":"LineString","coordinates":[[-70.8908,-37.9444],[-70.8803,-37.9425],[-70.8709,-37.9453]]}},{"type":"Feature","properties":{"nombre":"Río Neuquén","tipo":"Río"},"geometry":{"type":"LineString","coordinates":[[-68.5433,-38.4922],[-68.5451,-38.4999],[-68.5354,-38.501]]}},{"type":"Feature","properties":{"nombre":"Arroyo Los Guiones","tipo":"Arroyo"},"geometry":{"type":"LineString","coordinates":[[-70.813,-37.0346],[-70.8077,-37.0311],[-70.8066,-37.0257]]}},{"type":"Feature","properties":{"nombre":"Arroyo Las Horquetas","tipo":"Arroyo"},"geometry":{"type":"LineString","coordinates":[[-70.8993,-38.4637],[-70.8807,-38.4509]]}},{"type":"Feature","properties":{"nombre":"Arroyo Los Barros","tipo":"Arroyo"},"geometry":{"type":"LineString","coordinates":[[-71.0275,-37.9837],[-71.0291,-37.9906]]}},{"type":"Feature","properties":{"nombre":"Arroyo Liu Cullín","tipo":"Arroyo"},"geometry":{"type":"LineString","coordinates":[[-69.8514,-36.0784],[-69.844,-36.0845]]}},{"type":"Feature","properties":{"nombre":"Arroyo Molulco","tipo":"Arroyo"},"geometry":{"type":"LineString","coordinates":[[-70.4597,-36.9429],[-70.4322,-36.9641]]}},{"type":"Feature","properties":{"nombre":"Río Chimehuín","tipo":"Río"},"geometry":{"type":"LineString","coordinates":[[-71.212,-39.7977],[-71.2102,-39.7942],[-71.2051,-39.794]]}},{"type":"Feature","properties":{"nombre":"Arroyo Guanaco","tipo":"Arroyo"},"geometry":{"type":"LineString","coordinates":[[-70.3101,-36.016],[-70.3033,-36.0123],[-70.2919,-36.0139],[-70.288,-36.01]]}},{"type":"Feature","properties":{"nombre":"Arroyo Las Lajitas","tipo":"Arroyo"},"geometry":{"type":"LineString","coordinates":[[-70.6564,-38.8196],[-70.6504,-38.8119],[-70.6509,-38.8077]]}},{"type":"Feature","properties":{"nombre":"Arroyo Chadileo","tipo":"Arroyo"},"geometry":{"type":"LineString","coordinates":[[-70.1322,-36.7102],[-70.1196,-36.7182]]}},{"type":"Feature","properties":{"nombre":"Río Limay","tipo":"Río"},"geometry":{"type":"LineString","coordinates":[[-68.0712,-38.9949],[-68.0612,-38.9949],[-68.0577,-38.9916]]}},{"type":"Feature","properties":{"nombre":"Río Limay","tipo":"Río"},"geometry":{"type":"LineString","coordinates":[[-69.6205,-39.8417],[-69.613,-39.8353]]}},{"type":"Feature","properties":{"nombre":null,"tipo":null},"geometry":{"type":"LineString","coordinates":[[-70.5609,-37.2521],[-70.5647,-37.2609],[-70.5622,-37.2684],[-70.555,-37.2724]]}},{"type":"Feature","properties":{"nombre":"Arroyo Los Menucos","tipo":"Arroyo"},"geometry":{"type":"LineString","coordinates":[[-70.4811,-37.1711],[-70.46,-37.1713],[-70.4481,-37.1679],[-70.4447,-37.161]]}},{"type":"Feature","properties":{"nombre":"Arroyo Candelero","tipo":"Arroyo"},"geometry":{"type":"LineString","coordinates":[[-70.3854,-38.1356],[-70.3801,-38.1434]]}},{"type":"Feature","properties":{"nombre":"Río Neuquén","tipo":"Río"},"geometry":{"type":"LineString","coordinates":[[-70.5368,-37.37],[-70.5288,-37.3651],[-70.5243,-37.3673]]}},{"type":"Feature","properties":{"nombre":null,"tipo":null},"geometry":{"type":"LineString","coordinates":[[-69.8674,-36.4523],[-69.8722,-36.4548],[-69.902,-36.4466]]}},{"type":"Feature","properties":{"nombre":"Arroyo Lonco - Vaca","tipo":"Arroyo"},"geometry":{"type":"LineString","coordinates":[[-71.3434,-39.0],[-71.346,-39.0098]]}},{"type":"Feature","properties":{"nombre":"Río Colorado","tipo":"Río"},"geometry":{"type":"LineString","coordinates":[[-69.4234,-37.1667],[-69.4212,-37.1694],[-69.4143,-37.169]]}},{"type":"Feature","properties":{"nombre":"Arroyo Varvarco","tipo":"Arroyo"},"geometry":{"type":"LineString","coordinates":[[-70.6002,-36.2418],[-70.599,-36.2506],[-70.6018,-36.2537]]}},{"type":"Feature","properties":{"nombre":"Arroyo Carreri","tipo":"Arroyo"},"geometry":{"type":"LineString","coordinates":[[-70.4435,-38.8825],[-70.4297,-38.8872]]}},{"type":"Feature","properties":{"nombre":"Arroyo Covunco","tipo":"Arroyo"},"geometry":{"type":"LineString","coordinates":[[-70.5,-38.9142],[-70.4898,-38.9109]]}},{"type":"Feature","properties":{"nombre":"Río Colorado","tipo":"Río"},"geometry":{"type":"LineString","coordinates":[[-68.7315,-37.3872],[-68.7211,-37.3894]]}},{"type":"Feature","properties":{"nombre":"Arroyo Nahuel Mapi","tipo":"Arroyo"},"geometry":{"type":"LineString","coordinates":[[-71.1805,-39.5619],[-71.1733,-39.5669],[-71.1682,-39.5648],[-71.1603,-39.5692],[-71.1561,-39.568]]}},{"type":"Feature","properties":{"nombre":"Arroyo Relem","tipo":"Arroyo"},"geometry":{"type":"LineString","coordinates":[[-71.1789,-38.9944],[-71.1622,-38.9914],[-71.1556,-38.9933]]}},{"type":"Feature","properties":{"nombre":"Río Caleufú","tipo":"Río"},"geometry":{"type":"LineString","coordinates":[[-71.1621,-40.4998],[-71.145,-40.5063]]}},{"type":"Feature","properties":{"nombre":"Arroyo del Palo","tipo":"Arroyo"},"geometry":{"type":"LineString","coordinates":[[-70.5193,-37.9398],[-70.5419,-37.9447]]}},{"type":"Feature","properties":{"nombre":"Río Curi Leuvú","tipo":"Río"},"geometry":{"type":"LineString","coordinates":[[-70.3761,-36.9124],[-70.3757,-36.9264]]}},{"type":"Feature","properties":{"nombre":"Arroyo Chapúa","tipo":"Arroyo"},"geometry":{"type":"LineString","coordinates":[[-70.2641,-37.2375],[-70.2609,-37.245]]}},{"type":"Feature","properties":{"nombre":"Arroyo La Crianza","tipo":"Arroyo"},"geometry":{"type":"LineString","coordinates":[[-70.5786,-36.4352],[-70.6009,-36.4342]]}},{"type":"Feature","properties":{"nombre":"Río Limay","tipo":"Río"},"geometry":{"type":"LineString","coordinates":[[-69.5054,-39.809],[-69.5166,-39.8141]]}},{"type":"Feature","properties":{"nombre":null,"tipo":null},"geometry":{"type":"LineString","coordinates":[[-70.9367,-37.0324],[-70.9405,-37.0202],[-70.927,-37.0153]]}},{"type":"Feature","properties":{"nombre":"Río Barrancas","tipo":"Río"},"geometry":{"type":"LineString","coordinates":[[-70.197,-36.4205],[-70.1954,-36.4235],[-70.2004,-36.4299]]}},{"type":"Feature","properties":{"nombre":"Arroyo Ñireco","tipo":"Arroyo"},"geometry":{"type":"LineString","coordinates":[[-70.7784,-37.3991],[-70.7781,-37.395],[-70.7708,-37.3925],[-70.7676,-37.3861],[-70.7568,-37.3835],[-70.7551,-37.3772],[-70.7441,-37.3662],[-70.7456,-37.3609],[-70.7403,-37.3474],[-70.7293,-37.3385],[-70.7207,-37.3357]]}},{"type":"Feature","properties":{"nombre":"Arroyo Quirinco","tipo":"Arroyo"},"geometry":{"type":"LineString","coordinates":[[-70.9724,-38.8353],[-70.9777,-38.8357],[-70.9866,-38.8442]]}},{"type":"Feature","properties":{"nombre":"Arroyo Aucapán","tipo":"Arroyo"},"geometry":{"type":"LineString","coordinates":[[-71.0817,-39.6418],[-71.0875,-39.6343],[-71.0989,-39.6288]]}},{"type":"Feature","properties":{"nombre":null,"tipo":null},"geometry":{"type":"LineString","coordinates":[[-70.9784,-37.8404],[-70.9685,-37.8345]]}},{"type":"Feature","properties":{"nombre":"Arroyo Nahuel Mapi","tipo":"Arroyo"},"geometry":{"type":"LineString","coordinates":[[-71.0588,-39.5912],[-71.0486,-39.5898],[-71.0446,-39.5852]]}},{"type":"Feature","properties":{"nombre":"Río Grande","tipo":"Río"},"geometry":{"type":"LineString","coordinates":[[-69.7567,-36.7399],[-69.762,-36.749]]}},{"type":"Feature","properties":{"nombre":"Arroyo Yao Yao","tipo":"Arroyo"},"geometry":{"type":"LineString","coordinates":[[-70.5733,-39.2518],[-70.5736,-39.2578],[-70.5772,-39.2611]]}},{"type":"Feature","properties":{"nombre":"Arroyo Codihue","tipo":"Arroyo"},"geometry":{"type":"LineString","coordinates":[[-70.8059,-38.436],[-70.7835,-38.4361],[-70.7782,-38.4387]]}},{"type":"Feature","properties":{"nombre":"Arroyo Poñihué","tipo":"Arroyo"},"geometry":{"type":"LineString","coordinates":[[-70.0178,-36.3596],[-70.0259,-36.3624],[-70.039,-36.3613]]}},{"type":"Feature","properties":{"nombre":"Arroyo del Cerro Bayo","tipo":"Arroyo"},"geometry":{"type":"LineString","coordinates":[[-70.1792,-36.3428],[-70.1841,-36.3513]]}},{"type":"Feature","properties":{"nombre":"Río Curi Leuvú","tipo":"Río"},"geometry":{"type":"LineString","coordinates":[[-70.2804,-37.3746],[-70.2865,-37.3824]]}},{"type":"Feature","properties":{"nombre":"Arroyo Piuquenes","tipo":"Arroyo"},"geometry":{"type":"LineString","coordinates":[[-71.1641,-37.2944],[-71.1672,-37.2998],[-71.1588,-37.3141]]}},{"type":"Feature","properties":{"nombre":"Arroyo Llamuco","tipo":"Arroyo"},"geometry":{"type":"LineString","coordinates":[[-70.8653,-39.2007],[-70.9023,-39.2075],[-70.9117,-39.216]]}},{"type":"Feature","properties":{"nombre":null,"tipo":null},"geometry":{"type":"LineString","coordinates":[[-70.9343,-38.9344],[-70.9391,-38.9235]]}},{"type":"Feature","properties":{"nombre":"Arroyo del Boquete","tipo":"Arroyo"},"geometry":{"type":"LineString","coordinates":[[-71.6379,-40.0134],[-71.6516,-40.0117]]}},{"type":"Feature","properties":{"nombre":"Río Rucachoroi","tipo":"Río"},"geometry":{"type":"LineString","coordinates":[[-71.149,-39.2185],[-71.1338,-39.213]]}},{"type":"Feature","properties":{"nombre":"Río Auquinco","tipo":"Río"},"geometry":{"type":"LineString","coordinates":[[-71.4925,-39.9965],[-71.481,-39.997]]}},{"type":"Feature","properties":{"nombre":"Arroyo Ralhué","tipo":"Arroyo"},"geometry":{"type":"LineString","coordinates":[[-70.0967,-36.2171],[-70.0932,-36.2124],[-70.0816,-36.2078],[-70.0812,-36.2014],[-70.0716,-36.19]]}},{"type":"Feature","properties":{"nombre":"Arroyo Haichol","tipo":"Arroyo"},"geometry":{"type":"LineString","coordinates":[[-70.8778,-38.7096],[-70.8719,-38.7133],[-70.8587,-38.7128],[-70.838,-38.7]]}},{"type":"Feature","properties":{"nombre":"Arroyo Cajón de la Burra","tipo":"Arroyo"},"geometry":{"type":"LineString","coordinates":[[-70.6048,-36.3187],[-70.6141,-36.3182]]}},{"type":"Feature","properties":{"nombre":"Río Neuquén","tipo":"Río"},"geometry":{"type":"LineString","coordinates":[[-70.0869,-37.5296],[-70.079,-37.5343]]}},{"type":"Feature","properties":{"nombre":"Río Ruca Malen","tipo":"Río"},"geometry":{"type":"LineString","coordinates":[[-71.7154,-40.5968],[-71.7059,-40.5957]]}},{"type":"Feature","properties":{"nombre":null,"tipo":null},"geometry":{"type":"LineString","coordinates":[[-69.1241,-38.7873],[-69.1247,-38.7841],[-69.116,-38.7779],[-69.1164,-38.7713],[-69.1051,-38.7668],[-69.0954,-38.7566]]}},{"type":"Feature","properties":{"nombre":null,"tipo":null},"geometry":{"type":"LineString","coordinates":[[-70.946,-37.3178],[-70.9398,-37.3253],[-70.9417,-37.3333]]}},{"type":"Feature","properties":{"nombre":"Arroyo Molulco","tipo":"Arroyo"},"geometry":{"type":"LineString","coordinates":[[-70.4322,-36.9641],[-70.4291,-36.9731]]}},{"type":"Feature","properties":{"nombre":"Arroyo Picún Leufú","tipo":"Arroyo"},"geometry":{"type":"LineString","coordinates":[[-69.3878,-39.5236],[-69.3764,-39.5235],[-69.3749,-39.527]]}},{"type":"Feature","properties":{"nombre":"Río Barrancas","tipo":"Río"},"geometry":{"type":"LineString","coordinates":[[-69.8762,-36.8114],[-69.8736,-36.8114],[-69.8706,-36.8178]]}},{"type":"Feature","properties":{"nombre":"Río Limay","tipo":"Río"},"geometry":{"type":"LineString","coordinates":[[-69.3592,-39.7091],[-69.3641,-39.7012],[-69.3622,-39.6956],[-69.352,-39.6879]]}},{"type":"Feature","properties":{"nombre":"Río Barrancas","tipo":"Río"},"geometry":{"type":"LineString","coordinates":[[-70.1534,-36.5188],[-70.1375,-36.5282]]}},{"type":"Feature","properties":{"nombre":null,"tipo":null},"geometry":{"type":"LineString","coordinates":[[-70.9082,-37.0205],[-70.8948,-37.0129]]}},{"type":"Feature","properties":{"nombre":"Arroyo Lapa","tipo":"Arroyo"},"geometry":{"type":"LineString","coordinates":[[-70.48,-39.367],[-70.4694,-39.3704]]}},{"type":"Feature","properties":{"nombre":null,"tipo":null},"geometry":{"type":"LineString","coordinates":[[-70.9017,-37.2412],[-70.8982,-37.2391],[-70.8982,-37.2258]]}},{"type":"Feature","properties":{"nombre":"Arroyo Huarenchenque","tipo":"Arroyo"},"geometry":{"type":"LineString","coordinates":[[-70.6888,-38.2938],[-70.6806,-38.2924],[-70.6705,-38.2857]]}},{"type":"Feature","properties":{"nombre":"Río Colorado","tipo":"Río"},"geometry":{"type":"LineString","coordinates":[[-68.3729,-37.5544],[-68.3645,-37.5497]]}},{"type":"Feature","properties":{"nombre":"Arroyo Calmuco","tipo":"Arroyo"},"geometry":{"type":"LineString","coordinates":[[-69.9639,-36.5233],[-69.9535,-36.5223],[-69.9123,-36.4879]]}},{"type":"Feature","properties":{"nombre":"Río Malleo","tipo":"Río"},"geometry":{"type":"LineString","coordinates":[[-71.0495,-39.7732],[-71.0345,-39.7834]]}},{"type":"Feature","properties":{"nombre":null,"tipo":null},"geometry":{"type":"LineString","coordinates":[[-70.3507,-38.5988],[-70.3243,-38.5839]]}},{"type":"Feature","properties":{"nombre":"Arroyo La Totora","tipo":"Arroyo"},"geometry":{"type":"LineString","coordinates":[[-70.4728,-36.752],[-70.5,-36.7262]]}},{"type":"Feature","properties":{"nombre":"Arroyo de la Vizcacha","tipo":"Arroyo"},"geometry":{"type":"LineString","coordinates":[[-71.5158,-40.2017],[-71.5199,-40.1881]]}},{"type":"Feature","properties":{"nombre":"Arroyo Primeros Pinos","tipo":"Arroyo"},"geometry":{"type":"LineString","coordinates":[[-70.5,-38.8564],[-70.4784,-38.8557],[-70.4721,-38.859]]}},{"type":"Feature","properties":{"nombre":"Arroyo Quebrada de la Zorra","tipo":"Arroyo"},"geometry":{"type":"LineString","coordinates":[[-70.8591,-37.0038],[-70.8502,-37.0]]}},{"type":"Feature","properties":{"nombre":"Río Grande","tipo":"Río"},"geometry":{"type":"LineString","coordinates":[[-69.6484,-36.5397],[-69.642,-36.547],[-69.6447,-36.5501],[-69.6433,-36.5552]]}},{"type":"Feature","properties":{"nombre":"Arroyo Cajón Atravesado","tipo":"Arroyo"},"geometry":{"type":"LineString","coordinates":[[-70.9421,-38.4107],[-70.9313,-38.4197]]}},{"type":"Feature","properties":{"nombre":"Río Ruca Malen","tipo":"Río"},"geometry":{"type":"LineString","coordinates":[[-71.7054,-40.5954],[-71.7072,-40.6034],[-71.7023,-40.6059]]}},{"type":"Feature","properties":{"nombre":"Río Agrio","tipo":"Río"},"geometry":{"type":"LineString","coordinates":[[-70.2646,-38.5121],[-70.2577,-38.5181],[-70.2496,-38.515],[-70.2412,-38.5208],[-70.2214,-38.5267],[-70.206,-38.5242],[-70.2019,-38.5197]]}},{"type":"Feature","properties":{"nombre":"Arroyo Huaraco","tipo":"Arroyo"},"geometry":{"type":"LineString","coordinates":[[-70.5948,-37.1993],[-70.605,-37.1973],[-70.6086,-37.1996],[-70.6225,-37.1909],[-70.6294,-37.1912]]}},{"type":"Feature","properties":{"nombre":"Arroyo Aucapán","tipo":"Arroyo"},"geometry":{"type":"LineString","coordinates":[[-71.1566,-39.6041],[-71.1456,-39.6172],[-71.1362,-39.6228],[-71.1147,-39.6219],[-71.0989,-39.6288]]}},{"type":"Feature","properties":{"nombre":"Arroyo Lonco Luan","tipo":"Arroyo"},"geometry":{"type":"LineString","coordinates":[[-70.9605,-38.9385],[-70.9679,-38.9377],[-70.9756,-38.9458],[-70.9821,-38.9471]]}},{"type":"Feature","properties":{"nombre":"Arroyo Choñorquín","tipo":"Arroyo"},"geometry":{"type":"LineString","coordinates":[[-70.8742,-38.4324],[-70.857,-38.4339]]}},{"type":"Feature","properties":{"nombre":"Río Neuquén","tipo":"Río"},"geometry":{"type":"LineString","coordinates":[[-69.9078,-37.6681],[-69.903,-37.6738],[-69.8991,-37.6741]]}},{"type":"Feature","properties":{"nombre":"Arroyo Los Díaz","tipo":"Arroyo"},"geometry":{"type":"LineString","coordinates":[[-70.348,-36.5164],[-70.3353,-36.5188]]}},{"type":"Feature","properties":{"nombre":"Arroyo Mütrenquel","tipo":"Arroyo"},"geometry":{"type":"LineString","coordinates":[[-69.7597,-36.1807],[-69.768,-36.1847],[-69.7899,-36.1801],[-69.8107,-36.1944],[-69.8291,-36.2128],[-69.8448,-36.2182]]}},{"type":"Feature","properties":{"nombre":"Arroyo Quebrada Honda","tipo":"Arroyo"},"geometry":{"type":"LineString","coordinates":[[-71.2703,-39.2694],[-71.2738,-39.2743],[-71.2629,-39.2851],[-71.2572,-39.2982],[-71.2571,-39.3106],[-71.2621,-39.3163],[-71.2611,-39.3194]]}},{"type":"Feature","properties":{"nombre":"Arroyo Mollucura","tipo":"Arroyo"},"geometry":{"type":"LineString","coordinates":[[-70.7934,-38.3725],[-70.7715,-38.3711],[-70.7646,-38.3771],[-70.7398,-38.3863]]}},{"type":"Feature","properties":{"nombre":"Cañada del León","tipo":"Cañada"},"geometry":{"type":"LineString","coordinates":[[-69.5565,-36.0163],[-69.5212,-36.0162],[-69.5,-36.0225]]}},{"type":"Feature","properties":{"nombre":"Arroyo Covunco","tipo":"Arroyo"},"geometry":{"type":"LineString","coordinates":[[-70.1774,-38.789],[-70.1967,-38.7945],[-70.2135,-38.8086]]}},{"type":"Feature","properties":{"nombre":"Río Colorado","tipo":"Río"},"geometry":{"type":"LineString","coordinates":[[-68.9172,-37.3757],[-68.9121,-37.3729],[-68.8989,-37.3757]]}},{"type":"Feature","properties":{"nombre":"Río Malleo","tipo":"Río"},"geometry":{"type":"LineString","coordinates":[[-71.0582,-39.7756],[-71.0551,-39.7723],[-71.0495,-39.7732]]}},{"type":"Feature","properties":{"nombre":"Río Barrancas","tipo":"Río"},"geometry":{"type":"LineString","coordinates":[[-70.288,-36.3333],[-70.2726,-36.324],[-70.2621,-36.322]]}},{"type":"Feature","properties":{"nombre":"Arroyo Chacaico","tipo":"Arroyo"},"geometry":{"type":"LineString","coordinates":[[-70.0179,-36.6667],[-70.0086,-36.6628],[-70.0088,-36.6447],[-70.0,-36.6367]]}},{"type":"Feature","properties":{"nombre":null,"tipo":null},"geometry":{"type":"LineString","coordinates":[[-70.5219,-37.2176],[-70.5,-37.2243]]}},{"type":"Feature","properties":{"nombre":"Arroyo Pichi Hua Hum o Fortín","tipo":"Arroyo"},"geometry":{"type":"LineString","coordinates":[[-71.6634,-40.0406],[-71.6532,-40.0617]]}},{"type":"Feature","properties":{"nombre":"Río Colorado","tipo":"Río"},"geometry":{"type":"LineString","coordinates":[[-68.912,-37.3775],[-68.8978,-37.3778]]}},{"type":"Feature","properties":{"nombre":"Arroyo Butahuao","tipo":"Arroyo"},"geometry":{"type":"LineString","coordinates":[[-70.927,-38.1975],[-70.92,-38.2037]]}},{"type":"Feature","properties":{"nombre":"Arroyo de los Tábanos","tipo":"Arroyo"},"geometry":{"type":"LineString","coordinates":[[-70.4316,-36.7693],[-70.4287,-36.7737],[-70.4304,-36.7795]]}},{"type":"Feature","properties":{"nombre":"Arroyo de los Raulies","tipo":"Arroyo"},"geometry":{"type":"LineString","coordinates":[[-71.3744,-39.4648],[-71.3707,-39.4543],[-71.3563,-39.4334],[-71.3599,-39.4205]]}},{"type":"Feature","properties":{"nombre":"Río Colorado","tipo":"Río"},"geometry":{"type":"LineString","coordinates":[[-68.5995,-37.4439],[-68.5847,-37.4531]]}},{"type":"Feature","properties":{"nombre":null,"tipo":null},"geometry":{"type":"LineString","coordinates":[[-69.4541,-38.9696],[-69.4422,-38.9725]]}},{"type":"Feature","properties":{"nombre":"Río Limay","tipo":"Río"},"geometry":{"type":"LineString","coordinates":[[-69.8259,-39.8964],[-69.8328,-39.8952],[-69.8486,-39.9034]]}},{"type":"Feature","properties":{"nombre":"Arroyo Pomales","tipo":"Arroyo"},"geometry":{"type":"LineString","coordinates":[[-70.2527,-36.0266],[-70.2492,-36.018],[-70.2408,-36.0107],[-70.2394,-36.0]]}},{"type":"Feature","properties":{"nombre":"Río Limay","tipo":"Río"},"geometry":{"type":"LineString","coordinates":[[-68.313,-38.9915],[-68.3049,-38.9888],[-68.3044,-38.9824]]}},{"type":"Feature","properties":{"nombre":"Arroyo Acol","tipo":"Arroyo"},"geometry":{"type":"LineString","coordinates":[[-71.8107,-40.0917],[-71.793,-40.0905]]}},{"type":"Feature","properties":{"nombre":"Arroyo Trovunco","tipo":"Arroyo"},"geometry":{"type":"LineString","coordinates":[[-70.3375,-36.3762],[-70.3369,-36.3714],[-70.3295,-36.3656]]}},{"type":"Feature","properties":{"nombre":"Río Catán Lil","tipo":"Río"},"geometry":{"type":"LineString","coordinates":[[-70.6751,-39.2401],[-70.6671,-39.2431],[-70.6605,-39.2516]]}},{"type":"Feature","properties":{"nombre":"Arroyo Domuyo (N)","tipo":"Arroyo"},"geometry":{"type":"LineString","coordinates":[[-70.2903,-36.4931],[-70.2873,-36.4894],[-70.2759,-36.4889],[-70.2711,-36.485]]}},{"type":"Feature","properties":{"nombre":null,"tipo":null},"geometry":{"type":"LineString","coordinates":[[-70.7972,-37.6592],[-70.8146,-37.6532]]}},{"type":"Feature","properties":{"nombre":null,"tipo":null},"geometry":{"type":"LineString","coordinates":[[-70.952,-36.5715],[-70.9326,-36.574]]}},{"type":"Feature","properties":{"nombre":"Río Limay","tipo":"Río"},"geometry":{"type":"LineString","coordinates":[[-69.5581,-39.8094],[-69.546,-39.8074],[-69.5371,-39.8097]]}},{"type":"Feature","properties":{"nombre":"Arroyo Cochicó Chico","tipo":"Arroyo"},"geometry":{"type":"LineString","coordinates":[[-70.7954,-38.8968],[-70.7996,-38.8953],[-70.8091,-38.9004]]}},{"type":"Feature","properties":{"nombre":"Río Pulmarí","tipo":"Río"},"geometry":{"type":"LineString","coordinates":[[-71.0202,-39.1028],[-71.0099,-39.104]]}},{"type":"Feature","properties":{"nombre":"Arroyo Trolope","tipo":"Arroyo"},"geometry":{"type":"LineString","coordinates":[[-71.1195,-37.785],[-71.105,-37.7811]]}},{"type":"Feature","properties":{"nombre":"Arroyo Ailinco","tipo":"Arroyo"},"geometry":{"type":"LineString","coordinates":[[-70.1719,-36.2532],[-70.1878,-36.2637]]}},{"type":"Feature","properties":{"nombre":"Arroyo Clou - Clouco","tipo":"Arroyo"},"geometry":{"type":"LineString","coordinates":[[-71.8504,-40.5355],[-71.8447,-40.5466]]}},{"type":"Feature","properties":{"nombre":"Río Limay","tipo":"Río"},"geometry":{"type":"LineString","coordinates":[[-69.8148,-39.9003],[-69.8001,-39.8888]]}},{"type":"Feature","properties":{"nombre":"Río Malleo","tipo":"Río"},"geometry":{"type":"LineString","coordinates":[[-71.1343,-39.749],[-71.1256,-39.7537]]}},{"type":"Feature","properties":{"nombre":"Arroyo Las Lajitas","tipo":"Arroyo"},"geometry":{"type":"LineString","coordinates":[[-70.4603,-38.6119],[-70.4356,-38.5862]]}},{"type":"Feature","properties":{"nombre":"Río Currhué","tipo":"Río"},"geometry":{"type":"LineString","coordinates":[[-71.1448,-39.9544],[-71.1296,-39.9557]]}},{"type":"Feature","properties":{"nombre":null,"tipo":null},"geometry":{"type":"LineString","coordinates":[[-71.3737,-39.8765],[-71.3805,-39.8856],[-71.372,-39.8933]]}},{"type":"Feature","properties":{"nombre":"Arroyo Córdoba Grande","tipo":"Arroyo"},"geometry":{"type":"LineString","coordinates":[[-71.2893,-40.5562],[-71.2676,-40.5591],[-71.2209,-40.5505]]}},{"type":"Feature","properties":{"nombre":"Río Neuquén","tipo":"Río"},"geometry":{"type":"LineString","coordinates":[[-69.8743,-37.7315],[-69.8749,-37.741]]}},{"type":"Feature","properties":{"nombre":"Río Neuquén","tipo":"Río"},"geometry":{"type":"LineString","coordinates":[[-68.6199,-38.4556],[-68.6106,-38.4574]]}},{"type":"Feature","properties":{"nombre":"Arroyo Cajón de Piedra","tipo":"Arroyo"},"geometry":{"type":"LineString","coordinates":[[-70.1772,-36.6688],[-70.1703,-36.6749],[-70.1603,-36.6781],[-70.1587,-36.684]]}},{"type":"Feature","properties":{"nombre":"Río Malleo","tipo":"Río"},"geometry":{"type":"LineString","coordinates":[[-71.1052,-39.7528],[-71.0884,-39.7582],[-71.0877,-39.7657]]}},{"type":"Feature","properties":{"nombre":"Arroyo Carreri","tipo":"Arroyo"},"geometry":{"type":"LineString","coordinates":[[-70.4704,-38.8886],[-70.4601,-38.8802],[-70.4435,-38.8825]]}},{"type":"Feature","properties":{"nombre":null,"tipo":null},"geometry":{"type":"LineString","coordinates":[[-69.1506,-38.8234],[-69.136,-38.8148]]}},{"type":"Feature","properties":{"nombre":"Río Barrancas","tipo":"Río"},"geometry":{"type":"LineString","coordinates":[[-69.8617,-36.8368],[-69.8479,-36.8464]]}},{"type":"Feature","properties":{"nombre":"Arroyo El Saco","tipo":"Arroyo"},"geometry":{"type":"LineString","coordinates":[[-71.3194,-39.012],[-71.3099,-39.0072]]}},{"type":"Feature","properties":{"nombre":"Arroyo Pichingo","tipo":"Arroyo"},"geometry":{"type":"LineString","coordinates":[[-71.5499,-40.5197],[-71.5326,-40.5187],[-71.5277,-40.5152],[-71.5281,-40.5114]]}},{"type":"Feature","properties":{"nombre":null,"tipo":null},"geometry":{"type":"LineString","coordinates":[[-70.8662,-38.7783],[-70.8803,-38.7736],[-70.8986,-38.7788],[-70.9019,-38.783],[-70.9106,-38.7808]]}},{"type":"Feature","properties":{"nombre":"Río Rucachoroi","tipo":"Río"},"geometry":{"type":"LineString","coordinates":[[-71.0587,-39.1931],[-71.049,-39.1931],[-71.0408,-39.1891]]}},{"type":"Feature","properties":{"nombre":"Río Agrio","tipo":"Río"},"geometry":{"type":"LineString","coordinates":[[-70.7201,-37.7412],[-70.7067,-37.7437]]}},{"type":"Feature","properties":{"nombre":"Arroyo Molulco","tipo":"Arroyo"},"geometry":{"type":"LineString","coordinates":[[-70.4291,-36.9731],[-70.4205,-36.9855]]}},{"type":"Feature","properties":{"nombre":"Arroyo Cochicó Grande","tipo":"Arroyo"},"geometry":{"type":"LineString","coordinates":[[-70.7785,-38.8212],[-70.7878,-38.829]]}},{"type":"Feature","properties":{"nombre":"Arroyo Manchana Covunco","tipo":"Arroyo"},"geometry":{"type":"LineString","coordinates":[[-70.5309,-36.6344],[-70.548,-36.6508]]}},{"type":"Feature","properties":{"nombre":"Río Kilca","tipo":"Río"},"geometry":{"type":"LineString","coordinates":[[-70.8936,-39.0369],[-70.895,-39.0454]]}},{"type":"Feature","properties":{"nombre":"Arroyo Ñirequito","tipo":"Arroyo"},"geometry":{"type":"LineString","coordinates":[[-70.5,-37.2009],[-70.4894,-37.2025],[-70.4741,-37.1992]]}},{"type":"Feature","properties":{"nombre":"Arroyo China Muerta","tipo":"Arroyo"},"geometry":{"type":"LineString","coordinates":[[-70.3306,-39.5105],[-70.3243,-39.5142],[-70.2769,-39.5136]]}},{"type":"Feature","properties":{"nombre":"Arroyo Los Filos","tipo":"Arroyo"},"geometry":{"type":"LineString","coordinates":[[-70.2327,-36.7174],[-70.2261,-36.7093],[-70.2062,-36.6986]]}},{"type":"Feature","properties":{"nombre":"Arroyo Romero","tipo":"Arroyo"},"geometry":{"type":"LineString","coordinates":[[-70.6521,-38.4251],[-70.6261,-38.4362]]}},{"type":"Feature","properties":{"nombre":"Arroyo Rañinco","tipo":"Arroyo"},"geometry":{"type":"LineString","coordinates":[[-71.6961,-40.4821],[-71.6693,-40.483]]}},{"type":"Feature","properties":{"nombre":"Arroyo Lapa","tipo":"Arroyo"},"geometry":{"type":"LineString","coordinates":[[-70.436,-39.3863],[-70.4187,-39.3892]]}},{"type":"Feature","properties":{"nombre":"Arroyo Chacayes","tipo":"Arroyo"},"geometry":{"type":"LineString","coordinates":[[-70.7551,-38.231],[-70.7437,-38.2287],[-70.7313,-38.2306],[-70.7224,-38.2267]]}},{"type":"Feature","properties":{"nombre":"Río Grande","tipo":"Río"},"geometry":{"type":"LineString","coordinates":[[-69.768,-36.6815],[-69.7612,-36.6751]]}},{"type":"Feature","properties":{"nombre":"Arroyo Chapúa","tipo":"Arroyo"},"geometry":{"type":"LineString","coordinates":[[-70.2604,-37.1964],[-70.2683,-37.2026]]}},{"type":"Feature","properties":{"nombre":"Arroyo Carreri","tipo":"Arroyo"},"geometry":{"type":"LineString","coordinates":[[-70.4857,-38.9055],[-70.4826,-38.8959],[-70.475,-38.8922]]}},{"type":"Feature","properties":{"nombre":"Arroyo Blanco","tipo":"Arroyo"},"geometry":{"type":"LineString","coordinates":[[-70.1446,-37.2328],[-70.1564,-37.2357]]}},{"type":"Feature","properties":{"nombre":"Río Neuquén","tipo":"Río"},"geometry":{"type":"LineString","coordinates":[[-69.8117,-37.9872],[-69.8204,-37.9904]]}},{"type":"Feature","properties":{"nombre":null,"tipo":null},"geometry":{"type":"LineString","coordinates":[[-71.106,-37.1461],[-71.1121,-37.1517],[-71.1191,-37.1514]]}},{"type":"Feature","properties":{"nombre":"Río Neuquén","tipo":"Río"},"geometry":{"type":"LineString","coordinates":[[-69.8576,-37.872],[-69.861,-37.8804],[-69.8559,-37.8841],[-69.8571,-37.8915]]}},{"type":"Feature","properties":{"nombre":"Río Neuquén","tipo":"Río"},"geometry":{"type":"LineString","coordinates":[[-70.734,-36.7895],[-70.7299,-36.7984]]}},{"type":"Feature","properties":{"nombre":"Río Collón Curá","tipo":"Río"},"geometry":{"type":"LineString","coordinates":[[-70.665,-40.2035],[-70.667,-40.2087],[-70.6577,-40.2155]]}},{"type":"Feature","properties":{"nombre":"Arroyo Covunco","tipo":"Arroyo"},"geometry":{"type":"LineString","coordinates":[[-70.3827,-38.8532],[-70.3715,-38.8517]]}},{"type":"Feature","properties":{"nombre":"Arroyo Guaraco","tipo":"Arroyo"},"geometry":{"type":"LineString","coordinates":[[-69.9929,-36.7373],[-69.993,-36.7344],[-69.9823,-36.7248],[-69.9843,-36.7122]]}},{"type":"Feature","properties":{"nombre":"Río Limay","tipo":"Río"},"geometry":{"type":"LineString","coordinates":[[-69.3476,-39.7055],[-69.3496,-39.6957]]}},{"type":"Feature","properties":{"nombre":"Río Chachín","tipo":"Río"},"geometry":{"type":"LineString","coordinates":[[-71.7489,-40.228],[-71.7421,-40.2279],[-71.7376,-40.2314]]}},{"type":"Feature","properties":{"nombre":"Arroyo Sanquilco","tipo":"Arroyo"},"geometry":{"type":"LineString","coordinates":[[-70.5866,-38.562],[-70.5597,-38.5518],[-70.5479,-38.5517],[-70.5331,-38.5423]]}},{"type":"Feature","properties":{"nombre":"Arroyo Loncopué","tipo":"Arroyo"},"geometry":{"type":"LineString","coordinates":[[-70.6518,-38.0596],[-70.6343,-38.0643],[-70.6126,-38.0801]]}},{"type":"Feature","properties":{"nombre":"Arroyo Quemquemtreu","tipo":"Arroyo"},"geometry":{"type":"LineString","coordinates":[[-71.0436,-40.2022],[-71.034,-40.2084]]}},{"type":"Feature","properties":{"nombre":"Arroyo Coyochos","tipo":"Arroyo"},"geometry":{"type":"LineString","coordinates":[[-70.1483,-36.466],[-70.1513,-36.4711],[-70.1507,-36.4804]]}},{"type":"Feature","properties":{"nombre":"Río Colorado","tipo":"Río"},"geometry":{"type":"LineString","coordinates":[[-68.0353,-37.605],[-68.0254,-37.6043]]}},{"type":"Feature","properties":{"nombre":"Arroyo Covunco","tipo":"Arroyo"},"geometry":{"type":"LineString","coordinates":[[-70.1089,-38.7815],[-70.1154,-38.7849]]}},{"type":"Feature","properties":{"nombre":"Arroyo Hueyeltué","tipo":"Arroyo"},"geometry":{"type":"LineString","coordinates":[[-71.415,-39.7024],[-71.4151,-39.6953],[-71.4228,-39.6812],[-71.4312,-39.6771],[-71.4405,-39.6667]]}},{"type":"Feature","properties":{"nombre":"Arroyo Los Pinos","tipo":"Arroyo"},"geometry":{"type":"LineString","coordinates":[[-70.8162,-38.408],[-70.7843,-38.4234]]}},{"type":"Feature","properties":{"nombre":"Río Neuquén","tipo":"Río"},"geometry":{"type":"LineString","coordinates":[[-68.9574,-38.4814],[-68.9493,-38.4733]]}},{"type":"Feature","properties":{"nombre":null,"tipo":null},"geometry":{"type":"LineString","coordinates":[[-70.5651,-37.0319],[-70.5811,-37.0287]]}},{"type":"Feature","properties":{"nombre":"Arroyo Pichi Neuquén","tipo":"Arroyo"},"geometry":{"type":"LineString","coordinates":[[-69.8924,-37.9099],[-69.8941,-37.9044],[-69.8879,-37.9057],[-69.8766,-37.8976]]}},{"type":"Feature","properties":{"nombre":"Arroyo Trolope","tipo":"Arroyo"},"geometry":{"type":"LineString","coordinates":[[-70.9602,-37.8076],[-70.9347,-37.8115]]}},{"type":"Feature","properties":{"nombre":null,"tipo":null},"geometry":{"type":"LineString","coordinates":[[-69.4547,-38.9773],[-69.4422,-38.9725]]}},{"type":"Feature","properties":{"nombre":null,"tipo":null},"geometry":{"type":"LineString","coordinates":[[-70.9539,-37.0331],[-70.962,-37.021]]}},{"type":"Feature","properties":{"nombre":"Arroyo Pichi Leufú","tipo":"Arroyo"},"geometry":{"type":"LineString","coordinates":[[-71.0392,-39.4493],[-71.0206,-39.4515]]}},{"type":"Feature","properties":{"nombre":"Arroyo Nompehuen (Blanco)","tipo":"Arroyo"},"geometry":{"type":"LineString","coordinates":[[-71.3112,-39.064],[-71.311,-39.0526],[-71.3208,-39.037],[-71.3231,-39.0203],[-71.3287,-39.0172]]}},{"type":"Feature","properties":{"nombre":"Arroyo Bandurrias","tipo":"Arroyo"},"geometry":{"type":"LineString","coordinates":[[-70.9063,-37.0],[-70.8962,-36.9908]]}},{"type":"Feature","properties":{"nombre":"Arroyo Los Chenques","tipo":"Arroyo"},"geometry":{"type":"LineString","coordinates":[[-70.7917,-36.4578],[-70.7998,-36.4638],[-70.8026,-36.4718]]}},{"type":"Feature","properties":{"nombre":"Arroyo Los Mogotillos","tipo":"Arroyo"},"geometry":{"type":"LineString","coordinates":[[-70.436,-36.9466],[-70.4338,-36.9559]]}},{"type":"Feature","properties":{"nombre":"Arroyo Bayo Overo","tipo":"Arroyo"},"geometry":{"type":"LineString","coordinates":[[-70.612,-37.0211],[-70.6183,-37.0282],[-70.6325,-37.0326],[-70.637,-37.0408],[-70.6433,-37.0449]]}},{"type":"Feature","properties":{"nombre":"Arroyo Chichahuay","tipo":"Arroyo"},"geometry":{"type":"LineString","coordinates":[[-70.8754,-40.307],[-70.8586,-40.3159]]}},{"type":"Feature","properties":{"nombre":"Arroyo Aquihuecó","tipo":"Arroyo"},"geometry":{"type":"LineString","coordinates":[[-70.4473,-37.0806],[-70.4354,-37.0793]]}},{"type":"Feature","properties":{"nombre":"Río Limay","tipo":"Río"},"geometry":{"type":"LineString","coordinates":[[-69.4725,-39.7739],[-69.4683,-39.771],[-69.4563,-39.7707]]}},{"type":"Feature","properties":{"nombre":"Río Caleufú","tipo":"Río"},"geometry":{"type":"LineString","coordinates":[[-71.2226,-40.4835],[-71.2192,-40.4856],[-71.2194,-40.4897],[-71.2158,-40.4893],[-71.2067,-40.4973],[-71.1934,-40.496],[-71.1881,-40.4988]]}},{"type":"Feature","properties":{"nombre":"Río Neuquén","tipo":"Río"},"geometry":{"type":"LineString","coordinates":[[-69.0774,-38.5767],[-69.069,-38.5722]]}},{"type":"Feature","properties":{"nombre":"Río Grande","tipo":"Río"},"geometry":{"type":"LineString","coordinates":[[-69.7091,-36.0994],[-69.7113,-36.1111]]}},{"type":"Feature","properties":{"nombre":null,"tipo":null},"geometry":{"type":"LineString","coordinates":[[-70.667,-36.2699],[-70.6595,-36.2867]]}},{"type":"Feature","properties":{"nombre":"Arroyo Choñorquín","tipo":"Arroyo"},"geometry":{"type":"LineString","coordinates":[[-70.857,-38.4339],[-70.8433,-38.4395]]}},{"type":"Feature","properties":{"nombre":"Río Negro","tipo":"Río"},"geometry":{"type":"LineString","coordinates":[[-67.8661,-39.0281],[-67.8526,-39.0335],[-67.8315,-39.0341],[-67.8065,-39.0442]]}},{"type":"Feature","properties":{"nombre":"Arroyo Pichincó","tipo":"Arroyo"},"geometry":{"type":"LineString","coordinates":[[-70.7086,-38.0048],[-70.691,-38.0195],[-70.6802,-38.0233]]}},{"type":"Feature","properties":{"nombre":"Río Colorado","tipo":"Río"},"geometry":{"type":"LineString","coordinates":[[-68.9052,-37.3798],[-68.8968,-37.3855]]}},{"type":"Feature","properties":{"nombre":"Arroyo Chadileo","tipo":"Arroyo"},"geometry":{"type":"LineString","coordinates":[[-70.088,-36.727],[-70.0746,-36.7351]]}},{"type":"Feature","properties":{"nombre":null,"tipo":null},"geometry":{"type":"LineString","coordinates":[[-70.9004,-37.2668],[-70.8805,-37.2651]]}},{"type":"Feature","properties":{"nombre":"Río Limay","tipo":"Río"},"geometry":{"type":"LineString","coordinates":[[-68.4061,-39.0308],[-68.3955,-39.0254]]}},{"type":"Feature","properties":{"nombre":"Arroyo Domuyo (S)","tipo":"Arroyo"},"geometry":{"type":"LineString","coordinates":[[-70.4114,-36.6915],[-70.4042,-36.6985]]}},{"type":"Feature","properties":{"nombre":"Arroyo del León","tipo":"Arroyo"},"geometry":{"type":"LineString","coordinates":[[-71.5278,-39.9899],[-71.5372,-39.9902]]}},{"type":"Feature","properties":{"nombre":null,"tipo":null},"geometry":{"type":"LineString","coordinates":[[-70.5828,-38.7275],[-70.5682,-38.717]]}},{"type":"Feature","properties":{"nombre":"Arroyo del Salto","tipo":"Arroyo"},"geometry":{"type":"LineString","coordinates":[[-71.6601,-40.2915],[-71.6484,-40.2963]]}},{"type":"Feature","properties":{"nombre":"Río Grande","tipo":"Río"},"geometry":{"type":"LineString","coordinates":[[-69.6842,-36.1631],[-69.6807,-36.1662],[-69.683,-36.1728]]}},{"type":"Feature","properties":{"nombre":"Arroyo Liuco","tipo":"Arroyo"},"geometry":{"type":"LineString","coordinates":[[-70.2661,-36.9902],[-70.282,-36.9993]]}},{"type":"Feature","properties":{"nombre":"Arroyo Las Lecheras","tipo":"Arroyo"},"geometry":{"type":"LineString","coordinates":[[-70.9811,-38.0419],[-70.9733,-38.0373]]}},{"type":"Feature","properties":{"nombre":"Arroyo Covunco","tipo":"Arroyo"},"geometry":{"type":"LineString","coordinates":[[-70.1019,-38.7816],[-70.098,-38.7771],[-70.0928,-38.779],[-70.0858,-38.7767]]}},{"type":"Feature","properties":{"nombre":"Arroyo Curamilio","tipo":"Arroyo"},"geometry":{"type":"LineString","coordinates":[[-70.3864,-36.2689],[-70.3778,-36.2683],[-70.3712,-36.2772]]}},{"type":"Feature","properties":{"nombre":"Río Limay","tipo":"Río"},"geometry":{"type":"LineString","coordinates":[[-69.6696,-39.849],[-69.6584,-39.843]]}},{"type":"Feature","properties":{"nombre":"Río Rucachoroi","tipo":"Río"},"geometry":{"type":"LineString","coordinates":[[-71.0734,-39.1961],[-71.0648,-39.1977],[-71.0587,-39.1931]]}},{"type":"Feature","properties":{"nombre":null,"tipo":null},"geometry":{"type":"LineString","coordinates":[[-69.1311,-38.8119],[-69.124,-38.7929]]}},{"type":"Feature","properties":{"nombre":"Río Neuquén","tipo":"Río"},"geometry":{"type":"LineString","coordinates":[[-69.7579,-38.1921],[-69.7581,-38.1987],[-69.7549,-38.2004]]}},{"type":"Feature","properties":{"nombre":"Arroyo Hui - Hui","tipo":"Arroyo"},"geometry":{"type":"LineString","coordinates":[[-71.342,-39.3491],[-71.3486,-39.3451],[-71.3617,-39.3465]]}},{"type":"Feature","properties":{"nombre":"Arroyo Calfiquitra","tipo":"Arroyo"},"geometry":{"type":"LineString","coordinates":[[-71.2229,-39.2469],[-71.2181,-39.246],[-71.2146,-39.2516]]}},{"type":"Feature","properties":{"nombre":"Arroyo Comodón","tipo":"Arroyo"},"geometry":{"type":"LineString","coordinates":[[-71.6,-40.3419],[-71.5967,-40.3376]]}},{"type":"Feature","properties":{"nombre":null,"tipo":null},"geometry":{"type":"LineString","coordinates":[[-69.7323,-36.3473],[-69.7307,-36.3421],[-69.7246,-36.338]]}},{"type":"Feature","properties":{"nombre":"Arroyo del León","tipo":"Arroyo"},"geometry":{"type":"LineString","coordinates":[[-71.5022,-39.9942],[-71.5139,-39.9932]]}},{"type":"Feature","properties":{"nombre":"Río Neuquén","tipo":"Río"},"geometry":{"type":"LineString","coordinates":[[-68.5317,-38.5027],[-68.5344,-38.5075],[-68.5323,-38.5114],[-68.5149,-38.528]]}},{"type":"Feature","properties":{"nombre":null,"tipo":null},"geometry":{"type":"LineString","coordinates":[[-70.99,-38.8381],[-71.0,-38.8466]]}},{"type":"Feature","properties":{"nombre":"Arroyo Grande","tipo":"Arroyo"},"geometry":{"type":"LineString","coordinates":[[-71.479,-40.2287],[-71.4958,-40.2375],[-71.499,-40.2479]]}},{"type":"Feature","properties":{"nombre":"Arroyo Cajón Atravesado","tipo":"Arroyo"},"geometry":{"type":"LineString","coordinates":[[-70.9307,-38.4201],[-70.9234,-38.43]]}},{"type":"Feature","properties":{"nombre":"Arroyo La Parva","tipo":"Arroyo"},"geometry":{"type":"LineString","coordinates":[[-70.3864,-36.2058],[-70.3796,-36.2145],[-70.3803,-36.219],[-70.3709,-36.224]]}},{"type":"Feature","properties":{"nombre":"Río Neuquén","tipo":"Río"},"geometry":{"type":"LineString","coordinates":[[-69.2158,-38.6231],[-69.2061,-38.6217]]}},{"type":"Feature","properties":{"nombre":"Arroyo Blanco","tipo":"Arroyo"},"geometry":{"type":"LineString","coordinates":[[-71.2918,-39.7628],[-71.2863,-39.76],[-71.2749,-39.744],[-71.2823,-39.7394],[-71.2819,-39.7363],[-71.2899,-39.7333]]}},{"type":"Feature","properties":{"nombre":"Río Limay","tipo":"Río"},"geometry":{"type":"LineString","coordinates":[[-69.6205,-39.8417],[-69.6095,-39.8424],[-69.5999,-39.8366],[-69.5974,-39.8305]]}},{"type":"Feature","properties":{"nombre":"Río Chimehuín","tipo":"Río"},"geometry":{"type":"LineString","coordinates":[[-70.8255,-40.0623],[-70.8138,-40.0643]]}},{"type":"Feature","properties":{"nombre":"Arroyo Auque","tipo":"Arroyo"},"geometry":{"type":"LineString","coordinates":[[-70.6546,-36.7941],[-70.6637,-36.794]]}},{"type":"Feature","properties":{"nombre":"Río Agrio","tipo":"Río"},"geometry":{"type":"LineString","coordinates":[[-70.1977,-38.5161],[-70.1939,-38.5159],[-70.1915,-38.5109]]}},{"type":"Feature","properties":{"nombre":"Río Grande","tipo":"Río"},"geometry":{"type":"LineString","coordinates":[[-69.7773,-36.778],[-69.7694,-36.7847]]}},{"type":"Feature","properties":{"nombre":null,"tipo":null},"geometry":{"type":"LineString","coordinates":[[-69.4065,-38.9339],[-69.394,-38.929],[-69.3793,-38.9058]]}},{"type":"Feature","properties":{"nombre":"Arroyo Guaraco","tipo":"Arroyo"},"geometry":{"type":"LineString","coordinates":[[-70.178,-36.7979],[-70.1741,-36.7976],[-70.1708,-36.7887]]}},{"type":"Feature","properties":{"nombre":"Arroyo Mapio","tipo":"Arroyo"},"geometry":{"type":"LineString","coordinates":[[-71.2744,-39.0782],[-71.2654,-39.0819],[-71.2576,-39.081],[-71.235,-39.0947],[-71.2295,-39.0924]]}},{"type":"Feature","properties":{"nombre":"Río Limay","tipo":"Río"},"geometry":{"type":"LineString","coordinates":[[-69.4874,-39.7933],[-69.473,-39.7835]]}},{"type":"Feature","properties":{"nombre":"Arroyo Sañico","tipo":"Arroyo"},"geometry":{"type":"LineString","coordinates":[[-70.361,-39.9948],[-70.3534,-40.0]]}},{"type":"Feature","properties":{"nombre":"Arroyo Los Pajaritos","tipo":"Arroyo"},"geometry":{"type":"LineString","coordinates":[[-70.944,-36.9187],[-70.9314,-36.9303]]}},{"type":"Feature","properties":{"nombre":"Arroyo Pancú Lehué","tipo":"Arroyo"},"geometry":{"type":"LineString","coordinates":[[-70.3039,-36.1609],[-70.3008,-36.1699],[-70.3028,-36.1772]]}},{"type":"Feature","properties":{"nombre":"Arroyo Malalco","tipo":"Arroyo"},"geometry":{"type":"LineString","coordinates":[[-71.2567,-39.3211],[-71.2448,-39.3263]]}},{"type":"Feature","properties":{"nombre":"Río Filuco","tipo":"Río"},"geometry":{"type":"LineString","coordinates":[[-71.549,-40.3868],[-71.5265,-40.3846],[-71.5145,-40.3891]]}},{"type":"Feature","properties":{"nombre":"Río Neuquén","tipo":"Río"},"geometry":{"type":"LineString","coordinates":[[-69.7052,-38.3688],[-69.7048,-38.3723],[-69.7013,-38.373],[-69.687,-38.3676]]}},{"type":"Feature","properties":{"nombre":"Río Neuquén","tipo":"Río"},"geometry":{"type":"LineString","coordinates":[[-68.8745,-38.3907],[-68.8675,-38.3874],[-68.8612,-38.3743],[-68.8457,-38.3747]]}},{"type":"Feature","properties":{"nombre":null,"tipo":null},"geometry":{"type":"LineString","coordinates":[[-70.4267,-38.5038],[-70.415,-38.5093]]}},{"type":"Feature","properties":{"nombre":"Arroyo Carreri","tipo":"Arroyo"},"geometry":{"type":"LineString","coordinates":[[-70.5759,-38.9326],[-70.5749,-38.9385],[-70.5773,-38.9406]]}},{"type":"Feature","properties":{"nombre":"Arroyo Liu Cullín","tipo":"Arroyo"},"geometry":{"type":"LineString","coordinates":[[-70.5505,-38.6028],[-70.5357,-38.596],[-70.5363,-38.5886],[-70.5323,-38.5835]]}},{"type":"Feature","properties":{"nombre":"Río Limay","tipo":"Río"},"geometry":{"type":"LineString","coordinates":[[-68.4803,-39.0487],[-68.4748,-39.0446],[-68.4575,-39.0415],[-68.4498,-39.0288]]}},{"type":"Feature","properties":{"nombre":"Arroyo Pichi Currhué","tipo":"Arroyo"},"geometry":{"type":"LineString","coordinates":[[-71.3487,-39.8413],[-71.3372,-39.8457]]}},{"type":"Feature","properties":{"nombre":"Arroyo Calmuco","tipo":"Arroyo"},"geometry":{"type":"LineString","coordinates":[[-69.81,-36.5249],[-69.8151,-36.5206],[-69.826,-36.5185],[-69.8201,-36.5032]]}},{"type":"Feature","properties":{"nombre":"Río Neuquén","tipo":"Río"},"geometry":{"type":"LineString","coordinates":[[-69.8738,-37.7557],[-69.864,-37.7524]]}},{"type":"Feature","properties":{"nombre":"Arroyo Rahueco","tipo":"Arroyo"},"geometry":{"type":"LineString","coordinates":[[-70.6116,-37.1561],[-70.6165,-37.1539],[-70.619,-37.1477]]}},{"type":"Feature","properties":{"nombre":"Arroyo de El Arco","tipo":"Arroyo"},"geometry":{"type":"LineString","coordinates":[[-71.1132,-38.7863],[-71.1037,-38.786]]}},{"type":"Feature","properties":{"nombre":"Río Neuquén","tipo":"Río"},"geometry":{"type":"LineString","coordinates":[[-69.1664,-38.6202],[-69.1451,-38.6145]]}},{"type":"Feature","properties":{"nombre":null,"tipo":null},"geometry":{"type":"LineString","coordinates":[[-70.6088,-37.0515],[-70.6202,-37.0536],[-70.6319,-37.0479]]}},{"type":"Feature","properties":{"nombre":"Arroyo Piedra Blanca","tipo":"Arroyo"},"geometry":{"type":"LineString","coordinates":[[-70.6234,-37.2274],[-70.6202,-37.2388],[-70.6287,-37.2501]]}},{"type":"Feature","properties":{"nombre":"Río Neuquén","tipo":"Río"},"geometry":{"type":"LineString","coordinates":[[-69.4271,-38.5083],[-69.4203,-38.5162]]}},{"type":"Feature","properties":{"nombre":"Arroyo Mollucura","tipo":"Arroyo"},"geometry":{"type":"LineString","coordinates":[[-70.8344,-38.3818],[-70.8178,-38.388],[-70.8096,-38.3821]]}},{"type":"Feature","properties":{"nombre":"Arroyo Mesa","tipo":"Arroyo"},"geometry":{"type":"LineString","coordinates":[[-71.3066,-39.3195],[-71.284,-39.3191],[-71.28,-39.3104]]}},{"type":"Feature","properties":{"nombre":"Arroyo Mechanquil","tipo":"Arroyo"},"geometry":{"type":"LineString","coordinates":[[-69.6674,-36.2691],[-69.6594,-36.2768]]}},{"type":"Feature","properties":{"nombre":"Río Malleo","tipo":"Río"},"geometry":{"type":"LineString","coordinates":[[-71.3117,-39.6248],[-71.3074,-39.6254],[-71.3084,-39.628],[-71.303,-39.6329],[-71.2972,-39.631]]}},{"type":"Feature","properties":{"nombre":"Arroyo Choroyas","tipo":"Arroyo"},"geometry":{"type":"LineString","coordinates":[[-70.0967,-36.3333],[-70.1198,-36.3449]]}},{"type":"Feature","properties":{"nombre":"Arroyo Nahuel Mapi","tipo":"Arroyo"},"geometry":{"type":"LineString","coordinates":[[-71.2376,-39.5514],[-71.2302,-39.5512],[-71.2204,-39.556]]}},{"type":"Feature","properties":{"nombre":"Arroyo Molulco","tipo":"Arroyo"},"geometry":{"type":"LineString","coordinates":[[-70.4205,-36.9855],[-70.4138,-36.9937]]}},{"type":"Feature","properties":{"nombre":null,"tipo":null},"geometry":{"type":"LineString","coordinates":[[-70.9655,-38.8496],[-70.9866,-38.8442]]}},{"type":"Feature","properties":{"nombre":"Arroyo del Boquete","tipo":"Arroyo"},"geometry":{"type":"LineString","coordinates":[[-71.5771,-40.031],[-71.6003,-40.0293],[-71.6226,-40.0144],[-71.6322,-40.0128]]}},{"type":"Feature","properties":{"nombre":"Arroyo Lonco - Vaca","tipo":"Arroyo"},"geometry":{"type":"LineString","coordinates":[[-71.3434,-39.0],[-71.3403,-38.9899],[-71.3423,-38.9707]]}},{"type":"Feature","properties":{"nombre":"Arroyo China Muerta","tipo":"Arroyo"},"geometry":{"type":"LineString","coordinates":[[-70.379,-39.4625],[-70.3803,-39.4672],[-70.3777,-39.4691]]}},{"type":"Feature","properties":{"nombre":null,"tipo":null},"geometry":{"type":"LineString","coordinates":[[-71.0066,-37.0],[-71.008,-37.0124],[-71.0,-37.0168]]}},{"type":"Feature","properties":{"nombre":"Arroyo Cajón del Norte","tipo":"Arroyo"},"geometry":{"type":"LineString","coordinates":[[-70.261,-36.7994],[-70.2621,-36.8083],[-70.2586,-36.8155]]}},{"type":"Feature","properties":{"nombre":"Río Neuquén","tipo":"Río"},"geometry":{"type":"LineString","coordinates":[[-69.8672,-37.8785],[-69.8682,-37.8841],[-69.8647,-37.8885]]}},{"type":"Feature","properties":{"nombre":"Río Quillén","tipo":"Río"},"geometry":{"type":"LineString","coordinates":[[-71.0464,-39.3622],[-71.0447,-39.3595],[-71.0389,-39.3633]]}},{"type":"Feature","properties":{"nombre":"Río Catán Lil","tipo":"Río"},"geometry":{"type":"LineString","coordinates":[[-70.5761,-39.6516],[-70.5749,-39.655],[-70.5802,-39.6578],[-70.5815,-39.6667]]}},{"type":"Feature","properties":{"nombre":"Río Negro","tipo":"Río"},"geometry":{"type":"LineString","coordinates":[[-67.9981,-38.9962],[-67.9822,-38.9953]]}},{"type":"Feature","properties":{"nombre":"Río Caleufú","tipo":"Río"},"geometry":{"type":"LineString","coordinates":[[-70.7551,-40.4036],[-70.7405,-40.3973]]}},{"type":"Feature","properties":{"nombre":"Río Grande","tipo":"Río"},"geometry":{"type":"LineString","coordinates":[[-69.6433,-36.5581],[-69.6454,-36.567]]}},{"type":"Feature","properties":{"nombre":"Arroyo Butaco","tipo":"Arroyo"},"geometry":{"type":"LineString","coordinates":[[-70.1927,-36.5234],[-70.1931,-36.5188],[-70.1879,-36.5162],[-70.1854,-36.5102]]}},{"type":"Feature","properties":{"nombre":"Río Colorado","tipo":"Río"},"geometry":{"type":"LineString","coordinates":[[-68.4509,-37.532],[-68.451,-37.5364],[-68.445,-37.5377]]}},{"type":"Feature","properties":{"nombre":"Río Neuquén","tipo":"Río"},"geometry":{"type":"LineString","coordinates":[[-70.4306,-37.3661],[-70.4261,-37.3763]]}},{"type":"Feature","properties":{"nombre":"Arroyo Buta - Có","tipo":"Arroyo"},"geometry":{"type":"LineString","coordinates":[[-69.7869,-36.9105],[-69.7788,-36.9119],[-69.7747,-36.9089]]}},{"type":"Feature","properties":{"nombre":"Río Limay","tipo":"Río"},"geometry":{"type":"LineString","coordinates":[[-69.4546,-39.7707],[-69.4482,-39.7665],[-69.4423,-39.767]]}},{"type":"Feature","properties":{"nombre":"Río Neuquén","tipo":"Río"},"geometry":{"type":"LineString","coordinates":[[-69.8626,-37.867],[-69.8621,-37.8735],[-69.8668,-37.8775]]}},{"type":"Feature","properties":{"nombre":"Río Neuquén","tipo":"Río"},"geometry":{"type":"LineString","coordinates":[[-68.7484,-38.3919],[-68.735,-38.398]]}},{"type":"Feature","properties":{"nombre":"Arroyo Los Choroyes","tipo":"Arroyo"},"geometry":{"type":"LineString","coordinates":[[-70.3825,-36.7412],[-70.3936,-36.7523],[-70.3959,-36.7756],[-70.4106,-36.7838]]}},{"type":"Feature","properties":{"nombre":"Arroyo Cajón Negro","tipo":"Arroyo"},"geometry":{"type":"LineString","coordinates":[[-71.6618,-40.4193],[-71.6522,-40.4233]]}},{"type":"Feature","properties":{"nombre":null,"tipo":null},"geometry":{"type":"LineString","coordinates":[[-70.9031,-37.1701],[-70.9033,-37.1753],[-70.9099,-37.1798],[-70.9122,-37.1877]]}},{"type":"Feature","properties":{"nombre":"Arroyo Ailinco","tipo":"Arroyo"},"geometry":{"type":"LineString","coordinates":[[-70.1878,-36.2637],[-70.194,-36.2721]]}},{"type":"Feature","properties":{"nombre":"Arroyo Trocoquen","tipo":"Arroyo"},"geometry":{"type":"LineString","coordinates":[[-70.7623,-38.9152],[-70.7733,-38.9172]]}},{"type":"Feature","properties":{"nombre":"Arroyo Pichaihue","tipo":"Arroyo"},"geometry":{"type":"LineString","coordinates":[[-70.3887,-37.8915],[-70.3799,-37.8909]]}},{"type":"Feature","properties":{"nombre":null,"tipo":null},"geometry":{"type":"LineString","coordinates":[[-71.0003,-38.983],[-71.0093,-38.984],[-71.0167,-38.9965],[-71.015,-38.9992]]}},{"type":"Feature","properties":{"nombre":null,"tipo":null},"geometry":{"type":"LineString","coordinates":[[-71.016,-37.3196],[-71.0069,-37.325],[-71.0017,-37.3333]]}},{"type":"Feature","properties":{"nombre":"Río Colorado","tipo":"Río"},"geometry":{"type":"LineString","coordinates":[[-68.6132,-37.4386],[-68.6035,-37.4419]]}},{"type":"Feature","properties":{"nombre":"Arroyo Pitrunquen","tipo":"Arroyo"},"geometry":{"type":"LineString","coordinates":[[-70.7385,-38.8928],[-70.7521,-38.8888],[-70.7648,-38.8932]]}},{"type":"Feature","properties":{"nombre":"Arroyo La Totora","tipo":"Arroyo"},"geometry":{"type":"LineString","coordinates":[[-70.5103,-36.7133],[-70.5195,-36.713],[-70.5295,-36.7075],[-70.5473,-36.715]]}},{"type":"Feature","properties":{"nombre":"Río Neuquén","tipo":"Río"},"geometry":{"type":"LineString","coordinates":[[-68.7194,-38.4063],[-68.7017,-38.405]]}},{"type":"Feature","properties":{"nombre":null,"tipo":null},"geometry":{"type":"LineString","coordinates":[[-69.9535,-36.3884],[-69.9365,-36.3822]]}},{"type":"Feature","properties":{"nombre":"Río Colorado","tipo":"Río"},"geometry":{"type":"LineString","coordinates":[[-68.8317,-37.3879],[-68.8218,-37.3898]]}},{"type":"Feature","properties":{"nombre":"Arroyo Collún - Co","tipo":"Arroyo"},"geometry":{"type":"LineString","coordinates":[[-71.1972,-39.9662],[-71.1869,-39.9619],[-71.1783,-39.9663],[-71.1645,-39.9642]]}},{"type":"Feature","properties":{"nombre":"Río Negro","tipo":"Río"},"geometry":{"type":"LineString","coordinates":[[-67.9039,-39.0011],[-67.8932,-39.0053],[-67.8935,-39.0095]]}},{"type":"Feature","properties":{"nombre":"Arroyo Chacayal","tipo":"Arroyo"},"geometry":{"type":"LineString","coordinates":[[-70.9551,-40.0385],[-70.9455,-40.0422],[-70.934,-40.0545]]}},{"type":"Feature","properties":{"nombre":"Río Caleufú","tipo":"Río"},"geometry":{"type":"LineString","coordinates":[[-70.9809,-40.3995],[-70.9691,-40.4018],[-70.9455,-40.3988],[-70.9371,-40.3915],[-70.9219,-40.3893],[-70.9158,-40.3912],[-70.909,-40.3876]]}},{"type":"Feature","properties":{"nombre":"Río Catán Lil","tipo":"Río"},"geometry":{"type":"LineString","coordinates":[[-70.8049,-39.8074],[-70.8136,-39.8115]]}},{"type":"Feature","properties":{"nombre":"Río Barrancas","tipo":"Río"},"geometry":{"type":"LineString","coordinates":[[-70.1229,-36.5705],[-70.1132,-36.5769]]}},{"type":"Feature","properties":{"nombre":"Arroyo Chacayco","tipo":"Arroyo"},"geometry":{"type":"LineString","coordinates":[[-70.0852,-37.4847],[-70.0995,-37.4896],[-70.1008,-37.4941],[-70.0956,-37.4965],[-70.0949,-37.5015]]}},{"type":"Feature","properties":{"nombre":"Río Limay","tipo":"Río"},"geometry":{"type":"LineString","coordinates":[[-69.473,-39.7835],[-69.4655,-39.7771]]}},{"type":"Feature","properties":{"nombre":"Arroyo Codihue","tipo":"Arroyo"},"geometry":{"type":"LineString","coordinates":[[-70.494,-38.4752],[-70.4825,-38.4763]]}},{"type":"Feature","properties":{"nombre":"Arroyo Haichol","tipo":"Arroyo"},"geometry":{"type":"LineString","coordinates":[[-70.658,-38.5411],[-70.6457,-38.5335],[-70.6381,-38.5333]]}},{"type":"Feature","properties":{"nombre":"Río Curi Leuvú","tipo":"Río"},"geometry":{"type":"LineString","coordinates":[[-70.3917,-37.1688],[-70.3875,-37.1803]]}},{"type":"Feature","properties":{"nombre":null,"tipo":null},"geometry":{"type":"LineString","coordinates":[[-70.9259,-38.8934],[-70.9124,-38.905]]}},{"type":"Feature","properties":{"nombre":"Arroyo Covunco","tipo":"Arroyo"},"geometry":{"type":"LineString","coordinates":[[-69.9935,-38.707],[-69.9853,-38.7025]]}},{"type":"Feature","properties":{"nombre":"Arroyo Remeco","tipo":"Arroyo"},"geometry":{"type":"LineString","coordinates":[[-71.3582,-39.0452],[-71.37,-39.0374]]}},{"type":"Feature","properties":{"nombre":"Arroyo Blanco","tipo":"Arroyo"},"geometry":{"type":"LineString","coordinates":[[-70.1121,-37.2108],[-70.1156,-37.2176],[-70.1243,-37.2215]]}},{"type":"Feature","properties":{"nombre":"Arroyo de El Arco","tipo":"Arroyo"},"geometry":{"type":"LineString","coordinates":[[-71.1611,-38.8035],[-71.1397,-38.8013]]}},{"type":"Feature","properties":{"nombre":"Río Colorado","tipo":"Río"},"geometry":{"type":"LineString","coordinates":[[-68.2004,-37.5921],[-68.1918,-37.5956],[-68.1906,-37.5992],[-68.1746,-37.6005]]}},{"type":"Feature","properties":{"nombre":"Río Quillén","tipo":"Río"},"geometry":{"type":"LineString","coordinates":[[-71.0389,-39.3633],[-71.0303,-39.371],[-71.0207,-39.3706],[-71.0165,-39.3672]]}},{"type":"Feature","properties":{"nombre":"Arroyo del Mallín del Chancho","tipo":"Arroyo"},"geometry":{"type":"LineString","coordinates":[[-71.1896,-39.4289],[-71.1779,-39.4376],[-71.1658,-39.4355],[-71.1356,-39.4431],[-71.1242,-39.4559]]}},{"type":"Feature","properties":{"nombre":"Arroyo Relem","tipo":"Arroyo"},"geometry":{"type":"LineString","coordinates":[[-71.1556,-38.9933],[-71.1546,-38.9908],[-71.1505,-38.9916],[-71.1474,-38.9953]]}},{"type":"Feature","properties":{"nombre":"Río Neuquén","tipo":"Río"},"geometry":{"type":"LineString","coordinates":[[-68.9333,-38.4504],[-68.931,-38.4396],[-68.9241,-38.4297]]}},{"type":"Feature","properties":{"nombre":"Arroyo Malalco","tipo":"Arroyo"},"geometry":{"type":"LineString","coordinates":[[-71.3652,-39.226],[-71.3454,-39.2651]]}},{"type":"Feature","properties":{"nombre":"Arroyo Acequia","tipo":"Arroyo"},"geometry":{"type":"LineString","coordinates":[[-70.5253,-37.2049],[-70.5156,-37.2106],[-70.5,-37.2107]]}},{"type":"Feature","properties":{"nombre":"Río Chimehuín","tipo":"Río"},"geometry":{"type":"LineString","coordinates":[[-71.0627,-39.9252],[-71.0584,-39.9333]]}},{"type":"Feature","properties":{"nombre":"Arroyo Pichi Leufú","tipo":"Arroyo"},"geometry":{"type":"LineString","coordinates":[[-71.0206,-39.4515],[-71.0162,-39.4535],[-71.0138,-39.4491]]}},{"type":"Feature","properties":{"nombre":null,"tipo":null},"geometry":{"type":"LineString","coordinates":[[-71.3902,-39.5484],[-71.3705,-39.5589],[-71.3521,-39.5506]]}},{"type":"Feature","properties":{"nombre":"Río Barrancas","tipo":"Río"},"geometry":{"type":"LineString","coordinates":[[-70.3709,-36.224],[-70.3727,-36.2293],[-70.3696,-36.2329],[-70.3723,-36.2372],[-70.3693,-36.2428]]}},{"type":"Feature","properties":{"nombre":"Arroyo Pichi Leufú","tipo":"Arroyo"},"geometry":{"type":"LineString","coordinates":[[-71.0138,-39.4491],[-71.0,-39.4511]]}},{"type":"Feature","properties":{"nombre":"Arroyo Ailinco","tipo":"Arroyo"},"geometry":{"type":"LineString","coordinates":[[-70.1859,-36.178],[-70.1697,-36.2028],[-70.1663,-36.2234],[-70.1685,-36.2317]]}},{"type":"Feature","properties":{"nombre":"Río Limay","tipo":"Río"},"geometry":{"type":"LineString","coordinates":[[-69.9298,-39.9426],[-69.9104,-39.9446]]}},{"type":"Feature","properties":{"nombre":"Arroyo Nompehuen (Blanco)","tipo":"Arroyo"},"geometry":{"type":"LineString","coordinates":[[-71.2773,-39.1291],[-71.2701,-39.133],[-71.2713,-39.1364]]}},{"type":"Feature","properties":{"nombre":"Río Neuquén","tipo":"Río"},"geometry":{"type":"LineString","coordinates":[[-68.022,-38.9497],[-68.0155,-38.9564],[-68.0089,-38.9583]]}},{"type":"Feature","properties":{"nombre":"Arroyo Las Toscas","tipo":"Arroyo"},"geometry":{"type":"LineString","coordinates":[[-70.2832,-38.1482],[-70.2931,-38.1481]]}},{"type":"Feature","properties":{"nombre":"Río Neuquén","tipo":"Río"},"geometry":{"type":"LineString","coordinates":[[-68.3328,-38.6263],[-68.3232,-38.634]]}},{"type":"Feature","properties":{"nombre":"Río Colorado","tipo":"Río"},"geometry":{"type":"LineString","coordinates":[[-68.1583,-37.6012],[-68.1358,-37.6037],[-68.1153,-37.6141]]}},{"type":"Feature","properties":{"nombre":"Arroyo Sanquilco","tipo":"Arroyo"},"geometry":{"type":"LineString","coordinates":[[-70.6591,-38.5859],[-70.6465,-38.5885],[-70.6433,-38.5936],[-70.6363,-38.5938]]}},{"type":"Feature","properties":{"nombre":"Arroyo China Muerta","tipo":"Arroyo"},"geometry":{"type":"LineString","coordinates":[[-70.2472,-39.5275],[-70.2382,-39.5314]]}},{"type":"Feature","properties":{"nombre":"Río Colorado","tipo":"Río"},"geometry":{"type":"LineString","coordinates":[[-68.7961,-37.3713],[-68.7854,-37.3685]]}},{"type":"Feature","properties":{"nombre":"Río Agrio","tipo":"Río"},"geometry":{"type":"LineString","coordinates":[[-70.3302,-38.5181],[-70.3421,-38.521],[-70.3614,-38.5184]]}},{"type":"Feature","properties":{"nombre":"Río Agrio","tipo":"Río"},"geometry":{"type":"LineString","coordinates":[[-71.1088,-37.8708],[-71.099,-37.8758]]}},{"type":"Feature","properties":{"nombre":"Río Limay","tipo":"Río"},"geometry":{"type":"LineString","coordinates":[[-69.7011,-39.8492],[-69.6891,-39.8497]]}},{"type":"Feature","properties":{"nombre":"Arroyo Clalafquén","tipo":"Arroyo"},"geometry":{"type":"LineString","coordinates":[[-70.8907,-38.4058],[-70.8647,-38.4174],[-70.8623,-38.4284],[-70.857,-38.4339]]}},{"type":"Feature","properties":{"nombre":"Río Neuquén","tipo":"Río"},"geometry":{"type":"LineString","coordinates":[[-68.5979,-38.4688],[-68.5926,-38.4684],[-68.5894,-38.4733],[-68.584,-38.4748]]}},{"type":"Feature","properties":{"nombre":"Arroyo Haichol","tipo":"Arroyo"},"geometry":{"type":"LineString","coordinates":[[-70.838,-38.7],[-70.8363,-38.6975],[-70.8426,-38.6908],[-70.8449,-38.681]]}},{"type":"Feature","properties":{"nombre":null,"tipo":null},"geometry":{"type":"LineString","coordinates":[[-71.0589,-38.8875],[-71.0448,-38.8984]]}},{"type":"Feature","properties":{"nombre":"Arroyo Quilli Malal","tipo":"Arroyo"},"geometry":{"type":"LineString","coordinates":[[-70.1154,-36.5385],[-70.1268,-36.5412]]}},{"type":"Feature","properties":{"nombre":"Río Limay","tipo":"Río"},"geometry":{"type":"LineString","coordinates":[[-68.7404,-39.2642],[-68.7392,-39.2547],[-68.7328,-39.2502]]}},{"type":"Feature","properties":{"nombre":"Río Colorado","tipo":"Río"},"geometry":{"type":"LineString","coordinates":[[-68.3261,-37.5596],[-68.31,-37.562]]}},{"type":"Feature","properties":{"nombre":"Río Catán Lil","tipo":"Río"},"geometry":{"type":"LineString","coordinates":[[-70.8139,-39.8798],[-70.8212,-39.8795],[-70.8245,-39.8823],[-70.8228,-39.8846],[-70.8304,-39.8898]]}},{"type":"Feature","properties":{"nombre":null,"tipo":null},"geometry":{"type":"LineString","coordinates":[[-71.0725,-38.8254],[-71.0544,-38.8203],[-71.0332,-38.8261]]}},{"type":"Feature","properties":{"nombre":"Río Currhué","tipo":"Río"},"geometry":{"type":"LineString","coordinates":[[-71.1514,-39.9591],[-71.1442,-39.9582],[-71.1448,-39.9544]]}},{"type":"Feature","properties":{"nombre":"Arroyo Chadileo","tipo":"Arroyo"},"geometry":{"type":"LineString","coordinates":[[-70.0,-36.7064],[-69.9918,-36.6958],[-69.9857,-36.6942]]}},{"type":"Feature","properties":{"nombre":"Arroyo Domuyo (S)","tipo":"Arroyo"},"geometry":{"type":"LineString","coordinates":[[-70.4217,-36.7654],[-70.4209,-36.7729],[-70.4155,-36.7773]]}},{"type":"Feature","properties":{"nombre":"Arroyo Las Lajitas","tipo":"Arroyo"},"geometry":{"type":"LineString","coordinates":[[-70.6183,-38.7834],[-70.6088,-38.7845]]}},{"type":"Feature","properties":{"nombre":"Río Limay","tipo":"Río"},"geometry":{"type":"LineString","coordinates":[[-69.3322,-39.6458],[-69.3339,-39.643],[-69.3234,-39.627],[-69.3236,-39.618],[-69.2999,-39.6096],[-69.2968,-39.6008],[-69.283,-39.6044]]}},{"type":"Feature","properties":{"nombre":"Arroyo Poñihue","tipo":"Arroyo"},"geometry":{"type":"LineString","coordinates":[[-70.2079,-36.8294],[-70.2008,-36.8367],[-70.185,-36.8356],[-70.1831,-36.8321]]}},{"type":"Feature","properties":{"nombre":"Arroyo Calfiquitra","tipo":"Arroyo"},"geometry":{"type":"LineString","coordinates":[[-71.2307,-39.2525],[-71.2234,-39.2503],[-71.2229,-39.2469]]}},{"type":"Feature","properties":{"nombre":"Río Auquinco","tipo":"Río"},"geometry":{"type":"LineString","coordinates":[[-71.4791,-40.0082],[-71.4771,-40.015],[-71.4587,-40.0177],[-71.4578,-40.0218]]}},{"type":"Feature","properties":{"nombre":"Río Neuquén","tipo":"Río"},"geometry":{"type":"LineString","coordinates":[[-69.8836,-37.8482],[-69.8698,-37.8487]]}},{"type":"Feature","properties":{"nombre":"Arroyo Trailathué","tipo":"Arroyo"},"geometry":{"type":"LineString","coordinates":[[-70.4352,-37.6599],[-70.3989,-37.6544]]}},{"type":"Feature","properties":{"nombre":"Río Neuquén","tipo":"Río"},"geometry":{"type":"LineString","coordinates":[[-69.4833,-38.4957],[-69.4884,-38.5047],[-69.4852,-38.5087]]}},{"type":"Feature","properties":{"nombre":"Río Catán Lil","tipo":"Río"},"geometry":{"type":"LineString","coordinates":[[-70.6459,-39.4336],[-70.6368,-39.4455]]}},{"type":"Feature","properties":{"nombre":"Río Limay","tipo":"Río"},"geometry":{"type":"LineString","coordinates":[[-69.8981,-39.927],[-69.8856,-39.9247]]}},{"type":"Feature","properties":{"nombre":"Río Colorado","tipo":"Río"},"geometry":{"type":"LineString","coordinates":[[-69.7679,-37.0243],[-69.7575,-37.0307],[-69.7584,-37.0338]]}},{"type":"Feature","properties":{"nombre":"Arroyo Sañico","tipo":"Arroyo"},"geometry":{"type":"LineString","coordinates":[[-70.3997,-39.9599],[-70.3867,-39.9609]]}},{"type":"Feature","properties":{"nombre":"Arroyo Los Filos","tipo":"Arroyo"},"geometry":{"type":"LineString","coordinates":[[-70.2921,-36.7578],[-70.2815,-36.7429]]}},{"type":"Feature","properties":{"nombre":"Río Litrán","tipo":"Río"},"geometry":{"type":"LineString","coordinates":[[-70.8798,-38.7321],[-70.8768,-38.7375],[-70.8782,-38.7508],[-70.8824,-38.7568],[-70.8819,-38.7621],[-70.8895,-38.7669]]}},{"type":"Feature","properties":{"nombre":"Río Agrio","tipo":"Río"},"geometry":{"type":"LineString","coordinates":[[-71.0597,-37.8788],[-71.0493,-37.8796],[-71.0456,-37.8744]]}},{"type":"Feature","properties":{"nombre":"Arroyo del Fortín 1° de Mayo","tipo":"Arroyo"},"geometry":{"type":"LineString","coordinates":[[-70.6869,-39.426],[-70.6783,-39.4257],[-70.666,-39.4304],[-70.6516,-39.4299]]}},{"type":"Feature","properties":{"nombre":"Río Neuquén","tipo":"Río"},"geometry":{"type":"LineString","coordinates":[[-70.7946,-36.6026],[-70.8052,-36.6216]]}},{"type":"Feature","properties":{"nombre":"Río Colorado","tipo":"Río"},"geometry":{"type":"LineString","coordinates":[[-69.5148,-37.1695],[-69.5075,-37.1742],[-69.5,-37.1734]]}},{"type":"Feature","properties":{"nombre":"Arroyo Guayapa","tipo":"Arroyo"},"geometry":{"type":"LineString","coordinates":[[-70.6144,-38.8919],[-70.5946,-38.8849],[-70.5888,-38.8764],[-70.5446,-38.8732],[-70.517,-38.8649],[-70.5,-38.8645]]}},{"type":"Feature","properties":{"nombre":"Arroyo Ninquehue","tipo":"Arroyo"},"geometry":{"type":"LineString","coordinates":[[-70.0215,-36.4551],[-70.0302,-36.4576],[-70.044,-36.4528],[-70.0491,-36.4545]]}},{"type":"Feature","properties":{"nombre":"Arroyo Aseret","tipo":"Arroyo"},"geometry":{"type":"LineString","coordinates":[[-71.4172,-39.9082],[-71.4042,-39.9065]]}},{"type":"Feature","properties":{"nombre":"Río Collón Curá","tipo":"Río"},"geometry":{"type":"LineString","coordinates":[[-70.7338,-40.1383],[-70.7328,-40.1428],[-70.7174,-40.1463],[-70.7139,-40.1513]]}},{"type":"Feature","properties":{"nombre":"Arroyo China Muerta","tipo":"Arroyo"},"geometry":{"type":"LineString","coordinates":[[-71.0172,-39.0546],[-71.0084,-39.0529]]}},{"type":"Feature","properties":{"nombre":null,"tipo":null},"geometry":{"type":"LineString","coordinates":[[-70.7752,-38.8014],[-70.7732,-38.8094],[-70.7765,-38.8196]]}},{"type":"Feature","properties":{"nombre":null,"tipo":null},"geometry":{"type":"LineString","coordinates":[[-70.8286,-37.6441],[-70.8335,-37.6383],[-70.8332,-37.6329]]}},{"type":"Feature","properties":{"nombre":"Arroyo Lonco Luan","tipo":"Arroyo"},"geometry":{"type":"LineString","coordinates":[[-71.0067,-38.9614],[-71.0154,-38.9691],[-71.0145,-38.9732]]}},{"type":"Feature","properties":{"nombre":"Arroyo Ñivinco","tipo":"Arroyo"},"geometry":{"type":"LineString","coordinates":[[-71.7293,-40.4343],[-71.7184,-40.4335],[-71.7133,-40.4383]]}},{"type":"Feature","properties":{"nombre":"Río Neuquén","tipo":"Río"},"geometry":{"type":"LineString","coordinates":[[-68.0089,-38.9583],[-68.0068,-38.9612],[-68.0085,-38.9685],[-68.0004,-38.974]]}},{"type":"Feature","properties":{"nombre":null,"tipo":null},"geometry":{"type":"LineString","coordinates":[[-71.2906,-40.2585],[-71.28,-40.2524]]}},{"type":"Feature","properties":{"nombre":"Arroyo Conuco","tipo":"Arroyo"},"geometry":{"type":"LineString","coordinates":[[-71.5577,-40.4331],[-71.5405,-40.436]]}},{"type":"Feature","properties":{"nombre":"Río Chachín","tipo":"Río"},"geometry":{"type":"LineString","coordinates":[[-71.7197,-40.2207],[-71.7145,-40.2107],[-71.7109,-40.2098],[-71.7137,-40.2055],[-71.7122,-40.2026],[-71.7157,-40.2026]]}},{"type":"Feature","properties":{"nombre":"Arroyo Matancilla","tipo":"Arroyo"},"geometry":{"type":"LineString","coordinates":[[-70.6637,-36.794],[-70.6667,-36.8061],[-70.6708,-36.81]]}},{"type":"Feature","properties":{"nombre":null,"tipo":null},"geometry":{"type":"LineString","coordinates":[[-69.7404,-36.5066],[-69.7296,-36.5045],[-69.7282,-36.5008],[-69.722,-36.4997],[-69.7214,-36.496]]}},{"type":"Feature","properties":{"nombre":"Río Curi Leuvú","tipo":"Río"},"geometry":{"type":"LineString","coordinates":[[-70.3939,-36.8618],[-70.3939,-36.8733]]}},{"type":"Feature","properties":{"nombre":"Río Pulmarí","tipo":"Río"},"geometry":{"type":"LineString","coordinates":[[-71.1339,-39.1259],[-71.13,-39.1277],[-71.1316,-39.1306],[-71.1226,-39.1211],[-71.1216,-39.1266],[-71.11,-39.1263],[-71.1054,-39.1191]]}},{"type":"Feature","properties":{"nombre":"Arroyo Casheu Malle-Hue","tipo":"Arroyo"},"geometry":{"type":"LineString","coordinates":[[-70.7368,-38.9535],[-70.7483,-38.9496]]}},{"type":"Feature","properties":{"nombre":"Arroyo Codihue","tipo":"Arroyo"},"geometry":{"type":"LineString","coordinates":[[-70.5903,-38.4459],[-70.5704,-38.4509]]}},{"type":"Feature","properties":{"nombre":"Río Barrancas","tipo":"Río"},"geometry":{"type":"LineString","coordinates":[[-70.3707,-36.2452],[-70.3743,-36.255]]}},{"type":"Feature","properties":{"nombre":"Arroyo Pichi Neuquén","tipo":"Arroyo"},"geometry":{"type":"LineString","coordinates":[[-69.9317,-37.8749],[-69.9193,-37.8747]]}},{"type":"Feature","properties":{"nombre":"Arroyo Romero","tipo":"Arroyo"},"geometry":{"type":"LineString","coordinates":[[-70.7137,-38.375],[-70.7111,-38.3808],[-70.6881,-38.3832],[-70.6742,-38.3912],[-70.6702,-38.3998],[-70.6507,-38.4157],[-70.6521,-38.4251]]}},{"type":"Feature","properties":{"nombre":"Arroyo China Muerta","tipo":"Arroyo"},"geometry":{"type":"LineString","coordinates":[[-70.267,-39.5132],[-70.2658,-39.5181],[-70.2602,-39.5198],[-70.2583,-39.5298]]}},{"type":"Feature","properties":{"nombre":"Río Limay","tipo":"Río"},"geometry":{"type":"LineString","coordinates":[[-68.4866,-39.0582],[-68.4876,-39.0525],[-68.4803,-39.0487]]}},{"type":"Feature","properties":{"nombre":"Río Grande","tipo":"Río"},"geometry":{"type":"LineString","coordinates":[[-69.762,-36.749],[-69.7708,-36.7584]]}},{"type":"Feature","properties":{"nombre":"Arroyo de El Arco","tipo":"Arroyo"},"geometry":{"type":"LineString","coordinates":[[-71.0353,-38.8077],[-71.0305,-38.8136]]}},{"type":"Feature","properties":{"nombre":"Arroyo Quemquemtreu","tipo":"Arroyo"},"geometry":{"type":"LineString","coordinates":[[-70.7844,-40.2242],[-70.7688,-40.2223]]}},{"type":"Feature","properties":{"nombre":"Arroyo Ruca Ñire","tipo":"Arroyo"},"geometry":{"type":"LineString","coordinates":[[-71.5902,-40.2034],[-71.5785,-40.1971],[-71.5736,-40.1853],[-71.5671,-40.1808]]}},{"type":"Feature","properties":{"nombre":"Arroyo Quebrada La Greda","tipo":"Arroyo"},"geometry":{"type":"LineString","coordinates":[[-70.7805,-36.5199],[-70.7841,-36.5245],[-70.79,-36.5249],[-70.7976,-36.5306]]}},{"type":"Feature","properties":{"nombre":null,"tipo":null},"geometry":{"type":"LineString","coordinates":[[-71.3872,-39.0304],[-71.3887,-39.0246],[-71.3822,-39.0251]]}},{"type":"Feature","properties":{"nombre":"Arroyo Ñorquín","tipo":"Arroyo"},"geometry":{"type":"LineString","coordinates":[[-70.5571,-37.6779],[-70.5684,-37.6846]]}},{"type":"Feature","properties":{"nombre":"Río Buraleo","tipo":"Río"},"geometry":{"type":"LineString","coordinates":[[-70.8962,-36.9908],[-70.8858,-36.9899],[-70.8799,-36.9836],[-70.8626,-36.9836]]}},{"type":"Feature","properties":{"nombre":"Arroyo Raja Vado","tipo":"Arroyo"},"geometry":{"type":"LineString","coordinates":[[-70.6065,-37.2635],[-70.61,-37.26],[-70.6212,-37.2584]]}},{"type":"Feature","properties":{"nombre":"Arroyo Domuyo (N)","tipo":"Arroyo"},"geometry":{"type":"LineString","coordinates":[[-70.3579,-36.5333],[-70.3547,-36.5276],[-70.3422,-36.5227]]}},{"type":"Feature","properties":{"nombre":"Arroyo Pichi Neuquén","tipo":"Arroyo"},"geometry":{"type":"LineString","coordinates":[[-69.9027,-37.8986],[-69.8966,-37.9004],[-69.8998,-37.9072]]}},{"type":"Feature","properties":{"nombre":"Arroyo Los Pinos","tipo":"Arroyo"},"geometry":{"type":"LineString","coordinates":[[-70.7843,-38.4234],[-70.7776,-38.4275],[-70.7782,-38.4387]]}},{"type":"Feature","properties":{"nombre":"Río Colorado","tipo":"Río"},"geometry":{"type":"LineString","coordinates":[[-69.7644,-36.8954],[-69.7701,-36.9064]]}},{"type":"Feature","properties":{"nombre":null,"tipo":null},"geometry":{"type":"LineString","coordinates":[[-69.0678,-38.7363],[-69.0645,-38.73],[-69.0569,-38.7279],[-69.0531,-38.7228],[-69.0333,-38.7237],[-69.0224,-38.7188],[-69.0258,-38.7109],[-69.0126,-38.7136],[-69.008,-38.7055],[-69.0027,-38.7064],[-69.0,-38.7032]]}},{"type":"Feature","properties":{"nombre":"Río Buraleo","tipo":"Río"},"geometry":{"type":"LineString","coordinates":[[-70.9797,-37.0171],[-70.9713,-37.0147],[-70.9635,-37.0076]]}},{"type":"Feature","properties":{"nombre":"Río Limay","tipo":"Río"},"geometry":{"type":"LineString","coordinates":[[-69.6286,-39.8285],[-69.6199,-39.832]]}},{"type":"Feature","properties":{"nombre":"Río Neuquén","tipo":"Río"},"geometry":{"type":"LineString","coordinates":[[-68.0752,-38.8795],[-68.0842,-38.8885],[-68.0706,-38.8904]]}},{"type":"Feature","properties":{"nombre":"Arroyo Cacho","tipo":"Arroyo"},"geometry":{"type":"LineString","coordinates":[[-71.8538,-40.5105],[-71.8429,-40.5101]]}},{"type":"Feature","properties":{"nombre":"Río Neuquén","tipo":"Río"},"geometry":{"type":"LineString","coordinates":[[-69.7423,-38.2305],[-69.7334,-38.2366]]}},{"type":"Feature","properties":{"nombre":null,"tipo":null},"geometry":{"type":"LineString","coordinates":[[-70.9991,-37.1743],[-70.9919,-37.1804],[-70.9865,-37.1949]]}},{"type":"Feature","properties":{"nombre":"Arroyo Rañinco","tipo":"Arroyo"},"geometry":{"type":"LineString","coordinates":[[-71.7234,-40.4628],[-71.7245,-40.475],[-71.7198,-40.4828],[-71.709,-40.4872],[-71.6961,-40.4821]]}},{"type":"Feature","properties":{"nombre":"Río Grande","tipo":"Río"},"geometry":{"type":"LineString","coordinates":[[-69.6669,-36.4216],[-69.667,-36.4245],[-69.6606,-36.4269],[-69.6704,-36.4341]]}},{"type":"Feature","properties":{"nombre":null,"tipo":null},"geometry":{"type":"LineString","coordinates":[[-70.6499,-36.4228],[-70.6585,-36.4229]]}},{"type":"Feature","properties":{"nombre":"Arroyo Los Mogotillos","tipo":"Arroyo"},"geometry":{"type":"LineString","coordinates":[[-70.4393,-36.9068],[-70.4397,-36.9179]]}},{"type":"Feature","properties":{"nombre":null,"tipo":null},"geometry":{"type":"LineString","coordinates":[[-70.869,-37.2436],[-70.8631,-37.2341],[-70.8655,-37.2242]]}},{"type":"Feature","properties":{"nombre":"Arroyo Curamileu","tipo":"Arroyo"},"geometry":{"type":"LineString","coordinates":[[-70.8817,-36.7898],[-70.8727,-36.7899],[-70.8618,-36.7991],[-70.8419,-36.8073],[-70.8176,-36.7999],[-70.8131,-36.8017],[-70.7905,-36.7917]]}},{"type":"Feature","properties":{"nombre":"Río Lileo","tipo":"Río"},"geometry":{"type":"LineString","coordinates":[[-70.9131,-37.2141],[-70.9055,-37.222]]}},{"type":"Feature","properties":{"nombre":"Arroyo de El Arco","tipo":"Arroyo"},"geometry":{"type":"LineString","coordinates":[[-71.0309,-38.8149],[-71.0328,-38.8225]]}},{"type":"Feature","properties":{"nombre":"Arroyo Piuquenes","tipo":"Arroyo"},"geometry":{"type":"LineString","coordinates":[[-71.1607,-37.2847],[-71.1604,-37.2903],[-71.1641,-37.2944]]}},{"type":"Feature","properties":{"nombre":"Arroyo Chadileo","tipo":"Arroyo"},"geometry":{"type":"LineString","coordinates":[[-70.0503,-36.7373],[-70.0398,-36.7318],[-70.0396,-36.7263],[-70.0316,-36.715],[-70.0325,-36.7106],[-70.0182,-36.7098]]}},{"type":"Feature","properties":{"nombre":"Arroyo Codihue","tipo":"Arroyo"},"geometry":{"type":"LineString","coordinates":[[-70.5241,-38.4615],[-70.5,-38.4717]]}},{"type":"Feature","properties":{"nombre":"Río Litrán","tipo":"Río"},"geometry":{"type":"LineString","coordinates":[[-71.0104,-38.8491],[-71.0161,-38.8606]]}},{"type":"Feature","properties":{"nombre":"Arroyo Mapio","tipo":"Arroyo"},"geometry":{"type":"LineString","coordinates":[[-71.2089,-39.1039],[-71.216,-39.1115],[-71.2199,-39.1116],[-71.2214,-39.1172],[-71.2314,-39.1206]]}},{"type":"Feature","properties":{"nombre":"Arroyo Chacay","tipo":"Arroyo"},"geometry":{"type":"LineString","coordinates":[[-70.6116,-36.8142],[-70.6219,-36.8164]]}},{"type":"Feature","properties":{"nombre":"Arroyo Los Nevados","tipo":"Arroyo"},"geometry":{"type":"LineString","coordinates":[[-70.4192,-36.2986],[-70.4007,-36.2921],[-70.3929,-36.295]]}},{"type":"Feature","properties":{"nombre":"Arroyo Chadileo","tipo":"Arroyo"},"geometry":{"type":"LineString","coordinates":[[-70.1782,-36.6944],[-70.1674,-36.6843],[-70.1619,-36.6843]]}},{"type":"Feature","properties":{"nombre":"Arroyo Quemquemtreu","tipo":"Arroyo"},"geometry":{"type":"LineString","coordinates":[[-70.7214,-40.2247],[-70.7145,-40.2269],[-70.7112,-40.2239]]}},{"type":"Feature","properties":{"nombre":"Río Catán Lil","tipo":"Río"},"geometry":{"type":"LineString","coordinates":[[-70.6407,-39.277],[-70.6282,-39.2907]]}},{"type":"Feature","properties":{"nombre":"Río Colorado","tipo":"Río"},"geometry":{"type":"LineString","coordinates":[[-69.5857,-37.1546],[-69.5767,-37.1632]]}},{"type":"Feature","properties":{"nombre":"Río Aluminé","tipo":"Río"},"geometry":{"type":"LineString","coordinates":[[-71.0202,-39.0077],[-71.0094,-39.0117],[-71.0093,-39.0254]]}},{"type":"Feature","properties":{"nombre":"Arroyo Molulco","tipo":"Arroyo"},"geometry":{"type":"LineString","coordinates":[[-70.4891,-36.8532],[-70.4825,-36.8591],[-70.4773,-36.871],[-70.4755,-36.88],[-70.4781,-36.8929]]}},{"type":"Feature","properties":{"nombre":"Arroyo Picún Leufú","tipo":"Arroyo"},"geometry":{"type":"LineString","coordinates":[[-70.2302,-39.1953],[-70.2246,-39.1946],[-70.2221,-39.1909],[-70.2194,-39.1965],[-70.2156,-39.197],[-70.2118,-39.1925]]}},{"type":"Feature","properties":{"nombre":"Arroyo Quirinco","tipo":"Arroyo"},"geometry":{"type":"LineString","coordinates":[[-70.9908,-38.848],[-70.9995,-38.8534]]}},{"type":"Feature","properties":{"nombre":"Río Colorado","tipo":"Río"},"geometry":{"type":"LineString","coordinates":[[-68.9833,-37.3782],[-68.9719,-37.375]]}},{"type":"Feature","properties":{"nombre":"Arroyo Calmuco","tipo":"Arroyo"},"geometry":{"type":"LineString","coordinates":[[-69.7407,-36.4918],[-69.7291,-36.4947]]}},{"type":"Feature","properties":{"nombre":"Arroyo Calfiquitra","tipo":"Arroyo"},"geometry":{"type":"LineString","coordinates":[[-71.2098,-39.247],[-71.2146,-39.2516]]}},{"type":"Feature","properties":{"nombre":"Río Turbio","tipo":"Río"},"geometry":{"type":"LineString","coordinates":[[-71.4768,-39.6206],[-71.466,-39.6158],[-71.4506,-39.5973],[-71.4309,-39.5867],[-71.4279,-39.5792],[-71.4303,-39.5741]]}},{"type":"Feature","properties":{"nombre":null,"tipo":null},"geometry":{"type":"LineString","coordinates":[[-70.9892,-37.2459],[-70.9872,-37.2498],[-70.9922,-37.259]]}},{"type":"Feature","properties":{"nombre":"Arroyo del Carbón","tipo":"Arroyo"},"geometry":{"type":"LineString","coordinates":[[-70.9931,-37.1296],[-70.9824,-37.1445],[-70.9722,-37.1498],[-70.9655,-37.1624]]}},{"type":"Feature","properties":{"nombre":null,"tipo":null},"geometry":{"type":"LineString","coordinates":[[-71.3741,-40.0259],[-71.3851,-40.0241]]}},{"type":"Feature","properties":{"nombre":"Río Quilquihue","tipo":"Río"},"geometry":{"type":"LineString","coordinates":[[-71.3131,-40.0687],[-71.3184,-40.0695],[-71.3455,-40.0521]]}},{"type":"Feature","properties":{"nombre":"Río Neuquén","tipo":"Río"},"geometry":{"type":"LineString","coordinates":[[-70.6796,-36.8452],[-70.6833,-36.8537],[-70.6737,-36.8607],[-70.675,-36.865]]}},{"type":"Feature","properties":{"nombre":"Río Limay","tipo":"Río"},"geometry":{"type":"LineString","coordinates":[[-69.5,-39.8134],[-69.4883,-39.8058],[-69.4803,-39.8046]]}},{"type":"Feature","properties":{"nombre":"Arroyo Salinas","tipo":"Arroyo"},"geometry":{"type":"LineString","coordinates":[[-70.085,-36.0147],[-70.0868,-36.0119],[-70.0839,-36.0039],[-70.088,-36.0012],[-70.1239,-36.0037],[-70.1438,-36.0]]}},{"type":"Feature","properties":{"nombre":"Arroyo Los Molles","tipo":"Arroyo"},"geometry":{"type":"LineString","coordinates":[[-70.2804,-39.218],[-70.2787,-39.2106]]}},{"type":"Feature","properties":{"nombre":"Río Curi Leuvú","tipo":"Río"},"geometry":{"type":"LineString","coordinates":[[-70.3965,-36.8203],[-70.3832,-36.8324]]}},{"type":"Feature","properties":{"nombre":"Arroyo Chuchiuma","tipo":"Arroyo"},"geometry":{"type":"LineString","coordinates":[[-70.976,-40.3809],[-70.989,-40.3919]]}},{"type":"Feature","properties":{"nombre":"Arroyo Salinas","tipo":"Arroyo"},"geometry":{"type":"LineString","coordinates":[[-70.0712,-36.013],[-70.0638,-36.0155],[-70.0408,-36.0417]]}},{"type":"Feature","properties":{"nombre":null,"tipo":null},"geometry":{"type":"LineString","coordinates":[[-70.8991,-37.1923],[-70.8998,-37.1985],[-70.9131,-37.2141]]}},{"type":"Feature","properties":{"nombre":"Río Colorado","tipo":"Río"},"geometry":{"type":"LineString","coordinates":[[-68.1791,-37.5875],[-68.1733,-37.5879],[-68.1703,-37.5848]]}},{"type":"Feature","properties":{"nombre":null,"tipo":null},"geometry":{"type":"LineString","coordinates":[[-71.4637,-39.982],[-71.4671,-39.9906],[-71.481,-39.997]]}},{"type":"Feature","properties":{"nombre":"Arroyo Taquinquín","tipo":"Arroyo"},"geometry":{"type":"LineString","coordinates":[[-71.348,-39.212],[-71.3372,-39.2137]]}},{"type":"Feature","properties":{"nombre":null,"tipo":null},"geometry":{"type":"LineString","coordinates":[[-70.8017,-37.752],[-70.7891,-37.7586],[-70.7684,-37.7592],[-70.7601,-37.7554],[-70.7588,-37.7468],[-70.7538,-37.7432]]}},{"type":"Feature","properties":{"nombre":"Río Aluminé","tipo":"Río"},"geometry":{"type":"LineString","coordinates":[[-70.8846,-39.7889],[-70.8744,-39.7945],[-70.8713,-39.8018]]}},{"type":"Feature","properties":{"nombre":"Río Colorado","tipo":"Río"},"geometry":{"type":"LineString","coordinates":[[-68.6876,-37.4415],[-68.6728,-37.4448]]}},{"type":"Feature","properties":{"nombre":"Arroyo Picún Leufú","tipo":"Arroyo"},"geometry":{"type":"LineString","coordinates":[[-70.3227,-39.1348],[-70.319,-39.1313],[-70.3157,-39.1325]]}},{"type":"Feature","properties":{"nombre":"Arroyo Huaraco","tipo":"Arroyo"},"geometry":{"type":"LineString","coordinates":[[-70.6294,-37.1912],[-70.6379,-37.1781],[-70.6493,-37.1732]]}},{"type":"Feature","properties":{"nombre":"Río Neuquén","tipo":"Río"},"geometry":{"type":"LineString","coordinates":[[-70.6883,-37.2805],[-70.6954,-37.2878]]}},{"type":"Feature","properties":{"nombre":"Arroyo del Cerro Bayo","tipo":"Arroyo"},"geometry":{"type":"LineString","coordinates":[[-70.1614,-36.3333],[-70.1666,-36.339],[-70.1792,-36.3428]]}},{"type":"Feature","properties":{"nombre":null,"tipo":null},"geometry":{"type":"LineString","coordinates":[[-71.5,-39.9791],[-71.4971,-39.9854],[-71.5,-39.9896]]}},{"type":"Feature","properties":{"nombre":null,"tipo":null},"geometry":{"type":"LineString","coordinates":[[-71.5513,-39.9059],[-71.5714,-39.9109]]}},{"type":"Feature","properties":{"nombre":"Río Pulmarí","tipo":"Río"},"geometry":{"type":"LineString","coordinates":[[-71.2498,-39.1483],[-71.244,-39.1498],[-71.2357,-39.1434],[-71.2344,-39.1461],[-71.2234,-39.1446],[-71.2176,-39.1397]]}},{"type":"Feature","properties":{"nombre":"Cañada Zanjón Hondo","tipo":"Cañada"},"geometry":{"type":"LineString","coordinates":[[-70.4276,-38.1205],[-70.4147,-38.1157],[-70.3995,-38.1184],[-70.3947,-38.1228]]}},{"type":"Feature","properties":{"nombre":"Arroyo Guaraco","tipo":"Arroyo"},"geometry":{"type":"LineString","coordinates":[[-70.1708,-36.7887],[-70.1584,-36.7852],[-70.1405,-36.791],[-70.1108,-36.7806],[-70.0966,-36.7872]]}},{"type":"Feature","properties":{"nombre":"Río Colorado","tipo":"Río"},"geometry":{"type":"LineString","coordinates":[[-68.9878,-37.3745],[-68.9713,-37.3739]]}},{"type":"Feature","properties":{"nombre":"Arroyo Picún Leufú","tipo":"Arroyo"},"geometry":{"type":"LineString","coordinates":[[-70.5739,-39.1681],[-70.5565,-39.1794],[-70.5139,-39.1721]]}},{"type":"Feature","properties":{"nombre":"Arroyo Atreuco","tipo":"Arroyo"},"geometry":{"type":"LineString","coordinates":[[-70.6507,-36.7369],[-70.6575,-36.7358],[-70.6666,-36.7394],[-70.6735,-36.7364]]}},{"type":"Feature","properties":{"nombre":"Río Caleufú","tipo":"Río"},"geometry":{"type":"LineString","coordinates":[[-70.7705,-40.4055],[-70.7551,-40.4036]]}},{"type":"Feature","properties":{"nombre":null,"tipo":null},"geometry":{"type":"LineString","coordinates":[[-71.1154,-38.8575],[-71.1077,-38.8654],[-71.1011,-38.8672]]}},{"type":"Feature","properties":{"nombre":"Arroyo Tralalhue","tipo":"Arroyo"},"geometry":{"type":"LineString","coordinates":[[-70.2366,-37.6688],[-70.2313,-37.6759]]}},{"type":"Feature","properties":{"nombre":"Arroyo La Ramadita","tipo":"Arroyo"},"geometry":{"type":"LineString","coordinates":[[-70.4438,-36.9966],[-70.4242,-36.9944]]}},{"type":"Feature","properties":{"nombre":"Arroyo Coyuco","tipo":"Arroyo"},"geometry":{"type":"LineString","coordinates":[[-70.0597,-36.6506],[-70.0513,-36.6456]]}},{"type":"Feature","properties":{"nombre":"Arroyo Bota Curá","tipo":"Arroyo"},"geometry":{"type":"LineString","coordinates":[[-70.259,-36.4966],[-70.2642,-36.4897],[-70.2608,-36.4857],[-70.2626,-36.484]]}},{"type":"Feature","properties":{"nombre":"Arroyo Chadileo","tipo":"Arroyo"},"geometry":{"type":"LineString","coordinates":[[-70.0182,-36.7098],[-70.0082,-36.7098]]}},{"type":"Feature","properties":{"nombre":null,"tipo":null},"geometry":{"type":"LineString","coordinates":[[-70.6123,-38.7395],[-70.5828,-38.7275]]}},{"type":"Feature","properties":{"nombre":"Río Agrio","tipo":"Río"},"geometry":{"type":"LineString","coordinates":[[-70.4526,-38.4964],[-70.4415,-38.503]]}},{"type":"Feature","properties":{"nombre":null,"tipo":null},"geometry":{"type":"LineString","coordinates":[[-70.6372,-38.9878],[-70.6555,-38.9811]]}},{"type":"Feature","properties":{"nombre":null,"tipo":null},"geometry":{"type":"LineString","coordinates":[[-71.3809,-39.8611],[-71.3564,-39.8726],[-71.3328,-39.8754],[-71.3119,-39.8729],[-71.3059,-39.8653]]}},{"type":"Feature","properties":{"nombre":"Arroyo Hui - Hui","tipo":"Arroyo"},"geometry":{"type":"LineString","coordinates":[[-71.3817,-39.2865],[-71.385,-39.2992],[-71.3791,-39.3091],[-71.3786,-39.3173],[-71.3818,-39.3246],[-71.3873,-39.3267],[-71.3853,-39.3333]]}},{"type":"Feature","properties":{"nombre":"Arroyo Coloco","tipo":"Arroyo"},"geometry":{"type":"LineString","coordinates":[[-71.371,-39.1821],[-71.3515,-39.1772],[-71.3482,-39.1705],[-71.339,-39.1705]]}},{"type":"Feature","properties":{"nombre":"Río Agrio","tipo":"Río"},"geometry":{"type":"LineString","coordinates":[[-70.5524,-38.3356],[-70.5428,-38.3445]]}},{"type":"Feature","properties":{"nombre":"Arroyo Ayhuin","tipo":"Arroyo"},"geometry":{"type":"LineString","coordinates":[[-71.7508,-40.4697],[-71.7492,-40.4714],[-71.7687,-40.4904]]}},{"type":"Feature","properties":{"nombre":"Río Limay","tipo":"Río"},"geometry":{"type":"LineString","coordinates":[[-69.6275,-39.8151],[-69.6129,-39.8114]]}},{"type":"Feature","properties":{"nombre":"Arroyo Molle","tipo":"Arroyo"},"geometry":{"type":"LineString","coordinates":[[-70.3745,-38.2318],[-70.3583,-38.2291]]}},{"type":"Feature","properties":{"nombre":"Arroyo Coyochos","tipo":"Arroyo"},"geometry":{"type":"LineString","coordinates":[[-70.0266,-36.4109],[-70.0232,-36.4028]]}},{"type":"Feature","properties":{"nombre":"Arroyo Covunco","tipo":"Arroyo"},"geometry":{"type":"LineString","coordinates":[[-70.3676,-38.8471],[-70.3409,-38.8517],[-70.3325,-38.8486],[-70.3298,-38.8528],[-70.3243,-38.849],[-70.3125,-38.8503],[-70.2981,-38.8414],[-70.3028,-38.8367],[-70.299,-38.8352],[-70.2931,-38.8179],[-70.2849,-38.8121],[-70.2724,-38.8083],[-70.2683,-38.8113],[-70.2594,-38.8086],[-70.254,-38.8106],[-70.2344,-38.805],[-70.2135,-38.8086]]}},{"type":"Feature","properties":{"nombre":"Arroyo Colimamil","tipo":"Arroyo"},"geometry":{"type":"LineString","coordinates":[[-70.2676,-36.2178],[-70.2809,-36.2303]]}},{"type":"Feature","properties":{"nombre":"Río Varvarco","tipo":"Río"},"geometry":{"type":"LineString","coordinates":[[-70.6735,-36.7364],[-70.6777,-36.7408],[-70.6758,-36.7435]]}},{"type":"Feature","properties":{"nombre":"Arroyo Relem","tipo":"Arroyo"},"geometry":{"type":"LineString","coordinates":[[-71.2558,-39.0304],[-71.2536,-39.025],[-71.2474,-39.0251]]}},{"type":"Feature","properties":{"nombre":"Arroyo Queñi","tipo":"Arroyo"},"geometry":{"type":"LineString","coordinates":[[-71.8083,-40.1677],[-71.8013,-40.1592],[-71.7931,-40.157]]}},{"type":"Feature","properties":{"nombre":"Arroyo Colimamil","tipo":"Arroyo"},"geometry":{"type":"LineString","coordinates":[[-70.3695,-36.7902],[-70.3729,-36.7981],[-70.3819,-36.8065],[-70.3966,-36.8142]]}},{"type":"Feature","properties":{"nombre":"Río Neuquén","tipo":"Río"},"geometry":{"type":"LineString","coordinates":[[-69.1128,-38.5885],[-69.1073,-38.5804]]}},{"type":"Feature","properties":{"nombre":"Río Neuquén","tipo":"Río"},"geometry":{"type":"LineString","coordinates":[[-68.6774,-38.4168],[-68.667,-38.4175],[-68.6629,-38.4212]]}},{"type":"Feature","properties":{"nombre":null,"tipo":null},"geometry":{"type":"LineString","coordinates":[[-69.4069,-38.9475],[-69.4046,-38.9466],[-69.4065,-38.9339]]}},{"type":"Feature","properties":{"nombre":"Arroyo Manchana Covunco","tipo":"Arroyo"},"geometry":{"type":"LineString","coordinates":[[-70.516,-36.5734],[-70.5225,-36.5971]]}},{"type":"Feature","properties":{"nombre":"Río Grande","tipo":"Río"},"geometry":{"type":"LineString","coordinates":[[-69.7809,-36.8136],[-69.7834,-36.8192],[-69.7789,-36.8232],[-69.784,-36.826]]}},{"type":"Feature","properties":{"nombre":"Arroyo Llamuco","tipo":"Arroyo"},"geometry":{"type":"LineString","coordinates":[[-70.8421,-39.2023],[-70.8533,-39.2015]]}},{"type":"Feature","properties":{"nombre":"Río Neuquén","tipo":"Río"},"geometry":{"type":"LineString","coordinates":[[-70.5,-37.3703],[-70.491,-37.3666],[-70.4779,-37.37]]}},{"type":"Feature","properties":{"nombre":"Río Neuquén","tipo":"Río"},"geometry":{"type":"LineString","coordinates":[[-69.385,-38.5693],[-69.378,-38.5775]]}},{"type":"Feature","properties":{"nombre":"Río Malleo","tipo":"Río"},"geometry":{"type":"LineString","coordinates":[[-71.2972,-39.631],[-71.2919,-39.6291],[-71.2943,-39.6338],[-71.2887,-39.6326],[-71.2872,-39.6353]]}},{"type":"Feature","properties":{"nombre":"Arroyo Cajón del Norte","tipo":"Arroyo"},"geometry":{"type":"LineString","coordinates":[[-70.2586,-36.8155],[-70.2515,-36.8216]]}},{"type":"Feature","properties":{"nombre":"Río Grande","tipo":"Río"},"geometry":{"type":"LineString","coordinates":[[-69.7174,-36.0238],[-69.7182,-36.0141]]}},{"type":"Feature","properties":{"nombre":"Arroyo Pichi Leufú","tipo":"Arroyo"},"geometry":{"type":"LineString","coordinates":[[-70.993,-39.4532],[-70.9798,-39.4548]]}},{"type":"Feature","properties":{"nombre":"Arroyo Covunco","tipo":"Arroyo"},"geometry":{"type":"LineString","coordinates":[[-70.0858,-38.7767],[-70.0719,-38.7744]]}},{"type":"Feature","properties":{"nombre":"Arroyo La Lechera","tipo":"Arroyo"},"geometry":{"type":"LineString","coordinates":[[-70.5,-38.8512],[-70.4666,-38.8507]]}},{"type":"Feature","properties":{"nombre":"Río Curi Leuvú","tipo":"Río"},"geometry":{"type":"LineString","coordinates":[[-70.4103,-37.0395],[-70.404,-37.0506]]}},{"type":"Feature","properties":{"nombre":"Arroyo Casheu Malle-Hue","tipo":"Arroyo"},"geometry":{"type":"LineString","coordinates":[[-70.7483,-38.9496],[-70.7514,-38.9448],[-70.7595,-38.9422]]}},{"type":"Feature","properties":{"nombre":"Arroyo Calmuco","tipo":"Arroyo"},"geometry":{"type":"LineString","coordinates":[[-69.7741,-36.5256],[-69.7763,-36.5318],[-69.7853,-36.5327]]}},{"type":"Feature","properties":{"nombre":"Arroyo Blanco","tipo":"Arroyo"},"geometry":{"type":"LineString","coordinates":[[-70.3748,-36.5551],[-70.3652,-36.5474]]}},{"type":"Feature","properties":{"nombre":null,"tipo":null},"geometry":{"type":"LineString","coordinates":[[-69.3086,-39.6535],[-69.2967,-39.656]]}},{"type":"Feature","properties":{"nombre":"Arroyo Ñorquín","tipo":"Arroyo"},"geometry":{"type":"LineString","coordinates":[[-70.6239,-37.722],[-70.6292,-37.7257],[-70.633,-37.7246],[-70.6365,-37.7292]]}},{"type":"Feature","properties":{"nombre":"Arroyo Romerito","tipo":"Arroyo"},"geometry":{"type":"LineString","coordinates":[[-70.8482,-38.3445],[-70.8076,-38.3379]]}},{"type":"Feature","properties":{"nombre":"Arroyo Butalón","tipo":"Arroyo"},"geometry":{"type":"LineString","coordinates":[[-70.5339,-36.9475],[-70.5448,-36.954]]}},{"type":"Feature","properties":{"nombre":"Arroyo Poñihue","tipo":"Arroyo"},"geometry":{"type":"LineString","coordinates":[[-70.1786,-36.8311],[-70.1645,-36.8278],[-70.1594,-36.8292],[-70.1587,-36.834],[-70.1537,-36.8364],[-70.1355,-36.8377],[-70.1256,-36.8351]]}},{"type":"Feature","properties":{"nombre":"Río Caleufú","tipo":"Río"},"geometry":{"type":"LineString","coordinates":[[-70.854,-40.4018],[-70.8438,-40.4001]]}},{"type":"Feature","properties":{"nombre":"Río Barrancas","tipo":"Río"},"geometry":{"type":"LineString","coordinates":[[-69.9767,-36.6993],[-69.9653,-36.7071]]}},{"type":"Feature","properties":{"nombre":"Río Kilca","tipo":"Río"},"geometry":{"type":"LineString","coordinates":[[-70.897,-39.107],[-70.9116,-39.1117],[-70.9109,-39.1214]]}},{"type":"Feature","properties":{"nombre":"Río Nonthue","tipo":"Río"},"geometry":{"type":"LineString","coordinates":[[-71.6791,-40.2048],[-71.6747,-40.2004],[-71.6642,-40.2022],[-71.6348,-40.1922]]}},{"type":"Feature","properties":{"nombre":"Río Neuquén","tipo":"Río"},"geometry":{"type":"LineString","coordinates":[[-69.8942,-37.6989],[-69.893,-37.7038],[-69.8879,-37.7064],[-69.8864,-37.7137]]}},{"type":"Feature","properties":{"nombre":"Río Agrio","tipo":"Río"},"geometry":{"type":"LineString","coordinates":[[-70.4818,-38.4383],[-70.4804,-38.446],[-70.4866,-38.4522],[-70.4859,-38.4574]]}},{"type":"Feature","properties":{"nombre":"Arroyo Trailathué","tipo":"Arroyo"},"geometry":{"type":"LineString","coordinates":[[-70.3164,-37.6394],[-70.305,-37.6324],[-70.2972,-37.6222],[-70.2841,-37.6199],[-70.2771,-37.6226]]}},{"type":"Feature","properties":{"nombre":null,"tipo":null},"geometry":{"type":"LineString","coordinates":[[-70.0427,-38.3873],[-70.0452,-38.3846],[-70.0425,-38.3787],[-70.0445,-38.3725]]}},{"type":"Feature","properties":{"nombre":"Arroyo Manzano","tipo":"Arroyo"},"geometry":{"type":"LineString","coordinates":[[-70.7412,-38.7228],[-70.732,-38.717]]}},{"type":"Feature","properties":{"nombre":"Río Guañacos","tipo":"Río"},"geometry":{"type":"LineString","coordinates":[[-70.9385,-37.2902],[-70.9293,-37.29]]}},{"type":"Feature","properties":{"nombre":"Arroyo Lonco Luan","tipo":"Arroyo"},"geometry":{"type":"LineString","coordinates":[[-70.879,-38.889],[-70.8809,-38.895],[-70.8899,-38.8975]]}},{"type":"Feature","properties":{"nombre":"Río Neuquén","tipo":"Río"},"geometry":{"type":"LineString","coordinates":[[-68.0024,-38.9895],[-67.993,-38.9929],[-67.9847,-38.9882],[-67.9705,-38.986],[-67.9655,-38.9925]]}},{"type":"Feature","properties":{"nombre":"Río Neuquén","tipo":"Río"},"geometry":{"type":"LineString","coordinates":[[-69.0099,-38.512],[-69.0,-38.4979]]}},{"type":"Feature","properties":{"nombre":null,"tipo":null},"geometry":{"type":"LineString","coordinates":[[-71.6015,-40.124],[-71.5887,-40.1374]]}},{"type":"Feature","properties":{"nombre":"Río Limay","tipo":"Río"},"geometry":{"type":"LineString","coordinates":[[-69.6884,-39.8495],[-69.6793,-39.8447]]}},{"type":"Feature","properties":{"nombre":"Arroyo Blanco","tipo":"Arroyo"},"geometry":{"type":"LineString","coordinates":[[-70.3385,-36.1785],[-70.3392,-36.1837],[-70.3261,-36.1985],[-70.3304,-36.2151],[-70.3257,-36.2253],[-70.3262,-36.2321],[-70.3119,-36.2588],[-70.3136,-36.2637],[-70.3016,-36.2792]]}},{"type":"Feature","properties":{"nombre":null,"tipo":null},"geometry":{"type":"LineString","coordinates":[[-71.0,-37.4219],[-70.97,-37.424],[-70.9652,-37.4216],[-70.9597,-37.4243]]}},{"type":"Feature","properties":{"nombre":"Arroyo Chacaico","tipo":"Arroyo"},"geometry":{"type":"LineString","coordinates":[[-70.4836,-36.4013],[-70.4852,-36.4059],[-70.4811,-36.4116]]}},{"type":"Feature","properties":{"nombre":"Arroyo Casheu Malle-Hue","tipo":"Arroyo"},"geometry":{"type":"LineString","coordinates":[[-70.6591,-39.0],[-70.6711,-38.9866]]}},{"type":"Feature","properties":{"nombre":null,"tipo":null},"geometry":{"type":"LineString","coordinates":[[-71.3022,-40.2651],[-71.2906,-40.2585]]}},{"type":"Feature","properties":{"nombre":"Río Potimalal","tipo":"Río"},"geometry":{"type":"LineString","coordinates":[[-70.0154,-36.114],[-70.0094,-36.1021]]}},{"type":"Feature","properties":{"nombre":"Arroyo Cajón Nuevo","tipo":"Arroyo"},"geometry":{"type":"LineString","coordinates":[[-71.026,-37.1049],[-71.0075,-37.0987]]}},{"type":"Feature","properties":{"nombre":"Río Aluminé","tipo":"Río"},"geometry":{"type":"LineString","coordinates":[[-70.8555,-39.863],[-70.8603,-39.8562],[-70.8585,-39.8497],[-70.8632,-39.8454]]}},{"type":"Feature","properties":{"nombre":"Arroyo Nahuel Mapi","tipo":"Arroyo"},"geometry":{"type":"LineString","coordinates":[[-71.1148,-39.5715],[-71.1054,-39.5701],[-71.0985,-39.5733]]}},{"type":"Feature","properties":{"nombre":"Arroyo del Manzano","tipo":"Arroyo"},"geometry":{"type":"LineString","coordinates":[[-69.7135,-36.1007],[-69.7221,-36.0992],[-69.7425,-36.1042]]}},{"type":"Feature","properties":{"nombre":"Arroyo Guaraco","tipo":"Arroyo"},"geometry":{"type":"LineString","coordinates":[[-70.038,-36.7778],[-70.0251,-36.7736],[-70.0078,-36.7466],[-70.0,-36.7435]]}},{"type":"Feature","properties":{"nombre":null,"tipo":null},"geometry":{"type":"LineString","coordinates":[[-70.5682,-38.717],[-70.5547,-38.7114]]}},{"type":"Feature","properties":{"nombre":"Río Limay","tipo":"Río"},"geometry":{"type":"LineString","coordinates":[[-69.871,-39.9161],[-69.8594,-39.9127]]}},{"type":"Feature","properties":{"nombre":"Arroyo Pichi Hua Hum o Fortín","tipo":"Arroyo"},"geometry":{"type":"LineString","coordinates":[[-71.6603,-40.0879],[-71.6642,-40.1076],[-71.6659,-40.1093],[-71.6702,-40.1062]]}},{"type":"Feature","properties":{"nombre":"Arroyo Ñivinco","tipo":"Arroyo"},"geometry":{"type":"LineString","coordinates":[[-71.6878,-40.4532],[-71.682,-40.464],[-71.682,-40.4727],[-71.6778,-40.4745],[-71.6782,-40.4778],[-71.6704,-40.4786]]}},{"type":"Feature","properties":{"nombre":"Arroyo Raquitué","tipo":"Arroyo"},"geometry":{"type":"LineString","coordinates":[[-71.4583,-39.6899],[-71.4704,-39.7037],[-71.4667,-39.7189],[-71.4698,-39.7236],[-71.4697,-39.7334]]}},{"type":"Feature","properties":{"nombre":"Arroyo Mütrenquel","tipo":"Arroyo"},"geometry":{"type":"LineString","coordinates":[[-69.8448,-36.2182],[-69.8501,-36.2201],[-69.8522,-36.2254],[-69.8626,-36.2276]]}},{"type":"Feature","properties":{"nombre":"Río Limay","tipo":"Río"},"geometry":{"type":"LineString","coordinates":[[-68.2782,-38.9839],[-68.2717,-38.9729],[-68.2658,-38.974],[-68.2603,-38.9796]]}},{"type":"Feature","properties":{"nombre":"Arroyo de la Lagunita o Blanco","tipo":"Arroyo"},"geometry":{"type":"LineString","coordinates":[[-70.3281,-36.4786],[-70.3085,-36.4814]]}},{"type":"Feature","properties":{"nombre":"Río Colorado","tipo":"Río"},"geometry":{"type":"LineString","coordinates":[[-68.2653,-37.5685],[-68.2552,-37.572]]}},{"type":"Feature","properties":{"nombre":"Arroyo Matancilla","tipo":"Arroyo"},"geometry":{"type":"LineString","coordinates":[[-70.6385,-36.7634],[-70.6473,-36.7704]]}},{"type":"Feature","properties":{"nombre":"Arroyo Coihueco","tipo":"Arroyo"},"geometry":{"type":"LineString","coordinates":[[-70.1746,-38.0294],[-70.1769,-38.0339],[-70.1725,-38.037]]}},{"type":"Feature","properties":{"nombre":"Río Neuquén","tipo":"Río"},"geometry":{"type":"LineString","coordinates":[[-69.5077,-38.4907],[-69.5195,-38.4954],[-69.5245,-38.4901]]}},{"type":"Feature","properties":{"nombre":"Arroyo Nahuel Mapi","tipo":"Arroyo"},"geometry":{"type":"LineString","coordinates":[[-71.1913,-39.5608],[-71.1814,-39.5601]]}},{"type":"Feature","properties":{"nombre":"Arroyo Purumeco","tipo":"Arroyo"},"geometry":{"type":"LineString","coordinates":[[-71.1868,-38.8253],[-71.1834,-38.835],[-71.1775,-38.8353],[-71.1792,-38.8397],[-71.1754,-38.8491],[-71.1841,-38.869],[-71.1919,-38.8711]]}},{"type":"Feature","properties":{"nombre":"Arroyo El Pino","tipo":"Arroyo"},"geometry":{"type":"LineString","coordinates":[[-70.9181,-37.866],[-70.9,-37.8713]]}},{"type":"Feature","properties":{"nombre":"Arroyo Tranqueras","tipo":"Arroyo"},"geometry":{"type":"LineString","coordinates":[[-70.6703,-36.6221],[-70.6568,-36.6335],[-70.6411,-36.634]]}},{"type":"Feature","properties":{"nombre":"Río Nahueve","tipo":"Río"},"geometry":{"type":"LineString","coordinates":[[-70.7771,-37.1352],[-70.7764,-37.1454],[-70.7739,-37.1493],[-70.7703,-37.1493],[-70.768,-37.155]]}},{"type":"Feature","properties":{"nombre":"Río Limay","tipo":"Río"},"geometry":{"type":"LineString","coordinates":[[-69.7969,-39.8852],[-69.7949,-39.881],[-69.7823,-39.8749],[-69.7664,-39.8806],[-69.7543,-39.8755]]}},{"type":"Feature","properties":{"nombre":"Arroyo Tocuyo","tipo":"Arroyo"},"geometry":{"type":"LineString","coordinates":[[-70.4674,-37.0132],[-70.4528,-37.0045]]}},{"type":"Feature","properties":{"nombre":"Río Caleufú","tipo":"Río"},"geometry":{"type":"LineString","coordinates":[[-70.8141,-40.4017],[-70.8033,-40.4054],[-70.7961,-40.4035]]}},{"type":"Feature","properties":{"nombre":"Río Buraleo","tipo":"Río"},"geometry":{"type":"LineString","coordinates":[[-70.935,-36.994],[-70.9232,-36.9938]]}},{"type":"Feature","properties":{"nombre":"Arroyo Ailinco","tipo":"Arroyo"},"geometry":{"type":"LineString","coordinates":[[-70.564,-36.5237],[-70.5597,-36.5361],[-70.5676,-36.5526]]}},{"type":"Feature","properties":{"nombre":"Río Neuquén","tipo":"Río"},"geometry":{"type":"LineString","coordinates":[[-70.6723,-37.019],[-70.6696,-37.0208],[-70.6718,-37.0317]]}},{"type":"Feature","properties":{"nombre":"Río Aluminé","tipo":"Río"},"geometry":{"type":"LineString","coordinates":[[-70.9347,-39.1499],[-70.9384,-39.1516],[-70.9366,-39.1567]]}},{"type":"Feature","properties":{"nombre":null,"tipo":null},"geometry":{"type":"LineString","coordinates":[[-71.2691,-39.9417],[-71.2531,-39.9446]]}},{"type":"Feature","properties":{"nombre":"Arroyo Chichahuay","tipo":"Arroyo"},"geometry":{"type":"LineString","coordinates":[[-70.9898,-40.2844],[-70.9719,-40.2912]]}},{"type":"Feature","properties":{"nombre":"Río Agrio","tipo":"Río"},"geometry":{"type":"LineString","coordinates":[[-70.4955,-38.4015],[-70.4939,-38.4053],[-70.4972,-38.4083],[-70.4943,-38.414]]}},{"type":"Feature","properties":{"nombre":null,"tipo":null},"geometry":{"type":"LineString","coordinates":[[-70.8083,-38.5119],[-70.8128,-38.5076],[-70.8121,-38.5012],[-70.8157,-38.4961]]}},{"type":"Feature","properties":{"nombre":"Arroyo de la Lagunita o Blanco","tipo":"Arroyo"},"geometry":{"type":"LineString","coordinates":[[-70.3281,-36.4786],[-70.3135,-36.4771],[-70.3085,-36.4814]]}},{"type":"Feature","properties":{"nombre":"Río Curi Leuvú","tipo":"Río"},"geometry":{"type":"LineString","coordinates":[[-70.3814,-36.938],[-70.3779,-36.9471]]}},{"type":"Feature","properties":{"nombre":"Arroyo Buta Mallín","tipo":"Arroyo"},"geometry":{"type":"LineString","coordinates":[[-70.8645,-38.0319],[-70.8363,-38.0433],[-70.8141,-38.0426]]}},{"type":"Feature","properties":{"nombre":"Arroyo Cuerno","tipo":"Arroyo"},"geometry":{"type":"LineString","coordinates":[[-71.7984,-40.4944],[-71.7957,-40.4948],[-71.7991,-40.497],[-71.7884,-40.4994],[-71.7865,-40.5035],[-71.7936,-40.5058],[-71.7859,-40.5088],[-71.7913,-40.5173]]}},{"type":"Feature","properties":{"nombre":"Arroyo Collún - Co","tipo":"Arroyo"},"geometry":{"type":"LineString","coordinates":[[-71.3087,-39.9943],[-71.2903,-39.9858]]}},{"type":"Feature","properties":{"nombre":"Arroyo Chichahuay","tipo":"Arroyo"},"geometry":{"type":"LineString","coordinates":[[-71.0125,-40.2833],[-71.003,-40.2828]]}},{"type":"Feature","properties":{"nombre":"Río Limay","tipo":"Río"},"geometry":{"type":"LineString","coordinates":[[-69.7605,-39.8827],[-69.7337,-39.872]]}},{"type":"Feature","properties":{"nombre":"Río Neuquén","tipo":"Río"},"geometry":{"type":"LineString","coordinates":[[-69.8819,-37.7181],[-69.8678,-37.7194]]}},{"type":"Feature","properties":{"nombre":"Arroyo Picún Leufú","tipo":"Arroyo"},"geometry":{"type":"LineString","coordinates":[[-69.4546,-39.5128],[-69.4463,-39.5153],[-69.4444,-39.5109],[-69.437,-39.5124]]}},{"type":"Feature","properties":{"nombre":"Río Limay","tipo":"Río"},"geometry":{"type":"LineString","coordinates":[[-69.8805,-39.9301],[-69.8733,-39.9292],[-69.8725,-39.9265]]}},{"type":"Feature","properties":{"nombre":null,"tipo":null},"geometry":{"type":"LineString","coordinates":[[-69.2839,-39.6205],[-69.2938,-39.6241],[-69.2941,-39.6311],[-69.3067,-39.6366],[-69.3119,-39.6499]]}},{"type":"Feature","properties":{"nombre":"Río Catán Lil","tipo":"Río"},"geometry":{"type":"LineString","coordinates":[[-70.6636,-39.4055],[-70.6569,-39.412],[-70.6594,-39.4175],[-70.6516,-39.4299]]}},{"type":"Feature","properties":{"nombre":"Río Quilquihue","tipo":"Río"},"geometry":{"type":"LineString","coordinates":[[-71.1175,-40.0643],[-71.1481,-40.0724]]}},{"type":"Feature","properties":{"nombre":"Río Grande","tipo":"Río"},"geometry":{"type":"LineString","coordinates":[[-69.7201,-36.0799],[-69.7213,-36.0851],[-69.7168,-36.0872]]}},{"type":"Feature","properties":{"nombre":"Río Grande","tipo":"Río"},"geometry":{"type":"LineString","coordinates":[[-69.721,-36.0239],[-69.7188,-36.0354],[-69.7141,-36.0397],[-69.7173,-36.0456]]}},{"type":"Feature","properties":{"nombre":null,"tipo":null},"geometry":{"type":"LineString","coordinates":[[-70.8987,-37.1732],[-70.9005,-37.177],[-70.8959,-37.1828],[-70.897,-37.1916],[-70.8929,-37.2098],[-70.8854,-37.2211],[-70.8746,-37.2239]]}},{"type":"Feature","properties":{"nombre":"Río Grande","tipo":"Río"},"geometry":{"type":"LineString","coordinates":[[-69.7559,-36.7361],[-69.7522,-36.7288],[-69.7568,-36.7242]]}},{"type":"Feature","properties":{"nombre":"Río Grande","tipo":"Río"},"geometry":{"type":"LineString","coordinates":[[-69.7712,-36.7984],[-69.7805,-36.8094]]}},{"type":"Feature","properties":{"nombre":"Arroyo Las Lajitas","tipo":"Arroyo"},"geometry":{"type":"LineString","coordinates":[[-70.4531,-38.5512],[-70.4582,-38.5442],[-70.4498,-38.5375],[-70.4246,-38.5358],[-70.3985,-38.5239]]}},{"type":"Feature","properties":{"nombre":"Arroyo Los Menucos","tipo":"Arroyo"},"geometry":{"type":"LineString","coordinates":[[-70.4393,-37.1579],[-70.4217,-37.1502]]}},{"type":"Feature","properties":{"nombre":"Río Pulmarí","tipo":"Río"},"geometry":{"type":"LineString","coordinates":[[-71.0347,-39.1165],[-71.032,-39.1052],[-71.027,-39.1027]]}},{"type":"Feature","properties":{"nombre":"Río Collón Curá","tipo":"Río"},"geometry":{"type":"LineString","coordinates":[[-70.7996,-40.078],[-70.7902,-40.0794],[-70.7857,-40.0857]]}},{"type":"Feature","properties":{"nombre":"Arroyo Trailathué","tipo":"Arroyo"},"geometry":{"type":"LineString","coordinates":[[-70.2384,-37.6565],[-70.2376,-37.6652]]}},{"type":"Feature","properties":{"nombre":"Arroyo Poñihue","tipo":"Arroyo"},"geometry":{"type":"LineString","coordinates":[[-70.0889,-36.8163],[-70.0882,-36.8108],[-70.0932,-36.8039]]}},{"type":"Feature","properties":{"nombre":null,"tipo":null},"geometry":{"type":"LineString","coordinates":[[-70.5733,-37.1921],[-70.5909,-37.1955],[-70.5948,-37.1993]]}},{"type":"Feature","properties":{"nombre":"Arroyo Manzano","tipo":"Arroyo"},"geometry":{"type":"LineString","coordinates":[[-70.6935,-38.1357],[-70.6788,-38.1362]]}},{"type":"Feature","properties":{"nombre":null,"tipo":null},"geometry":{"type":"LineString","coordinates":[[-69.3793,-38.9058],[-69.3484,-38.9104]]}},{"type":"Feature","properties":{"nombre":"Río Chimehuín","tipo":"Río"},"geometry":{"type":"LineString","coordinates":[[-71.0716,-39.9743],[-71.0754,-39.9745],[-71.0763,-39.9695]]}},{"type":"Feature","properties":{"nombre":"Río Colorado","tipo":"Río"},"geometry":{"type":"LineString","coordinates":[[-69.7593,-36.8732],[-69.752,-36.8822]]}},{"type":"Feature","properties":{"nombre":"Arroyo Cajón del Medio","tipo":"Arroyo"},"geometry":{"type":"LineString","coordinates":[[-70.4812,-36.7923],[-70.4684,-36.7949]]}},{"type":"Feature","properties":{"nombre":"Río Colorado","tipo":"Río"},"geometry":{"type":"LineString","coordinates":[[-68.9247,-37.3709],[-68.9129,-37.3734]]}},{"type":"Feature","properties":{"nombre":"Arroyo Coyuco","tipo":"Arroyo"},"geometry":{"type":"LineString","coordinates":[[-70.1539,-36.6376],[-70.1417,-36.6414]]}},{"type":"Feature","properties":{"nombre":null,"tipo":null},"geometry":{"type":"LineString","coordinates":[[-71.0696,-38.8845],[-71.0589,-38.8875]]}},{"type":"Feature","properties":{"nombre":"Río Grande","tipo":"Río"},"geometry":{"type":"LineString","coordinates":[[-69.6553,-36.2825],[-69.6535,-36.2741],[-69.6482,-36.2711]]}},{"type":"Feature","properties":{"nombre":"Río Nahueve","tipo":"Río"},"geometry":{"type":"LineString","coordinates":[[-70.7593,-37.1182],[-70.763,-37.1234],[-70.7716,-37.1234]]}},{"type":"Feature","properties":{"nombre":null,"tipo":null},"geometry":{"type":"LineString","coordinates":[[-71.3667,-39.81],[-71.3669,-39.8213],[-71.3713,-39.826]]}},{"type":"Feature","properties":{"nombre":"Río Malleo","tipo":"Río"},"geometry":{"type":"LineString","coordinates":[[-71.0345,-39.7834],[-71.0291,-39.7809],[-71.0258,-39.7846]]}},{"type":"Feature","properties":{"nombre":"Río Filuco","tipo":"Río"},"geometry":{"type":"LineString","coordinates":[[-71.5093,-40.4048],[-71.5113,-40.4073],[-71.5081,-40.4107],[-71.5119,-40.4144],[-71.5091,-40.4155]]}},{"type":"Feature","properties":{"nombre":"Río Caleufú","tipo":"Río"},"geometry":{"type":"LineString","coordinates":[[-70.8438,-40.4001],[-70.8365,-40.3951],[-70.8314,-40.3968]]}},{"type":"Feature","properties":{"nombre":"Río Hua Hum","tipo":"Río"},"geometry":{"type":"LineString","coordinates":[[-71.6618,-40.1199],[-71.672,-40.1094],[-71.6702,-40.1062]]}},{"type":"Feature","properties":{"nombre":"Arroyo Palao","tipo":"Arroyo"},"geometry":{"type":"LineString","coordinates":[[-70.9474,-37.1243],[-70.9493,-37.1324],[-70.9552,-37.1369],[-70.9629,-37.1508]]}},{"type":"Feature","properties":{"nombre":"Río Barrancas","tipo":"Río"},"geometry":{"type":"LineString","coordinates":[[-70.22,-36.3333],[-70.2152,-36.3422]]}},{"type":"Feature","properties":{"nombre":"Arroyo Nahuel Mapi","tipo":"Arroyo"},"geometry":{"type":"LineString","coordinates":[[-71.2855,-39.4861],[-71.2961,-39.4941],[-71.2954,-39.5223],[-71.2987,-39.5284],[-71.2948,-39.5341],[-71.2742,-39.5453]]}},{"type":"Feature","properties":{"nombre":"Arroyo Chacay Melehué","tipo":"Arroyo"},"geometry":{"type":"LineString","coordinates":[[-70.4854,-37.2512],[-70.4765,-37.2512],[-70.468,-37.2564]]}},{"type":"Feature","properties":{"nombre":"Arroyo Quillahue","tipo":"Arroyo"},"geometry":{"type":"LineString","coordinates":[[-71.3602,-38.9656],[-71.349,-38.9636]]}},{"type":"Feature","properties":{"nombre":"Arroyo Domuyo (S)","tipo":"Arroyo"},"geometry":{"type":"LineString","coordinates":[[-70.403,-36.708],[-70.3981,-36.719]]}},{"type":"Feature","properties":{"nombre":"Arroyo Picún Leufú","tipo":"Arroyo"},"geometry":{"type":"LineString","coordinates":[[-70.4188,-39.1454],[-70.4062,-39.14]]}},{"type":"Feature","properties":{"nombre":"Arroyo Liu Cullín","tipo":"Arroyo"},"geometry":{"type":"LineString","coordinates":[[-70.5158,-38.5511],[-70.5099,-38.5464],[-70.5069,-38.5381],[-70.5,-38.5342]]}},{"type":"Feature","properties":{"nombre":"Río Curi Leuvú","tipo":"Río"},"geometry":{"type":"LineString","coordinates":[[-70.3952,-36.8877],[-70.3888,-36.8957]]}},{"type":"Feature","properties":{"nombre":null,"tipo":null},"geometry":{"type":"LineString","coordinates":[[-69.4472,-38.9836],[-69.4392,-38.9809],[-69.4308,-38.9691],[-69.4098,-38.9575],[-69.412,-38.9501],[-69.4069,-38.9475]]}},{"type":"Feature","properties":{"nombre":"Río Meliquina","tipo":"Río"},"geometry":{"type":"LineString","coordinates":[[-71.2345,-40.4411],[-71.2297,-40.4491],[-71.2339,-40.4601]]}},{"type":"Feature","properties":{"nombre":"Arroyo Carilafquen","tipo":"Arroyo"},"geometry":{"type":"LineString","coordinates":[[-71.6227,-39.6607],[-71.6337,-39.6582],[-71.643,-39.6626]]}},{"type":"Feature","properties":{"nombre":"Arroyo Aucapán","tipo":"Arroyo"},"geometry":{"type":"LineString","coordinates":[[-71.0382,-39.6461],[-71.0244,-39.6474]]}},{"type":"Feature","properties":{"nombre":"Río Barrancas","tipo":"Río"},"geometry":{"type":"LineString","coordinates":[[-69.9388,-36.7479],[-69.9248,-36.7531]]}},{"type":"Feature","properties":{"nombre":"Río Limay","tipo":"Río"},"geometry":{"type":"LineString","coordinates":[[-69.9496,-39.9586],[-69.9378,-39.9417],[-69.9219,-39.939]]}},{"type":"Feature","properties":{"nombre":"Río Colorado","tipo":"Río"},"geometry":{"type":"LineString","coordinates":[[-68.1153,-37.6141],[-68.0826,-37.6138],[-68.0657,-37.6076],[-68.0559,-37.6101]]}},{"type":"Feature","properties":{"nombre":"Río Hermoso","tipo":"Río"},"geometry":{"type":"LineString","coordinates":[[-71.3753,-40.3221],[-71.3819,-40.3137]]}},{"type":"Feature","properties":{"nombre":"Arroyo La Greda","tipo":"Arroyo"},"geometry":{"type":"LineString","coordinates":[[-70.5853,-37.5269],[-70.5991,-37.5217]]}},{"type":"Feature","properties":{"nombre":"Arroyo Lumabia","tipo":"Arroyo"},"geometry":{"type":"LineString","coordinates":[[-70.9927,-36.8408],[-70.989,-36.8473],[-70.9816,-36.8515],[-70.9847,-36.8608]]}},{"type":"Feature","properties":{"nombre":"Río Neuquén","tipo":"Río"},"geometry":{"type":"LineString","coordinates":[[-68.094,-38.8575],[-68.0837,-38.8613],[-68.082,-38.8703],[-68.0724,-38.8711]]}},{"type":"Feature","properties":{"nombre":"Arroyo Nahuel Mapi","tipo":"Arroyo"},"geometry":{"type":"LineString","coordinates":[[-71.0197,-39.5862],[-71.0069,-39.5847]]}},{"type":"Feature","properties":{"nombre":"Arroyo Grande","tipo":"Arroyo"},"geometry":{"type":"LineString","coordinates":[[-71.4469,-40.1699],[-71.4447,-40.1751],[-71.4551,-40.1875],[-71.4535,-40.2043],[-71.4628,-40.221]]}},{"type":"Feature","properties":{"nombre":"Río Grande","tipo":"Río"},"geometry":{"type":"LineString","coordinates":[[-69.7172,-36.01],[-69.7208,-36.0008]]}},{"type":"Feature","properties":{"nombre":"Arroyo Nahuel Mapi","tipo":"Arroyo"},"geometry":{"type":"LineString","coordinates":[[-71.1362,-39.5671],[-71.1239,-39.5696]]}},{"type":"Feature","properties":{"nombre":"Arroyo Colorado","tipo":"Arroyo"},"geometry":{"type":"LineString","coordinates":[[-70.9921,-36.5904],[-70.987,-36.5984]]}},{"type":"Feature","properties":{"nombre":"Río Chimehuín","tipo":"Río"},"geometry":{"type":"LineString","coordinates":[[-71.1713,-39.8658],[-71.1733,-39.8728],[-71.1668,-39.8721],[-71.1622,-39.8753]]}},{"type":"Feature","properties":{"nombre":"Arroyo Guaraco","tipo":"Arroyo"},"geometry":{"type":"LineString","coordinates":[[-70.0653,-36.7831],[-70.038,-36.7778]]}},{"type":"Feature","properties":{"nombre":"Arroyo La Chijetada","tipo":"Arroyo"},"geometry":{"type":"LineString","coordinates":[[-70.85,-38.4675],[-70.8481,-38.465],[-70.8531,-38.4592],[-70.8531,-38.4535]]}},{"type":"Feature","properties":{"nombre":"Arroyo Buta - Có","tipo":"Arroyo"},"geometry":{"type":"LineString","coordinates":[[-70.0,-36.9885],[-69.9886,-36.9862],[-69.9722,-36.9878],[-69.9683,-36.9797],[-69.9554,-36.9758],[-69.9563,-36.9687],[-69.9484,-36.9633],[-69.9115,-36.9567],[-69.8932,-36.9471],[-69.8741,-36.9465],[-69.8563,-36.9302]]}},{"type":"Feature","properties":{"nombre":"Río Barrancas","tipo":"Río"},"geometry":{"type":"LineString","coordinates":[[-70.1864,-36.4777],[-70.183,-36.4883]]}},{"type":"Feature","properties":{"nombre":"Arroyo Malalco","tipo":"Arroyo"},"geometry":{"type":"LineString","coordinates":[[-71.2169,-39.3375],[-71.2141,-39.3443],[-71.2081,-39.3445]]}},{"type":"Feature","properties":{"nombre":"Arroyo Malalco","tipo":"Arroyo"},"geometry":{"type":"LineString","coordinates":[[-71.3405,-39.2817],[-71.3354,-39.2831],[-71.3333,-39.288]]}},{"type":"Feature","properties":{"nombre":"Arroyo Malalco","tipo":"Arroyo"},"geometry":{"type":"LineString","coordinates":[[-71.2567,-39.3211],[-71.2448,-39.3263]]}},{"type":"Feature","properties":{"nombre":"Río Auquinco","tipo":"Río"},"geometry":{"type":"LineString","coordinates":[[-71.5,-39.9597],[-71.51,-39.951],[-71.5109,-39.9444]]}},{"type":"Feature","properties":{"nombre":"Río Agrio","tipo":"Río"},"geometry":{"type":"LineString","coordinates":[[-70.6244,-38.2415],[-70.6246,-38.2449],[-70.6183,-38.2488]]}},{"type":"Feature","properties":{"nombre":"Arroyo Coloco","tipo":"Arroyo"},"geometry":{"type":"LineString","coordinates":[[-71.3138,-39.1614],[-71.3091,-39.1585],[-71.3075,-39.1499]]}},{"type":"Feature","properties":{"nombre":"Arroyo Pucará","tipo":"Arroyo"},"geometry":{"type":"LineString","coordinates":[[-71.6768,-40.2595],[-71.7091,-40.2681]]}},{"type":"Feature","properties":{"nombre":"Río Barrancas","tipo":"Río"},"geometry":{"type":"LineString","coordinates":[[-69.9024,-36.8028],[-69.8885,-36.8104],[-69.8795,-36.8081]]}},{"type":"Feature","properties":{"nombre":null,"tipo":null},"geometry":{"type":"LineString","coordinates":[[-70.9084,-37.2417],[-70.9078,-37.2331],[-70.9038,-37.229]]}},{"type":"Feature","properties":{"nombre":null,"tipo":null},"geometry":{"type":"LineString","coordinates":[[-70.8997,-37.0827],[-70.896,-37.0764],[-70.8974,-37.063],[-70.8824,-37.0487]]}},{"type":"Feature","properties":{"nombre":"Río Caleufú","tipo":"Río"},"geometry":{"type":"LineString","coordinates":[[-70.7866,-40.4034],[-70.7705,-40.4055]]}},{"type":"Feature","properties":{"nombre":"Arroyo Quetruco","tipo":"Arroyo"},"geometry":{"type":"LineString","coordinates":[[-70.7835,-37.5932],[-70.7929,-37.5903],[-70.7999,-37.5928],[-70.8024,-37.5903],[-70.8131,-37.5942],[-70.8166,-37.5986],[-70.8282,-37.5994]]}},{"type":"Feature","properties":{"nombre":"Arroyo Domuyo (S)","tipo":"Arroyo"},"geometry":{"type":"LineString","coordinates":[[-70.4197,-36.668],[-70.4173,-36.6794]]}},{"type":"Feature","properties":{"nombre":"Río Caleufú","tipo":"Río"},"geometry":{"type":"LineString","coordinates":[[-71.0914,-40.4575],[-71.0818,-40.4549]]}},{"type":"Feature","properties":{"nombre":"Arroyo Covunco","tipo":"Arroyo"},"geometry":{"type":"LineString","coordinates":[[-69.7783,-38.6048],[-69.7805,-38.6021],[-69.7731,-38.598]]}},{"type":"Feature","properties":{"nombre":"Río Chimehuín","tipo":"Río"},"geometry":{"type":"LineString","coordinates":[[-71.2051,-39.794],[-71.1949,-39.7991]]}},{"type":"Feature","properties":{"nombre":"Río Colorado","tipo":"Río"},"geometry":{"type":"LineString","coordinates":[[-69.0277,-37.3593],[-69.0268,-37.3644],[-69.0165,-37.3656]]}},{"type":"Feature","properties":{"nombre":null,"tipo":null},"geometry":{"type":"LineString","coordinates":[[-70.7115,-37.5487],[-70.6987,-37.5341]]}},{"type":"Feature","properties":{"nombre":"Arroyo La Greda","tipo":"Arroyo"},"geometry":{"type":"LineString","coordinates":[[-70.5677,-37.5416],[-70.5792,-37.5287]]}},{"type":"Feature","properties":{"nombre":"Arroyo Quilli Malal","tipo":"Arroyo"},"geometry":{"type":"LineString","coordinates":[[-70.0937,-36.5382],[-70.1079,-36.5367]]}},{"type":"Feature","properties":{"nombre":"Arroyo Quemquemtreu","tipo":"Arroyo"},"geometry":{"type":"LineString","coordinates":[[-71.0,-40.2218],[-70.9837,-40.2227]]}},{"type":"Feature","properties":{"nombre":"Arroyo Trolón","tipo":"Arroyo"},"geometry":{"type":"LineString","coordinates":[[-70.8351,-37.7793],[-70.79,-37.7828],[-70.7768,-37.7785]]}},{"type":"Feature","properties":{"nombre":"Río Curi Leuvú","tipo":"Río"},"geometry":{"type":"LineString","coordinates":[[-70.3832,-36.8397],[-70.3866,-36.8429],[-70.3855,-36.8515]]}},{"type":"Feature","properties":{"nombre":"Río Barrancas","tipo":"Río"},"geometry":{"type":"LineString","coordinates":[[-70.2417,-36.3247],[-70.2365,-36.3268],[-70.2301,-36.3248],[-70.227,-36.3274]]}},{"type":"Feature","properties":{"nombre":"Arroyo Malalco","tipo":"Arroyo"},"geometry":{"type":"LineString","coordinates":[[-71.3454,-39.2651],[-71.339,-39.2764],[-71.3405,-39.2817]]}},{"type":"Feature","properties":{"nombre":"Río Negro","tipo":"Río"},"geometry":{"type":"LineString","coordinates":[[-67.5117,-39.0822],[-67.5,-39.0833]]}},{"type":"Feature","properties":{"nombre":"Arroyo de la Totora","tipo":"Arroyo"},"geometry":{"type":"LineString","coordinates":[[-70.5,-38.8342],[-70.4764,-38.8374],[-70.4744,-38.8443],[-70.4666,-38.8507]]}},{"type":"Feature","properties":{"nombre":"Río Neuquén","tipo":"Río"},"geometry":{"type":"LineString","coordinates":[[-69.8223,-38.0597],[-69.8053,-38.0617]]}},{"type":"Feature","properties":{"nombre":"Arroyo Ñireco","tipo":"Arroyo"},"geometry":{"type":"LineString","coordinates":[[-70.8518,-37.6667],[-70.8557,-37.6548],[-70.8607,-37.6507]]}},{"type":"Feature","properties":{"nombre":"Arroyo Las Lajitas","tipo":"Arroyo"},"geometry":{"type":"LineString","coordinates":[[-70.5875,-38.77],[-70.5826,-38.769],[-70.5818,-38.7635],[-70.5756,-38.7583],[-70.5692,-38.7574]]}},{"type":"Feature","properties":{"nombre":"Arroyo Guaraco","tipo":"Arroyo"},"geometry":{"type":"LineString","coordinates":[[-70.0776,-36.7864],[-70.0653,-36.7831]]}},{"type":"Feature","properties":{"nombre":"Río Limay","tipo":"Río"},"geometry":{"type":"LineString","coordinates":[[-68.296,-38.9773],[-68.2873,-38.9842]]}},{"type":"Feature","properties":{"nombre":"Río Guañacos","tipo":"Río"},"geometry":{"type":"LineString","coordinates":[[-70.7961,-37.2685],[-70.7804,-37.2732],[-70.7444,-37.2758]]}},{"type":"Feature","properties":{"nombre":"Arroyo Domuyo (N)","tipo":"Arroyo"},"geometry":{"type":"LineString","coordinates":[[-70.2951,-36.5044],[-70.2916,-36.5018],[-70.2903,-36.4931]]}},{"type":"Feature","properties":{"nombre":"Río Limay","tipo":"Río"},"geometry":{"type":"LineString","coordinates":[[-69.3452,-39.68],[-69.3379,-39.6719]]}},{"type":"Feature","properties":{"nombre":"Río Salado","tipo":"Río"},"geometry":{"type":"LineString","coordinates":[[-70.1027,-38.1124],[-70.1101,-38.1204],[-70.1096,-38.1254]]}},{"type":"Feature","properties":{"nombre":"Arroyo Sañico","tipo":"Arroyo"},"geometry":{"type":"LineString","coordinates":[[-70.5771,-39.9719],[-70.5668,-39.9707],[-70.5609,-39.9769],[-70.5483,-39.9794],[-70.5,-39.9717]]}},{"type":"Feature","properties":{"nombre":"Río Colorado","tipo":"Río"},"geometry":{"type":"LineString","coordinates":[[-69.1859,-37.1757],[-69.173,-37.1773]]}},{"type":"Feature","properties":{"nombre":"Arroyo Chadileo","tipo":"Arroyo"},"geometry":{"type":"LineString","coordinates":[[-70.2162,-36.6965],[-70.2068,-36.6985]]}},{"type":"Feature","properties":{"nombre":"Río Neuquén","tipo":"Río"},"geometry":{"type":"LineString","coordinates":[[-69.069,-38.5722],[-69.053,-38.5712]]}},{"type":"Feature","properties":{"nombre":"Río Neuquén","tipo":"Río"},"geometry":{"type":"LineString","coordinates":[[-68.7532,-38.3747],[-68.7487,-38.384],[-68.7497,-38.3888]]}},{"type":"Feature","properties":{"nombre":"Arroyo Quetruco","tipo":"Arroyo"},"geometry":{"type":"LineString","coordinates":[[-70.7425,-37.6244],[-70.7593,-37.6162],[-70.7555,-37.5989]]}},{"type":"Feature","properties":{"nombre":"Río Varvarco","tipo":"Río"},"geometry":{"type":"LineString","coordinates":[[-70.6018,-36.4492],[-70.5759,-36.4604],[-70.5709,-36.4658],[-70.5693,-36.4737]]}},{"type":"Feature","properties":{"nombre":null,"tipo":null},"geometry":{"type":"LineString","coordinates":[[-70.7083,-38.8456],[-70.7055,-38.8566],[-70.7072,-38.861]]}},{"type":"Feature","properties":{"nombre":"Arroyo Rimeco","tipo":"Arroyo"},"geometry":{"type":"LineString","coordinates":[[-71.5885,-39.7343],[-71.6008,-39.7275]]}},{"type":"Feature","properties":{"nombre":"Río Grande","tipo":"Río"},"geometry":{"type":"LineString","coordinates":[[-69.6553,-36.2825],[-69.6482,-36.2711]]}},{"type":"Feature","properties":{"nombre":"Arroyo Ñireco","tipo":"Arroyo"},"geometry":{"type":"LineString","coordinates":[[-70.9082,-37.7118],[-70.8873,-37.6902],[-70.8764,-37.6881]]}},{"type":"Feature","properties":{"nombre":"Río Currhué","tipo":"Río"},"geometry":{"type":"LineString","coordinates":[[-71.1111,-39.9674],[-71.0981,-39.9816],[-71.0856,-39.9852]]}},{"type":"Feature","properties":{"nombre":null,"tipo":null},"geometry":{"type":"LineString","coordinates":[[-70.946,-37.2093],[-70.9346,-37.2033]]}},{"type":"Feature","properties":{"nombre":"Arroyo Liu Cullín","tipo":"Arroyo"},"geometry":{"type":"LineString","coordinates":[[-70.655,-38.7329],[-70.6495,-38.7317],[-70.6489,-38.7276],[-70.6436,-38.7245]]}},{"type":"Feature","properties":{"nombre":"Arroyo Turbio","tipo":"Arroyo"},"geometry":{"type":"LineString","coordinates":[[-70.4849,-36.545],[-70.4843,-36.5325]]}},{"type":"Feature","properties":{"nombre":"Río Colorado","tipo":"Río"},"geometry":{"type":"LineString","coordinates":[[-69.0364,-37.3536],[-69.0313,-37.3536],[-69.0277,-37.3593]]}},{"type":"Feature","properties":{"nombre":"Arroyo Pitrunquen","tipo":"Arroyo"},"geometry":{"type":"LineString","coordinates":[[-70.711,-38.8806],[-70.7174,-38.8905],[-70.7285,-38.8908]]}},{"type":"Feature","properties":{"nombre":"Arroyo Liu Cullín","tipo":"Arroyo"},"geometry":{"type":"LineString","coordinates":[[-70.5172,-38.556],[-70.5158,-38.5481]]}},{"type":"Feature","properties":{"nombre":"Río Collón Curá","tipo":"Río"},"geometry":{"type":"LineString","coordinates":[[-70.7996,-40.078],[-70.7996,-40.0881]]}},{"type":"Feature","properties":{"nombre":"Arroyo Ruca","tipo":"Arroyo"},"geometry":{"type":"LineString","coordinates":[[-70.1767,-36.0201],[-70.1691,-36.0151]]}},{"type":"Feature","properties":{"nombre":"Arroyo de El Arco","tipo":"Arroyo"},"geometry":{"type":"LineString","coordinates":[[-71.1718,-38.8045],[-71.1611,-38.8035]]}},{"type":"Feature","properties":{"nombre":"Arroyo Hueyeltué","tipo":"Arroyo"},"geometry":{"type":"LineString","coordinates":[[-71.415,-39.7024],[-71.4061,-39.7171]]}},{"type":"Feature","properties":{"nombre":"Arroyo Liuco","tipo":"Arroyo"},"geometry":{"type":"LineString","coordinates":[[-70.2186,-36.8971],[-70.2222,-36.8994],[-70.2219,-36.9098]]}},{"type":"Feature","properties":{"nombre":null,"tipo":null},"geometry":{"type":"LineString","coordinates":[[-70.3369,-39.1635],[-70.3272,-39.1641]]}},{"type":"Feature","properties":{"nombre":"Arroyo Malalco","tipo":"Arroyo"},"geometry":{"type":"LineString","coordinates":[[-71.2448,-39.3263],[-71.2303,-39.3333]]}},{"type":"Feature","properties":{"nombre":"Río Rucachoroi","tipo":"Río"},"geometry":{"type":"LineString","coordinates":[[-71.0408,-39.1891],[-71.028,-39.1907],[-71.023,-39.1958]]}},{"type":"Feature","properties":{"nombre":"Río Rucachoroi","tipo":"Río"},"geometry":{"type":"LineString","coordinates":[[-71.023,-39.1958],[-71.0172,-39.2032],[-71.0097,-39.2047]]}},{"type":"Feature","properties":{"nombre":"Río Neuquén","tipo":"Río"},"geometry":{"type":"LineString","coordinates":[[-69.4203,-38.5162],[-69.403,-38.5283]]}},{"type":"Feature","properties":{"nombre":"Río Limay","tipo":"Río"},"geometry":{"type":"LineString","coordinates":[[-68.7328,-39.2502],[-68.6642,-39.2143],[-68.6516,-39.198],[-68.6632,-39.1805],[-68.6606,-39.1728],[-68.6263,-39.1474],[-68.601,-39.1188],[-68.5851,-39.1083]]}},{"type":"Feature","properties":{"nombre":"Arroyo Wayle","tipo":"Arroyo"},"geometry":{"type":"LineString","coordinates":[[-70.1212,-37.0374],[-70.0692,-37.0101],[-70.0658,-37.004],[-70.0671,-37.0]]}},{"type":"Feature","properties":{"nombre":null,"tipo":null},"geometry":{"type":"LineString","coordinates":[[-70.8581,-37.0448],[-70.8396,-37.037]]}},{"type":"Feature","properties":{"nombre":"Arroyo de los Tábanos","tipo":"Arroyo"},"geometry":{"type":"LineString","coordinates":[[-70.4174,-36.7149],[-70.4258,-36.7304],[-70.4244,-36.7376],[-70.431,-36.7499],[-70.4327,-36.765]]}},{"type":"Feature","properties":{"nombre":"Arroyo Guaraco Norte","tipo":"Arroyo"},"geometry":{"type":"LineString","coordinates":[[-70.6503,-36.8753],[-70.6616,-36.8689]]}},{"type":"Feature","properties":{"nombre":null,"tipo":null},"geometry":{"type":"LineString","coordinates":[[-69.6254,-36.0369],[-69.606,-36.0311],[-69.5937,-36.0323],[-69.5767,-36.0237],[-69.5683,-36.0255],[-69.5639,-36.0234]]}},{"type":"Feature","properties":{"nombre":"Arroyo de las Caballadas","tipo":"Arroyo"},"geometry":{"type":"LineString","coordinates":[[-71.2119,-39.5543],[-71.2234,-39.5502],[-71.2251,-39.541],[-71.2299,-39.5383],[-71.2236,-39.5346],[-71.2256,-39.5288],[-71.2176,-39.5215],[-71.22,-39.5183],[-71.216,-39.5131],[-71.222,-39.4956]]}},{"type":"Feature","properties":{"nombre":"Río Currhué","tipo":"Río"},"geometry":{"type":"LineString","coordinates":[[-71.0856,-39.9852],[-71.0734,-39.9919],[-71.07,-39.9991]]}},{"type":"Feature","properties":{"nombre":"Arroyo Romero","tipo":"Arroyo"},"geometry":{"type":"LineString","coordinates":[[-70.9747,-38.3017],[-70.9681,-38.3021],[-70.9649,-38.3059]]}},{"type":"Feature","properties":{"nombre":"Río Potimalal","tipo":"Río"},"geometry":{"type":"LineString","coordinates":[[-70.0059,-36.0962],[-70.005,-36.0838],[-70.0093,-36.077],[-70.0033,-36.075]]}},{"type":"Feature","properties":{"nombre":"Arroyo Curamilio","tipo":"Arroyo"},"geometry":{"type":"LineString","coordinates":[[-70.4122,-36.2621],[-70.3941,-36.2682]]}},{"type":"Feature","properties":{"nombre":"Arroyo Mallín Florido","tipo":"Arroyo"},"geometry":{"type":"LineString","coordinates":[[-70.7865,-38.5056],[-70.772,-38.5074]]}},{"type":"Feature","properties":{"nombre":"Arroyo Chapúa","tipo":"Arroyo"},"geometry":{"type":"LineString","coordinates":[[-70.2571,-37.1844],[-70.2604,-37.1964]]}},{"type":"Feature","properties":{"nombre":null,"tipo":null},"geometry":{"type":"LineString","coordinates":[[-71.0491,-38.8545],[-71.0369,-38.8496]]}},{"type":"Feature","properties":{"nombre":"Arroyo Los Pinos","tipo":"Arroyo"},"geometry":{"type":"LineString","coordinates":[[-71.1475,-37.708],[-71.1215,-37.6971]]}},{"type":"Feature","properties":{"nombre":null,"tipo":null},"geometry":{"type":"LineString","coordinates":[[-69.4422,-38.9725],[-69.435,-38.9692],[-69.4292,-38.9612]]}},{"type":"Feature","properties":{"nombre":"Arroyo Trolope","tipo":"Arroyo"},"geometry":{"type":"LineString","coordinates":[[-70.9888,-37.7971],[-70.9867,-37.8029],[-70.995,-37.8061]]}},{"type":"Feature","properties":{"nombre":"Arroyo Quemquemtreu","tipo":"Arroyo"},"geometry":{"type":"LineString","coordinates":[[-71.0583,-40.1886],[-71.0519,-40.1952]]}},{"type":"Feature","properties":{"nombre":"Arroyo La Buitrera","tipo":"Arroyo"},"geometry":{"type":"LineString","coordinates":[[-70.3698,-38.5549],[-70.3539,-38.5596]]}},{"type":"Feature","properties":{"nombre":"Arroyo Aucapán","tipo":"Arroyo"},"geometry":{"type":"LineString","coordinates":[[-71.0765,-39.6432],[-71.0657,-39.6437]]}},{"type":"Feature","properties":{"nombre":"Río Limay","tipo":"Río"},"geometry":{"type":"LineString","coordinates":[[-69.6286,-39.8285],[-69.6235,-39.8272],[-69.6199,-39.832]]}},{"type":"Feature","properties":{"nombre":"Arroyo de los Pinos","tipo":"Arroyo"},"geometry":{"type":"LineString","coordinates":[[-71.5,-39.8914],[-71.479,-39.8871]]}},{"type":"Feature","properties":{"nombre":null,"tipo":null},"geometry":{"type":"LineString","coordinates":[[-70.9243,-37.2711],[-70.9152,-37.2883]]}},{"type":"Feature","properties":{"nombre":"Arroyo Carreri","tipo":"Arroyo"},"geometry":{"type":"LineString","coordinates":[[-70.5759,-38.9326],[-70.5721,-38.9254]]}},{"type":"Feature","properties":{"nombre":"Arroyo Copulhue","tipo":"Arroyo"},"geometry":{"type":"LineString","coordinates":[[-71.0523,-37.6496],[-71.0418,-37.6543],[-71.029,-37.6553]]}},{"type":"Feature","properties":{"nombre":"Río Neuquén","tipo":"Río"},"geometry":{"type":"LineString","coordinates":[[-70.079,-37.5343],[-70.0617,-37.5386]]}},{"type":"Feature","properties":{"nombre":"Río Rucachoroi","tipo":"Río"},"geometry":{"type":"LineString","coordinates":[[-71.1244,-39.2044],[-71.1143,-39.2011]]}},{"type":"Feature","properties":{"nombre":"Arroyo Los Aparejos o Los Perros","tipo":"Arroyo"},"geometry":{"type":"LineString","coordinates":[[-70.9227,-36.9769],[-70.8911,-36.9715]]}},{"type":"Feature","properties":{"nombre":"Arroyo Pancú Lehué","tipo":"Arroyo"},"geometry":{"type":"LineString","coordinates":[[-70.3016,-36.2792],[-70.2973,-36.2875]]}},{"type":"Feature","properties":{"nombre":"Arroyo Pichi Picún Leufú","tipo":"Arroyo"},"geometry":{"type":"LineString","coordinates":[[-70.4962,-39.1238],[-70.4929,-39.1286],[-70.4936,-39.1348]]}},{"type":"Feature","properties":{"nombre":"Arroyo Las Toscas","tipo":"Arroyo"},"geometry":{"type":"LineString","coordinates":[[-70.3417,-38.181],[-70.3364,-38.1754]]}},{"type":"Feature","properties":{"nombre":"Arroyo Chochoy Mallín","tipo":"Arroyo"},"geometry":{"type":"LineString","coordinates":[[-70.7758,-37.3552],[-70.772,-37.3446]]}},{"type":"Feature","properties":{"nombre":"Arroyo El Pelán","tipo":"Arroyo"},"geometry":{"type":"LineString","coordinates":[[-70.311,-36.8484],[-70.3272,-36.8422],[-70.3533,-36.8394]]}},{"type":"Feature","properties":{"nombre":"Arroyo Buta - Có","tipo":"Arroyo"},"geometry":{"type":"LineString","coordinates":[[-70.051,-36.9798],[-70.0404,-36.9873],[-70.0316,-36.9851],[-70.0179,-36.9911],[-70.0,-36.9885]]}},{"type":"Feature","properties":{"nombre":null,"tipo":null},"geometry":{"type":"LineString","coordinates":[[-70.5459,-37.1346],[-70.5584,-37.1248],[-70.5601,-37.1174]]}},{"type":"Feature","properties":{"nombre":"Río Agrio","tipo":"Río"},"geometry":{"type":"LineString","coordinates":[[-69.7726,-38.3274],[-69.7629,-38.331]]}},{"type":"Feature","properties":{"nombre":"Río Grande","tipo":"Río"},"geometry":{"type":"LineString","coordinates":[[-69.766,-36.7099],[-69.7646,-36.7058],[-69.7684,-36.7007]]}},{"type":"Feature","properties":{"nombre":null,"tipo":null},"geometry":{"type":"LineString","coordinates":[[-69.7983,-36.7253],[-69.8072,-36.7222]]}},{"type":"Feature","properties":{"nombre":"Río Rucachoroi","tipo":"Río"},"geometry":{"type":"LineString","coordinates":[[-71.1705,-39.2247],[-71.1625,-39.219],[-71.1532,-39.2203]]}},{"type":"Feature","properties":{"nombre":null,"tipo":null},"geometry":{"type":"LineString","coordinates":[[-70.9153,-37.0164],[-70.9101,-37.0122],[-70.9024,-37.0129]]}},{"type":"Feature","properties":{"nombre":"Río Neuquén","tipo":"Río"},"geometry":{"type":"LineString","coordinates":[[-70.7587,-36.7609],[-70.7513,-36.7725],[-70.7438,-36.7784],[-70.7397,-36.7777]]}},{"type":"Feature","properties":{"nombre":"Arroyo Pancú Lehué","tipo":"Arroyo"},"geometry":{"type":"LineString","coordinates":[[-70.3302,-36.1382],[-70.3183,-36.1507],[-70.3068,-36.1545],[-70.3039,-36.1609]]}},{"type":"Feature","properties":{"nombre":"Arroyo Carilafquen","tipo":"Arroyo"},"geometry":{"type":"LineString","coordinates":[[-71.5945,-39.6396],[-71.5944,-39.6502],[-71.6145,-39.6556],[-71.6152,-39.6596]]}},{"type":"Feature","properties":{"nombre":null,"tipo":null},"geometry":{"type":"LineString","coordinates":[[-70.8205,-37.1058],[-70.792,-37.1113]]}},{"type":"Feature","properties":{"nombre":"Río Potimalal","tipo":"Río"},"geometry":{"type":"LineString","coordinates":[[-70.0219,-36.135],[-70.0149,-36.1243]]}},{"type":"Feature","properties":{"nombre":"Río Limay","tipo":"Río"},"geometry":{"type":"LineString","coordinates":[[-68.5637,-39.0788],[-68.5515,-39.075]]}},{"type":"Feature","properties":{"nombre":"Arroyo Quilachanquil","tipo":"Arroyo"},"geometry":{"type":"LineString","coordinates":[[-70.8503,-39.0808],[-70.8376,-39.0868]]}},{"type":"Feature","properties":{"nombre":"Río Neuquén","tipo":"Río"},"geometry":{"type":"LineString","coordinates":[[-69.7669,-38.1407],[-69.7678,-38.1517]]}},{"type":"Feature","properties":{"nombre":null,"tipo":null},"geometry":{"type":"LineString","coordinates":[[-71.4187,-38.936],[-71.41,-38.9432],[-71.4004,-38.9463],[-71.3934,-38.9581],[-71.373,-38.9614]]}},{"type":"Feature","properties":{"nombre":"Arroyo Piquillín","tipo":"Arroyo"},"geometry":{"type":"LineString","coordinates":[[-71.082,-38.841],[-71.0546,-38.8364],[-71.053,-38.8423],[-71.0481,-38.8455]]}},{"type":"Feature","properties":{"nombre":"Arroyo Collún - Co","tipo":"Arroyo"},"geometry":{"type":"LineString","coordinates":[[-71.3772,-39.9636],[-71.3657,-39.9687]]}},{"type":"Feature","properties":{"nombre":"Arroyo Collún - Co","tipo":"Arroyo"},"geometry":{"type":"LineString","coordinates":[[-71.3657,-39.9687],[-71.3522,-39.974]]}},{"type":"Feature","properties":{"nombre":"Arroyo Covunco","tipo":"Arroyo"},"geometry":{"type":"LineString","coordinates":[[-70.0719,-38.7744],[-70.065,-38.7733],[-70.0613,-38.7759],[-70.0594,-38.7717],[-70.0551,-38.7713]]}},{"type":"Feature","properties":{"nombre":"Arroyo Butahuao","tipo":"Arroyo"},"geometry":{"type":"LineString","coordinates":[[-71.0397,-38.1242],[-71.0271,-38.1261],[-71.0205,-38.1224]]}},{"type":"Feature","properties":{"nombre":"Río Barrancas","tipo":"Río"},"geometry":{"type":"LineString","coordinates":[[-69.9478,-36.7214],[-69.944,-36.7447]]}},{"type":"Feature","properties":{"nombre":"Río Barrancas","tipo":"Río"},"geometry":{"type":"LineString","coordinates":[[-70.0684,-36.6238],[-70.0588,-36.6348]]}},{"type":"Feature","properties":{"nombre":"Arroyo Taquinquín","tipo":"Arroyo"},"geometry":{"type":"LineString","coordinates":[[-71.3329,-39.2125],[-71.3052,-39.2048],[-71.2988,-39.21]]}},{"type":"Feature","properties":{"nombre":"Arroyo Pilo Lil","tipo":"Arroyo"},"geometry":{"type":"LineString","coordinates":[[-70.9842,-39.6569],[-70.9733,-39.6611]]}},{"type":"Feature","properties":{"nombre":"Río Neuquén","tipo":"Río"},"geometry":{"type":"LineString","coordinates":[[-68.0652,-38.9092],[-68.0553,-38.9093]]}},{"type":"Feature","properties":{"nombre":"Arroyo Huaca Mamuil","tipo":"Arroyo"},"geometry":{"type":"LineString","coordinates":[[-71.326,-39.5637],[-71.3179,-39.5755]]}},{"type":"Feature","properties":{"nombre":"Río Colorado","tipo":"Río"},"geometry":{"type":"LineString","coordinates":[[-68.2953,-37.5639],[-68.286,-37.5658]]}},{"type":"Feature","properties":{"nombre":"Río Rucachoroi","tipo":"Río"},"geometry":{"type":"LineString","coordinates":[[-70.9859,-39.2109],[-70.9749,-39.2194]]}},{"type":"Feature","properties":{"nombre":"Río Colorado","tipo":"Río"},"geometry":{"type":"LineString","coordinates":[[-69.4979,-37.173],[-69.4864,-37.1724]]}},{"type":"Feature","properties":{"nombre":"Río Malleo","tipo":"Río"},"geometry":{"type":"LineString","coordinates":[[-71.4192,-39.5628],[-71.4159,-39.5678],[-71.4031,-39.5735],[-71.3999,-39.5833],[-71.3828,-39.5995]]}},{"type":"Feature","properties":{"nombre":"Arroyo Chacaico","tipo":"Arroyo"},"geometry":{"type":"LineString","coordinates":[[-69.9633,-36.5847],[-69.9543,-36.5821]]}},{"type":"Feature","properties":{"nombre":"Río Neuquén","tipo":"Río"},"geometry":{"type":"LineString","coordinates":[[-69.4937,-38.4866],[-69.4838,-38.4907]]}},{"type":"Feature","properties":{"nombre":"Río de los Mallines","tipo":"Río"},"geometry":{"type":"LineString","coordinates":[[-71.7492,-40.2574],[-71.7533,-40.2464]]}},{"type":"Feature","properties":{"nombre":"Río Neuquén","tipo":"Río"},"geometry":{"type":"LineString","coordinates":[[-69.8032,-38.0266],[-69.8046,-38.0364]]}},{"type":"Feature","properties":{"nombre":"Río Colorado","tipo":"Río"},"geometry":{"type":"LineString","coordinates":[[-68.3291,-37.5533],[-68.3161,-37.5569]]}},{"type":"Feature","properties":{"nombre":"Arroyo Ranquilón","tipo":"Arroyo"},"geometry":{"type":"LineString","coordinates":[[-70.5733,-37.8502],[-70.5823,-37.8565]]}},{"type":"Feature","properties":{"nombre":"Arroyo Las Lajitas","tipo":"Arroyo"},"geometry":{"type":"LineString","coordinates":[[-70.5435,-38.6969],[-70.5353,-38.6893],[-70.5319,-38.6813],[-70.5185,-38.6756],[-70.5184,-38.6723],[-70.5077,-38.6667]]}},{"type":"Feature","properties":{"nombre":"Río Buraleo","tipo":"Río"},"geometry":{"type":"LineString","coordinates":[[-70.9797,-37.0171],[-70.9699,-37.009]]}},{"type":"Feature","properties":{"nombre":"Río Potimalal","tipo":"Río"},"geometry":{"type":"LineString","coordinates":[[-69.9927,-36.0129],[-69.9848,-36.0056]]}},{"type":"Feature","properties":{"nombre":"Arroyo Quechuquina","tipo":"Arroyo"},"geometry":{"type":"LineString","coordinates":[[-71.5689,-40.1094],[-71.5537,-40.1148]]}},{"type":"Feature","properties":{"nombre":"Río Neuquén","tipo":"Río"},"geometry":{"type":"LineString","coordinates":[[-70.6885,-36.9074],[-70.6856,-36.9122],[-70.6883,-36.9155]]}},{"type":"Feature","properties":{"nombre":"Río Grande","tipo":"Río"},"geometry":{"type":"LineString","coordinates":[[-69.7872,-36.8323],[-69.7878,-36.8373],[-69.7759,-36.8541]]}},{"type":"Feature","properties":{"nombre":"Río Neuquén","tipo":"Río"},"geometry":{"type":"LineString","coordinates":[[-69.9041,-37.6824],[-69.8946,-37.6879]]}},{"type":"Feature","properties":{"nombre":"Arroyo Quiñihue","tipo":"Arroyo"},"geometry":{"type":"LineString","coordinates":[[-71.5887,-40.1374],[-71.5941,-40.1522],[-71.6016,-40.1554],[-71.6029,-40.1596]]}},{"type":"Feature","properties":{"nombre":"Arroyo Los Nevados","tipo":"Arroyo"},"geometry":{"type":"LineString","coordinates":[[-70.3752,-36.2873],[-70.36,-36.2932]]}},{"type":"Feature","properties":{"nombre":"Río Barrancas","tipo":"Río"},"geometry":{"type":"LineString","coordinates":[[-69.8706,-36.8178],[-69.8643,-36.8335]]}},{"type":"Feature","properties":{"nombre":null,"tipo":null},"geometry":{"type":"LineString","coordinates":[[-69.9232,-36.1181],[-69.9193,-36.1176],[-69.9155,-36.1216],[-69.906,-36.1207],[-69.8955,-36.1294]]}},{"type":"Feature","properties":{"nombre":"Río Guañacos","tipo":"Río"},"geometry":{"type":"LineString","coordinates":[[-70.9293,-37.29],[-70.9152,-37.2883]]}},{"type":"Feature","properties":{"nombre":"Río Colorado","tipo":"Río"},"geometry":{"type":"LineString","coordinates":[[-68.8443,-37.3886],[-68.833,-37.388]]}},{"type":"Feature","properties":{"nombre":"Arroyo Piuquenes","tipo":"Arroyo"},"geometry":{"type":"LineString","coordinates":[[-71.1497,-37.2391],[-71.1545,-37.2437],[-71.153,-37.2512]]}},{"type":"Feature","properties":{"nombre":"Arroyo Ñirequito","tipo":"Arroyo"},"geometry":{"type":"LineString","coordinates":[[-70.4741,-37.1992],[-70.4696,-37.1991],[-70.4618,-37.2083]]}},{"type":"Feature","properties":{"nombre":"Arroyo Las Lajitas","tipo":"Arroyo"},"geometry":{"type":"LineString","coordinates":[[-70.3985,-38.5239],[-70.3895,-38.5196]]}},{"type":"Feature","properties":{"nombre":"Río Buraleo","tipo":"Río"},"geometry":{"type":"LineString","coordinates":[[-70.9232,-36.9938],[-70.8962,-36.9908]]}},{"type":"Feature","properties":{"nombre":"Río Grande","tipo":"Río"},"geometry":{"type":"LineString","coordinates":[[-69.7694,-36.7847],[-69.7666,-36.7901],[-69.7712,-36.7984]]}},{"type":"Feature","properties":{"nombre":"Arroyo Grande","tipo":"Arroyo"},"geometry":{"type":"LineString","coordinates":[[-71.5074,-40.2673],[-71.5018,-40.2596]]}},{"type":"Feature","properties":{"nombre":"Arroyo Pilmatué","tipo":"Arroyo"},"geometry":{"type":"LineString","coordinates":[[-70.2531,-38.4882],[-70.2583,-38.4949],[-70.2582,-38.4998],[-70.2639,-38.5019]]}},{"type":"Feature","properties":{"nombre":"Arroyo Sanquilco","tipo":"Arroyo"},"geometry":{"type":"LineString","coordinates":[[-70.7801,-38.6892],[-70.7747,-38.6801]]}},{"type":"Feature","properties":{"nombre":"Río Neuquén","tipo":"Río"},"geometry":{"type":"LineString","coordinates":[[-69.437,-38.5023],[-69.4283,-38.5035],[-69.4271,-38.5083]]}},{"type":"Feature","properties":{"nombre":"Río Limay","tipo":"Río"},"geometry":{"type":"LineString","coordinates":[[-68.3339,-38.9931],[-68.3195,-38.9928]]}},{"type":"Feature","properties":{"nombre":"Arroyo Pichi Currhué","tipo":"Arroyo"},"geometry":{"type":"LineString","coordinates":[[-71.2607,-39.9096],[-71.2626,-39.9109],[-71.2584,-39.9116],[-71.2586,-39.9167]]}},{"type":"Feature","properties":{"nombre":null,"tipo":null},"geometry":{"type":"LineString","coordinates":[[-70.8729,-37.0623],[-70.8675,-37.0462]]}},{"type":"Feature","properties":{"nombre":"Arroyo Pino Solo","tipo":"Arroyo"},"geometry":{"type":"LineString","coordinates":[[-70.7044,-38.5576],[-70.686,-38.5553]]}},{"type":"Feature","properties":{"nombre":"Río Rucachoroi","tipo":"Río"},"geometry":{"type":"LineString","coordinates":[[-71.1143,-39.2011],[-71.1101,-39.1968],[-71.0848,-39.1955]]}},{"type":"Feature","properties":{"nombre":"Arroyo Butahuao","tipo":"Arroyo"},"geometry":{"type":"LineString","coordinates":[[-70.9524,-38.1665],[-70.952,-38.176]]}},{"type":"Feature","properties":{"nombre":null,"tipo":null},"geometry":{"type":"LineString","coordinates":[[-70.5649,-37.0392],[-70.5777,-37.0392],[-70.5876,-37.0353]]}},{"type":"Feature","properties":{"nombre":"Río Neuquén","tipo":"Río"},"geometry":{"type":"LineString","coordinates":[[-69.0663,-38.5702],[-69.053,-38.5712]]}},{"type":"Feature","properties":{"nombre":"Arroyo Trocoquen","tipo":"Arroyo"},"geometry":{"type":"LineString","coordinates":[[-70.6739,-38.8838],[-70.684,-38.8876],[-70.6906,-38.8971],[-70.705,-38.9045],[-70.7225,-38.9073],[-70.7436,-38.9179],[-70.7525,-38.9164]]}},{"type":"Feature","properties":{"nombre":"Río de los Mallines","tipo":"Río"},"geometry":{"type":"LineString","coordinates":[[-71.749,-40.274],[-71.7515,-40.2636]]}},{"type":"Feature","properties":{"nombre":null,"tipo":null},"geometry":{"type":"LineString","coordinates":[[-70.8443,-37.0158],[-70.8273,-37.013],[-70.8233,-37.0079]]}},{"type":"Feature","properties":{"nombre":null,"tipo":null},"geometry":{"type":"LineString","coordinates":[[-71.1228,-39.9071],[-71.117,-39.9133],[-71.106,-39.9145]]}},{"type":"Feature","properties":{"nombre":"Arroyo Nahuel Mapi","tipo":"Arroyo"},"geometry":{"type":"LineString","coordinates":[[-70.9794,-39.5971],[-70.9685,-39.597]]}},{"type":"Feature","properties":{"nombre":"Río Neuquén","tipo":"Río"},"geometry":{"type":"LineString","coordinates":[[-69.2419,-38.6227],[-69.2319,-38.6286]]}},{"type":"Feature","properties":{"nombre":"Río Neuquén","tipo":"Río"},"geometry":{"type":"LineString","coordinates":[[-68.1167,-38.8066],[-68.1174,-38.8155],[-68.1073,-38.8214]]}},{"type":"Feature","properties":{"nombre":"Arroyo Molulco","tipo":"Arroyo"},"geometry":{"type":"LineString","coordinates":[[-70.4745,-36.9358],[-70.465,-36.9382]]}},{"type":"Feature","properties":{"nombre":"Arroyo Quilli Malal","tipo":"Arroyo"},"geometry":{"type":"LineString","coordinates":[[-70.0462,-36.5303],[-70.0436,-36.5194]]}},{"type":"Feature","properties":{"nombre":null,"tipo":null},"geometry":{"type":"LineString","coordinates":[[-70.9354,-38.9033],[-70.9218,-38.9045],[-70.9148,-38.9093]]}},{"type":"Feature","properties":{"nombre":"Arroyo del León","tipo":"Arroyo"},"geometry":{"type":"LineString","coordinates":[[-71.5548,-39.9899],[-71.5756,-39.9926],[-71.5796,-39.9877],[-71.5853,-39.9873],[-71.5885,-39.9841],[-71.5901,-39.9665]]}},{"type":"Feature","properties":{"nombre":"Arroyo Quemquemtreu","tipo":"Arroyo"},"geometry":{"type":"LineString","coordinates":[[-71.1965,-40.2063],[-71.2082,-40.2154]]}},{"type":"Feature","properties":{"nombre":"Arroyo Quilachanquil","tipo":"Arroyo"},"geometry":{"type":"LineString","coordinates":[[-70.8695,-39.0842],[-70.8773,-39.0821],[-70.8803,-39.0727],[-70.8881,-39.0666]]}},{"type":"Feature","properties":{"nombre":null,"tipo":null},"geometry":{"type":"LineString","coordinates":[[-69.0954,-38.7566],[-69.0887,-38.7483]]}},{"type":"Feature","properties":{"nombre":"Arroyo Michico","tipo":"Arroyo"},"geometry":{"type":"LineString","coordinates":[[-70.5586,-37.4655],[-70.5616,-37.4641],[-70.5702,-37.4708],[-70.5792,-37.4719]]}},{"type":"Feature","properties":{"nombre":"Arroyo Buta - Có","tipo":"Arroyo"},"geometry":{"type":"LineString","coordinates":[[-70.0813,-36.9621],[-70.0693,-36.9766]]}},{"type":"Feature","properties":{"nombre":"Arroyo Trailathué","tipo":"Arroyo"},"geometry":{"type":"LineString","coordinates":[[-70.2629,-37.6408],[-70.2495,-37.6492]]}},{"type":"Feature","properties":{"nombre":null,"tipo":null},"geometry":{"type":"LineString","coordinates":[[-71.5,-40.0351],[-71.4835,-40.0283],[-71.4591,-40.0288]]}},{"type":"Feature","properties":{"nombre":null,"tipo":null},"geometry":{"type":"LineString","coordinates":[[-70.4504,-36.6045],[-70.4457,-36.5966]]}},{"type":"Feature","properties":{"nombre":"Arroyo Piuquenes","tipo":"Arroyo"},"geometry":{"type":"LineString","coordinates":[[-71.1093,-37.3498],[-71.1035,-37.3624],[-71.1001,-37.3623]]}},{"type":"Feature","properties":{"nombre":"Arroyo Quemquemtreu","tipo":"Arroyo"},"geometry":{"type":"LineString","coordinates":[[-71.0757,-40.1779],[-71.0621,-40.1841]]}},{"type":"Feature","properties":{"nombre":"Río Grande","tipo":"Río"},"geometry":{"type":"LineString","coordinates":[[-69.6834,-36.1786],[-69.684,-36.182],[-69.6789,-36.1872]]}},{"type":"Feature","properties":{"nombre":"Arroyo Guaraco","tipo":"Arroyo"},"geometry":{"type":"LineString","coordinates":[[-69.9843,-36.7122],[-69.9769,-36.7032],[-69.9653,-36.7071]]}},{"type":"Feature","properties":{"nombre":"Arroyo La Ramadita","tipo":"Arroyo"},"geometry":{"type":"LineString","coordinates":[[-70.4242,-36.9944],[-70.4137,-36.9958]]}},{"type":"Feature","properties":{"nombre":null,"tipo":null},"geometry":{"type":"LineString","coordinates":[[-70.5746,-37.0929],[-70.5849,-37.1016]]}},{"type":"Feature","properties":{"nombre":"Arroyo La Mona","tipo":"Arroyo"},"geometry":{"type":"LineString","coordinates":[[-70.7928,-38.2588],[-70.7684,-38.2609]]}},{"type":"Feature","properties":{"nombre":"Arroyo Manchana Co","tipo":"Arroyo"},"geometry":{"type":"LineString","coordinates":[[-70.6313,-36.9115],[-70.6439,-36.9007]]}},{"type":"Feature","properties":{"nombre":"Río Aluminé","tipo":"Río"},"geometry":{"type":"LineString","coordinates":[[-71.0055,-39.0311],[-71.0,-39.0362],[-71.0,-39.043]]}},{"type":"Feature","properties":{"nombre":"Arroyo Huaca Mamuil","tipo":"Arroyo"},"geometry":{"type":"LineString","coordinates":[[-71.369,-39.5183],[-71.3581,-39.5219],[-71.3527,-39.5292],[-71.3523,-39.5369],[-71.3485,-39.5368],[-71.3479,-39.5398]]}},{"type":"Feature","properties":{"nombre":null,"tipo":null},"geometry":{"type":"LineString","coordinates":[[-71.0932,-38.8697],[-71.0909,-38.876],[-71.0754,-38.8806]]}},{"type":"Feature","properties":{"nombre":"Río Colorado","tipo":"Río"},"geometry":{"type":"LineString","coordinates":[[-69.7593,-36.8732],[-69.752,-36.8822]]}},{"type":"Feature","properties":{"nombre":"Río Agrio","tipo":"Río"},"geometry":{"type":"LineString","coordinates":[[-70.3196,-38.5164],[-70.3102,-38.5172]]}},{"type":"Feature","properties":{"nombre":"Arroyo Casheu Malle-Hue","tipo":"Arroyo"},"geometry":{"type":"LineString","coordinates":[[-70.6468,-39.0279],[-70.6479,-39.0165]]}},{"type":"Feature","properties":{"nombre":null,"tipo":null},"geometry":{"type":"LineString","coordinates":[[-69.8072,-36.7222],[-69.8166,-36.7111],[-69.8182,-36.7014]]}},{"type":"Feature","properties":{"nombre":null,"tipo":null},"geometry":{"type":"LineString","coordinates":[[-70.9925,-37.2613],[-70.9994,-37.2702]]}},{"type":"Feature","properties":{"nombre":"Río Neuquén","tipo":"Río"},"geometry":{"type":"LineString","coordinates":[[-68.6088,-38.458],[-68.6077,-38.4679]]}},{"type":"Feature","properties":{"nombre":"Río Pulmarí","tipo":"Río"},"geometry":{"type":"LineString","coordinates":[[-71.0928,-39.1161],[-71.0855,-39.1163],[-71.0773,-39.1214],[-71.0684,-39.1178],[-71.0617,-39.1194],[-71.0589,-39.1153],[-71.048,-39.1123]]}},{"type":"Feature","properties":{"nombre":"Río Malleo","tipo":"Río"},"geometry":{"type":"LineString","coordinates":[[-71.2009,-39.6748],[-71.1917,-39.6876],[-71.179,-39.6914],[-71.1809,-39.7021]]}},{"type":"Feature","properties":{"nombre":null,"tipo":null},"geometry":{"type":"LineString","coordinates":[[-69.8965,-36.3482],[-69.891,-36.3365]]}},{"type":"Feature","properties":{"nombre":"Río Reñileuvú","tipo":"Río"},"geometry":{"type":"LineString","coordinates":[[-70.888,-37.3443],[-70.8813,-37.3421],[-70.8769,-37.3449]]}},{"type":"Feature","properties":{"nombre":"Arroyo Cochicó Chico","tipo":"Arroyo"},"geometry":{"type":"LineString","coordinates":[[-70.7742,-38.8917],[-70.7954,-38.8968]]}},{"type":"Feature","properties":{"nombre":"Arroyo Chapúa","tipo":"Arroyo"},"geometry":{"type":"LineString","coordinates":[[-70.3002,-37.2589],[-70.3229,-37.261]]}},{"type":"Feature","properties":{"nombre":"Arroyo Santo Tomás","tipo":"Arroyo"},"geometry":{"type":"LineString","coordinates":[[-70.0344,-39.8184],[-70.0104,-39.8305]]}},{"type":"Feature","properties":{"nombre":"Arroyo Pichaihue","tipo":"Arroyo"},"geometry":{"type":"LineString","coordinates":[[-70.3453,-37.8828],[-70.3433,-37.8804],[-70.3363,-37.8813]]}},{"type":"Feature","properties":{"nombre":"Río Neuquén","tipo":"Río"},"geometry":{"type":"LineString","coordinates":[[-70.7911,-36.6419],[-70.7891,-36.6515]]}},{"type":"Feature","properties":{"nombre":"Arroyo La Leona","tipo":"Arroyo"},"geometry":{"type":"LineString","coordinates":[[-70.0268,-36.042],[-70.0183,-36.0281]]}},{"type":"Feature","properties":{"nombre":"Arroyo Malalco","tipo":"Arroyo"},"geometry":{"type":"LineString","coordinates":[[-71.319,-39.2938],[-71.3114,-39.2989],[-71.308,-39.297],[-71.2997,-39.3034],[-71.2963,-39.3024],[-71.2932,-39.3068],[-71.28,-39.3092]]}},{"type":"Feature","properties":{"nombre":"Arroyo del León","tipo":"Arroyo"},"geometry":{"type":"LineString","coordinates":[[-71.5,-39.9941],[-71.4971,-39.9929],[-71.4925,-39.9965]]}},{"type":"Feature","properties":{"nombre":"Arroyo Grande","tipo":"Arroyo"},"geometry":{"type":"LineString","coordinates":[[-71.4677,-40.2248],[-71.479,-40.2287]]}},{"type":"Feature","properties":{"nombre":"Río Neuquén","tipo":"Río"},"geometry":{"type":"LineString","coordinates":[[-69.154,-38.6099],[-69.1431,-38.6137]]}},{"type":"Feature","properties":{"nombre":"Arroyo Curamilio","tipo":"Arroyo"},"geometry":{"type":"LineString","coordinates":[[-70.4567,-36.2315],[-70.4448,-36.2391]]}},{"type":"Feature","properties":{"nombre":"Río Colorado","tipo":"Río"},"geometry":{"type":"LineString","coordinates":[[-68.9477,-37.3753],[-68.9362,-37.3801]]}},{"type":"Feature","properties":{"nombre":"Arroyo Las Lajitas","tipo":"Arroyo"},"geometry":{"type":"LineString","coordinates":[[-70.6387,-38.7882],[-70.6287,-38.7822]]}},{"type":"Feature","properties":{"nombre":"Río Neuquén","tipo":"Río"},"geometry":{"type":"LineString","coordinates":[[-70.6508,-37.0888],[-70.6407,-37.0908]]}},{"type":"Feature","properties":{"nombre":"Arroyo Pancú Lehué","tipo":"Arroyo"},"geometry":{"type":"LineString","coordinates":[[-70.3631,-36.0595],[-70.3676,-36.0651],[-70.3634,-36.078],[-70.3562,-36.0861],[-70.3482,-36.0887]]}},{"type":"Feature","properties":{"nombre":"Arroyo Liu Cullín","tipo":"Arroyo"},"geometry":{"type":"LineString","coordinates":[[-69.8381,-36.0973],[-69.844,-36.0845]]}},{"type":"Feature","properties":{"nombre":null,"tipo":null},"geometry":{"type":"LineString","coordinates":[[-70.6467,-38.9043],[-70.6144,-38.8919]]}},{"type":"Feature","properties":{"nombre":"Arroyo Chadileo","tipo":"Arroyo"},"geometry":{"type":"LineString","coordinates":[[-70.1475,-36.6871],[-70.133,-36.6999],[-70.1322,-36.7102]]}},{"type":"Feature","properties":{"nombre":"Arroyo Cajón Almaza","tipo":"Arroyo"},"geometry":{"type":"LineString","coordinates":[[-70.5429,-38.1427],[-70.5482,-38.1459]]}},{"type":"Feature","properties":{"nombre":"Arroyo Aucapán","tipo":"Arroyo"},"geometry":{"type":"LineString","coordinates":[[-71.0615,-39.6439],[-71.0608,-39.647],[-71.0511,-39.6451],[-71.0441,-39.6481]]}},{"type":"Feature","properties":{"nombre":"Arroyo Quemquemtreu","tipo":"Arroyo"},"geometry":{"type":"LineString","coordinates":[[-70.8112,-40.2255],[-70.7961,-40.2256]]}},{"type":"Feature","properties":{"nombre":"Arroyo Collún - Co","tipo":"Arroyo"},"geometry":{"type":"LineString","coordinates":[[-71.2277,-39.9659],[-71.1972,-39.9662]]}},{"type":"Feature","properties":{"nombre":"Arroyo Chacaico","tipo":"Arroyo"},"geometry":{"type":"LineString","coordinates":[[-70.4791,-36.4531],[-70.4883,-36.4588],[-70.5,-36.4593]]}},{"type":"Feature","properties":{"nombre":"Río Limay","tipo":"Río"},"geometry":{"type":"LineString","coordinates":[[-69.5614,-39.8103],[-69.5714,-39.8101]]}},{"type":"Feature","properties":{"nombre":"Río Neuquén","tipo":"Río"},"geometry":{"type":"LineString","coordinates":[[-69.8433,-37.9237],[-69.8293,-37.9267]]}},{"type":"Feature","properties":{"nombre":"Arroyo Malalco","tipo":"Arroyo"},"geometry":{"type":"LineString","coordinates":[[-71.3333,-39.288],[-71.3213,-39.2932]]}},{"type":"Feature","properties":{"nombre":"Arroyo Aquihuecó","tipo":"Arroyo"},"geometry":{"type":"LineString","coordinates":[[-70.4743,-37.0863],[-70.4473,-37.0806]]}},{"type":"Feature","properties":{"nombre":"Arroyo de El Arco","tipo":"Arroyo"},"geometry":{"type":"LineString","coordinates":[[-71.0395,-38.7954],[-71.0391,-38.8034],[-71.0353,-38.8077]]}},{"type":"Feature","properties":{"nombre":"Arroyo Cajón de Piedra","tipo":"Arroyo"},"geometry":{"type":"LineString","coordinates":[[-70.2456,-36.6123],[-70.2316,-36.6196],[-70.2126,-36.6416]]}},{"type":"Feature","properties":{"nombre":"Río Negro","tipo":"Río"},"geometry":{"type":"LineString","coordinates":[[-67.6787,-39.0989],[-67.6675,-39.0983],[-67.6616,-39.104]]}},{"type":"Feature","properties":{"nombre":"Río Limay","tipo":"Río"},"geometry":{"type":"LineString","coordinates":[[-69.7764,-39.8864],[-69.7605,-39.8827]]}},{"type":"Feature","properties":{"nombre":"Arroyo Quemquemtreu","tipo":"Arroyo"},"geometry":{"type":"LineString","coordinates":[[-70.7557,-40.2242],[-70.7497,-40.2267],[-70.7472,-40.2229]]}},{"type":"Feature","properties":{"nombre":"Arroyo Ninquehue","tipo":"Arroyo"},"geometry":{"type":"LineString","coordinates":[[-70.0491,-36.4545],[-70.0584,-36.4493],[-70.06,-36.4404],[-70.0819,-36.4343]]}},{"type":"Feature","properties":{"nombre":"Río Chachín","tipo":"Río"},"geometry":{"type":"LineString","coordinates":[[-71.7376,-40.2314],[-71.7351,-40.2277],[-71.7255,-40.2264],[-71.7226,-40.2229]]}},{"type":"Feature","properties":{"nombre":"Río Chimehuín","tipo":"Río"},"geometry":{"type":"LineString","coordinates":[[-71.0699,-39.9786],[-71.069,-39.9842],[-71.0601,-39.9874]]}},{"type":"Feature","properties":{"nombre":"Arroyo Bayo Overo","tipo":"Arroyo"},"geometry":{"type":"LineString","coordinates":[[-70.5665,-37.0137],[-70.5824,-37.0118],[-70.6045,-37.0161],[-70.6058,-37.0196]]}},{"type":"Feature","properties":{"nombre":"Río Neuquén","tipo":"Río"},"geometry":{"type":"LineString","coordinates":[[-68.8698,-38.3799],[-68.8714,-38.3777],[-68.8651,-38.3731]]}},{"type":"Feature","properties":{"nombre":null,"tipo":null},"geometry":{"type":"LineString","coordinates":[[-70.2956,-39.2255],[-70.2872,-39.222]]}},{"type":"Feature","properties":{"nombre":"Arroyo Los Filos","tipo":"Arroyo"},"geometry":{"type":"LineString","coordinates":[[-70.2815,-36.7429],[-70.2676,-36.7387],[-70.2578,-36.7317]]}},{"type":"Feature","properties":{"nombre":null,"tipo":null},"geometry":{"type":"LineString","coordinates":[[-71.0113,-37.035],[-71.0013,-37.0243]]}},{"type":"Feature","properties":{"nombre":"Arroyo Wayle","tipo":"Arroyo"},"geometry":{"type":"LineString","coordinates":[[-70.0671,-37.0],[-70.0684,-36.9975],[-70.063,-36.9942],[-70.0609,-36.9836],[-70.0565,-36.9812]]}},{"type":"Feature","properties":{"nombre":"Río Malleo","tipo":"Río"},"geometry":{"type":"LineString","coordinates":[[-71.2804,-39.6375],[-71.2824,-39.6417],[-71.272,-39.6418],[-71.2707,-39.6467]]}},{"type":"Feature","properties":{"nombre":"Río Agrio","tipo":"Río"},"geometry":{"type":"LineString","coordinates":[[-69.9688,-38.3391],[-69.9587,-38.3375]]}},{"type":"Feature","properties":{"nombre":"Río Neuquén","tipo":"Río"},"geometry":{"type":"LineString","coordinates":[[-69.8584,-37.8978],[-69.8558,-37.9073]]}},{"type":"Feature","properties":{"nombre":"Arroyo Butalón","tipo":"Arroyo"},"geometry":{"type":"LineString","coordinates":[[-70.5759,-36.9607],[-70.5832,-36.9598],[-70.587,-36.9624]]}},{"type":"Feature","properties":{"nombre":"Arroyo Quemquemtreu","tipo":"Arroyo"},"geometry":{"type":"LineString","coordinates":[[-71.2082,-40.2154],[-71.223,-40.2263],[-71.2312,-40.226]]}},{"type":"Feature","properties":{"nombre":"Río Catán Lil","tipo":"Río"},"geometry":{"type":"LineString","coordinates":[[-70.7906,-39.8046],[-70.7963,-39.8076],[-70.8003,-39.8051]]}},{"type":"Feature","properties":{"nombre":"Arroyo Las Olletas","tipo":"Arroyo"},"geometry":{"type":"LineString","coordinates":[[-70.3822,-36.83],[-70.3729,-36.8317],[-70.3648,-36.8251],[-70.3483,-36.8243],[-70.3408,-36.819],[-70.3077,-36.8189]]}},{"type":"Feature","properties":{"nombre":"Arroyo Los Menucos","tipo":"Arroyo"},"geometry":{"type":"LineString","coordinates":[[-70.2944,-36.9457],[-70.2734,-36.9684],[-70.2554,-36.9619]]}},{"type":"Feature","properties":{"nombre":"Arroyo Santo Tomás","tipo":"Arroyo"},"geometry":{"type":"LineString","coordinates":[[-70.0605,-39.8069],[-70.0344,-39.8184]]}},{"type":"Feature","properties":{"nombre":"Arroyo Colimichicó","tipo":"Arroyo"},"geometry":{"type":"LineString","coordinates":[[-70.6242,-36.9396],[-70.6494,-36.9364]]}},{"type":"Feature","properties":{"nombre":"Río Grande","tipo":"Río"},"geometry":{"type":"LineString","coordinates":[[-69.663,-36.5991],[-69.6608,-36.602],[-69.6642,-36.6076]]}},{"type":"Feature","properties":{"nombre":"Arroyo Butahuao","tipo":"Arroyo"},"geometry":{"type":"LineString","coordinates":[[-70.927,-38.1975],[-70.92,-38.2037]]}},{"type":"Feature","properties":{"nombre":"Arroyo Huayilón","tipo":"Arroyo"},"geometry":{"type":"LineString","coordinates":[[-70.5,-38.3711],[-70.5064,-38.3743],[-70.5116,-38.3854]]}},{"type":"Feature","properties":{"nombre":"Arroyo Ailinco","tipo":"Arroyo"},"geometry":{"type":"LineString","coordinates":[[-70.2027,-36.3248],[-70.2114,-36.3263],[-70.22,-36.3323]]}},{"type":"Feature","properties":{"nombre":"Arroyo Sanquilco","tipo":"Arroyo"},"geometry":{"type":"LineString","coordinates":[[-70.6363,-38.5938],[-70.621,-38.5896],[-70.6237,-38.5845],[-70.6134,-38.5778]]}},{"type":"Feature","properties":{"nombre":"Arroyo Laguna Verde","tipo":"Arroyo"},"geometry":{"type":"LineString","coordinates":[[-70.9503,-38.4375],[-70.9379,-38.439]]}},{"type":"Feature","properties":{"nombre":null,"tipo":null},"geometry":{"type":"LineString","coordinates":[[-69.3096,-39.6667],[-69.2971,-39.6605],[-69.2967,-39.656]]}},{"type":"Feature","properties":{"nombre":"Arroyo Queñi","tipo":"Arroyo"},"geometry":{"type":"LineString","coordinates":[[-71.8083,-40.1677],[-71.8072,-40.1768],[-71.7942,-40.1788]]}},{"type":"Feature","properties":{"nombre":"Río Agrio","tipo":"Río"},"geometry":{"type":"LineString","coordinates":[[-70.5257,-38.3751],[-70.5171,-38.3799]]}},{"type":"Feature","properties":{"nombre":"Arroyo Riyunco","tipo":"Arroyo"},"geometry":{"type":"LineString","coordinates":[[-71.5977,-40.5512],[-71.5953,-40.5781],[-71.6031,-40.6115]]}},{"type":"Feature","properties":{"nombre":"Arroyo La Llamada","tipo":"Arroyo"},"geometry":{"type":"LineString","coordinates":[[-70.6228,-37.5203],[-70.6154,-37.5144]]}},{"type":"Feature","properties":{"nombre":"Arroyo Coyochos","tipo":"Arroyo"},"geometry":{"type":"LineString","coordinates":[[-70.0728,-36.4306],[-70.0562,-36.4394],[-70.0451,-36.4368],[-70.0373,-36.4311],[-70.0378,-36.4233],[-70.0311,-36.4144]]}},{"type":"Feature","properties":{"nombre":"Río Aluminé","tipo":"Río"},"geometry":{"type":"LineString","coordinates":[[-70.9338,-39.4205],[-70.9434,-39.4268]]}},{"type":"Feature","properties":{"nombre":"Arroyo Nahuel Mapi","tipo":"Arroyo"},"geometry":{"type":"LineString","coordinates":[[-71.0755,-39.5838],[-71.0643,-39.5923]]}},{"type":"Feature","properties":{"nombre":"Arroyo Collún - Co","tipo":"Arroyo"},"geometry":{"type":"LineString","coordinates":[[-71.2607,-39.977],[-71.2542,-39.972],[-71.2371,-39.9673]]}},{"type":"Feature","properties":{"nombre":"Río Neuquén","tipo":"Río"},"geometry":{"type":"LineString","coordinates":[[-69.046,-38.5618],[-69.041,-38.5555],[-69.045,-38.5476]]}},{"type":"Feature","properties":{"nombre":null,"tipo":null},"geometry":{"type":"LineString","coordinates":[[-69.2578,-39.6667],[-69.2752,-39.6561],[-69.2825,-39.6459]]}},{"type":"Feature","properties":{"nombre":"Arroyo del Nonial","tipo":"Arroyo"},"geometry":{"type":"LineString","coordinates":[[-70.5597,-37.8836],[-70.5737,-37.8806]]}},{"type":"Feature","properties":{"nombre":null,"tipo":null},"geometry":{"type":"LineString","coordinates":[[-70.5107,-37.4523],[-70.5238,-37.4536],[-70.5265,-37.4616]]}},{"type":"Feature","properties":{"nombre":"Río Colorado","tipo":"Río"},"geometry":{"type":"LineString","coordinates":[[-69.7542,-36.8885],[-69.7644,-36.8954]]}},{"type":"Feature","properties":{"nombre":null,"tipo":null},"geometry":{"type":"LineString","coordinates":[[-70.645,-38.9271],[-70.6534,-38.914]]}},{"type":"Feature","properties":{"nombre":"Arroyo Huaca Mamuil","tipo":"Arroyo"},"geometry":{"type":"LineString","coordinates":[[-71.2875,-39.6302],[-71.2804,-39.6375]]}},{"type":"Feature","properties":{"nombre":"Arroyo de la Lagunita o Blanco","tipo":"Arroyo"},"geometry":{"type":"LineString","coordinates":[[-70.3085,-36.4814],[-70.2978,-36.4867],[-70.2877,-36.4845]]}},{"type":"Feature","properties":{"nombre":null,"tipo":null},"geometry":{"type":"LineString","coordinates":[[-70.3859,-36.1121],[-70.3848,-36.0865],[-70.3959,-36.0676],[-70.3979,-36.0527]]}},{"type":"Feature","properties":{"nombre":"Arroyo Remeco","tipo":"Arroyo"},"geometry":{"type":"LineString","coordinates":[[-71.3882,-39.0243],[-71.3854,-39.0018]]}},{"type":"Feature","properties":{"nombre":"Río Neuquén","tipo":"Río"},"geometry":{"type":"LineString","coordinates":[[-68.1191,-38.7751],[-68.1193,-38.7807],[-68.1138,-38.7848],[-68.1149,-38.789]]}},{"type":"Feature","properties":{"nombre":"Arroyo Pilo Lil","tipo":"Arroyo"},"geometry":{"type":"LineString","coordinates":[[-70.993,-39.6518],[-70.9842,-39.6569]]}},{"type":"Feature","properties":{"nombre":null,"tipo":null},"geometry":{"type":"LineString","coordinates":[[-71.8584,-40.5343],[-71.8568,-40.5431]]}},{"type":"Feature","properties":{"nombre":"Arroyo Pancú Lehué","tipo":"Arroyo"},"geometry":{"type":"LineString","coordinates":[[-70.3482,-36.0887],[-70.3424,-36.0979]]}},{"type":"Feature","properties":{"nombre":"Arroyo Los Ñires","tipo":"Arroyo"},"geometry":{"type":"LineString","coordinates":[[-70.776,-37.1052],[-70.7571,-37.1087],[-70.7563,-37.114]]}},{"type":"Feature","properties":{"nombre":null,"tipo":null},"geometry":{"type":"LineString","coordinates":[[-71.8177,-40.4317],[-71.7992,-40.4308]]}},{"type":"Feature","properties":{"nombre":"Río Potimalal","tipo":"Río"},"geometry":{"type":"LineString","coordinates":[[-70.0,-36.0495],[-70.0017,-36.059]]}},{"type":"Feature","properties":{"nombre":"Arroyo Ailinco","tipo":"Arroyo"},"geometry":{"type":"LineString","coordinates":[[-70.194,-36.2721],[-70.1973,-36.2853]]}},{"type":"Feature","properties":{"nombre":"Arroyo Pichi Currhué","tipo":"Arroyo"},"geometry":{"type":"LineString","coordinates":[[-71.2773,-39.8684],[-71.2676,-39.8747]]}},{"type":"Feature","properties":{"nombre":"Río Grande","tipo":"Río"},"geometry":{"type":"LineString","coordinates":[[-69.6695,-36.508],[-69.665,-36.5179],[-69.6464,-36.5309],[-69.6474,-36.5342]]}},{"type":"Feature","properties":{"nombre":"Río Limay","tipo":"Río"},"geometry":{"type":"LineString","coordinates":[[-68.4803,-39.0487],[-68.4693,-39.0458]]}},{"type":"Feature","properties":{"nombre":"Río Colorado","tipo":"Río"},"geometry":{"type":"LineString","coordinates":[[-69.7765,-36.9774],[-69.7742,-36.9803],[-69.7758,-36.9893]]}},{"type":"Feature","properties":{"nombre":"Río Buraleo","tipo":"Río"},"geometry":{"type":"LineString","coordinates":[[-71.0786,-37.0],[-71.0614,-37.0017]]}},{"type":"Feature","properties":{"nombre":null,"tipo":null},"geometry":{"type":"LineString","coordinates":[[-71.1013,-37.0113],[-71.0908,-37.0054],[-71.093,-37.0]]}},{"type":"Feature","properties":{"nombre":"Río Quillén","tipo":"Río"},"geometry":{"type":"LineString","coordinates":[[-71.1345,-39.3769],[-71.1166,-39.3813]]}},{"type":"Feature","properties":{"nombre":"Arroyo Acol","tipo":"Arroyo"},"geometry":{"type":"LineString","coordinates":[[-71.793,-40.0905],[-71.7842,-40.0972]]}},{"type":"Feature","properties":{"nombre":"Río Agrio","tipo":"Río"},"geometry":{"type":"LineString","coordinates":[[-70.8275,-37.8044],[-70.8303,-37.7992],[-70.828,-37.7938]]}},{"type":"Feature","properties":{"nombre":"Río Grande","tipo":"Río"},"geometry":{"type":"LineString","coordinates":[[-69.7236,-36.0286],[-69.7256,-36.0341],[-69.7235,-36.037]]}},{"type":"Feature","properties":{"nombre":"Río Limay","tipo":"Río"},"geometry":{"type":"LineString","coordinates":[[-68.1476,-38.9752],[-68.1392,-38.9814]]}},{"type":"Feature","properties":{"nombre":"Arroyo Aseret","tipo":"Arroyo"},"geometry":{"type":"LineString","coordinates":[[-71.4301,-39.912],[-71.4212,-39.9077]]}},{"type":"Feature","properties":{"nombre":"Río Quillén","tipo":"Río"},"geometry":{"type":"LineString","coordinates":[[-71.22,-39.3634],[-71.2116,-39.3627],[-71.2109,-39.3681],[-71.2016,-39.3738],[-71.1966,-39.3716]]}},{"type":"Feature","properties":{"nombre":"Arroyo Colimichicó","tipo":"Arroyo"},"geometry":{"type":"LineString","coordinates":[[-70.6557,-36.9384],[-70.6645,-36.9321]]}},{"type":"Feature","properties":{"nombre":"Río Neuquén","tipo":"Río"},"geometry":{"type":"LineString","coordinates":[[-69.0663,-38.5648],[-69.0523,-38.562],[-69.0517,-38.5511],[-69.0491,-38.5501]]}},{"type":"Feature","properties":{"nombre":"Río Kilca","tipo":"Río"},"geometry":{"type":"LineString","coordinates":[[-70.8914,-39.0987],[-70.897,-39.107]]}},{"type":"Feature","properties":{"nombre":"Río Aluminé","tipo":"Río"},"geometry":{"type":"LineString","coordinates":[[-71.0463,-38.9722],[-71.0513,-38.9865],[-71.0362,-38.9946]]}},{"type":"Feature","properties":{"nombre":"Arroyo Chadileo","tipo":"Arroyo"},"geometry":{"type":"LineString","coordinates":[[-70.3249,-36.6867],[-70.3076,-36.6883]]}},{"type":"Feature","properties":{"nombre":"Arroyo Aucapán","tipo":"Arroyo"},"geometry":{"type":"LineString","coordinates":[[-71.0244,-39.6474],[-71.0183,-39.6478],[-71.0137,-39.6529],[-71.0106,-39.651]]}},{"type":"Feature","properties":{"nombre":"Arroyo Quebrada de la Zorra","tipo":"Arroyo"},"geometry":{"type":"LineString","coordinates":[[-70.8922,-37.0129],[-70.8756,-37.0093]]}},{"type":"Feature","properties":{"nombre":"Arroyo Nahuel Mapi","tipo":"Arroyo"},"geometry":{"type":"LineString","coordinates":[[-71.2678,-39.5481],[-71.2376,-39.5514]]}},{"type":"Feature","properties":{"nombre":"Arroyo El Cholar","tipo":"Arroyo"},"geometry":{"type":"LineString","coordinates":[[-70.6537,-37.4551],[-70.6526,-37.4402]]}},{"type":"Feature","properties":{"nombre":"Río Chimehuín","tipo":"Río"},"geometry":{"type":"LineString","coordinates":[[-71.1949,-39.7991],[-71.1856,-39.8116],[-71.1761,-39.8145]]}},{"type":"Feature","properties":{"nombre":"Río Neuquén","tipo":"Río"},"geometry":{"type":"LineString","coordinates":[[-69.2291,-38.6292],[-69.2206,-38.6276],[-69.2158,-38.6231]]}},{"type":"Feature","properties":{"nombre":"Arroyo Pichachén","tipo":"Arroyo"},"geometry":{"type":"LineString","coordinates":[[-71.0951,-37.4276],[-71.0885,-37.4128]]}},{"type":"Feature","properties":{"nombre":"Arroyo Piuquenes","tipo":"Arroyo"},"geometry":{"type":"LineString","coordinates":[[-71.1001,-37.3623],[-71.0938,-37.3668],[-71.0859,-37.3671],[-71.0761,-37.3618],[-71.0676,-37.3622],[-71.0569,-37.3674]]}},{"type":"Feature","properties":{"nombre":"Río Neuquén","tipo":"Río"},"geometry":{"type":"LineString","coordinates":[[-68.6839,-38.4042],[-68.6774,-38.4168]]}},{"type":"Feature","properties":{"nombre":"Río Hermoso","tipo":"Río"},"geometry":{"type":"LineString","coordinates":[[-71.4739,-40.3547],[-71.4521,-40.3569]]}},{"type":"Feature","properties":{"nombre":"Arroyo Los Molles","tipo":"Arroyo"},"geometry":{"type":"LineString","coordinates":[[-70.2915,-39.2328],[-70.2924,-39.2295],[-70.2875,-39.2285]]}},{"type":"Feature","properties":{"nombre":"Arroyo Trobunco","tipo":"Arroyo"},"geometry":{"type":"LineString","coordinates":[[-70.9036,-37.2489],[-70.8913,-37.2532],[-70.8847,-37.2631],[-70.8735,-37.2679],[-70.8707,-37.2779]]}},{"type":"Feature","properties":{"nombre":"Río Litrán","tipo":"Río"},"geometry":{"type":"LineString","coordinates":[[-71.0481,-38.9003],[-71.0537,-38.8985],[-71.0647,-38.905]]}},{"type":"Feature","properties":{"nombre":"Río Agrio","tipo":"Río"},"geometry":{"type":"LineString","coordinates":[[-70.4299,-38.5047],[-70.4189,-38.5164],[-70.4043,-38.5213],[-70.3967,-38.5206]]}},{"type":"Feature","properties":{"nombre":"Arroyo Rucamilio","tipo":"Arroyo"},"geometry":{"type":"LineString","coordinates":[[-70.1532,-36.3582],[-70.1405,-36.3598]]}},{"type":"Feature","properties":{"nombre":"Arroyo Lapa","tipo":"Arroyo"},"geometry":{"type":"LineString","coordinates":[[-70.4913,-39.3549],[-70.4847,-39.3624]]}},{"type":"Feature","properties":{"nombre":"Río Neuquén","tipo":"Río"},"geometry":{"type":"LineString","coordinates":[[-69.8501,-37.8349],[-69.8601,-37.8309]]}},{"type":"Feature","properties":{"nombre":"Arroyo Pilmatué","tipo":"Arroyo"},"geometry":{"type":"LineString","coordinates":[[-70.2334,-38.4346],[-70.2353,-38.438],[-70.233,-38.4399],[-70.236,-38.4411]]}},{"type":"Feature","properties":{"nombre":null,"tipo":null},"geometry":{"type":"LineString","coordinates":[[-70.9107,-38.8937],[-70.9129,-38.9015]]}},{"type":"Feature","properties":{"nombre":null,"tipo":null},"geometry":{"type":"LineString","coordinates":[[-70.2174,-38.5314],[-70.2042,-38.5254],[-70.2001,-38.5197]]}},{"type":"Feature","properties":{"nombre":"Río Aluminé","tipo":"Río"},"geometry":{"type":"LineString","coordinates":[[-70.9006,-39.7104],[-70.8956,-39.7221]]}},{"type":"Feature","properties":{"nombre":"Arroyo Manzano","tipo":"Arroyo"},"geometry":{"type":"LineString","coordinates":[[-70.6921,-38.6759],[-70.6905,-38.6667]]}},{"type":"Feature","properties":{"nombre":"Arroyo La Mona","tipo":"Arroyo"},"geometry":{"type":"LineString","coordinates":[[-70.7684,-38.2609],[-70.7464,-38.2598],[-70.7417,-38.2511]]}},{"type":"Feature","properties":{"nombre":"Arroyo Cajón Choroyes","tipo":"Arroyo"},"geometry":{"type":"LineString","coordinates":[[-70.5459,-36.3333],[-70.5554,-36.3231],[-70.5692,-36.3186]]}},{"type":"Feature","properties":{"nombre":"Río Neuquén","tipo":"Río"},"geometry":{"type":"LineString","coordinates":[[-69.4089,-38.5364],[-69.4091,-38.5422],[-69.3965,-38.5469]]}},{"type":"Feature","properties":{"nombre":"Arroyo Morro Negro","tipo":"Arroyo"},"geometry":{"type":"LineString","coordinates":[[-70.532,-37.189],[-70.5237,-37.1885],[-70.5136,-37.1934],[-70.5,-37.1916]]}},{"type":"Feature","properties":{"nombre":"Arroyo Huaca Mamuil","tipo":"Arroyo"},"geometry":{"type":"LineString","coordinates":[[-71.3393,-39.5569],[-71.3327,-39.5629],[-71.326,-39.5637]]}},{"type":"Feature","properties":{"nombre":"Arroyo La Buitrera","tipo":"Arroyo"},"geometry":{"type":"LineString","coordinates":[[-70.2894,-38.5608],[-70.2654,-38.549],[-70.2365,-38.5452]]}},{"type":"Feature","properties":{"nombre":"Arroyo del Coironal","tipo":"Arroyo"},"geometry":{"type":"LineString","coordinates":[[-71.1074,-37.5471],[-71.0959,-37.544]]}},{"type":"Feature","properties":{"nombre":"Arroyo Ailinco","tipo":"Arroyo"},"geometry":{"type":"LineString","coordinates":[[-70.2011,-36.3082],[-70.2039,-36.3142],[-70.2001,-36.32]]}},{"type":"Feature","properties":{"nombre":"Río Caleufú","tipo":"Río"},"geometry":{"type":"LineString","coordinates":[[-70.989,-40.3919],[-70.9809,-40.3995]]}},{"type":"Feature","properties":{"nombre":"Río Catán Lil","tipo":"Río"},"geometry":{"type":"LineString","coordinates":[[-70.5828,-39.733],[-70.5896,-39.7352],[-70.5906,-39.7399]]}},{"type":"Feature","properties":{"nombre":"Arroyo Pancú Lehué","tipo":"Arroyo"},"geometry":{"type":"LineString","coordinates":[[-70.2817,-36.2437],[-70.284,-36.2559],[-70.3014,-36.275],[-70.3016,-36.2792]]}},{"type":"Feature","properties":{"nombre":"Arroyo Cancha Huinganco","tipo":"Arroyo"},"geometry":{"type":"LineString","coordinates":[[-70.4102,-37.0464],[-70.3946,-37.0668]]}},{"type":"Feature","properties":{"nombre":null,"tipo":null},"geometry":{"type":"LineString","coordinates":[[-70.8249,-37.1396],[-70.8177,-37.1466]]}},{"type":"Feature","properties":{"nombre":"Arroyo del Yeso","tipo":"Arroyo"},"geometry":{"type":"LineString","coordinates":[[-69.8626,-36.2276],[-69.8916,-36.2282],[-69.9128,-36.2397],[-69.9248,-36.2396],[-69.9553,-36.2479],[-69.9667,-36.2426]]}},{"type":"Feature","properties":{"nombre":"Río Barrancas","tipo":"Río"},"geometry":{"type":"LineString","coordinates":[[-69.8379,-36.8468],[-69.8298,-36.8507],[-69.8183,-36.8503]]}},{"type":"Feature","properties":{"nombre":"Río Grande","tipo":"Río"},"geometry":{"type":"LineString","coordinates":[[-69.7182,-36.0141],[-69.7207,-36.0196],[-69.7174,-36.0238]]}},{"type":"Feature","properties":{"nombre":null,"tipo":null},"geometry":{"type":"LineString","coordinates":[[-70.8414,-38.9146],[-70.8332,-38.9195],[-70.8323,-38.9252]]}},{"type":"Feature","properties":{"nombre":null,"tipo":null},"geometry":{"type":"LineString","coordinates":[[-70.846,-38.7367],[-70.8374,-38.7568],[-70.8438,-38.768]]}},{"type":"Feature","properties":{"nombre":"Arroyo Los Pinos","tipo":"Arroyo"},"geometry":{"type":"LineString","coordinates":[[-71.2017,-37.6878],[-71.1925,-37.6921]]}},{"type":"Feature","properties":{"nombre":"Arroyo Ayhuin","tipo":"Arroyo"},"geometry":{"type":"LineString","coordinates":[[-71.7687,-40.4904],[-71.7688,-40.4943],[-71.7722,-40.4946],[-71.7631,-40.5049],[-71.7621,-40.5109]]}},{"type":"Feature","properties":{"nombre":"Arroyo Liu Cullín","tipo":"Arroyo"},"geometry":{"type":"LineString","coordinates":[[-70.631,-38.7193],[-70.6141,-38.7234]]}},{"type":"Feature","properties":{"nombre":"Río Catán Lil","tipo":"Río"},"geometry":{"type":"LineString","coordinates":[[-70.731,-39.7673],[-70.7363,-39.7676],[-70.7374,-39.7714],[-70.7429,-39.7732],[-70.7452,-39.7797]]}},{"type":"Feature","properties":{"nombre":"Río Barrancas","tipo":"Río"},"geometry":{"type":"LineString","coordinates":[[-70.354,-36.3192],[-70.3513,-36.3245],[-70.347,-36.3245],[-70.3441,-36.333]]}},{"type":"Feature","properties":{"nombre":"Arroyo Butalón","tipo":"Arroyo"},"geometry":{"type":"LineString","coordinates":[[-70.172,-36.4263],[-70.1904,-36.428]]}},{"type":"Feature","properties":{"nombre":null,"tipo":null},"geometry":{"type":"LineString","coordinates":[[-70.9649,-36.5677],[-70.952,-36.5715]]}},{"type":"Feature","properties":{"nombre":"Arroyo Angosto","tipo":"Arroyo"},"geometry":{"type":"LineString","coordinates":[[-71.0672,-37.2074],[-71.0434,-37.2147]]}},{"type":"Feature","properties":{"nombre":"Arroyo Quillahue","tipo":"Arroyo"},"geometry":{"type":"LineString","coordinates":[[-71.349,-38.9636],[-71.335,-38.9589]]}},{"type":"Feature","properties":{"nombre":"Arroyo Pichi Picún Leufú","tipo":"Arroyo"},"geometry":{"type":"LineString","coordinates":[[-70.5816,-39.1068],[-70.5773,-39.1086],[-70.5739,-39.1051],[-70.546,-39.1032]]}},{"type":"Feature","properties":{"nombre":"Arroyo Liu Cullín","tipo":"Arroyo"},"geometry":{"type":"LineString","coordinates":[[-70.7543,-38.7653],[-70.7466,-38.7647],[-70.7417,-38.7604]]}},{"type":"Feature","properties":{"nombre":"Arroyo Huanquimileo","tipo":"Arroyo"},"geometry":{"type":"LineString","coordinates":[[-70.0428,-36.0615],[-70.0393,-36.0513],[-70.0268,-36.042]]}},{"type":"Feature","properties":{"nombre":"Arroyo El Cholar","tipo":"Arroyo"},"geometry":{"type":"LineString","coordinates":[[-70.7167,-37.529],[-70.7007,-37.5278],[-70.686,-37.5193]]}},{"type":"Feature","properties":{"nombre":"Río Litrán","tipo":"Río"},"geometry":{"type":"LineString","coordinates":[[-71.0161,-38.8606],[-71.0271,-38.8616]]}},{"type":"Feature","properties":{"nombre":"Arroyo de la Lagunita o Blanco","tipo":"Arroyo"},"geometry":{"type":"LineString","coordinates":[[-70.3519,-36.4666],[-70.3416,-36.4669],[-70.3285,-36.4783]]}},{"type":"Feature","properties":{"nombre":"Arroyo Rezago","tipo":"Arroyo"},"geometry":{"type":"LineString","coordinates":[[-70.8813,-36.5421],[-70.8536,-36.5642],[-70.8488,-36.574],[-70.8458,-36.5979]]}},{"type":"Feature","properties":{"nombre":"Río Buraleo","tipo":"Río"},"geometry":{"type":"LineString","coordinates":[[-71.1311,-36.9881],[-71.1232,-36.9878],[-71.1135,-36.9921]]}},{"type":"Feature","properties":{"nombre":"Arroyo Colimamil","tipo":"Arroyo"},"geometry":{"type":"LineString","coordinates":[[-70.3553,-36.7769],[-70.369,-36.7831],[-70.3673,-36.7879],[-70.3695,-36.7902]]}},{"type":"Feature","properties":{"nombre":"Río Reñileuvú","tipo":"Río"},"geometry":{"type":"LineString","coordinates":[[-70.9444,-37.3576],[-70.9314,-37.3578],[-70.918,-37.3521]]}},{"type":"Feature","properties":{"nombre":null,"tipo":null},"geometry":{"type":"LineString","coordinates":[[-70.9302,-37.033],[-70.9289,-37.0305],[-70.9318,-37.0283],[-70.927,-37.0153]]}},{"type":"Feature","properties":{"nombre":"Río Grande","tipo":"Río"},"geometry":{"type":"LineString","coordinates":[[-69.7568,-36.7242],[-69.7612,-36.7237],[-69.7654,-36.7139]]}},{"type":"Feature","properties":{"nombre":"Arroyo Cajón Grande","tipo":"Arroyo"},"geometry":{"type":"LineString","coordinates":[[-70.465,-36.819],[-70.4437,-36.8261]]}},{"type":"Feature","properties":{"nombre":"Arroyo Chadileo","tipo":"Arroyo"},"geometry":{"type":"LineString","coordinates":[[-70.2566,-36.6841],[-70.2371,-36.6908]]}},{"type":"Feature","properties":{"nombre":"Arroyo Coyochos","tipo":"Arroyo"},"geometry":{"type":"LineString","coordinates":[[-70.1463,-36.4392],[-70.1499,-36.4435],[-70.1459,-36.4533]]}},{"type":"Feature","properties":{"nombre":"Río Collón Curá","tipo":"Río"},"geometry":{"type":"LineString","coordinates":[[-70.6652,-40.2909],[-70.6688,-40.2918],[-70.6719,-40.2996]]}},{"type":"Feature","properties":{"nombre":"Río Varvarco","tipo":"Río"},"geometry":{"type":"LineString","coordinates":[[-70.6809,-36.7546],[-70.6917,-36.7693]]}},{"type":"Feature","properties":{"nombre":"Arroyo Cajón Grande","tipo":"Arroyo"},"geometry":{"type":"LineString","coordinates":[[-70.4437,-36.8261],[-70.408,-36.8218]]}},{"type":"Feature","properties":{"nombre":"Río Limay","tipo":"Río"},"geometry":{"type":"LineString","coordinates":[[-69.4922,-39.7977],[-69.485,-39.7956],[-69.4783,-39.7977]]}},{"type":"Feature","properties":{"nombre":"Arroyo Milla Michico","tipo":"Arroyo"},"geometry":{"type":"LineString","coordinates":[[-70.6636,-37.297],[-70.6793,-37.2886],[-70.6874,-37.2884],[-70.693,-37.2935]]}},{"type":"Feature","properties":{"nombre":"Río Grande","tipo":"Río"},"geometry":{"type":"LineString","coordinates":[[-69.6919,-36.1481],[-69.6983,-36.1407]]}},{"type":"Feature","properties":{"nombre":null,"tipo":null},"geometry":{"type":"LineString","coordinates":[[-70.5547,-38.7114],[-70.5435,-38.6969]]}},{"type":"Feature","properties":{"nombre":"Arroyo Guanaco","tipo":"Arroyo"},"geometry":{"type":"LineString","coordinates":[[-70.2802,-36.011],[-70.2663,-36.012],[-70.2537,-36.0]]}},{"type":"Feature","properties":{"nombre":"Río Neuquén","tipo":"Río"},"geometry":{"type":"LineString","coordinates":[[-69.7449,-38.1725],[-69.7347,-38.1792]]}},{"type":"Feature","properties":{"nombre":"Arroyo Huarenchenque","tipo":"Arroyo"},"geometry":{"type":"LineString","coordinates":[[-70.6616,-38.2797],[-70.6574,-38.274],[-70.6428,-38.2672]]}},{"type":"Feature","properties":{"nombre":"Arroyo Hualcupén","tipo":"Arroyo"},"geometry":{"type":"LineString","coordinates":[[-70.9311,-37.95],[-70.9193,-37.9468]]}},{"type":"Feature","properties":{"nombre":null,"tipo":null},"geometry":{"type":"LineString","coordinates":[[-70.9244,-37.0412],[-70.9086,-37.0259]]}},{"type":"Feature","properties":{"nombre":"Arroyo Mütrenquel","tipo":"Arroyo"},"geometry":{"type":"LineString","coordinates":[[-69.8721,-36.2419],[-69.8734,-36.2508]]}},{"type":"Feature","properties":{"nombre":"Arroyo Colimichicó","tipo":"Arroyo"},"geometry":{"type":"LineString","coordinates":[[-70.611,-36.9411],[-70.6242,-36.9396]]}},{"type":"Feature","properties":{"nombre":"Arroyo Lonco Luan","tipo":"Arroyo"},"geometry":{"type":"LineString","coordinates":[[-70.9512,-38.9291],[-70.9605,-38.9385]]}},{"type":"Feature","properties":{"nombre":null,"tipo":null},"geometry":{"type":"LineString","coordinates":[[-70.5766,-37.2204],[-70.5938,-37.2326],[-70.6054,-37.2354]]}},{"type":"Feature","properties":{"nombre":"Arroyo Quirinco","tipo":"Arroyo"},"geometry":{"type":"LineString","coordinates":[[-70.8777,-38.8122],[-70.8987,-38.8119],[-70.9093,-38.8179]]}},{"type":"Feature","properties":{"nombre":"Arroyo Pomales","tipo":"Arroyo"},"geometry":{"type":"LineString","coordinates":[[-70.287,-36.0466],[-70.2712,-36.0346],[-70.2527,-36.0266]]}},{"type":"Feature","properties":{"nombre":"Arroyo Guanaco","tipo":"Arroyo"},"geometry":{"type":"LineString","coordinates":[[-70.3763,-36.029],[-70.3662,-36.0223],[-70.3468,-36.0192],[-70.3354,-36.0235],[-70.3101,-36.016]]}},{"type":"Feature","properties":{"nombre":"Río Nahueve","tipo":"Río"},"geometry":{"type":"LineString","coordinates":[[-70.7696,-37.068],[-70.7714,-37.0712],[-70.7665,-37.0769]]}},{"type":"Feature","properties":{"nombre":null,"tipo":null},"geometry":{"type":"LineString","coordinates":[[-69.5147,-39.6544],[-69.5,-39.6528]]}},{"type":"Feature","properties":{"nombre":null,"tipo":null},"geometry":{"type":"LineString","coordinates":[[-70.7994,-38.8075],[-70.7887,-38.8155],[-70.7878,-38.829]]}},{"type":"Feature","properties":{"nombre":"Río Chimehuín","tipo":"Río"},"geometry":{"type":"LineString","coordinates":[[-71.1189,-39.9067],[-71.1171,-39.9105],[-71.1122,-39.911]]}},{"type":"Feature","properties":{"nombre":"Río Neuquén","tipo":"Río"},"geometry":{"type":"LineString","coordinates":[[-70.0351,-37.6275],[-70.0319,-37.6334],[-70.0376,-37.6474]]}},{"type":"Feature","properties":{"nombre":"Arroyo El Pino","tipo":"Arroyo"},"geometry":{"type":"LineString","coordinates":[[-70.9,-37.8713],[-70.8657,-37.8861],[-70.8503,-37.8881],[-70.8397,-37.8861]]}},{"type":"Feature","properties":{"nombre":"Río Varvarco","tipo":"Río"},"geometry":{"type":"LineString","coordinates":[[-70.6286,-36.3944],[-70.6264,-36.4027]]}},{"type":"Feature","properties":{"nombre":"Arroyo Domuyo (N)","tipo":"Arroyo"},"geometry":{"type":"LineString","coordinates":[[-70.3156,-36.5159],[-70.3069,-36.5126]]}},{"type":"Feature","properties":{"nombre":"Arroyo del Perfil","tipo":"Arroyo"},"geometry":{"type":"LineString","coordinates":[[-70.5302,-37.2379],[-70.5,-37.2495]]}},{"type":"Feature","properties":{"nombre":"Arroyo Juan Esteban","tipo":"Arroyo"},"geometry":{"type":"LineString","coordinates":[[-71.0777,-37.2911],[-71.0762,-37.3052]]}},{"type":"Feature","properties":{"nombre":"Río Quilquihue","tipo":"Río"},"geometry":{"type":"LineString","coordinates":[[-71.2822,-40.0868],[-71.2949,-40.0782]]}},{"type":"Feature","properties":{"nombre":null,"tipo":null},"geometry":{"type":"LineString","coordinates":[[-71.4401,-39.9411],[-71.4515,-39.9398],[-71.4576,-39.9481]]}},{"type":"Feature","properties":{"nombre":"Río Salado","tipo":"Río"},"geometry":{"type":"LineString","coordinates":[[-70.0149,-38.3333],[-70.0058,-38.3364],[-70.0,-38.3479]]}},{"type":"Feature","properties":{"nombre":"Arroyo de El Arco","tipo":"Arroyo"},"geometry":{"type":"LineString","coordinates":[[-71.1397,-38.8013],[-71.1328,-38.7982],[-71.1349,-38.7877],[-71.1132,-38.7863]]}},{"type":"Feature","properties":{"nombre":"Arroyo del Candil","tipo":"Arroyo"},"geometry":{"type":"LineString","coordinates":[[-71.5323,-40.4856],[-71.5215,-40.4853],[-71.5109,-40.4801]]}},{"type":"Feature","properties":{"nombre":"Arroyo Aseret","tipo":"Arroyo"},"geometry":{"type":"LineString","coordinates":[[-71.48,-39.9219],[-71.4494,-39.918]]}},{"type":"Feature","properties":{"nombre":"Río Negro","tipo":"Río"},"geometry":{"type":"LineString","coordinates":[[-67.5555,-39.0998],[-67.542,-39.0981]]}},{"type":"Feature","properties":{"nombre":"Arroyo Chapúa","tipo":"Arroyo"},"geometry":{"type":"LineString","coordinates":[[-70.1559,-37.1282],[-70.1621,-37.1305],[-70.1617,-37.1384],[-70.1685,-37.1477],[-70.1978,-37.1595],[-70.2086,-37.1565],[-70.2141,-37.1606]]}},{"type":"Feature","properties":{"nombre":"Arroyo Los Quiques","tipo":"Arroyo"},"geometry":{"type":"LineString","coordinates":[[-70.47,-36.9769],[-70.4598,-36.978],[-70.4365,-36.9719]]}},{"type":"Feature","properties":{"nombre":null,"tipo":null},"geometry":{"type":"LineString","coordinates":[[-70.7453,-37.7386],[-70.7286,-37.7317],[-70.7209,-37.7316]]}},{"type":"Feature","properties":{"nombre":"Río Neuquén","tipo":"Río"},"geometry":{"type":"LineString","coordinates":[[-70.7397,-36.7777],[-70.7367,-36.7781],[-70.7371,-36.7874],[-70.734,-36.7895]]}},{"type":"Feature","properties":{"nombre":"Río Neuquén","tipo":"Río"},"geometry":{"type":"LineString","coordinates":[[-68.582,-38.4763],[-68.5809,-38.481],[-68.5737,-38.4818]]}},{"type":"Feature","properties":{"nombre":"Río Colorado","tipo":"Río"},"geometry":{"type":"LineString","coordinates":[[-68.7504,-37.375],[-68.7426,-37.3826]]}},{"type":"Feature","properties":{"nombre":"Río Hermoso","tipo":"Río"},"geometry":{"type":"LineString","coordinates":[[-71.3464,-40.3325],[-71.3503,-40.3247],[-71.3617,-40.3241]]}},{"type":"Feature","properties":{"nombre":"Arroyo Picún Leufú","tipo":"Arroyo"},"geometry":{"type":"LineString","coordinates":[[-69.4641,-39.5024],[-69.4544,-39.5082]]}},{"type":"Feature","properties":{"nombre":"Río Grande","tipo":"Río"},"geometry":{"type":"LineString","coordinates":[[-69.7249,-36.0068],[-69.7258,-36.0172]]}},{"type":"Feature","properties":{"nombre":"Río Colorado","tipo":"Río"},"geometry":{"type":"LineString","coordinates":[[-68.6534,-37.4472],[-68.6341,-37.4475],[-68.6294,-37.4451]]}},{"type":"Feature","properties":{"nombre":"Arroyo Blanco","tipo":"Arroyo"},"geometry":{"type":"LineString","coordinates":[[-71.2915,-39.7333],[-71.2986,-39.7395],[-71.3052,-39.7392],[-71.3086,-39.7317],[-71.3145,-39.7299]]}},{"type":"Feature","properties":{"nombre":"Arroyo Chichahuay","tipo":"Arroyo"},"geometry":{"type":"LineString","coordinates":[[-70.9035,-40.305],[-70.8812,-40.3051]]}},{"type":"Feature","properties":{"nombre":"Río Litrán","tipo":"Río"},"geometry":{"type":"LineString","coordinates":[[-70.9137,-38.7824],[-70.9206,-38.7872],[-70.9192,-38.7888]]}},{"type":"Feature","properties":{"nombre":"Río Aluminé","tipo":"Río"},"geometry":{"type":"LineString","coordinates":[[-70.9169,-39.2697],[-70.9131,-39.2804]]}},{"type":"Feature","properties":{"nombre":"Arroyo Coihueco","tipo":"Arroyo"},"geometry":{"type":"LineString","coordinates":[[-70.2175,-38.0024],[-70.2118,-38.0095]]}},{"type":"Feature","properties":{"nombre":"Río Grande","tipo":"Río"},"geometry":{"type":"LineString","coordinates":[[-69.6948,-36.1333],[-69.6973,-36.1236]]}},{"type":"Feature","properties":{"nombre":"Arroyo Malo o Feo","tipo":"Arroyo"},"geometry":{"type":"LineString","coordinates":[[-70.4979,-37.2262],[-70.486,-37.2385]]}},{"type":"Feature","properties":{"nombre":"Río Agrio","tipo":"Río"},"geometry":{"type":"LineString","coordinates":[[-70.0632,-38.4124],[-70.0545,-38.4121],[-70.0511,-38.4086]]}},{"type":"Feature","properties":{"nombre":null,"tipo":null},"geometry":{"type":"LineString","coordinates":[[-69.6771,-36.32],[-69.6848,-36.3165],[-69.7016,-36.3155],[-69.7162,-36.3263],[-69.7184,-36.3333]]}},{"type":"Feature","properties":{"nombre":"Río Colorado","tipo":"Río"},"geometry":{"type":"LineString","coordinates":[[-68.0427,-37.5965],[-68.0328,-37.5959]]}},{"type":"Feature","properties":{"nombre":"Río Currhué","tipo":"Río"},"geometry":{"type":"LineString","coordinates":[[-71.2531,-39.9446],[-71.2331,-39.9547],[-71.2226,-39.9553],[-71.2164,-39.9494]]}},{"type":"Feature","properties":{"nombre":"Arroyo Butalón","tipo":"Arroyo"},"geometry":{"type":"LineString","coordinates":[[-70.5221,-37.3425],[-70.5261,-37.3509],[-70.5243,-37.3673]]}},{"type":"Feature","properties":{"nombre":"Arroyo Atreuco","tipo":"Arroyo"},"geometry":{"type":"LineString","coordinates":[[-70.5159,-36.7819],[-70.5291,-36.7727]]}},{"type":"Feature","properties":{"nombre":"Río Malleo","tipo":"Río"},"geometry":{"type":"LineString","coordinates":[[-71.145,-39.7324],[-71.145,-39.7378],[-71.1401,-39.7389]]}},{"type":"Feature","properties":{"nombre":"Río Quilquihue","tipo":"Río"},"geometry":{"type":"LineString","coordinates":[[-71.0657,-40.0596],[-71.0703,-40.0567],[-71.1012,-40.0595]]}},{"type":"Feature","properties":{"nombre":"Río Chimehuín","tipo":"Río"},"geometry":{"type":"LineString","coordinates":[[-71.067,-39.9565],[-71.0783,-39.961],[-71.0741,-39.9659],[-71.0763,-39.9695]]}},{"type":"Feature","properties":{"nombre":"Arroyo Guaraco Norte","tipo":"Arroyo"},"geometry":{"type":"LineString","coordinates":[[-70.6173,-36.8718],[-70.6255,-36.8756],[-70.6304,-36.8744]]}},{"type":"Feature","properties":{"nombre":"Río Aluminé","tipo":"Río"},"geometry":{"type":"LineString","coordinates":[[-70.9264,-39.3917],[-70.9194,-39.3968]]}},{"type":"Feature","properties":{"nombre":"Río Barrancas","tipo":"Río"},"geometry":{"type":"LineString","coordinates":[[-70.0136,-36.6904],[-70.0117,-36.6957],[-70.0043,-36.694]]}},{"type":"Feature","properties":{"nombre":"Arroyo Buta - Có","tipo":"Arroyo"},"geometry":{"type":"LineString","coordinates":[[-69.8103,-36.9054],[-69.7869,-36.9105]]}},{"type":"Feature","properties":{"nombre":"Río Colorado","tipo":"Río"},"geometry":{"type":"LineString","coordinates":[[-69.5913,-37.154],[-69.5891,-37.1591],[-69.5767,-37.1632]]}},{"type":"Feature","properties":{"nombre":"Arroyo Los Aparejos o Los Perros","tipo":"Arroyo"},"geometry":{"type":"LineString","coordinates":[[-70.9795,-36.9814],[-70.9615,-36.9799]]}},{"type":"Feature","properties":{"nombre":"Arroyo Las Lajitas","tipo":"Arroyo"},"geometry":{"type":"LineString","coordinates":[[-70.4895,-38.653],[-70.4841,-38.6448],[-70.4732,-38.6407],[-70.4703,-38.6268],[-70.4611,-38.6183],[-70.4603,-38.6119]]}},{"type":"Feature","properties":{"nombre":"Río Caleufú","tipo":"Río"},"geometry":{"type":"LineString","coordinates":[[-70.909,-40.3876],[-70.8958,-40.3966],[-70.8608,-40.3988],[-70.854,-40.4018]]}},{"type":"Feature","properties":{"nombre":"Río Currhué","tipo":"Río"},"geometry":{"type":"LineString","coordinates":[[-71.2807,-39.9187],[-71.257,-39.9224]]}},{"type":"Feature","properties":{"nombre":"Arroyo Picún Leufú","tipo":"Arroyo"},"geometry":{"type":"LineString","coordinates":[[-69.4159,-39.5155],[-69.4064,-39.5194]]}},{"type":"Feature","properties":{"nombre":"Río Limay","tipo":"Río"},"geometry":{"type":"LineString","coordinates":[[-68.5543,-39.0903],[-68.541,-39.0784]]}},{"type":"Feature","properties":{"nombre":"Río Catán Lil","tipo":"Río"},"geometry":{"type":"LineString","coordinates":[[-70.6576,-39.2559],[-70.654,-39.2686],[-70.6407,-39.277]]}},{"type":"Feature","properties":{"nombre":"Arroyo Codihue","tipo":"Arroyo"},"geometry":{"type":"LineString","coordinates":[[-70.6261,-38.4362],[-70.617,-38.4398]]}},{"type":"Feature","properties":{"nombre":"Arroyo Choroyas","tipo":"Arroyo"},"geometry":{"type":"LineString","coordinates":[[-70.1004,-36.3075],[-70.095,-36.3242],[-70.0967,-36.3333]]}},{"type":"Feature","properties":{"nombre":"Arroyo El Saco","tipo":"Arroyo"},"geometry":{"type":"LineString","coordinates":[[-71.3423,-38.9707],[-71.3483,-38.9628]]}},{"type":"Feature","properties":{"nombre":"Río Guañacos","tipo":"Río"},"geometry":{"type":"LineString","coordinates":[[-71.021,-37.2635],[-71.0116,-37.2715]]}},{"type":"Feature","properties":{"nombre":"Arroyo Chaquira Co","tipo":"Arroyo"},"geometry":{"type":"LineString","coordinates":[[-69.7762,-36.4692],[-69.7824,-36.4627]]}},{"type":"Feature","properties":{"nombre":"Arroyo Chapúa","tipo":"Arroyo"},"geometry":{"type":"LineString","coordinates":[[-70.2337,-37.1707],[-70.2461,-37.1777]]}},{"type":"Feature","properties":{"nombre":"Arroyo Acequia","tipo":"Arroyo"},"geometry":{"type":"LineString","coordinates":[[-70.3619,-37.2266],[-70.3758,-37.229],[-70.3859,-37.2244]]}},{"type":"Feature","properties":{"nombre":"Arroyo Liu Cullín","tipo":"Arroyo"},"geometry":{"type":"LineString","coordinates":[[-70.6141,-38.7234],[-70.6045,-38.7201],[-70.6022,-38.71],[-70.6042,-38.7031]]}},{"type":"Feature","properties":{"nombre":"Arroyo Los Nevados","tipo":"Arroyo"},"geometry":{"type":"LineString","coordinates":[[-70.3903,-36.2933],[-70.3752,-36.2873]]}},{"type":"Feature","properties":{"nombre":"Arroyo Rucu Leufú","tipo":"Arroyo"},"geometry":{"type":"LineString","coordinates":[[-71.4931,-39.7512],[-71.4994,-39.7462],[-71.5,-39.7272]]}},{"type":"Feature","properties":{"nombre":null,"tipo":null},"geometry":{"type":"LineString","coordinates":[[-70.9499,-38.8478],[-70.9583,-38.847],[-70.9581,-38.8384]]}},{"type":"Feature","properties":{"nombre":"Río Currhué","tipo":"Río"},"geometry":{"type":"LineString","coordinates":[[-71.3143,-39.9082],[-71.2992,-39.9114]]}},{"type":"Feature","properties":{"nombre":"Río Agrio","tipo":"Río"},"geometry":{"type":"LineString","coordinates":[[-70.111,-38.4825],[-70.0997,-38.4797],[-70.0943,-38.4737]]}},{"type":"Feature","properties":{"nombre":"Arroyo Chaquira Co","tipo":"Arroyo"},"geometry":{"type":"LineString","coordinates":[[-69.758,-36.4842],[-69.7729,-36.4813],[-69.7755,-36.4734]]}},{"type":"Feature","properties":{"nombre":"Río Quillén","tipo":"Río"},"geometry":{"type":"LineString","coordinates":[[-70.9908,-39.3749],[-70.9752,-39.3782]]}},{"type":"Feature","properties":{"nombre":"Río Chimehuín","tipo":"Río"},"geometry":{"type":"LineString","coordinates":[[-71.1015,-39.9145],[-71.0861,-39.9156],[-71.0829,-39.9129],[-71.0736,-39.9166]]}},{"type":"Feature","properties":{"nombre":null,"tipo":null},"geometry":{"type":"LineString","coordinates":[[-70.8443,-37.0158],[-70.8268,-37.0063]]}},{"type":"Feature","properties":{"nombre":"Arroyo Curruco","tipo":"Arroyo"},"geometry":{"type":"LineString","coordinates":[[-71.6587,-40.3719],[-71.6469,-40.3742],[-71.632,-40.3921]]}},{"type":"Feature","properties":{"nombre":null,"tipo":null},"geometry":{"type":"LineString","coordinates":[[-71.4649,-39.9337],[-71.4575,-39.936],[-71.4591,-39.945]]}},{"type":"Feature","properties":{"nombre":"Arroyo del Salto","tipo":"Arroyo"},"geometry":{"type":"LineString","coordinates":[[-71.6484,-40.2963],[-71.628,-40.2868]]}},{"type":"Feature","properties":{"nombre":"Cañada Mallín Grande","tipo":"Cañada"},"geometry":{"type":"LineString","coordinates":[[-70.8607,-40.154],[-70.8541,-40.1529],[-70.8398,-40.1598],[-70.7887,-40.1573],[-70.7667,-40.1517]]}},{"type":"Feature","properties":{"nombre":"Arroyo Ranquilón","tipo":"Arroyo"},"geometry":{"type":"LineString","coordinates":[[-70.5614,-37.8425],[-70.5699,-37.849]]}},{"type":"Feature","properties":{"nombre":null,"tipo":null},"geometry":{"type":"LineString","coordinates":[[-70.6216,-37.2163],[-70.6283,-37.1977]]}},{"type":"Feature","properties":{"nombre":null,"tipo":null},"geometry":{"type":"LineString","coordinates":[[-70.6987,-37.5341],[-70.6883,-37.5262],[-70.6844,-37.5212],[-70.686,-37.5193]]}},{"type":"Feature","properties":{"nombre":"Río Barrancas","tipo":"Río"},"geometry":{"type":"LineString","coordinates":[[-70.0738,-36.6127],[-70.0712,-36.6223]]}},{"type":"Feature","properties":{"nombre":"Arroyo Turbio","tipo":"Arroyo"},"geometry":{"type":"LineString","coordinates":[[-70.4872,-36.5263],[-70.484,-36.5164],[-70.4861,-36.5112]]}},{"type":"Feature","properties":{"nombre":"Arroyo del Risco Negro","tipo":"Arroyo"},"geometry":{"type":"LineString","coordinates":[[-70.4744,-37.1881],[-70.4616,-37.19]]}},{"type":"Feature","properties":{"nombre":"Arroyo Raja Vado","tipo":"Arroyo"},"geometry":{"type":"LineString","coordinates":[[-70.5901,-37.2735],[-70.6065,-37.2635]]}},{"type":"Feature","properties":{"nombre":"Río Neuquén","tipo":"Río"},"geometry":{"type":"LineString","coordinates":[[-69.9391,-37.6709],[-69.9272,-37.6667]]}},{"type":"Feature","properties":{"nombre":null,"tipo":null},"geometry":{"type":"LineString","coordinates":[[-70.5592,-37.1003],[-70.5594,-37.1098],[-70.5685,-37.114]]}},{"type":"Feature","properties":{"nombre":"Río Colorado","tipo":"Río"},"geometry":{"type":"LineString","coordinates":[[-68.4934,-37.4635],[-68.4887,-37.4729]]}},{"type":"Feature","properties":{"nombre":"Río Limay","tipo":"Río"},"geometry":{"type":"LineString","coordinates":[[-68.5637,-39.0788],[-68.5515,-39.075]]}},{"type":"Feature","properties":{"nombre":"Arroyo Paso Cerrado","tipo":"Arroyo"},"geometry":{"type":"LineString","coordinates":[[-70.8031,-38.2443],[-70.7817,-38.2469],[-70.7622,-38.2431]]}},{"type":"Feature","properties":{"nombre":"Arroyo Tábanos","tipo":"Arroyo"},"geometry":{"type":"LineString","coordinates":[[-71.1667,-37.3734],[-71.1518,-37.3748]]}},{"type":"Feature","properties":{"nombre":"Arroyo Turbio","tipo":"Arroyo"},"geometry":{"type":"LineString","coordinates":[[-70.446,-36.5948],[-70.4559,-36.5943],[-70.4585,-36.5868],[-70.4664,-36.5803]]}},{"type":"Feature","properties":{"nombre":"Arroyo Quebrada Honda","tipo":"Arroyo"},"geometry":{"type":"LineString","coordinates":[[-70.795,-38.4735],[-70.7808,-38.4644],[-70.7496,-38.4333]]}},{"type":"Feature","properties":{"nombre":"Río Malleo","tipo":"Río"},"geometry":{"type":"LineString","coordinates":[[-71.1708,-39.7064],[-71.1665,-39.7071],[-71.1684,-39.7095],[-71.1592,-39.7156]]}},{"type":"Feature","properties":{"nombre":null,"tipo":null},"geometry":{"type":"LineString","coordinates":[[-71.4571,-39.9718],[-71.4637,-39.982]]}},{"type":"Feature","properties":{"nombre":null,"tipo":null},"geometry":{"type":"LineString","coordinates":[[-71.3038,-40.272],[-71.3107,-40.2809]]}},{"type":"Feature","properties":{"nombre":"Arroyo Liu Cullín","tipo":"Arroyo"},"geometry":{"type":"LineString","coordinates":[[-70.5957,-38.6939],[-70.5866,-38.6917],[-70.575,-38.6748]]}},{"type":"Feature","properties":{"nombre":"Arroyo El Manzano","tipo":"Arroyo"},"geometry":{"type":"LineString","coordinates":[[-70.4635,-37.6107],[-70.4486,-37.6047],[-70.4421,-37.5952]]}},{"type":"Feature","properties":{"nombre":"Río Quillén","tipo":"Río"},"geometry":{"type":"LineString","coordinates":[[-70.9686,-39.3703],[-70.9437,-39.3789]]}},{"type":"Feature","properties":{"nombre":"Arroyo Liu Cullín","tipo":"Arroyo"},"geometry":{"type":"LineString","coordinates":[[-70.7171,-38.7413],[-70.7078,-38.7368]]}},{"type":"Feature","properties":{"nombre":"Arroyo Las Lajitas","tipo":"Arroyo"},"geometry":{"type":"LineString","coordinates":[[-70.6705,-38.8272],[-70.6617,-38.8268],[-70.6564,-38.8196]]}},{"type":"Feature","properties":{"nombre":"Arroyo Cochicó Grande","tipo":"Arroyo"},"geometry":{"type":"LineString","coordinates":[[-70.7478,-38.8102],[-70.7558,-38.8096],[-70.7651,-38.8142]]}},{"type":"Feature","properties":{"nombre":"Arroyo Chico","tipo":"Arroyo"},"geometry":{"type":"LineString","coordinates":[[-70.9502,-38.2117],[-70.9455,-38.2089],[-70.9259,-38.2119]]}},{"type":"Feature","properties":{"nombre":"Arroyo Hueyeltué","tipo":"Arroyo"},"geometry":{"type":"LineString","coordinates":[[-71.3215,-39.7261],[-71.3628,-39.7314],[-71.375,-39.7394],[-71.3864,-39.7346],[-71.3917,-39.7364],[-71.3977,-39.7302]]}},{"type":"Feature","properties":{"nombre":"Arroyo El Huecú","tipo":"Arroyo"},"geometry":{"type":"LineString","coordinates":[[-70.3988,-37.532],[-70.3933,-37.5224]]}},{"type":"Feature","properties":{"nombre":"Arroyo Relem","tipo":"Arroyo"},"geometry":{"type":"LineString","coordinates":[[-71.1474,-38.9953],[-71.1443,-38.9924],[-71.1344,-38.995]]}},{"type":"Feature","properties":{"nombre":null,"tipo":null},"geometry":{"type":"LineString","coordinates":[[-71.3455,-40.0521],[-71.3741,-40.0259]]}},{"type":"Feature","properties":{"nombre":null,"tipo":null},"geometry":{"type":"LineString","coordinates":[[-70.123,-38.4101],[-70.1157,-38.4159],[-70.0983,-38.4186],[-70.0805,-38.4269]]}},{"type":"Feature","properties":{"nombre":null,"tipo":null},"geometry":{"type":"LineString","coordinates":[[-70.9605,-38.9385],[-70.9528,-38.9458]]}},{"type":"Feature","properties":{"nombre":"Río Neuquén","tipo":"Río"},"geometry":{"type":"LineString","coordinates":[[-69.899,-37.6878],[-69.8956,-37.6962]]}},{"type":"Feature","properties":{"nombre":"Río Neuquén","tipo":"Río"},"geometry":{"type":"LineString","coordinates":[[-70.6649,-37.0445],[-70.6625,-37.059]]}},{"type":"Feature","properties":{"nombre":"Arroyo Alincó","tipo":"Arroyo"},"geometry":{"type":"LineString","coordinates":[[-70.9625,-40.003],[-70.9517,-40.0018]]}},{"type":"Feature","properties":{"nombre":"Arroyo Manchana Co","tipo":"Arroyo"},"geometry":{"type":"LineString","coordinates":[[-70.6778,-36.9086],[-70.6817,-36.9152],[-70.6874,-36.9169]]}},{"type":"Feature","properties":{"nombre":"Arroyo Quilmahue","tipo":"Arroyo"},"geometry":{"type":"LineString","coordinates":[[-70.4847,-37.2827],[-70.4699,-37.2679]]}},{"type":"Feature","properties":{"nombre":"Río Neuquén","tipo":"Río"},"geometry":{"type":"LineString","coordinates":[[-68.7868,-38.3798],[-68.7794,-38.3739],[-68.7595,-38.3714],[-68.7531,-38.3741]]}},{"type":"Feature","properties":{"nombre":"Arroyo Butalón","tipo":"Arroyo"},"geometry":{"type":"LineString","coordinates":[[-70.043,-36.3719],[-70.0511,-36.3759],[-70.0652,-36.3699],[-70.0677,-36.3791],[-70.078,-36.3899],[-70.0873,-36.3896],[-70.0973,-36.4],[-70.1178,-36.4064],[-70.1306,-36.4165],[-70.1368,-36.4155],[-70.1414,-36.4184],[-70.1451,-36.4158],[-70.1645,-36.4149]]}},{"type":"Feature","properties":{"nombre":"Arroyo Yao Yao","tipo":"Arroyo"},"geometry":{"type":"LineString","coordinates":[[-70.5588,-39.2153],[-70.5642,-39.224],[-70.5655,-39.2344]]}},{"type":"Feature","properties":{"nombre":"Arroyo Los Molles","tipo":"Arroyo"},"geometry":{"type":"LineString","coordinates":[[-70.3106,-39.251],[-70.2997,-39.243]]}},{"type":"Feature","properties":{"nombre":null,"tipo":null},"geometry":{"type":"LineString","coordinates":[[-70.6127,-37.076],[-70.6235,-37.0759]]}},{"type":"Feature","properties":{"nombre":"Arroyo Clalafquén","tipo":"Arroyo"},"geometry":{"type":"LineString","coordinates":[[-70.9032,-38.3884],[-70.8978,-38.398]]}},{"type":"Feature","properties":{"nombre":"Río Neuquén","tipo":"Río"},"geometry":{"type":"LineString","coordinates":[[-68.9848,-38.4953],[-68.9724,-38.4923]]}},{"type":"Feature","properties":{"nombre":"Arroyo Quechuquina","tipo":"Arroyo"},"geometry":{"type":"LineString","coordinates":[[-71.5537,-40.1148],[-71.5496,-40.1185],[-71.5501,-40.1335],[-71.5567,-40.1476],[-71.568,-40.1573],[-71.5672,-40.1629]]}},{"type":"Feature","properties":{"nombre":"Río Chachín","tipo":"Río"},"geometry":{"type":"LineString","coordinates":[[-71.7157,-40.2026],[-71.7154,-40.1973],[-71.7208,-40.1965],[-71.7172,-40.1956],[-71.7182,-40.1921],[-71.7153,-40.1906],[-71.7187,-40.1884],[-71.7094,-40.1875],[-71.7137,-40.1809]]}},{"type":"Feature","properties":{"nombre":"Río Nahueve","tipo":"Río"},"geometry":{"type":"LineString","coordinates":[[-70.8358,-37.0014],[-70.8268,-37.0063]]}},{"type":"Feature","properties":{"nombre":"Río Colorado","tipo":"Río"},"geometry":{"type":"LineString","coordinates":[[-68.5568,-37.4518],[-68.536,-37.451],[-68.5243,-37.4583],[-68.5176,-37.4575]]}},{"type":"Feature","properties":{"nombre":"Río Neuquén","tipo":"Río"},"geometry":{"type":"LineString","coordinates":[[-68.1974,-38.7097],[-68.1864,-38.7082],[-68.1871,-38.7149]]}},{"type":"Feature","properties":{"nombre":"Arroyo Los Díaz","tipo":"Arroyo"},"geometry":{"type":"LineString","coordinates":[[-70.3791,-36.5168],[-70.3514,-36.516]]}},{"type":"Feature","properties":{"nombre":null,"tipo":null},"geometry":{"type":"LineString","coordinates":[[-70.004,-37.524],[-70.0189,-37.5204]]}},{"type":"Feature","properties":{"nombre":null,"tipo":null},"geometry":{"type":"LineString","coordinates":[[-68.3502,-38.6017],[-68.3485,-38.6097],[-68.3379,-38.6102],[-68.3375,-38.6163],[-68.3302,-38.6179],[-68.3331,-38.6209]]}},{"type":"Feature","properties":{"nombre":"Río Picunleo","tipo":"Río"},"geometry":{"type":"LineString","coordinates":[[-71.0354,-37.5408],[-71.0265,-37.5397]]}},{"type":"Feature","properties":{"nombre":null,"tipo":null},"geometry":{"type":"LineString","coordinates":[[-71.1186,-38.8439],[-71.1139,-38.8455],[-71.1118,-38.8504]]}},{"type":"Feature","properties":{"nombre":"Arroyo Cajón de Piedra","tipo":"Arroyo"},"geometry":{"type":"LineString","coordinates":[[-70.2126,-36.6416],[-70.2053,-36.6441],[-70.1983,-36.6523],[-70.1839,-36.6581],[-70.1801,-36.6667]]}},{"type":"Feature","properties":{"nombre":"Arroyo Codihue","tipo":"Arroyo"},"geometry":{"type":"LineString","coordinates":[[-70.8171,-38.4357],[-70.8079,-38.4374]]}},{"type":"Feature","properties":{"nombre":null,"tipo":null},"geometry":{"type":"LineString","coordinates":[[-69.3315,-39.6641],[-69.34,-39.6598],[-69.3393,-39.6533],[-69.3322,-39.6458]]}},{"type":"Feature","properties":{"nombre":"Río Grande","tipo":"Río"},"geometry":{"type":"LineString","coordinates":[[-69.7135,-36.1007],[-69.7131,-36.0928]]}},{"type":"Feature","properties":{"nombre":"Río Varvarco","tipo":"Río"},"geometry":{"type":"LineString","coordinates":[[-70.6352,-36.542],[-70.6395,-36.5518],[-70.6445,-36.5546]]}},{"type":"Feature","properties":{"nombre":null,"tipo":null},"geometry":{"type":"LineString","coordinates":[[-70.9211,-37.13],[-70.9147,-37.1175],[-70.9165,-37.1103],[-70.9064,-37.1051]]}},{"type":"Feature","properties":{"nombre":"Arroyo Ayhuin","tipo":"Arroyo"},"geometry":{"type":"LineString","coordinates":[[-71.734,-40.4525],[-71.7446,-40.458]]}},{"type":"Feature","properties":{"nombre":"Arroyo Quillahue","tipo":"Arroyo"},"geometry":{"type":"LineString","coordinates":[[-71.335,-38.9589],[-71.3209,-38.9508],[-71.3222,-38.9453],[-71.3182,-38.9443]]}},{"type":"Feature","properties":{"nombre":"Arroyo Haichol","tipo":"Arroyo"},"geometry":{"type":"LineString","coordinates":[[-70.6967,-38.5677],[-70.6957,-38.5584],[-70.686,-38.5553]]}},{"type":"Feature","properties":{"nombre":"Río Agrio","tipo":"Río"},"geometry":{"type":"LineString","coordinates":[[-70.1364,-38.4936],[-70.1246,-38.4963],[-70.1163,-38.49]]}},{"type":"Feature","properties":{"nombre":"Arroyo Chichahuay","tipo":"Arroyo"},"geometry":{"type":"LineString","coordinates":[[-71.1068,-40.2929],[-71.0838,-40.3025],[-71.0663,-40.3051],[-71.0407,-40.2957]]}},{"type":"Feature","properties":{"nombre":null,"tipo":null},"geometry":{"type":"LineString","coordinates":[[-70.8965,-38.4971],[-70.8862,-38.4927],[-70.8814,-38.4938]]}},{"type":"Feature","properties":{"nombre":"Arroyo Bota Curá","tipo":"Arroyo"},"geometry":{"type":"LineString","coordinates":[[-70.2943,-36.5567],[-70.2957,-36.5535],[-70.2897,-36.5502]]}},{"type":"Feature","properties":{"nombre":"Río Aluminé","tipo":"Río"},"geometry":{"type":"LineString","coordinates":[[-70.8555,-39.863],[-70.8407,-39.872]]}},{"type":"Feature","properties":{"nombre":"Arroyo Quilli Malal","tipo":"Arroyo"},"geometry":{"type":"LineString","coordinates":[[-70.0766,-36.5433],[-70.0802,-36.5453],[-70.093,-36.5382]]}},{"type":"Feature","properties":{"nombre":null,"tipo":null},"geometry":{"type":"LineString","coordinates":[[-69.9418,-36.0615],[-69.97,-36.0528]]}},{"type":"Feature","properties":{"nombre":null,"tipo":null},"geometry":{"type":"LineString","coordinates":[[-70.5751,-37.0906],[-70.5863,-37.088]]}},{"type":"Feature","properties":{"nombre":"Río Colorado","tipo":"Río"},"geometry":{"type":"LineString","coordinates":[[-68.3469,-37.549],[-68.341,-37.5504],[-68.3414,-37.5559]]}},{"type":"Feature","properties":{"nombre":"Arroyo de los Toldos","tipo":"Arroyo"},"geometry":{"type":"LineString","coordinates":[[-70.5004,-38.937],[-70.5017,-38.9273]]}},{"type":"Feature","properties":{"nombre":"Arroyo El Cholar","tipo":"Arroyo"},"geometry":{"type":"LineString","coordinates":[[-70.6707,-37.3831],[-70.6661,-37.3701],[-70.6676,-37.3657],[-70.6575,-37.3621]]}},{"type":"Feature","properties":{"nombre":null,"tipo":null},"geometry":{"type":"LineString","coordinates":[[-70.0184,-38.4296],[-70.029,-38.4142],[-70.0353,-38.4135]]}},{"type":"Feature","properties":{"nombre":"Arroyo Taquimilán","tipo":"Arroyo"},"geometry":{"type":"LineString","coordinates":[[-70.2141,-37.47],[-70.2102,-37.471],[-70.2004,-37.4633],[-70.1909,-37.4634],[-70.1879,-37.4668]]}},{"type":"Feature","properties":{"nombre":"Río Colorado","tipo":"Río"},"geometry":{"type":"LineString","coordinates":[[-68.8458,-37.3894],[-68.8405,-37.3937],[-68.833,-37.388]]}},{"type":"Feature","properties":{"nombre":"Arroyo de la Lagunita o Blanco","tipo":"Arroyo"},"geometry":{"type":"LineString","coordinates":[[-70.2258,-36.4672],[-70.2147,-36.4634]]}},{"type":"Feature","properties":{"nombre":"Arroyo Huncal","tipo":"Arroyo"},"geometry":{"type":"LineString","coordinates":[[-70.3892,-37.9432],[-70.373,-37.9461]]}},{"type":"Feature","properties":{"nombre":"Arroyo del Boquete","tipo":"Arroyo"},"geometry":{"type":"LineString","coordinates":[[-71.6628,-40.0],[-71.6574,-40.0108],[-71.6516,-40.0117]]}},{"type":"Feature","properties":{"nombre":"Arroyo Quemquemtreu","tipo":"Arroyo"},"geometry":{"type":"LineString","coordinates":[[-70.8223,-40.2259],[-70.8112,-40.2255]]}},{"type":"Feature","properties":{"nombre":"Río Chimehuín","tipo":"Río"},"geometry":{"type":"LineString","coordinates":[[-71.0381,-40.0795],[-71.0444,-40.0806],[-71.0487,-40.0767]]}},{"type":"Feature","properties":{"nombre":"Arroyo Chacaico","tipo":"Arroyo"},"geometry":{"type":"LineString","coordinates":[[-70.5082,-36.4585],[-70.5172,-36.4614]]}},{"type":"Feature","properties":{"nombre":"Arroyo La Buitrera","tipo":"Arroyo"},"geometry":{"type":"LineString","coordinates":[[-70.3965,-38.5511],[-70.3773,-38.5543]]}},{"type":"Feature","properties":{"nombre":"Río Grande","tipo":"Río"},"geometry":{"type":"LineString","coordinates":[[-69.7126,-36.0402],[-69.7141,-36.0302]]}},{"type":"Feature","properties":{"nombre":null,"tipo":null},"geometry":{"type":"LineString","coordinates":[[-70.9711,-37.11],[-70.9475,-37.1218]]}},{"type":"Feature","properties":{"nombre":"Río Colorado","tipo":"Río"},"geometry":{"type":"LineString","coordinates":[[-68.2293,-37.5859],[-68.2195,-37.5881]]}},{"type":"Feature","properties":{"nombre":"Arroyo Trailathué","tipo":"Arroyo"},"geometry":{"type":"LineString","coordinates":[[-70.2771,-37.6226],[-70.2682,-37.6347]]}},{"type":"Feature","properties":{"nombre":"Río de los Mallines","tipo":"Río"},"geometry":{"type":"LineString","coordinates":[[-71.7444,-40.2882],[-71.7472,-40.2782]]}},{"type":"Feature","properties":{"nombre":"Arroyo Mallín Largo","tipo":"Arroyo"},"geometry":{"type":"LineString","coordinates":[[-70.7623,-38.457],[-70.7516,-38.4492]]}},{"type":"Feature","properties":{"nombre":"Arroyo Cochicó Chico","tipo":"Arroyo"},"geometry":{"type":"LineString","coordinates":[[-70.739,-38.8481],[-70.7384,-38.8595]]}},{"type":"Feature","properties":{"nombre":"Arroyo Rucamilio","tipo":"Arroyo"},"geometry":{"type":"LineString","coordinates":[[-70.2152,-36.3422],[-70.2028,-36.3428],[-70.1955,-36.3506],[-70.1841,-36.3513]]}},{"type":"Feature","properties":{"nombre":"Río Grande","tipo":"Río"},"geometry":{"type":"LineString","coordinates":[[-69.7113,-36.1111],[-69.7139,-36.1087],[-69.7135,-36.1007]]}},{"type":"Feature","properties":{"nombre":"Arroyo Enfermería","tipo":"Arroyo"},"geometry":{"type":"LineString","coordinates":[[-70.5906,-36.3569],[-70.5985,-36.3582],[-70.6079,-36.3778],[-70.6133,-36.3811]]}},{"type":"Feature","properties":{"nombre":"Río Curi Leuvú","tipo":"Río"},"geometry":{"type":"LineString","coordinates":[[-70.4121,-37.0124],[-70.4194,-37.0224]]}},{"type":"Feature","properties":{"nombre":"Arroyo Pichi Leufú","tipo":"Arroyo"},"geometry":{"type":"LineString","coordinates":[[-70.9798,-39.4548],[-70.9696,-39.4596]]}},{"type":"Feature","properties":{"nombre":null,"tipo":null},"geometry":{"type":"LineString","coordinates":[[-69.9641,-36.3943],[-69.975,-36.3896]]}},{"type":"Feature","properties":{"nombre":"Arroyo Taquimilán","tipo":"Arroyo"},"geometry":{"type":"LineString","coordinates":[[-70.2238,-37.4838],[-70.2186,-37.477],[-70.2152,-37.478],[-70.2141,-37.47]]}},{"type":"Feature","properties":{"nombre":null,"tipo":null},"geometry":{"type":"LineString","coordinates":[[-69.9661,-36.3761],[-69.9701,-36.3715],[-69.9844,-36.3727]]}},{"type":"Feature","properties":{"nombre":"Arroyo de los Postes","tipo":"Arroyo"},"geometry":{"type":"LineString","coordinates":[[-70.7756,-38.2737],[-70.7569,-38.2719],[-70.7521,-38.2755],[-70.7361,-38.2761],[-70.7208,-38.2821],[-70.7139,-38.2775],[-70.6976,-38.2771],[-70.688,-38.2825],[-70.665,-38.2816]]}},{"type":"Feature","properties":{"nombre":"Arroyo Queñi","tipo":"Arroyo"},"geometry":{"type":"LineString","coordinates":[[-71.7378,-40.1646],[-71.7251,-40.1572],[-71.72,-40.1575],[-71.7173,-40.152]]}},{"type":"Feature","properties":{"nombre":"Arroyo de El Arco","tipo":"Arroyo"},"geometry":{"type":"LineString","coordinates":[[-71.0306,-38.8546],[-71.0357,-38.8636]]}},{"type":"Feature","properties":{"nombre":"Río Limay","tipo":"Río"},"geometry":{"type":"LineString","coordinates":[[-69.8975,-39.94],[-69.8805,-39.9301]]}},{"type":"Feature","properties":{"nombre":"Arroyo Hui - Hui","tipo":"Arroyo"},"geometry":{"type":"LineString","coordinates":[[-71.3289,-39.3969],[-71.3345,-39.3986],[-71.3317,-39.4027],[-71.3336,-39.4052]]}},{"type":"Feature","properties":{"nombre":"Arroyo Juan Esteban","tipo":"Arroyo"},"geometry":{"type":"LineString","coordinates":[[-71.0704,-37.3333],[-71.0685,-37.342],[-71.0507,-37.363],[-71.0518,-37.3664],[-71.0569,-37.3674]]}},{"type":"Feature","properties":{"nombre":"Río San Isidro","tipo":"Río"},"geometry":{"type":"LineString","coordinates":[[-71.3868,-40.4367],[-71.3744,-40.4424]]}},{"type":"Feature","properties":{"nombre":"Arroyo Torrentoso","tipo":"Arroyo"},"geometry":{"type":"LineString","coordinates":[[-70.984,-37.6968],[-70.9764,-37.6864]]}},{"type":"Feature","properties":{"nombre":"Río Colorado","tipo":"Río"},"geometry":{"type":"LineString","coordinates":[[-68.3498,-37.5522],[-68.3414,-37.5559]]}},{"type":"Feature","properties":{"nombre":"Arroyo La Nasa","tipo":"Arroyo"},"geometry":{"type":"LineString","coordinates":[[-71.0598,-36.8356],[-71.0517,-36.8441]]}},{"type":"Feature","properties":{"nombre":"Arroyo La Greda","tipo":"Arroyo"},"geometry":{"type":"LineString","coordinates":[[-70.5258,-37.5646],[-70.5371,-37.5557],[-70.5606,-37.552]]}},{"type":"Feature","properties":{"nombre":"Arroyo Comodón","tipo":"Arroyo"},"geometry":{"type":"LineString","coordinates":[[-71.6553,-40.3353],[-71.6369,-40.3347],[-71.6198,-40.3408],[-71.6,-40.3419]]}},{"type":"Feature","properties":{"nombre":"Arroyo Quintuco","tipo":"Arroyo"},"geometry":{"type":"LineString","coordinates":[[-70.2651,-38.1446],[-70.2529,-38.1475]]}},{"type":"Feature","properties":{"nombre":"Río Agrio","tipo":"Río"},"geometry":{"type":"LineString","coordinates":[[-70.6949,-37.7474],[-70.6734,-37.7518]]}},{"type":"Feature","properties":{"nombre":"Arroyo Milla Michico","tipo":"Arroyo"},"geometry":{"type":"LineString","coordinates":[[-70.6212,-37.2584],[-70.6286,-37.2612]]}},{"type":"Feature","properties":{"nombre":null,"tipo":null},"geometry":{"type":"LineString","coordinates":[[-71.1366,-38.8368],[-71.1256,-38.8437]]}},{"type":"Feature","properties":{"nombre":"Río Aluminé","tipo":"Río"},"geometry":{"type":"LineString","coordinates":[[-70.9364,-39.6306],[-70.9438,-39.6416]]}},{"type":"Feature","properties":{"nombre":"Arroyo Rucamilio","tipo":"Arroyo"},"geometry":{"type":"LineString","coordinates":[[-70.1769,-36.3529],[-70.1706,-36.3567],[-70.1532,-36.3582]]}},{"type":"Feature","properties":{"nombre":"Arroyo Cacho","tipo":"Arroyo"},"geometry":{"type":"LineString","coordinates":[[-71.8344,-40.5113],[-71.8245,-40.5252],[-71.7979,-40.5295],[-71.7832,-40.5267]]}},{"type":"Feature","properties":{"nombre":"Arroyo Quetruco","tipo":"Arroyo"},"geometry":{"type":"LineString","coordinates":[[-70.8282,-37.5994],[-70.8383,-37.5944],[-70.8451,-37.5973],[-70.8508,-37.5932]]}},{"type":"Feature","properties":{"nombre":"Río Agrio","tipo":"Río"},"geometry":{"type":"LineString","coordinates":[[-70.2986,-38.5135],[-70.277,-38.5131]]}},{"type":"Feature","properties":{"nombre":"Arroyo Pancú Lehué","tipo":"Arroyo"},"geometry":{"type":"LineString","coordinates":[[-70.3028,-36.1772],[-70.2905,-36.1897]]}},{"type":"Feature","properties":{"nombre":"Arroyo Pichi Neuquén","tipo":"Arroyo"},"geometry":{"type":"LineString","coordinates":[[-69.965,-37.8691],[-69.9553,-37.8684],[-69.9525,-37.8726]]}},{"type":"Feature","properties":{"nombre":"Arroyo Turbio","tipo":"Arroyo"},"geometry":{"type":"LineString","coordinates":[[-70.502,-36.4997],[-70.5196,-36.4957],[-70.5286,-36.4891]]}},{"type":"Feature","properties":{"nombre":"Río Pichi Traful","tipo":"Río"},"geometry":{"type":"LineString","coordinates":[[-71.6936,-40.5419],[-71.6804,-40.5499],[-71.663,-40.5537]]}},{"type":"Feature","properties":{"nombre":null,"tipo":null},"geometry":{"type":"LineString","coordinates":[[-70.8741,-37.2455],[-70.878,-37.2415],[-70.8797,-37.2235]]}},{"type":"Feature","properties":{"nombre":"Arroyo Covunco","tipo":"Arroyo"},"geometry":{"type":"LineString","coordinates":[[-70.127,-38.7821],[-70.1511,-38.7842],[-70.1569,-38.7796]]}},{"type":"Feature","properties":{"nombre":"Río Limay","tipo":"Río"},"geometry":{"type":"LineString","coordinates":[[-69.7566,-39.8791],[-69.741,-39.872]]}},{"type":"Feature","properties":{"nombre":"Arroyo Huinganco","tipo":"Arroyo"},"geometry":{"type":"LineString","coordinates":[[-70.6139,-37.1646],[-70.6201,-37.156],[-70.6331,-37.1548]]}},{"type":"Feature","properties":{"nombre":"Arroyo Romero","tipo":"Arroyo"},"geometry":{"type":"LineString","coordinates":[[-70.995,-38.3043],[-70.9747,-38.3017]]}},{"type":"Feature","properties":{"nombre":"Río Neuquén","tipo":"Río"},"geometry":{"type":"LineString","coordinates":[[-70.3076,-37.3753],[-70.2978,-37.381]]}},{"type":"Feature","properties":{"nombre":"Río Colorado","tipo":"Río"},"geometry":{"type":"LineString","coordinates":[[-68.2845,-37.5658],[-68.275,-37.5687]]}},{"type":"Feature","properties":{"nombre":"Arroyo Kilca","tipo":"Arroyo"},"geometry":{"type":"LineString","coordinates":[[-70.7024,-38.8038],[-70.7127,-38.802]]}},{"type":"Feature","properties":{"nombre":"Arroyo Pichi Neuquén","tipo":"Arroyo"},"geometry":{"type":"LineString","coordinates":[[-70.0186,-37.8232],[-70.004,-37.8273]]}},{"type":"Feature","properties":{"nombre":"Arroyo Cajón de las Lagunas","tipo":"Arroyo"},"geometry":{"type":"LineString","coordinates":[[-70.917,-38.3715],[-70.9072,-38.385]]}},{"type":"Feature","properties":{"nombre":"Arroyo Cajón de Flores","tipo":"Arroyo"},"geometry":{"type":"LineString","coordinates":[[-70.7281,-36.6228],[-70.7249,-36.6459],[-70.727,-36.6667]]}},{"type":"Feature","properties":{"nombre":"Río Agrio","tipo":"Río"},"geometry":{"type":"LineString","coordinates":[[-70.5987,-38.0633],[-70.6043,-38.0716]]}},{"type":"Feature","properties":{"nombre":"Arroyo El Manzano","tipo":"Arroyo"},"geometry":{"type":"LineString","coordinates":[[-70.8266,-38.4672],[-70.8288,-38.4528],[-70.8216,-38.4441],[-70.8232,-38.4395]]}},{"type":"Feature","properties":{"nombre":"Río Collón Curá","tipo":"Río"},"geometry":{"type":"LineString","coordinates":[[-70.6986,-40.1858],[-70.696,-40.1886],[-70.6847,-40.1892]]}},{"type":"Feature","properties":{"nombre":null,"tipo":null},"geometry":{"type":"LineString","coordinates":[[-69.873,-36.2698],[-69.8785,-36.2874]]}},{"type":"Feature","properties":{"nombre":"Arroyo Las Ánimas","tipo":"Arroyo"},"geometry":{"type":"LineString","coordinates":[[-71.3484,-38.918],[-71.3327,-38.9248],[-71.3264,-38.9333]]}},{"type":"Feature","properties":{"nombre":"Arroyo Relem","tipo":"Arroyo"},"geometry":{"type":"LineString","coordinates":[[-71.1125,-38.9926],[-71.1083,-38.9897],[-71.1063,-38.9931],[-71.0965,-38.9923],[-71.0958,-38.9948],[-71.078,-38.9983]]}},{"type":"Feature","properties":{"nombre":null,"tipo":null},"geometry":{"type":"LineString","coordinates":[[-69.7548,-36.362],[-69.7435,-36.3579]]}},{"type":"Feature","properties":{"nombre":"Arroyo Los Molinos","tipo":"Arroyo"},"geometry":{"type":"LineString","coordinates":[[-70.921,-36.5836],[-70.914,-36.5914]]}},{"type":"Feature","properties":{"nombre":"Arroyo Copulhue","tipo":"Arroyo"},"geometry":{"type":"LineString","coordinates":[[-71.1078,-37.6091],[-71.0927,-37.6146]]}},{"type":"Feature","properties":{"nombre":"Arroyo Colimamil","tipo":"Arroyo"},"geometry":{"type":"LineString","coordinates":[[-70.2477,-36.1946],[-70.2601,-36.2161],[-70.2676,-36.2178]]}},{"type":"Feature","properties":{"nombre":"Arroyo Motronco","tipo":"Arroyo"},"geometry":{"type":"LineString","coordinates":[[-70.2387,-37.1032],[-70.2444,-37.1087],[-70.2473,-37.1194],[-70.2543,-37.1248]]}},{"type":"Feature","properties":{"nombre":null,"tipo":null},"geometry":{"type":"LineString","coordinates":[[-71.0272,-37.4124],[-71.0175,-37.4183],[-71.0,-37.4219]]}},{"type":"Feature","properties":{"nombre":"Río Negro","tipo":"Río"},"geometry":{"type":"LineString","coordinates":[[-67.5261,-39.075],[-67.5209,-39.0816],[-67.5145,-39.0768]]}},{"type":"Feature","properties":{"nombre":"Arroyo Ñireco","tipo":"Arroyo"},"geometry":{"type":"LineString","coordinates":[[-70.8359,-37.1438],[-70.8188,-37.1459],[-70.8112,-37.1561],[-70.8054,-37.1584]]}},{"type":"Feature","properties":{"nombre":"Río Collón Curá","tipo":"Río"},"geometry":{"type":"LineString","coordinates":[[-70.6663,-40.2688],[-70.6724,-40.2782]]}},{"type":"Feature","properties":{"nombre":null,"tipo":null},"geometry":{"type":"LineString","coordinates":[[-71.0609,-38.7803],[-71.0473,-38.793]]}},{"type":"Feature","properties":{"nombre":"Arroyo China Muerta","tipo":"Arroyo"},"geometry":{"type":"LineString","coordinates":[[-70.3979,-39.4477],[-70.3889,-39.4512]]}},{"type":"Feature","properties":{"nombre":"Río Colorado","tipo":"Río"},"geometry":{"type":"LineString","coordinates":[[-69.046,-37.3082],[-69.0399,-37.3211]]}},{"type":"Feature","properties":{"nombre":"Río Reñileuvú","tipo":"Río"},"geometry":{"type":"LineString","coordinates":[[-71.0077,-37.3597],[-71.0067,-37.3624],[-71.0111,-37.3653],[-71.0172,-37.3646],[-71.0158,-37.3684],[-71.0305,-37.3661]]}},{"type":"Feature","properties":{"nombre":"Arroyo Blanco","tipo":"Arroyo"},"geometry":{"type":"LineString","coordinates":[[-71.0226,-37.1332],[-71.0167,-37.14],[-71.0,-37.1456]]}},{"type":"Feature","properties":{"nombre":"Río Curi Leuvú","tipo":"Río"},"geometry":{"type":"LineString","coordinates":[[-70.4103,-37.0395],[-70.3972,-37.0562]]}},{"type":"Feature","properties":{"nombre":null,"tipo":null},"geometry":{"type":"LineString","coordinates":[[-71.0014,-38.8978],[-71.0096,-38.8879],[-71.0194,-38.8851]]}},{"type":"Feature","properties":{"nombre":"Río Quilquihue","tipo":"Río"},"geometry":{"type":"LineString","coordinates":[[-71.2459,-40.089],[-71.2548,-40.0875],[-71.2695,-40.0923]]}},{"type":"Feature","properties":{"nombre":"Arroyo Picún Leufú","tipo":"Arroyo"},"geometry":{"type":"LineString","coordinates":[[-69.6505,-39.3831],[-69.6444,-39.3864],[-69.6273,-39.3867],[-69.6204,-39.3922],[-69.615,-39.39],[-69.6096,-39.3941],[-69.6044,-39.3936]]}},{"type":"Feature","properties":{"nombre":"Río Colorado","tipo":"Río"},"geometry":{"type":"LineString","coordinates":[[-69.7675,-37.0256],[-69.7638,-37.0349]]}},{"type":"Feature","properties":{"nombre":"Arroyo Blanco","tipo":"Arroyo"},"geometry":{"type":"LineString","coordinates":[[-70.1564,-37.2357],[-70.1742,-37.2362],[-70.1835,-37.2425],[-70.2019,-37.2354],[-70.216,-37.2398]]}},{"type":"Feature","properties":{"nombre":"Arroyo Lumabia","tipo":"Arroyo"},"geometry":{"type":"LineString","coordinates":[[-71.0069,-36.8219],[-71.0,-36.8289]]}},{"type":"Feature","properties":{"nombre":"Arroyo Chacaico","tipo":"Arroyo"},"geometry":{"type":"LineString","coordinates":[[-70.4753,-36.4308],[-70.4708,-36.4405]]}},{"type":"Feature","properties":{"nombre":"Arroyo Quintuco","tipo":"Arroyo"},"geometry":{"type":"LineString","coordinates":[[-70.182,-38.1578],[-70.1723,-38.1593]]}},{"type":"Feature","properties":{"nombre":"Arroyo Choroyas","tipo":"Arroyo"},"geometry":{"type":"LineString","coordinates":[[-70.1198,-36.3449],[-70.1334,-36.3484]]}},{"type":"Feature","properties":{"nombre":"Río Malleo","tipo":"Río"},"geometry":{"type":"LineString","coordinates":[[-70.9697,-39.8141],[-70.9672,-39.8178],[-70.9689,-39.8219],[-70.9648,-39.8251]]}},{"type":"Feature","properties":{"nombre":null,"tipo":null},"geometry":{"type":"LineString","coordinates":[[-70.1863,-37.5346],[-70.192,-37.5176],[-70.1915,-37.4942],[-70.196,-37.4847],[-70.1928,-37.4826],[-70.1908,-37.4698],[-70.1876,-37.467]]}},{"type":"Feature","properties":{"nombre":"Río Negro","tipo":"Río"},"geometry":{"type":"LineString","coordinates":[[-67.904,-39.0088],[-67.9025,-39.0126],[-67.8961,-39.0132]]}},{"type":"Feature","properties":{"nombre":"Río Neuquén","tipo":"Río"},"geometry":{"type":"LineString","coordinates":[[-70.7976,-36.5306],[-70.8003,-36.5485],[-70.8029,-36.5502]]}},{"type":"Feature","properties":{"nombre":"Arroyo Leuto Caballo","tipo":"Arroyo"},"geometry":{"type":"LineString","coordinates":[[-70.274,-37.1962],[-70.2737,-37.207]]}},{"type":"Feature","properties":{"nombre":"Río Colorado","tipo":"Río"},"geometry":{"type":"LineString","coordinates":[[-68.8962,-37.3836],[-68.8845,-37.3893]]}},{"type":"Feature","properties":{"nombre":"Arroyo Primeros Pinos","tipo":"Arroyo"},"geometry":{"type":"LineString","coordinates":[[-70.5262,-38.8556],[-70.514,-38.8536],[-70.5,-38.8564]]}},{"type":"Feature","properties":{"nombre":"Arroyo Achupallas","tipo":"Arroyo"},"geometry":{"type":"LineString","coordinates":[[-70.4741,-37.53],[-70.4774,-37.5236],[-70.4925,-37.5157],[-70.4969,-37.5081],[-70.4863,-37.4908]]}},{"type":"Feature","properties":{"nombre":"Arroyo Codihue","tipo":"Arroyo"},"geometry":{"type":"LineString","coordinates":[[-70.6054,-38.4442],[-70.5903,-38.4459]]}},{"type":"Feature","properties":{"nombre":"Arroyo Los Bueyes","tipo":"Arroyo"},"geometry":{"type":"LineString","coordinates":[[-71.1295,-37.4153],[-71.1129,-37.4347]]}},{"type":"Feature","properties":{"nombre":"Río Aluminé","tipo":"Río"},"geometry":{"type":"LineString","coordinates":[[-70.8703,-39.833],[-70.8632,-39.8454]]}},{"type":"Feature","properties":{"nombre":"Río Barrancas","tipo":"Río"},"geometry":{"type":"LineString","coordinates":[[-70.3328,-36.3376],[-70.3174,-36.3342]]}},{"type":"Feature","properties":{"nombre":"Arroyo Sanquilco","tipo":"Arroyo"},"geometry":{"type":"LineString","coordinates":[[-70.6887,-38.6017],[-70.6784,-38.5927],[-70.6591,-38.5859]]}},{"type":"Feature","properties":{"nombre":null,"tipo":null},"geometry":{"type":"LineString","coordinates":[[-70.1686,-37.5107],[-70.1671,-37.4887]]}},{"type":"Feature","properties":{"nombre":"Arroyo Pichaihue","tipo":"Arroyo"},"geometry":{"type":"LineString","coordinates":[[-70.3799,-37.8909],[-70.3687,-37.8862]]}},{"type":"Feature","properties":{"nombre":null,"tipo":null},"geometry":{"type":"LineString","coordinates":[[-71.3323,-40.3075],[-71.3357,-40.3199]]}},{"type":"Feature","properties":{"nombre":"Río Quillén","tipo":"Río"},"geometry":{"type":"LineString","coordinates":[[-70.9437,-39.3789],[-70.933,-39.3779]]}},{"type":"Feature","properties":{"nombre":"Arroyo Curruco","tipo":"Arroyo"},"geometry":{"type":"LineString","coordinates":[[-71.6361,-40.4013],[-71.6264,-40.4141],[-71.6286,-40.4151],[-71.6252,-40.4199],[-71.626,-40.4254],[-71.629,-40.4292]]}},{"type":"Feature","properties":{"nombre":"Río Collón Curá","tipo":"Río"},"geometry":{"type":"LineString","coordinates":[[-70.696,-40.1886],[-70.6844,-40.1947]]}},{"type":"Feature","properties":{"nombre":"Arroyo Guaraco Norte","tipo":"Arroyo"},"geometry":{"type":"LineString","coordinates":[[-70.5545,-36.8341],[-70.569,-36.8458]]}},{"type":"Feature","properties":{"nombre":"Arroyo Trocoquen","tipo":"Arroyo"},"geometry":{"type":"LineString","coordinates":[[-70.7733,-38.9172],[-70.7829,-38.9164]]}},{"type":"Feature","properties":{"nombre":"Arroyo Leuto Caballo","tipo":"Arroyo"},"geometry":{"type":"LineString","coordinates":[[-70.2729,-37.1728],[-70.2743,-37.1819]]}},{"type":"Feature","properties":{"nombre":"Arroyo Corrales de Félix","tipo":"Arroyo"},"geometry":{"type":"LineString","coordinates":[[-70.659,-37.0152],[-70.6723,-37.019]]}},{"type":"Feature","properties":{"nombre":"Arroyo Quili - Co","tipo":"Arroyo"},"geometry":{"type":"LineString","coordinates":[[-69.928,-36.2592],[-69.9537,-36.2676],[-69.9804,-36.2658],[-69.9925,-36.2761]]}},{"type":"Feature","properties":{"nombre":null,"tipo":null},"geometry":{"type":"LineString","coordinates":[[-71.373,-38.9614],[-71.3655,-38.9659]]}},{"type":"Feature","properties":{"nombre":"Río Salado","tipo":"Río"},"geometry":{"type":"LineString","coordinates":[[-70.0997,-38.2104],[-70.092,-38.2179]]}},{"type":"Feature","properties":{"nombre":null,"tipo":null},"geometry":{"type":"LineString","coordinates":[[-71.1576,-38.8345],[-71.1366,-38.8368]]}},{"type":"Feature","properties":{"nombre":"Río Catán Lil","tipo":"Río"},"geometry":{"type":"LineString","coordinates":[[-70.6252,-39.3153],[-70.6285,-39.3212],[-70.6271,-39.3253],[-70.6313,-39.3275]]}},{"type":"Feature","properties":{"nombre":"Río Limay","tipo":"Río"},"geometry":{"type":"LineString","coordinates":[[-68.0577,-38.9916],[-68.0565,-38.981]]}},{"type":"Feature","properties":{"nombre":null,"tipo":null},"geometry":{"type":"LineString","coordinates":[[-70.8697,-37.0771],[-70.8578,-37.0558]]}},{"type":"Feature","properties":{"nombre":null,"tipo":null},"geometry":{"type":"LineString","coordinates":[[-71.2742,-40.2467],[-71.2576,-40.2391],[-71.2526,-40.2406]]}},{"type":"Feature","properties":{"nombre":"Arroyo Huanquimileo","tipo":"Arroyo"},"geometry":{"type":"LineString","coordinates":[[-70.1632,-36.1083],[-70.1445,-36.1108]]}},{"type":"Feature","properties":{"nombre":"Arroyo Covunco","tipo":"Arroyo"},"geometry":{"type":"LineString","coordinates":[[-69.9937,-38.7068],[-69.9853,-38.7025]]}},{"type":"Feature","properties":{"nombre":"Río Chachín","tipo":"Río"},"geometry":{"type":"LineString","coordinates":[[-71.82,-40.213],[-71.8174,-40.2182],[-71.8127,-40.2192]]}},{"type":"Feature","properties":{"nombre":"Río Limay","tipo":"Río"},"geometry":{"type":"LineString","coordinates":[[-68.0572,-38.9805],[-68.0524,-38.9723]]}},{"type":"Feature","properties":{"nombre":"Arroyo Donaire","tipo":"Arroyo"},"geometry":{"type":"LineString","coordinates":[[-71.0725,-37.2231],[-71.0611,-37.217],[-71.051,-37.2187],[-71.0434,-37.2147]]}},{"type":"Feature","properties":{"nombre":"Río Neuquén","tipo":"Río"},"geometry":{"type":"LineString","coordinates":[[-69.1125,-38.6024],[-69.1099,-38.5991],[-69.1133,-38.5927]]}},{"type":"Feature","properties":{"nombre":"Arroyo Poñihué","tipo":"Arroyo"},"geometry":{"type":"LineString","coordinates":[[-69.9612,-36.3344],[-69.9721,-36.3367]]}},{"type":"Feature","properties":{"nombre":"Arroyo Cajón de las Lagunas","tipo":"Arroyo"},"geometry":{"type":"LineString","coordinates":[[-70.9235,-38.3603],[-70.9187,-38.3696]]}},{"type":"Feature","properties":{"nombre":"Arroyo Juan Esteban","tipo":"Arroyo"},"geometry":{"type":"LineString","coordinates":[[-71.0762,-37.3052],[-71.0737,-37.3142]]}},{"type":"Feature","properties":{"nombre":"Río Neuquén","tipo":"Río"},"geometry":{"type":"LineString","coordinates":[[-69.7235,-38.2697],[-69.725,-38.2786],[-69.7191,-38.2869],[-69.7204,-38.2912]]}},{"type":"Feature","properties":{"nombre":"Río Colorado","tipo":"Río"},"geometry":{"type":"LineString","coordinates":[[-69.2667,-37.1454],[-69.2604,-37.1515]]}},{"type":"Feature","properties":{"nombre":"Río Buraleo","tipo":"Río"},"geometry":{"type":"LineString","coordinates":[[-71.0,-37.0243],[-70.9797,-37.0171]]}},{"type":"Feature","properties":{"nombre":"Arroyo Coihueco","tipo":"Arroyo"},"geometry":{"type":"LineString","coordinates":[[-70.1338,-38.0685],[-70.1286,-38.0729],[-70.1302,-38.0793],[-70.1238,-38.081],[-70.1214,-38.0854]]}},{"type":"Feature","properties":{"nombre":"Río Chimehuín","tipo":"Río"},"geometry":{"type":"LineString","coordinates":[[-70.8906,-40.0726],[-70.8807,-40.0674]]}},{"type":"Feature","properties":{"nombre":"Río Nahueve","tipo":"Río"},"geometry":{"type":"LineString","coordinates":[[-70.7613,-37.1031],[-70.7533,-37.1104]]}},{"type":"Feature","properties":{"nombre":"Arroyo Trailathué","tipo":"Arroyo"},"geometry":{"type":"LineString","coordinates":[[-70.2492,-37.6492],[-70.2393,-37.6535]]}},{"type":"Feature","properties":{"nombre":"Río Neuquén","tipo":"Río"},"geometry":{"type":"LineString","coordinates":[[-68.6212,-38.435],[-68.6232,-38.4401],[-68.6198,-38.4485]]}},{"type":"Feature","properties":{"nombre":"Riacho China Muerta","tipo":"Riacho"},"geometry":{"type":"LineString","coordinates":[[-68.3256,-38.9755],[-68.3181,-38.9686],[-68.3098,-38.9724]]}},{"type":"Feature","properties":{"nombre":"Río Pichi Traful","tipo":"Río"},"geometry":{"type":"LineString","coordinates":[[-71.6531,-40.4926],[-71.6503,-40.4906],[-71.6455,-40.4944],[-71.6281,-40.4758]]}},{"type":"Feature","properties":{"nombre":"Río Limay","tipo":"Río"},"geometry":{"type":"LineString","coordinates":[[-69.5946,-39.8278],[-69.5891,-39.8261],[-69.5808,-39.8297],[-69.5737,-39.8204],[-69.5696,-39.8201],[-69.5681,-39.8235],[-69.5633,-39.8221],[-69.5582,-39.8119],[-69.5515,-39.8115]]}},{"type":"Feature","properties":{"nombre":"Arroyo Sanquilco","tipo":"Arroyo"},"geometry":{"type":"LineString","coordinates":[[-70.6959,-38.6132],[-70.6887,-38.6017]]}},{"type":"Feature","properties":{"nombre":"Arroyo Pichaihue","tipo":"Arroyo"},"geometry":{"type":"LineString","coordinates":[[-70.2937,-37.8842],[-70.2881,-37.8827],[-70.2825,-37.8853],[-70.2776,-37.8822]]}},{"type":"Feature","properties":{"nombre":"Arroyo Leuto Caballo","tipo":"Arroyo"},"geometry":{"type":"LineString","coordinates":[[-70.272,-37.1889],[-70.274,-37.1962]]}},{"type":"Feature","properties":{"nombre":"Arroyo Haichol","tipo":"Arroyo"},"geometry":{"type":"LineString","coordinates":[[-70.5585,-38.4978],[-70.5493,-38.4941],[-70.5416,-38.4953],[-70.5381,-38.4912]]}},{"type":"Feature","properties":{"nombre":"Arroyo Liu Cullín","tipo":"Arroyo"},"geometry":{"type":"LineString","coordinates":[[-70.6929,-38.7315],[-70.6732,-38.7307]]}},{"type":"Feature","properties":{"nombre":"Arroyo Manzano Quemado","tipo":"Arroyo"},"geometry":{"type":"LineString","coordinates":[[-70.7222,-38.0],[-70.7086,-38.0048]]}},{"type":"Feature","properties":{"nombre":"Río Nahueve","tipo":"Río"},"geometry":{"type":"LineString","coordinates":[[-70.768,-37.155],[-70.7501,-37.1549]]}},{"type":"Feature","properties":{"nombre":"Arroyo de la Punta Alta","tipo":"Arroyo"},"geometry":{"type":"LineString","coordinates":[[-70.0814,-38.2698],[-70.0702,-38.2674]]}},{"type":"Feature","properties":{"nombre":"Arroyo Pichi Picún Leufú","tipo":"Arroyo"},"geometry":{"type":"LineString","coordinates":[[-70.1753,-39.9178],[-70.1575,-39.922],[-70.1385,-39.9319],[-70.1307,-39.9386],[-70.1289,-39.9453],[-70.1179,-39.952]]}},{"type":"Feature","properties":{"nombre":"Río Negro","tipo":"Río"},"geometry":{"type":"LineString","coordinates":[[-67.9822,-38.9953],[-67.9622,-38.9944]]}},{"type":"Feature","properties":{"nombre":"Río Agrio","tipo":"Río"},"geometry":{"type":"LineString","coordinates":[[-70.415,-38.5093],[-70.4086,-38.5175],[-70.3967,-38.5206]]}},{"type":"Feature","properties":{"nombre":"Río Nahueve","tipo":"Río"},"geometry":{"type":"LineString","coordinates":[[-71.0138,-36.8491],[-71.0134,-36.8548],[-71.0039,-36.8557],[-71.0,-36.8591]]}},{"type":"Feature","properties":{"nombre":null,"tipo":null},"geometry":{"type":"LineString","coordinates":[[-70.7795,-38.7731],[-70.7718,-38.7919]]}},{"type":"Feature","properties":{"nombre":"Arroyo Chacaico","tipo":"Arroyo"},"geometry":{"type":"LineString","coordinates":[[-70.4708,-36.4405],[-70.4791,-36.4531]]}},{"type":"Feature","properties":{"nombre":"Arroyo Sañico","tipo":"Arroyo"},"geometry":{"type":"LineString","coordinates":[[-70.4348,-39.9641],[-70.4028,-39.9619]]}},{"type":"Feature","properties":{"nombre":"Río Chimehuín","tipo":"Río"},"geometry":{"type":"LineString","coordinates":[[-71.0487,-40.0767],[-71.0419,-40.0755],[-71.0381,-40.0795]]}},{"type":"Feature","properties":{"nombre":"Río Colorado","tipo":"Río"},"geometry":{"type":"LineString","coordinates":[[-69.6677,-37.1146],[-69.651,-37.1203]]}},{"type":"Feature","properties":{"nombre":"Arroyo Chacay","tipo":"Arroyo"},"geometry":{"type":"LineString","coordinates":[[-70.634,-36.8156],[-70.6489,-36.8132]]}},{"type":"Feature","properties":{"nombre":"Río Caleufú","tipo":"Río"},"geometry":{"type":"LineString","coordinates":[[-70.7551,-40.4036],[-70.7413,-40.3984]]}},{"type":"Feature","properties":{"nombre":"Río Agrio","tipo":"Río"},"geometry":{"type":"LineString","coordinates":[[-69.7922,-38.3238],[-69.7922,-38.3269],[-69.7889,-38.3275],[-69.7846,-38.3224]]}},{"type":"Feature","properties":{"nombre":"Arroyo del Salto","tipo":"Arroyo"},"geometry":{"type":"LineString","coordinates":[[-71.6237,-40.2529],[-71.631,-40.2426],[-71.6373,-40.2404]]}},{"type":"Feature","properties":{"nombre":"Río Neuquén","tipo":"Río"},"geometry":{"type":"LineString","coordinates":[[-69.8991,-37.6741],[-69.8943,-37.6795],[-69.8946,-37.6879]]}},{"type":"Feature","properties":{"nombre":"Arroyo Mollucura","tipo":"Arroyo"},"geometry":{"type":"LineString","coordinates":[[-70.6698,-38.4197],[-70.6521,-38.4251]]}},{"type":"Feature","properties":{"nombre":"Arroyo Quemquemtreu","tipo":"Arroyo"},"geometry":{"type":"LineString","coordinates":[[-70.7472,-40.2229],[-70.7335,-40.2234]]}},{"type":"Feature","properties":{"nombre":"Arroyo de la Punta Alta","tipo":"Arroyo"},"geometry":{"type":"LineString","coordinates":[[-70.1133,-38.3],[-70.0993,-38.2896]]}},{"type":"Feature","properties":{"nombre":"Río Kilca","tipo":"Río"},"geometry":{"type":"LineString","coordinates":[[-70.9181,-39.124],[-70.9213,-39.1264],[-70.9287,-39.1252],[-70.9357,-39.14]]}},{"type":"Feature","properties":{"nombre":"Río Barrancas","tipo":"Río"},"geometry":{"type":"LineString","coordinates":[[-70.1375,-36.5282],[-70.1307,-36.5438]]}},{"type":"Feature","properties":{"nombre":null,"tipo":null},"geometry":{"type":"LineString","coordinates":[[-70.9804,-37.9105],[-70.9704,-37.9163]]}},{"type":"Feature","properties":{"nombre":"Río Neuquén","tipo":"Río"},"geometry":{"type":"LineString","coordinates":[[-68.8835,-38.3915],[-68.8698,-38.3799]]}},{"type":"Feature","properties":{"nombre":null,"tipo":null},"geometry":{"type":"LineString","coordinates":[[-69.7188,-36.571],[-69.7103,-36.5756]]}},{"type":"Feature","properties":{"nombre":null,"tipo":null},"geometry":{"type":"LineString","coordinates":[[-70.7466,-37.1883],[-70.7309,-37.1951]]}},{"type":"Feature","properties":{"nombre":"Arroyo Chichahuay","tipo":"Arroyo"},"geometry":{"type":"LineString","coordinates":[[-71.0248,-40.2898],[-71.0155,-40.284]]}},{"type":"Feature","properties":{"nombre":"Arroyo Acol","tipo":"Arroyo"},"geometry":{"type":"LineString","coordinates":[[-71.7801,-40.0998],[-71.7702,-40.1035]]}},{"type":"Feature","properties":{"nombre":"Arroyo Llamuco","tipo":"Arroyo"},"geometry":{"type":"LineString","coordinates":[[-70.793,-39.1701],[-70.804,-39.1779]]}},{"type":"Feature","properties":{"nombre":"Río Colorado","tipo":"Río"},"geometry":{"type":"LineString","coordinates":[[-69.047,-37.3189],[-69.0466,-37.3238],[-69.0421,-37.3266]]}},{"type":"Feature","properties":{"nombre":"Arroyo Quillahue","tipo":"Arroyo"},"geometry":{"type":"LineString","coordinates":[[-71.4036,-38.9866],[-71.3899,-38.9853]]}},{"type":"Feature","properties":{"nombre":"Arroyo Acol","tipo":"Arroyo"},"geometry":{"type":"LineString","coordinates":[[-71.7348,-40.1121],[-71.7021,-40.1209],[-71.6996,-40.1255],[-71.6921,-40.1275],[-71.6936,-40.1313],[-71.6904,-40.1336]]}},{"type":"Feature","properties":{"nombre":"Río Quilquihue","tipo":"Río"},"geometry":{"type":"LineString","coordinates":[[-71.2949,-40.0782],[-71.3131,-40.0687]]}},{"type":"Feature","properties":{"nombre":"Río Agrio","tipo":"Río"},"geometry":{"type":"LineString","coordinates":[[-70.1498,-38.4962],[-70.1364,-38.4936]]}},{"type":"Feature","properties":{"nombre":"Arroyo Quirinco","tipo":"Arroyo"},"geometry":{"type":"LineString","coordinates":[[-70.9481,-38.8228],[-70.9674,-38.8322]]}},{"type":"Feature","properties":{"nombre":"Río Colorado","tipo":"Río"},"geometry":{"type":"LineString","coordinates":[[-68.1935,-37.5876],[-68.1829,-37.5909],[-68.1791,-37.5875]]}},{"type":"Feature","properties":{"nombre":"Río Neuquén","tipo":"Río"},"geometry":{"type":"LineString","coordinates":[[-70.0454,-37.5765],[-70.0485,-37.5817],[-70.0447,-37.5908]]}},{"type":"Feature","properties":{"nombre":null,"tipo":null},"geometry":{"type":"LineString","coordinates":[[-70.8841,-37.0803],[-70.8759,-37.0582]]}},{"type":"Feature","properties":{"nombre":"Arroyo Los Chenques","tipo":"Arroyo"},"geometry":{"type":"LineString","coordinates":[[-70.6988,-36.4676],[-70.7077,-36.4699]]}},{"type":"Feature","properties":{"nombre":"Río Litrán","tipo":"Río"},"geometry":{"type":"LineString","coordinates":[[-70.8895,-38.7669],[-70.8903,-38.7698],[-70.9075,-38.7793]]}},{"type":"Feature","properties":{"nombre":"Río Curi Leuvú","tipo":"Río"},"geometry":{"type":"LineString","coordinates":[[-70.4213,-37.0255],[-70.4131,-37.0399]]}},{"type":"Feature","properties":{"nombre":"Arroyo Piuquenes","tipo":"Arroyo"},"geometry":{"type":"LineString","coordinates":[[-71.153,-37.2516],[-71.1536,-37.2614]]}},{"type":"Feature","properties":{"nombre":"Río Varvarco","tipo":"Río"},"geometry":{"type":"LineString","coordinates":[[-70.6449,-36.6997],[-70.651,-36.6999],[-70.6595,-36.7081]]}},{"type":"Feature","properties":{"nombre":"Río Chimehuín","tipo":"Río"},"geometry":{"type":"LineString","coordinates":[[-70.9711,-40.1011],[-70.973,-40.105],[-70.9707,-40.1065],[-70.9468,-40.1064]]}},{"type":"Feature","properties":{"nombre":"Río Aluminé","tipo":"Río"},"geometry":{"type":"LineString","coordinates":[[-70.8423,-39.899],[-70.8401,-39.901],[-70.8454,-39.9074]]}},{"type":"Feature","properties":{"nombre":"Arroyo Grande","tipo":"Arroyo"},"geometry":{"type":"LineString","coordinates":[[-71.5193,-40.2935],[-71.5111,-40.2768]]}},{"type":"Feature","properties":{"nombre":"Arroyo Milla Michico","tipo":"Arroyo"},"geometry":{"type":"LineString","coordinates":[[-70.6464,-37.2784],[-70.6518,-37.2901]]}},{"type":"Feature","properties":{"nombre":"Río Aluminé","tipo":"Río"},"geometry":{"type":"LineString","coordinates":[[-70.9317,-39.7678],[-70.9285,-39.768],[-70.9252,-39.7747]]}},{"type":"Feature","properties":{"nombre":"Arroyo Quebrada de la Zorra","tipo":"Arroyo"},"geometry":{"type":"LineString","coordinates":[[-70.9024,-37.0129],[-70.8922,-37.0129]]}},{"type":"Feature","properties":{"nombre":null,"tipo":null},"geometry":{"type":"LineString","coordinates":[[-70.9581,-38.8384],[-70.9724,-38.8353]]}},{"type":"Feature","properties":{"nombre":"Arroyo Picún Leufú","tipo":"Arroyo"},"geometry":{"type":"LineString","coordinates":[[-69.7578,-39.3333],[-69.7566,-39.3367],[-69.7288,-39.3442],[-69.7274,-39.3486],[-69.72,-39.347],[-69.7096,-39.3523],[-69.7044,-39.3579],[-69.7053,-39.3615],[-69.6957,-39.3599],[-69.6868,-39.3625],[-69.6667,-39.3744],[-69.6639,-39.3796],[-69.6554,-39.3815]]}},{"type":"Feature","properties":{"nombre":"Cañada Mallín Grande","tipo":"Cañada"},"geometry":{"type":"LineString","coordinates":[[-70.7667,-40.1517],[-70.7443,-40.1509],[-70.7396,-40.1571],[-70.7236,-40.1646]]}},{"type":"Feature","properties":{"nombre":null,"tipo":null},"geometry":{"type":"LineString","coordinates":[[-70.9422,-37.1649],[-70.9483,-37.162],[-70.9629,-37.1662]]}},{"type":"Feature","properties":{"nombre":"Río Agrio","tipo":"Río"},"geometry":{"type":"LineString","coordinates":[[-70.6012,-38.2898],[-70.5978,-38.2983]]}},{"type":"Feature","properties":{"nombre":"Arroyo Los Huemules","tipo":"Arroyo"},"geometry":{"type":"LineString","coordinates":[[-70.5531,-37.1503],[-70.5792,-37.1637]]}},{"type":"Feature","properties":{"nombre":"Arroyo Romero","tipo":"Arroyo"},"geometry":{"type":"LineString","coordinates":[[-70.7691,-38.3551],[-70.7525,-38.359],[-70.7347,-38.3736],[-70.7137,-38.375]]}},{"type":"Feature","properties":{"nombre":"Río Aluminé","tipo":"Río"},"geometry":{"type":"LineString","coordinates":[[-70.8397,-39.9375],[-70.8328,-39.9457]]}},{"type":"Feature","properties":{"nombre":"Río Neuquén","tipo":"Río"},"geometry":{"type":"LineString","coordinates":[[-68.5665,-38.4874],[-68.554,-38.4905],[-68.5509,-38.4873],[-68.5439,-38.4891]]}},{"type":"Feature","properties":{"nombre":"Arroyo de la Lagunita o Blanco","tipo":"Arroyo"},"geometry":{"type":"LineString","coordinates":[[-70.391,-36.4682],[-70.3775,-36.4649],[-70.3592,-36.4697]]}},{"type":"Feature","properties":{"nombre":"Río Colorado","tipo":"Río"},"geometry":{"type":"LineString","coordinates":[[-68.9369,-37.376],[-68.9247,-37.3709]]}},{"type":"Feature","properties":{"nombre":"Arroyo Valle Alegre","tipo":"Arroyo"},"geometry":{"type":"LineString","coordinates":[[-71.044,-36.5712],[-71.0407,-36.5877],[-71.0243,-36.611]]}},{"type":"Feature","properties":{"nombre":"Arroyo Chadileo","tipo":"Arroyo"},"geometry":{"type":"LineString","coordinates":[[-70.395,-36.6559],[-70.3788,-36.6457]]}},{"type":"Feature","properties":{"nombre":"Río Limay","tipo":"Río"},"geometry":{"type":"LineString","coordinates":[[-69.4254,-39.769],[-69.4174,-39.7626]]}},{"type":"Feature","properties":{"nombre":"Arroyo Pichi Hua Hum o Fortín","tipo":"Arroyo"},"geometry":{"type":"LineString","coordinates":[[-71.6539,-40.0709],[-71.6608,-40.0854]]}},{"type":"Feature","properties":{"nombre":"Arroyo Casa de Piedra","tipo":"Arroyo"},"geometry":{"type":"LineString","coordinates":[[-70.4424,-39.2221],[-70.4434,-39.2241],[-70.4397,-39.2255],[-70.4415,-39.2327],[-70.4347,-39.2418]]}},{"type":"Feature","properties":{"nombre":"Arroyo Butalón","tipo":"Arroyo"},"geometry":{"type":"LineString","coordinates":[[-70.6573,-36.9587],[-70.6745,-36.9573],[-70.6865,-36.962],[-70.6879,-36.9682]]}},{"type":"Feature","properties":{"nombre":"Río Filo Hua Hum Oeste","tipo":"Río"},"geometry":{"type":"LineString","coordinates":[[-71.4304,-40.4903],[-71.4104,-40.482]]}},{"type":"Feature","properties":{"nombre":"Arroyo Rahueco","tipo":"Arroyo"},"geometry":{"type":"LineString","coordinates":[[-70.4454,-37.458],[-70.4344,-37.4559],[-70.4297,-37.4519]]}},{"type":"Feature","properties":{"nombre":"Río Aluminé","tipo":"Río"},"geometry":{"type":"LineString","coordinates":[[-70.8625,-39.849],[-70.8619,-39.8606]]}},{"type":"Feature","properties":{"nombre":null,"tipo":null},"geometry":{"type":"LineString","coordinates":[[-70.6119,-37.0788],[-70.6359,-37.0889]]}},{"type":"Feature","properties":{"nombre":"Río Reñileuvú","tipo":"Río"},"geometry":{"type":"LineString","coordinates":[[-70.7207,-37.3357],[-70.7129,-37.3448],[-70.7032,-37.3434]]}},{"type":"Feature","properties":{"nombre":"Arroyo Liu Cullín","tipo":"Arroyo"},"geometry":{"type":"LineString","coordinates":[[-69.7674,-36.1057],[-69.7901,-36.1053]]}},{"type":"Feature","properties":{"nombre":"Río Aluminé","tipo":"Río"},"geometry":{"type":"LineString","coordinates":[[-70.9105,-39.2413],[-70.9114,-39.2315]]}},{"type":"Feature","properties":{"nombre":"Río Colorado","tipo":"Río"},"geometry":{"type":"LineString","coordinates":[[-68.3842,-37.5512],[-68.3759,-37.5465],[-68.3691,-37.5479]]}},{"type":"Feature","properties":{"nombre":"Arroyo Cochicó Chico","tipo":"Arroyo"},"geometry":{"type":"LineString","coordinates":[[-70.7384,-38.8595],[-70.745,-38.8679],[-70.754,-38.8723]]}},{"type":"Feature","properties":{"nombre":"Arroyo Lulonco","tipo":"Arroyo"},"geometry":{"type":"LineString","coordinates":[[-70.1965,-36.5798],[-70.1771,-36.5798],[-70.1707,-36.5753],[-70.1418,-36.5746]]}},{"type":"Feature","properties":{"nombre":"Arroyo Piuquenes","tipo":"Arroyo"},"geometry":{"type":"LineString","coordinates":[[-71.1562,-37.3176],[-71.1488,-37.3238],[-71.1481,-37.3318]]}},{"type":"Feature","properties":{"nombre":"Arroyo La Primavera","tipo":"Arroyo"},"geometry":{"type":"LineString","coordinates":[[-70.6114,-37.2513],[-70.6187,-37.2527],[-70.6212,-37.2584]]}},{"type":"Feature","properties":{"nombre":"Arroyo Los Molles","tipo":"Arroyo"},"geometry":{"type":"LineString","coordinates":[[-70.2645,-39.1987],[-70.2454,-39.1936]]}},{"type":"Feature","properties":{"nombre":"Río Colorado","tipo":"Río"},"geometry":{"type":"LineString","coordinates":[[-68.4134,-37.5518],[-68.3967,-37.5558]]}},{"type":"Feature","properties":{"nombre":"Cañada Mallín Grande","tipo":"Cañada"},"geometry":{"type":"LineString","coordinates":[[-70.9106,-40.1459],[-70.8859,-40.1519]]}},{"type":"Feature","properties":{"nombre":"Cañada Mallín Grande","tipo":"Cañada"},"geometry":{"type":"LineString","coordinates":[[-70.8774,-40.1549],[-70.8725,-40.1568],[-70.8659,-40.1533]]}},{"type":"Feature","properties":{"nombre":"Arroyo Pino Solo","tipo":"Arroyo"},"geometry":{"type":"LineString","coordinates":[[-70.7419,-38.5732],[-70.7334,-38.5698]]}},{"type":"Feature","properties":{"nombre":"Arroyo Las Horquetas","tipo":"Arroyo"},"geometry":{"type":"LineString","coordinates":[[-70.9205,-38.4651],[-70.8993,-38.4637]]}},{"type":"Feature","properties":{"nombre":"Arroyo Cajón Nuevo","tipo":"Arroyo"},"geometry":{"type":"LineString","coordinates":[[-70.9721,-37.0302],[-70.9795,-37.0315],[-70.9812,-37.0368]]}},{"type":"Feature","properties":{"nombre":"Río Colorado","tipo":"Río"},"geometry":{"type":"LineString","coordinates":[[-68.3942,-37.5557],[-68.39,-37.5557],[-68.3879,-37.5497]]}},{"type":"Feature","properties":{"nombre":"Río Barrancas","tipo":"Río"},"geometry":{"type":"LineString","coordinates":[[-70.0212,-36.6736],[-70.0122,-36.6784],[-70.0142,-36.6877]]}},{"type":"Feature","properties":{"nombre":"Arroyo Trolope","tipo":"Arroyo"},"geometry":{"type":"LineString","coordinates":[[-71.0695,-37.7828],[-71.063,-37.7782],[-71.0653,-37.7763]]}},{"type":"Feature","properties":{"nombre":"Arroyo Piedra Grande","tipo":"Arroyo"},"geometry":{"type":"LineString","coordinates":[[-71.1038,-37.533],[-71.0959,-37.544]]}},{"type":"Feature","properties":{"nombre":"Río Varvarco","tipo":"Río"},"geometry":{"type":"LineString","coordinates":[[-70.6595,-36.7081],[-70.6633,-36.7275]]}},{"type":"Feature","properties":{"nombre":"Río Rucachoroi","tipo":"Río"},"geometry":{"type":"LineString","coordinates":[[-70.9423,-39.2114],[-70.9375,-39.211],[-70.935,-39.2044]]}},{"type":"Feature","properties":{"nombre":"Río Neuquén","tipo":"Río"},"geometry":{"type":"LineString","coordinates":[[-69.7619,-38.161],[-69.7604,-38.1671],[-69.7494,-38.165]]}},{"type":"Feature","properties":{"nombre":"Arroyo Los Chenques","tipo":"Arroyo"},"geometry":{"type":"LineString","coordinates":[[-70.6764,-36.4573],[-70.6774,-36.4604],[-70.688,-36.4641]]}},{"type":"Feature","properties":{"nombre":"Arroyo Liuco","tipo":"Arroyo"},"geometry":{"type":"LineString","coordinates":[[-70.3189,-37.0159],[-70.334,-37.0304],[-70.3517,-37.0308]]}},{"type":"Feature","properties":{"nombre":"Río Agrio","tipo":"Río"},"geometry":{"type":"LineString","coordinates":[[-70.5854,-37.9239],[-70.589,-37.9365],[-70.5868,-37.9456]]}},{"type":"Feature","properties":{"nombre":"Río Catán Lil","tipo":"Río"},"geometry":{"type":"LineString","coordinates":[[-70.8136,-39.8115],[-70.8138,-39.825]]}},{"type":"Feature","properties":{"nombre":"Arroyo Coyuco","tipo":"Arroyo"},"geometry":{"type":"LineString","coordinates":[[-70.1305,-36.6538],[-70.1173,-36.6624]]}},{"type":"Feature","properties":{"nombre":"Arroyo Butalón","tipo":"Arroyo"},"geometry":{"type":"LineString","coordinates":[[-70.9366,-37.5088],[-70.9251,-37.5031],[-70.9093,-37.4732],[-70.8727,-37.4722],[-70.8653,-37.4753],[-70.8658,-37.4808],[-70.858,-37.4831],[-70.8527,-37.481],[-70.8403,-37.4853],[-70.8254,-37.4842]]}},{"type":"Feature","properties":{"nombre":"Río Guañacos","tipo":"Río"},"geometry":{"type":"LineString","coordinates":[[-70.8579,-37.2771],[-70.8296,-37.2707],[-70.7961,-37.2685]]}},{"type":"Feature","properties":{"nombre":"Arroyo Trovunco","tipo":"Arroyo"},"geometry":{"type":"LineString","coordinates":[[-70.3274,-36.3622],[-70.3191,-36.3556]]}},{"type":"Feature","properties":{"nombre":"Río Colorado","tipo":"Río"},"geometry":{"type":"LineString","coordinates":[[-68.8786,-37.3885],[-68.867,-37.3957]]}},{"type":"Feature","properties":{"nombre":"Arroyo Los Pajaritos","tipo":"Arroyo"},"geometry":{"type":"LineString","coordinates":[[-71.0294,-36.9198],[-71.0272,-36.9252],[-71.0228,-36.9252],[-71.0046,-36.9166]]}},{"type":"Feature","properties":{"nombre":null,"tipo":null},"geometry":{"type":"LineString","coordinates":[[-70.5421,-37.1443],[-70.5527,-37.1429]]}},{"type":"Feature","properties":{"nombre":"Río Filo Hua Hum Oeste","tipo":"Río"},"geometry":{"type":"LineString","coordinates":[[-71.3736,-40.4863],[-71.3699,-40.4901],[-71.3642,-40.4891]]}},{"type":"Feature","properties":{"nombre":"Arroyo Colorado","tipo":"Arroyo"},"geometry":{"type":"LineString","coordinates":[[-70.9663,-36.6149],[-70.9556,-36.6152]]}},{"type":"Feature","properties":{"nombre":"Arroyo Carreri","tipo":"Arroyo"},"geometry":{"type":"LineString","coordinates":[[-70.6271,-38.9556],[-70.6263,-38.9589],[-70.6106,-38.9678],[-70.5992,-38.9683]]}},{"type":"Feature","properties":{"nombre":"Arroyo Mallín Florido","tipo":"Arroyo"},"geometry":{"type":"LineString","coordinates":[[-70.6952,-38.5073],[-70.6857,-38.5148],[-70.67,-38.5177],[-70.6649,-38.5174],[-70.6619,-38.5128]]}},{"type":"Feature","properties":{"nombre":null,"tipo":null},"geometry":{"type":"LineString","coordinates":[[-70.5863,-37.088],[-70.5968,-37.0832],[-70.6018,-37.0842]]}},{"type":"Feature","properties":{"nombre":"Arroyo Casheu Malle-Hue","tipo":"Arroyo"},"geometry":{"type":"LineString","coordinates":[[-70.701,-38.959],[-70.7112,-38.9594]]}},{"type":"Feature","properties":{"nombre":"Arroyo Quebrada de la Zorra","tipo":"Arroyo"},"geometry":{"type":"LineString","coordinates":[[-70.8756,-37.0093],[-70.8591,-37.0038]]}},{"type":"Feature","properties":{"nombre":"Río Litrán","tipo":"Río"},"geometry":{"type":"LineString","coordinates":[[-71.0647,-38.905],[-71.0734,-38.9055],[-71.0731,-38.9087]]}},{"type":"Feature","properties":{"nombre":null,"tipo":null},"geometry":{"type":"LineString","coordinates":[[-71.0312,-38.9797],[-71.0338,-38.9946]]}},{"type":"Feature","properties":{"nombre":"Río Neuquén","tipo":"Río"},"geometry":{"type":"LineString","coordinates":[[-70.6904,-37.2971],[-70.6943,-37.3033],[-70.6882,-37.3097]]}},{"type":"Feature","properties":{"nombre":"Río Barrancas","tipo":"Río"},"geometry":{"type":"LineString","coordinates":[[-70.191,-36.4639],[-70.1822,-36.4758],[-70.1816,-36.4829]]}},{"type":"Feature","properties":{"nombre":"Río Filuco","tipo":"Río"},"geometry":{"type":"LineString","coordinates":[[-71.58,-40.3779],[-71.5723,-40.3806],[-71.5706,-40.3863]]}},{"type":"Feature","properties":{"nombre":null,"tipo":null},"geometry":{"type":"LineString","coordinates":[[-70.9769,-37.1331],[-70.9628,-37.1421]]}},{"type":"Feature","properties":{"nombre":"Arroyo Cuerno","tipo":"Arroyo"},"geometry":{"type":"LineString","coordinates":[[-71.7832,-40.5267],[-71.7819,-40.5307],[-71.7777,-40.5312],[-71.781,-40.5327],[-71.7759,-40.5426]]}},{"type":"Feature","properties":{"nombre":"Río Pulmarí","tipo":"Río"},"geometry":{"type":"LineString","coordinates":[[-71.0099,-39.104],[-71.0,-39.1046]]}},{"type":"Feature","properties":{"nombre":"Río Colorado","tipo":"Río"},"geometry":{"type":"LineString","coordinates":[[-69.3047,-37.1534],[-69.3019,-37.1496],[-69.2959,-37.1498]]}},{"type":"Feature","properties":{"nombre":"Río Auquinco","tipo":"Río"},"geometry":{"type":"LineString","coordinates":[[-71.4823,-40.0],[-71.4791,-40.0082]]}},{"type":"Feature","properties":{"nombre":"Arroyo Los Leones","tipo":"Arroyo"},"geometry":{"type":"LineString","coordinates":[[-69.5639,-36.0234],[-69.5565,-36.0163]]}},{"type":"Feature","properties":{"nombre":null,"tipo":null},"geometry":{"type":"LineString","coordinates":[[-70.9765,-37.6667],[-70.975,-37.6621],[-70.9663,-37.6602]]}},{"type":"Feature","properties":{"nombre":"Arroyo Chichahuay","tipo":"Arroyo"},"geometry":{"type":"LineString","coordinates":[[-70.8177,-40.3622],[-70.8134,-40.3748],[-70.8046,-40.3789],[-70.8018,-40.3964],[-70.7923,-40.4042],[-70.7866,-40.4034]]}},{"type":"Feature","properties":{"nombre":"Arroyo Rucamilio","tipo":"Arroyo"},"geometry":{"type":"LineString","coordinates":[[-70.1143,-36.3596],[-70.1083,-36.3566],[-70.0867,-36.3619],[-70.0776,-36.3593],[-70.0695,-36.352]]}},{"type":"Feature","properties":{"nombre":null,"tipo":null},"geometry":{"type":"LineString","coordinates":[[-71.034,-37.6402],[-71.0247,-37.6453]]}},{"type":"Feature","properties":{"nombre":null,"tipo":null},"geometry":{"type":"LineString","coordinates":[[-71.3153,-40.2929],[-71.3219,-40.2997],[-71.3298,-40.3016],[-71.3323,-40.3075]]}},{"type":"Feature","properties":{"nombre":"Arroyo Ñireco","tipo":"Arroyo"},"geometry":{"type":"LineString","coordinates":[[-70.4832,-37.1198],[-70.4724,-37.121],[-70.4665,-37.1162]]}},{"type":"Feature","properties":{"nombre":"Arroyo Huayilón","tipo":"Arroyo"},"geometry":{"type":"LineString","coordinates":[[-70.4268,-38.2742],[-70.427,-38.2822]]}},{"type":"Feature","properties":{"nombre":"Arroyo Las Canoas","tipo":"Arroyo"},"geometry":{"type":"LineString","coordinates":[[-70.5711,-38.9724],[-70.5531,-38.9613],[-70.5453,-38.9522],[-70.5434,-38.9451]]}},{"type":"Feature","properties":{"nombre":"Arroyo Haichol","tipo":"Arroyo"},"geometry":{"type":"LineString","coordinates":[[-70.5381,-38.4912],[-70.5099,-38.4814]]}},{"type":"Feature","properties":{"nombre":"Arroyo Covunco","tipo":"Arroyo"},"geometry":{"type":"LineString","coordinates":[[-69.7625,-38.5493],[-69.7633,-38.5455],[-69.7546,-38.537],[-69.7527,-38.5285]]}},{"type":"Feature","properties":{"nombre":"Arroyo La Crianza","tipo":"Arroyo"},"geometry":{"type":"LineString","coordinates":[[-70.5484,-36.4108],[-70.558,-36.421],[-70.5627,-36.4352],[-70.5719,-36.4347]]}},{"type":"Feature","properties":{"nombre":"Arroyo Las Lajitas","tipo":"Arroyo"},"geometry":{"type":"LineString","coordinates":[[-70.5077,-38.6667],[-70.5,-38.6562]]}},{"type":"Feature","properties":{"nombre":"Arroyo Cajón Negro","tipo":"Arroyo"},"geometry":{"type":"LineString","coordinates":[[-71.6929,-40.3985],[-71.6867,-40.4062],[-71.6746,-40.41]]}},{"type":"Feature","properties":{"nombre":"Arroyo Carrín Curá","tipo":"Arroyo"},"geometry":{"type":"LineString","coordinates":[[-70.568,-40.0077],[-70.5595,-40.0221]]}},{"type":"Feature","properties":{"nombre":"Arroyo La Romanza","tipo":"Arroyo"},"geometry":{"type":"LineString","coordinates":[[-70.9915,-37.3095],[-70.9889,-37.3084],[-70.9672,-37.3211],[-70.9585,-37.3333]]}},{"type":"Feature","properties":{"nombre":"Arroyo Las Bandurrias","tipo":"Arroyo"},"geometry":{"type":"LineString","coordinates":[[-70.6235,-37.0759],[-70.6349,-37.085]]}},{"type":"Feature","properties":{"nombre":"Arroyo Tralalhue","tipo":"Arroyo"},"geometry":{"type":"LineString","coordinates":[[-70.2122,-37.7287],[-70.2041,-37.731]]}},{"type":"Feature","properties":{"nombre":"Arroyo Liu Cullín","tipo":"Arroyo"},"geometry":{"type":"LineString","coordinates":[[-70.575,-38.6748],[-70.5717,-38.6667]]}},{"type":"Feature","properties":{"nombre":"Arroyo Machico","tipo":"Arroyo"},"geometry":{"type":"LineString","coordinates":[[-71.6203,-40.553],[-71.618,-40.5677],[-71.6322,-40.5991],[-71.6145,-40.6047]]}},{"type":"Feature","properties":{"nombre":null,"tipo":null},"geometry":{"type":"LineString","coordinates":[[-70.5504,-37.1993],[-70.5758,-37.2008]]}},{"type":"Feature","properties":{"nombre":"Arroyo Choñorquín","tipo":"Arroyo"},"geometry":{"type":"LineString","coordinates":[[-70.8932,-38.4256],[-70.8817,-38.4297]]}},{"type":"Feature","properties":{"nombre":"Río Quilquihue","tipo":"Río"},"geometry":{"type":"LineString","coordinates":[[-71.1636,-40.0803],[-71.171,-40.0913]]}},{"type":"Feature","properties":{"nombre":"Arroyo Chacayco","tipo":"Arroyo"},"geometry":{"type":"LineString","coordinates":[[-70.0976,-37.4477],[-70.0942,-37.4627]]}},{"type":"Feature","properties":{"nombre":null,"tipo":null},"geometry":{"type":"LineString","coordinates":[[-71.0,-38.8466],[-71.0104,-38.8491]]}},{"type":"Feature","properties":{"nombre":"Río Limay","tipo":"Río"},"geometry":{"type":"LineString","coordinates":[[-69.8806,-39.9231],[-69.8717,-39.9172]]}},{"type":"Feature","properties":{"nombre":"Arroyo Chichahuay","tipo":"Arroyo"},"geometry":{"type":"LineString","coordinates":[[-70.8551,-40.3188],[-70.8423,-40.3301]]}},{"type":"Feature","properties":{"nombre":"Arroyo Picún Leufú","tipo":"Arroyo"},"geometry":{"type":"LineString","coordinates":[[-69.5639,-39.4071],[-69.5548,-39.4128],[-69.5559,-39.419],[-69.5533,-39.4224],[-69.5572,-39.4272],[-69.5516,-39.4304],[-69.5552,-39.4384],[-69.5473,-39.4411],[-69.5477,-39.4445],[-69.5417,-39.4486],[-69.5406,-39.4592],[-69.5299,-39.4662],[-69.5289,-39.4727],[-69.5218,-39.4721],[-69.5168,-39.4785],[-69.5074,-39.4834],[-69.5072,-39.4879],[-69.5,-39.4895]]}},{"type":"Feature","properties":{"nombre":"Arroyo Rahueco","tipo":"Arroyo"},"geometry":{"type":"LineString","coordinates":[[-70.5843,-37.1439],[-70.5893,-37.145],[-70.5871,-37.1495],[-70.5971,-37.1541],[-70.6116,-37.1561]]}},{"type":"Feature","properties":{"nombre":"Río Quilquihue","tipo":"Río"},"geometry":{"type":"LineString","coordinates":[[-71.1481,-40.0724],[-71.1587,-40.0804]]}},{"type":"Feature","properties":{"nombre":"Arroyo Cajón de Flores","tipo":"Arroyo"},"geometry":{"type":"LineString","coordinates":[[-70.727,-36.6667],[-70.7287,-36.6803],[-70.7383,-36.6914]]}},{"type":"Feature","properties":{"nombre":"Río Colorado","tipo":"Río"},"geometry":{"type":"LineString","coordinates":[[-68.7985,-37.376],[-68.7888,-37.3721]]}},{"type":"Feature","properties":{"nombre":"Arroyo Comodón","tipo":"Arroyo"},"geometry":{"type":"LineString","coordinates":[[-71.5712,-40.3333],[-71.5685,-40.3336],[-71.5695,-40.336],[-71.5658,-40.3349],[-71.5679,-40.337]]}},{"type":"Feature","properties":{"nombre":"Río Colorado","tipo":"Río"},"geometry":{"type":"LineString","coordinates":[[-68.0684,-37.5956],[-68.0628,-37.5957],[-68.0614,-37.5918],[-68.0452,-37.5956]]}},{"type":"Feature","properties":{"nombre":"Río Neuquén","tipo":"Río"},"geometry":{"type":"LineString","coordinates":[[-68.947,-38.4658],[-68.9439,-38.458],[-68.9399,-38.4568]]}},{"type":"Feature","properties":{"nombre":"Arroyo Conaco","tipo":"Arroyo"},"geometry":{"type":"LineString","coordinates":[[-71.5565,-40.5709],[-71.5536,-40.5778]]}},{"type":"Feature","properties":{"nombre":"Arroyo Manchana Covunco","tipo":"Arroyo"},"geometry":{"type":"LineString","coordinates":[[-70.6023,-36.6487],[-70.6095,-36.6487],[-70.6179,-36.6556]]}},{"type":"Feature","properties":{"nombre":"Arroyo Queñi","tipo":"Arroyo"},"geometry":{"type":"LineString","coordinates":[[-71.7875,-40.1507],[-71.7746,-40.1554]]}},{"type":"Feature","properties":{"nombre":"Río Colorado","tipo":"Río"},"geometry":{"type":"LineString","coordinates":[[-69.361,-37.1602],[-69.3426,-37.1557]]}},{"type":"Feature","properties":{"nombre":"Arroyo de la Lagunita o Blanco","tipo":"Arroyo"},"geometry":{"type":"LineString","coordinates":[[-70.2041,-36.4611],[-70.1913,-36.4706]]}},{"type":"Feature","properties":{"nombre":"Arroyo Cajón Negro","tipo":"Arroyo"},"geometry":{"type":"LineString","coordinates":[[-71.6746,-40.41],[-71.6655,-40.4174]]}},{"type":"Feature","properties":{"nombre":"Arroyo Mollucura","tipo":"Arroyo"},"geometry":{"type":"LineString","coordinates":[[-70.8027,-38.3778],[-70.7934,-38.3725]]}},{"type":"Feature","properties":{"nombre":"Arroyo Buta Mallín","tipo":"Arroyo"},"geometry":{"type":"LineString","coordinates":[[-71.013,-37.2018],[-71.0027,-37.2012]]}},{"type":"Feature","properties":{"nombre":null,"tipo":null},"geometry":{"type":"LineString","coordinates":[[-70.8693,-37.6603],[-70.8607,-37.6556],[-70.8607,-37.6507]]}},{"type":"Feature","properties":{"nombre":null,"tipo":null},"geometry":{"type":"LineString","coordinates":[[-70.8299,-38.8478],[-70.8483,-38.8656],[-70.8478,-38.8707],[-70.8428,-38.8754],[-70.8464,-38.88],[-70.8488,-38.9025],[-70.8543,-38.9098],[-70.8414,-38.9146]]}},{"type":"Feature","properties":{"nombre":"Arroyo Chañas","tipo":"Arroyo"},"geometry":{"type":"LineString","coordinates":[[-70.8464,-36.4528],[-70.8244,-36.4694],[-70.805,-36.4746]]}},{"type":"Feature","properties":{"nombre":"Arroyo Desecho","tipo":"Arroyo"},"geometry":{"type":"LineString","coordinates":[[-71.102,-37.468],[-71.0978,-37.4601],[-71.0817,-37.4536],[-71.0926,-37.4398],[-71.0951,-37.4276]]}},{"type":"Feature","properties":{"nombre":null,"tipo":null},"geometry":{"type":"LineString","coordinates":[[-69.9057,-36.361],[-69.8995,-36.3524]]}},{"type":"Feature","properties":{"nombre":"Arroyo Romero","tipo":"Arroyo"},"geometry":{"type":"LineString","coordinates":[[-70.8472,-38.3115],[-70.8385,-38.3167]]}},{"type":"Feature","properties":{"nombre":"Arroyo Las Maderas","tipo":"Arroyo"},"geometry":{"type":"LineString","coordinates":[[-70.8052,-38.4013],[-70.7999,-38.4034],[-70.7884,-38.4005],[-70.7776,-38.4043],[-70.756,-38.4],[-70.7507,-38.4019]]}},{"type":"Feature","properties":{"nombre":"Río Neuquén","tipo":"Río"},"geometry":{"type":"LineString","coordinates":[[-70.7891,-36.6515],[-70.7917,-36.6563],[-70.7876,-36.6617]]}},{"type":"Feature","properties":{"nombre":null,"tipo":null},"geometry":{"type":"LineString","coordinates":[[-70.792,-38.7685],[-70.8191,-38.7707],[-70.8412,-38.7771]]}},{"type":"Feature","properties":{"nombre":null,"tipo":null},"geometry":{"type":"LineString","coordinates":[[-71.7604,-40.5796],[-71.7499,-40.5822]]}},{"type":"Feature","properties":{"nombre":"Arroyo Manzano","tipo":"Arroyo"},"geometry":{"type":"LineString","coordinates":[[-70.654,-38.6487],[-70.642,-38.6418]]}},{"type":"Feature","properties":{"nombre":"Río Agrio","tipo":"Río"},"geometry":{"type":"LineString","coordinates":[[-71.0866,-37.8845],[-71.0693,-37.8863]]}},{"type":"Feature","properties":{"nombre":"Río Colorado","tipo":"Río"},"geometry":{"type":"LineString","coordinates":[[-68.9406,-37.3726],[-68.9287,-37.3701]]}},{"type":"Feature","properties":{"nombre":"Arroyo Aquihuecó","tipo":"Arroyo"},"geometry":{"type":"LineString","coordinates":[[-70.5,-37.0629],[-70.4876,-37.072],[-70.4783,-37.0842]]}},{"type":"Feature","properties":{"nombre":"Río Barrancas","tipo":"Río"},"geometry":{"type":"LineString","coordinates":[[-70.1686,-36.4994],[-70.1569,-36.5108]]}},{"type":"Feature","properties":{"nombre":"Río Aluminé","tipo":"Río"},"geometry":{"type":"LineString","coordinates":[[-70.8305,-40.0005],[-70.8274,-40.0052],[-70.8327,-40.01]]}},{"type":"Feature","properties":{"nombre":"Arroyo Pichi Picún Leufú","tipo":"Arroyo"},"geometry":{"type":"LineString","coordinates":[[-70.5,-39.11],[-70.4946,-39.1125],[-70.4941,-39.1165],[-70.4996,-39.1205],[-70.4962,-39.1238]]}},{"type":"Feature","properties":{"nombre":"Arroyo Quintuco","tipo":"Arroyo"},"geometry":{"type":"LineString","coordinates":[[-70.1451,-38.1653],[-70.142,-38.1678],[-70.1441,-38.1707],[-70.1407,-38.1712]]}},{"type":"Feature","properties":{"nombre":null,"tipo":null},"geometry":{"type":"LineString","coordinates":[[-70.011,-37.5348],[-70.0013,-37.5429],[-70.0035,-37.553],[-70.0,-37.565]]}},{"type":"Feature","properties":{"nombre":"Arroyo Torta Frita","tipo":"Arroyo"},"geometry":{"type":"LineString","coordinates":[[-70.8758,-39.6251],[-70.8786,-39.6348]]}},{"type":"Feature","properties":{"nombre":"Arroyo Pino Solo","tipo":"Arroyo"},"geometry":{"type":"LineString","coordinates":[[-70.723,-38.5631],[-70.7066,-38.5583]]}},{"type":"Feature","properties":{"nombre":"Río Colorado","tipo":"Río"},"geometry":{"type":"LineString","coordinates":[[-69.3923,-37.1687],[-69.391,-37.164],[-69.3836,-37.1604]]}},{"type":"Feature","properties":{"nombre":"Río Negro","tipo":"Río"},"geometry":{"type":"LineString","coordinates":[[-67.5487,-39.086],[-67.5439,-39.0891],[-67.5437,-39.0943]]}},{"type":"Feature","properties":{"nombre":"Río Limay","tipo":"Río"},"geometry":{"type":"LineString","coordinates":[[-69.7969,-39.8852],[-69.7899,-39.8831],[-69.7764,-39.8864]]}},{"type":"Feature","properties":{"nombre":"Arroyo La Quena","tipo":"Arroyo"},"geometry":{"type":"LineString","coordinates":[[-71.5434,-40.4696],[-71.5297,-40.4607],[-71.5213,-40.4634]]}},{"type":"Feature","properties":{"nombre":"Río Neuquén","tipo":"Río"},"geometry":{"type":"LineString","coordinates":[[-70.1623,-37.4769],[-70.1558,-37.4759],[-70.1395,-37.4849],[-70.1268,-37.4871]]}},{"type":"Feature","properties":{"nombre":"Arroyo Chacay","tipo":"Arroyo"},"geometry":{"type":"LineString","coordinates":[[-70.6489,-36.8132],[-70.6708,-36.81]]}},{"type":"Feature","properties":{"nombre":"Arroyo El Catreo","tipo":"Arroyo"},"geometry":{"type":"LineString","coordinates":[[-70.5325,-37.4432],[-70.5455,-37.4408],[-70.5603,-37.4241],[-70.5763,-37.412],[-70.5841,-37.4103],[-70.6011,-37.4134]]}},{"type":"Feature","properties":{"nombre":"Río Neuquén","tipo":"Río"},"geometry":{"type":"LineString","coordinates":[[-68.5089,-38.5318],[-68.5,-38.5353]]}},{"type":"Feature","properties":{"nombre":"Arroyo El Huecú","tipo":"Arroyo"},"geometry":{"type":"LineString","coordinates":[[-70.5987,-37.6692],[-70.605,-37.6732]]}},{"type":"Feature","properties":{"nombre":"Río Aluminé","tipo":"Río"},"geometry":{"type":"LineString","coordinates":[[-70.9548,-39.5756],[-70.9579,-39.5845],[-70.9532,-39.5853]]}},{"type":"Feature","properties":{"nombre":"Arroyo Lonco Luan","tipo":"Arroyo"},"geometry":{"type":"LineString","coordinates":[[-70.9288,-38.9205],[-70.9391,-38.9235]]}},{"type":"Feature","properties":{"nombre":"Arroyo Calmuco","tipo":"Arroyo"},"geometry":{"type":"LineString","coordinates":[[-69.8201,-36.5032],[-69.8191,-36.4917]]}},{"type":"Feature","properties":{"nombre":"Río Limay","tipo":"Río"},"geometry":{"type":"LineString","coordinates":[[-69.3496,-39.694],[-69.354,-39.699],[-69.3516,-39.7035]]}},{"type":"Feature","properties":{"nombre":"Río Chachín","tipo":"Río"},"geometry":{"type":"LineString","coordinates":[[-71.8127,-40.2192],[-71.7913,-40.2235],[-71.7871,-40.22]]}},{"type":"Feature","properties":{"nombre":"Arroyo Tralalhue","tipo":"Arroyo"},"geometry":{"type":"LineString","coordinates":[[-70.2194,-37.7109],[-70.2217,-37.7142],[-70.2181,-37.716]]}},{"type":"Feature","properties":{"nombre":"Arroyo Cuerno","tipo":"Arroyo"},"geometry":{"type":"LineString","coordinates":[[-71.7921,-40.443],[-71.7901,-40.4486],[-71.7953,-40.4524],[-71.7951,-40.4585],[-71.8,-40.458],[-71.8028,-40.4646]]}},{"type":"Feature","properties":{"nombre":"Arroyo Las Ratoneras","tipo":"Arroyo"},"geometry":{"type":"LineString","coordinates":[[-70.8823,-37.0167],[-70.8756,-37.0093]]}},{"type":"Feature","properties":{"nombre":"Río Colorado","tipo":"Río"},"geometry":{"type":"LineString","coordinates":[[-68.365,-37.5512],[-68.3618,-37.5488],[-68.3524,-37.5525]]}},{"type":"Feature","properties":{"nombre":"Arroyo Aquihuecó","tipo":"Arroyo"},"geometry":{"type":"LineString","coordinates":[[-70.3994,-37.0788],[-70.389,-37.0779],[-70.3814,-37.0811],[-70.3809,-37.0842]]}},{"type":"Feature","properties":{"nombre":"Río Limay","tipo":"Río"},"geometry":{"type":"LineString","coordinates":[[-69.3488,-39.6917],[-69.3425,-39.684]]}},{"type":"Feature","properties":{"nombre":"Arroyo Codihue","tipo":"Arroyo"},"geometry":{"type":"LineString","coordinates":[[-70.617,-38.4398],[-70.6054,-38.4442]]}},{"type":"Feature","properties":{"nombre":null,"tipo":null},"geometry":{"type":"LineString","coordinates":[[-69.844,-36.0845],[-69.855,-36.0845],[-69.8791,-36.0979],[-69.8889,-36.0979]]}},{"type":"Feature","properties":{"nombre":"Arroyo Ñivinco","tipo":"Arroyo"},"geometry":{"type":"LineString","coordinates":[[-71.6531,-40.4926],[-71.6557,-40.491],[-71.6585,-40.4938],[-71.6584,-40.4894],[-71.6614,-40.49],[-71.6693,-40.483]]}},{"type":"Feature","properties":{"nombre":"Arroyo de la Lagunita o Blanco","tipo":"Arroyo"},"geometry":{"type":"LineString","coordinates":[[-70.4203,-36.4652],[-70.4102,-36.467],[-70.4054,-36.4646],[-70.4032,-36.4708]]}},{"type":"Feature","properties":{"nombre":"Arroyo Lumabia","tipo":"Arroyo"},"geometry":{"type":"LineString","coordinates":[[-71.0288,-36.7582],[-71.0299,-36.7626],[-71.026,-36.769]]}},{"type":"Feature","properties":{"nombre":"Arroyo Pilmatué","tipo":"Arroyo"},"geometry":{"type":"LineString","coordinates":[[-70.2639,-38.5019],[-70.2678,-38.508],[-70.2661,-38.5111]]}},{"type":"Feature","properties":{"nombre":null,"tipo":null},"geometry":{"type":"LineString","coordinates":[[-70.9414,-37.2241],[-70.936,-37.2325]]}},{"type":"Feature","properties":{"nombre":null,"tipo":null},"geometry":{"type":"LineString","coordinates":[[-70.8602,-37.1483],[-70.8363,-37.1542],[-70.8246,-37.1642]]}},{"type":"Feature","properties":{"nombre":"Arroyo Derrumbe","tipo":"Arroyo"},"geometry":{"type":"LineString","coordinates":[[-71.5374,-40.4753],[-71.523,-40.4661],[-71.5157,-40.4664]]}},{"type":"Feature","properties":{"nombre":"Arroyo Pichi Picún Leufú","tipo":"Arroyo"},"geometry":{"type":"LineString","coordinates":[[-70.546,-39.1032],[-70.5317,-39.1067]]}},{"type":"Feature","properties":{"nombre":null,"tipo":null},"geometry":{"type":"LineString","coordinates":[[-71.0304,-37.29],[-71.0192,-37.2784],[-71.0061,-37.2751]]}},{"type":"Feature","properties":{"nombre":"Arroyo Chochoy Mallín","tipo":"Arroyo"},"geometry":{"type":"LineString","coordinates":[[-70.7758,-37.3552],[-70.7867,-37.3557],[-70.792,-37.3616]]}},{"type":"Feature","properties":{"nombre":"Río Agrio","tipo":"Río"},"geometry":{"type":"LineString","coordinates":[[-70.6131,-38.0886],[-70.5979,-38.0972],[-70.5939,-38.1029]]}},{"type":"Feature","properties":{"nombre":"Arroyo El Águila","tipo":"Arroyo"},"geometry":{"type":"LineString","coordinates":[[-70.8824,-37.0487],[-70.8656,-37.0289],[-70.8542,-37.0248]]}},{"type":"Feature","properties":{"nombre":"Río Varvarco","tipo":"Río"},"geometry":{"type":"LineString","coordinates":[[-70.5879,-36.4885],[-70.5958,-36.4972]]}},{"type":"Feature","properties":{"nombre":"Río Reñileuvú","tipo":"Río"},"geometry":{"type":"LineString","coordinates":[[-70.979,-37.366],[-70.9643,-37.3635]]}},{"type":"Feature","properties":{"nombre":"Río Limay","tipo":"Río"},"geometry":{"type":"LineString","coordinates":[[-69.386,-39.7329],[-69.3781,-39.7356],[-69.3752,-39.7328]]}},{"type":"Feature","properties":{"nombre":"Arroyo Grande","tipo":"Arroyo"},"geometry":{"type":"LineString","coordinates":[[-71.5111,-40.2768],[-71.5074,-40.2673]]}},{"type":"Feature","properties":{"nombre":"Arroyo Acequia","tipo":"Arroyo"},"geometry":{"type":"LineString","coordinates":[[-70.5,-37.2107],[-70.4754,-37.2168],[-70.4671,-37.2217]]}},{"type":"Feature","properties":{"nombre":"Arroyo Atreuco","tipo":"Arroyo"},"geometry":{"type":"LineString","coordinates":[[-70.53,-36.7487],[-70.5543,-36.7256]]}},{"type":"Feature","properties":{"nombre":"Río Limay","tipo":"Río"},"geometry":{"type":"LineString","coordinates":[[-69.4401,-39.7676],[-69.4294,-39.7682]]}},{"type":"Feature","properties":{"nombre":"Arroyo Codihue","tipo":"Arroyo"},"geometry":{"type":"LineString","coordinates":[[-70.6054,-38.4442],[-70.5971,-38.4482],[-70.5903,-38.4459]]}},{"type":"Feature","properties":{"nombre":"Arroyo Pitrunquen","tipo":"Arroyo"},"geometry":{"type":"LineString","coordinates":[[-70.6799,-38.8303],[-70.7072,-38.861]]}},{"type":"Feature","properties":{"nombre":"Río Caleufú","tipo":"Río"},"geometry":{"type":"LineString","coordinates":[[-70.7405,-40.3973],[-70.7294,-40.3981],[-70.7277,-40.3947]]}},{"type":"Feature","properties":{"nombre":"Arroyo Carreri","tipo":"Arroyo"},"geometry":{"type":"LineString","coordinates":[[-70.5454,-38.9173],[-70.5264,-38.9134]]}},{"type":"Feature","properties":{"nombre":"Río de los Mallines","tipo":"Río"},"geometry":{"type":"LineString","coordinates":[[-71.7533,-40.2464],[-71.7543,-40.241],[-71.7489,-40.228]]}},{"type":"Feature","properties":{"nombre":"Arroyo Chuchiuma","tipo":"Arroyo"},"geometry":{"type":"LineString","coordinates":[[-71.0578,-40.3185],[-71.0669,-40.3135],[-71.0903,-40.3181]]}},{"type":"Feature","properties":{"nombre":"Arroyo Cuerno","tipo":"Arroyo"},"geometry":{"type":"LineString","coordinates":[[-71.7974,-40.4328],[-71.7961,-40.4387],[-71.7909,-40.4393],[-71.7921,-40.443]]}},{"type":"Feature","properties":{"nombre":"Río Neuquén","tipo":"Río"},"geometry":{"type":"LineString","coordinates":[[-70.6948,-37.3333],[-70.6918,-37.319],[-70.6856,-37.3137]]}},{"type":"Feature","properties":{"nombre":"Arroyo Las Maderas","tipo":"Arroyo"},"geometry":{"type":"LineString","coordinates":[[-70.7507,-38.4019],[-70.7211,-38.4002],[-70.708,-38.4084],[-70.6889,-38.4094],[-70.6777,-38.4166]]}},{"type":"Feature","properties":{"nombre":"Río Colorado","tipo":"Río"},"geometry":{"type":"LineString","coordinates":[[-68.1628,-37.5857],[-68.1491,-37.5857]]}},{"type":"Feature","properties":{"nombre":"Río Negro","tipo":"Río"},"geometry":{"type":"LineString","coordinates":[[-67.9521,-39.0071],[-67.9407,-39.0079]]}},{"type":"Feature","properties":{"nombre":null,"tipo":null},"geometry":{"type":"LineString","coordinates":[[-70.9909,-38.9316],[-70.9798,-38.9276],[-70.9717,-38.929],[-70.9457,-38.9203],[-70.9415,-38.9247]]}},{"type":"Feature","properties":{"nombre":"Río Neuquén","tipo":"Río"},"geometry":{"type":"LineString","coordinates":[[-70.3913,-37.3734],[-70.3747,-37.3699]]}},{"type":"Feature","properties":{"nombre":"Río Neuquén","tipo":"Río"},"geometry":{"type":"LineString","coordinates":[[-70.6401,-37.0924],[-70.6335,-37.0987]]}},{"type":"Feature","properties":{"nombre":"Arroyo Liu Cullín","tipo":"Arroyo"},"geometry":{"type":"LineString","coordinates":[[-70.5158,-38.5481],[-70.5091,-38.5378]]}},{"type":"Feature","properties":{"nombre":"Río Aluminé","tipo":"Río"},"geometry":{"type":"LineString","coordinates":[[-70.9434,-39.4268],[-70.9473,-39.4301],[-70.9406,-39.4435]]}},{"type":"Feature","properties":{"nombre":"Río Colorado","tipo":"Río"},"geometry":{"type":"LineString","coordinates":[[-68.4394,-37.543],[-68.4258,-37.5474]]}},{"type":"Feature","properties":{"nombre":"Arroyo Relem","tipo":"Arroyo"},"geometry":{"type":"LineString","coordinates":[[-71.2085,-39.0],[-71.2002,-38.9932],[-71.193,-38.995],[-71.1893,-38.9924]]}},{"type":"Feature","properties":{"nombre":"Río Kilca","tipo":"Río"},"geometry":{"type":"LineString","coordinates":[[-70.8351,-38.9263],[-70.8385,-38.9296],[-70.8364,-38.9374],[-70.84,-38.9429]]}},{"type":"Feature","properties":{"nombre":"Arroyo Pucará","tipo":"Arroyo"},"geometry":{"type":"LineString","coordinates":[[-71.6413,-40.2403],[-71.6419,-40.2477],[-71.6519,-40.2533]]}},{"type":"Feature","properties":{"nombre":"Arroyo Codihue","tipo":"Arroyo"},"geometry":{"type":"LineString","coordinates":[[-70.7496,-38.4333],[-70.7367,-38.4344]]}},{"type":"Feature","properties":{"nombre":"Río Colorado","tipo":"Río"},"geometry":{"type":"LineString","coordinates":[[-68.3982,-37.5598],[-68.3877,-37.5596]]}},{"type":"Feature","properties":{"nombre":"Arroyo Los Díaz","tipo":"Arroyo"},"geometry":{"type":"LineString","coordinates":[[-70.4025,-36.5128],[-70.3791,-36.5168]]}},{"type":"Feature","properties":{"nombre":"Río Quillén","tipo":"Río"},"geometry":{"type":"LineString","coordinates":[[-70.9752,-39.3782],[-70.9686,-39.3703]]}},{"type":"Feature","properties":{"nombre":"Río Colorado","tipo":"Río"},"geometry":{"type":"LineString","coordinates":[[-68.0226,-37.6053],[-68.0127,-37.6046]]}},{"type":"Feature","properties":{"nombre":"Río Neuquén","tipo":"Río"},"geometry":{"type":"LineString","coordinates":[[-70.6291,-37.1503],[-70.6333,-37.1555],[-70.6333,-37.1669]]}},{"type":"Feature","properties":{"nombre":"Arroyo Casa de Piedra","tipo":"Arroyo"},"geometry":{"type":"LineString","coordinates":[[-70.4822,-39.2115],[-70.4721,-39.22],[-70.4651,-39.2167]]}},{"type":"Feature","properties":{"nombre":null,"tipo":null},"geometry":{"type":"LineString","coordinates":[[-71.0247,-37.6453],[-71.0171,-37.6537]]}},{"type":"Feature","properties":{"nombre":"Arroyo El Manzano","tipo":"Arroyo"},"geometry":{"type":"LineString","coordinates":[[-70.6118,-37.1112],[-70.621,-37.1161],[-70.6239,-37.1241]]}},{"type":"Feature","properties":{"nombre":"Arroyo del Salto","tipo":"Arroyo"},"geometry":{"type":"LineString","coordinates":[[-71.6161,-40.2628],[-71.6142,-40.2612],[-71.6237,-40.2529]]}},{"type":"Feature","properties":{"nombre":"Río Neuquén","tipo":"Río"},"geometry":{"type":"LineString","coordinates":[[-68.2603,-38.6793],[-68.2529,-38.6902],[-68.2438,-38.6933]]}},{"type":"Feature","properties":{"nombre":"Arroyo Futaco","tipo":"Arroyo"},"geometry":{"type":"LineString","coordinates":[[-71.505,-40.5367],[-71.5152,-40.5425]]}},{"type":"Feature","properties":{"nombre":"Arroyo Alincó","tipo":"Arroyo"},"geometry":{"type":"LineString","coordinates":[[-70.9057,-40.0242],[-70.8955,-40.0262]]}},{"type":"Feature","properties":{"nombre":"Río Negro","tipo":"Río"},"geometry":{"type":"LineString","coordinates":[[-67.5601,-39.0838],[-67.5532,-39.0826],[-67.5487,-39.086]]}},{"type":"Feature","properties":{"nombre":"Arroyo Huarenchenque","tipo":"Arroyo"},"geometry":{"type":"LineString","coordinates":[[-70.8745,-38.2843],[-70.8439,-38.2948],[-70.8302,-38.3141],[-70.8187,-38.3223]]}},{"type":"Feature","properties":{"nombre":"Arroyo Blanco","tipo":"Arroyo"},"geometry":{"type":"LineString","coordinates":[[-70.2412,-37.2474],[-70.2495,-37.2508],[-70.2538,-37.2578]]}},{"type":"Feature","properties":{"nombre":null,"tipo":null},"geometry":{"type":"LineString","coordinates":[[-70.571,-37.2516],[-70.5661,-37.2678],[-70.5582,-37.2744]]}},{"type":"Feature","properties":{"nombre":"Arroyo Sañico","tipo":"Arroyo"},"geometry":{"type":"LineString","coordinates":[[-70.3707,-39.9837],[-70.3609,-39.9886],[-70.3612,-39.9912]]}},{"type":"Feature","properties":{"nombre":"Arroyo Liu Cullín","tipo":"Arroyo"},"geometry":{"type":"LineString","coordinates":[[-70.7325,-38.7535],[-70.7248,-38.7455]]}},{"type":"Feature","properties":{"nombre":null,"tipo":null},"geometry":{"type":"LineString","coordinates":[[-71.1023,-38.8411],[-71.0933,-38.8444],[-71.082,-38.841]]}},{"type":"Feature","properties":{"nombre":"Río Nahueve","tipo":"Río"},"geometry":{"type":"LineString","coordinates":[[-70.7085,-37.2273],[-70.7033,-37.23],[-70.6953,-37.225]]}},{"type":"Feature","properties":{"nombre":"Río Filo Hua Hum Oeste","tipo":"Río"},"geometry":{"type":"LineString","coordinates":[[-71.3906,-40.4833],[-71.3832,-40.4904],[-71.3797,-40.4905],[-71.3795,-40.4876]]}},{"type":"Feature","properties":{"nombre":"Arroyo Colimichicó","tipo":"Arroyo"},"geometry":{"type":"LineString","coordinates":[[-70.5905,-36.9438],[-70.6017,-36.9421]]}},{"type":"Feature","properties":{"nombre":null,"tipo":null},"geometry":{"type":"LineString","coordinates":[[-69.3465,-39.6667],[-69.3481,-39.6543],[-69.3447,-39.6519],[-69.3473,-39.6488],[-69.341,-39.6437],[-69.3405,-39.639],[-69.3302,-39.6326]]}},{"type":"Feature","properties":{"nombre":"Arroyo Quiñihue","tipo":"Arroyo"},"geometry":{"type":"LineString","coordinates":[[-71.5913,-40.1233],[-71.5839,-40.1287],[-71.5887,-40.1374]]}},{"type":"Feature","properties":{"nombre":"Arroyo Covunco","tipo":"Arroyo"},"geometry":{"type":"LineString","coordinates":[[-70.5029,-38.9219],[-70.5,-38.9142]]}},{"type":"Feature","properties":{"nombre":"Río Limay","tipo":"Río"},"geometry":{"type":"LineString","coordinates":[[-69.638,-39.8321],[-69.6286,-39.8285]]}},{"type":"Feature","properties":{"nombre":"Río Colorado","tipo":"Río"},"geometry":{"type":"LineString","coordinates":[[-69.0,-37.3733],[-68.9912,-37.3711],[-68.9878,-37.3745]]}},{"type":"Feature","properties":{"nombre":"Arroyo Rucamilio","tipo":"Arroyo"},"geometry":{"type":"LineString","coordinates":[[-70.1405,-36.3598],[-70.1344,-36.355],[-70.1143,-36.3596]]}},{"type":"Feature","properties":{"nombre":"Río Limay","tipo":"Río"},"geometry":{"type":"LineString","coordinates":[[-69.8856,-39.9247],[-69.8847,-39.9205],[-69.8726,-39.9118],[-69.8714,-39.9064],[-69.8666,-39.9067]]}},{"type":"Feature","properties":{"nombre":null,"tipo":null},"geometry":{"type":"LineString","coordinates":[[-71.0351,-38.9619],[-71.0438,-38.971]]}},{"type":"Feature","properties":{"nombre":"Arroyo Mulichincó","tipo":"Arroyo"},"geometry":{"type":"LineString","coordinates":[[-70.4395,-38.0771],[-70.4314,-38.0686]]}},{"type":"Feature","properties":{"nombre":"Arroyo Matancilla","tipo":"Arroyo"},"geometry":{"type":"LineString","coordinates":[[-70.5903,-36.7413],[-70.6191,-36.7364],[-70.6275,-36.7441]]}},{"type":"Feature","properties":{"nombre":"Río Colorado","tipo":"Río"},"geometry":{"type":"LineString","coordinates":[[-68.2435,-37.5776],[-68.2337,-37.5809]]}},{"type":"Feature","properties":{"nombre":"Río Neuquén","tipo":"Río"},"geometry":{"type":"LineString","coordinates":[[-70.6953,-37.225],[-70.6917,-37.2272],[-70.6923,-37.233],[-70.6863,-37.2437]]}},{"type":"Feature","properties":{"nombre":"Río Negro","tipo":"Río"},"geometry":{"type":"LineString","coordinates":[[-67.7241,-39.0737],[-67.7125,-39.0745],[-67.705,-39.079],[-67.6984,-39.0928]]}},{"type":"Feature","properties":{"nombre":null,"tipo":null},"geometry":{"type":"LineString","coordinates":[[-70.9052,-37.2726],[-70.8967,-37.2823]]}},{"type":"Feature","properties":{"nombre":"Arroyo Trohunco","tipo":"Arroyo"},"geometry":{"type":"LineString","coordinates":[[-70.7777,-37.1718],[-70.7468,-37.1655],[-70.7409,-37.1674]]}},{"type":"Feature","properties":{"nombre":"Río Varvarco","tipo":"Río"},"geometry":{"type":"LineString","coordinates":[[-70.5723,-36.4808],[-70.581,-36.4825]]}},{"type":"Feature","properties":{"nombre":"Arroyo Domuyo (N)","tipo":"Arroyo"},"geometry":{"type":"LineString","coordinates":[[-70.3353,-36.5188],[-70.3156,-36.5159]]}},{"type":"Feature","properties":{"nombre":"Arroyo Haichol","tipo":"Arroyo"},"geometry":{"type":"LineString","coordinates":[[-70.6753,-38.5474],[-70.6729,-38.5438],[-70.6603,-38.5416]]}},{"type":"Feature","properties":{"nombre":"Arroyo Manzano Escondido","tipo":"Arroyo"},"geometry":{"type":"LineString","coordinates":[[-70.4194,-37.5744],[-70.4098,-37.5809]]}},{"type":"Feature","properties":{"nombre":null,"tipo":null},"geometry":{"type":"LineString","coordinates":[[-70.896,-37.6734],[-70.8733,-37.6667]]}},{"type":"Feature","properties":{"nombre":"Arroyo Ruca Ñire","tipo":"Arroyo"},"geometry":{"type":"LineString","coordinates":[[-71.6141,-40.2171],[-71.6055,-40.2169],[-71.5902,-40.2034]]}},{"type":"Feature","properties":{"nombre":"Arroyo Pucará","tipo":"Arroyo"},"geometry":{"type":"LineString","coordinates":[[-71.6519,-40.2533],[-71.6651,-40.2575]]}},{"type":"Feature","properties":{"nombre":"Río Agrio","tipo":"Río"},"geometry":{"type":"LineString","coordinates":[[-70.4415,-38.503],[-70.4299,-38.5047]]}},{"type":"Feature","properties":{"nombre":"Arroyo Curamileu","tipo":"Arroyo"},"geometry":{"type":"LineString","coordinates":[[-70.9172,-36.7824],[-70.8986,-36.7898],[-70.8857,-36.7892]]}},{"type":"Feature","properties":{"nombre":"Río Neuquén","tipo":"Río"},"geometry":{"type":"LineString","coordinates":[[-69.0271,-38.5345],[-69.0249,-38.523]]}},{"type":"Feature","properties":{"nombre":"Río Agrio","tipo":"Río"},"geometry":{"type":"LineString","coordinates":[[-70.32,-38.5174],[-70.3102,-38.518]]}},{"type":"Feature","properties":{"nombre":"Río Limay","tipo":"Río"},"geometry":{"type":"LineString","coordinates":[[-68.0186,-38.9777],[-68.0111,-38.9859]]}},{"type":"Feature","properties":{"nombre":"Arroyo Haichol","tipo":"Arroyo"},"geometry":{"type":"LineString","coordinates":[[-70.8197,-38.6546],[-70.8106,-38.6487]]}},{"type":"Feature","properties":{"nombre":"Río Agrio","tipo":"Río"},"geometry":{"type":"LineString","coordinates":[[-70.9696,-37.8556],[-70.9649,-37.8391]]}},{"type":"Feature","properties":{"nombre":null,"tipo":null},"geometry":{"type":"LineString","coordinates":[[-70.792,-37.1113],[-70.7729,-37.1112],[-70.7687,-37.1158]]}},{"type":"Feature","properties":{"nombre":"Arroyo Llamuco","tipo":"Arroyo"},"geometry":{"type":"LineString","coordinates":[[-70.8057,-39.1794],[-70.8112,-39.1902],[-70.8166,-39.1932]]}},{"type":"Feature","properties":{"nombre":"Arroyo Casheu Malle-Hue","tipo":"Arroyo"},"geometry":{"type":"LineString","coordinates":[[-70.8222,-38.9421],[-70.8322,-38.9459]]}},{"type":"Feature","properties":{"nombre":"Río Chachín","tipo":"Río"},"geometry":{"type":"LineString","coordinates":[[-71.7038,-40.1373],[-71.6987,-40.1327],[-71.694,-40.1364],[-71.6904,-40.1336]]}},{"type":"Feature","properties":{"nombre":"Río Neuquén","tipo":"Río"},"geometry":{"type":"LineString","coordinates":[[-69.7332,-38.1808],[-69.7416,-38.1862],[-69.7524,-38.187]]}},{"type":"Feature","properties":{"nombre":"Río Picunleo","tipo":"Río"},"geometry":{"type":"LineString","coordinates":[[-71.0265,-37.5397],[-71.0108,-37.5402]]}},{"type":"Feature","properties":{"nombre":"Arroyo Las Horquetas","tipo":"Arroyo"},"geometry":{"type":"LineString","coordinates":[[-70.8643,-38.4482],[-70.8532,-38.4466]]}},{"type":"Feature","properties":{"nombre":"Arroyo Calcuco","tipo":"Arroyo"},"geometry":{"type":"LineString","coordinates":[[-71.7034,-40.5831],[-71.7113,-40.5928],[-71.7173,-40.5931]]}},{"type":"Feature","properties":{"nombre":"Arroyo Panqueco","tipo":"Arroyo"},"geometry":{"type":"LineString","coordinates":[[-70.7478,-37.583],[-70.7615,-37.5921]]}},{"type":"Feature","properties":{"nombre":"Arroyo Sanquilco","tipo":"Arroyo"},"geometry":{"type":"LineString","coordinates":[[-70.5308,-38.5416],[-70.5111,-38.5362]]}},{"type":"Feature","properties":{"nombre":"Arroyo Cuerno","tipo":"Arroyo"},"geometry":{"type":"LineString","coordinates":[[-71.8028,-40.4646],[-71.797,-40.477],[-71.7996,-40.4798],[-71.7986,-40.485],[-71.7944,-40.49],[-71.7984,-40.4944]]}},{"type":"Feature","properties":{"nombre":"Arroyo Cochicó Chico","tipo":"Arroyo"},"geometry":{"type":"LineString","coordinates":[[-70.7422,-38.8311],[-70.7357,-38.836],[-70.739,-38.8481]]}},{"type":"Feature","properties":{"nombre":"Río Limay","tipo":"Río"},"geometry":{"type":"LineString","coordinates":[[-69.6584,-39.843],[-69.6507,-39.8362]]}},{"type":"Feature","properties":{"nombre":"Arroyo Choroyas","tipo":"Arroyo"},"geometry":{"type":"LineString","coordinates":[[-70.1334,-36.3484],[-70.1492,-36.3538],[-70.1532,-36.3582]]}},{"type":"Feature","properties":{"nombre":"Arroyo Manchana Covunco","tipo":"Arroyo"},"geometry":{"type":"LineString","coordinates":[[-70.5727,-36.6563],[-70.5813,-36.6569]]}},{"type":"Feature","properties":{"nombre":"Arroyo Picún Leufú","tipo":"Arroyo"},"geometry":{"type":"LineString","coordinates":[[-70.1719,-39.1935],[-70.1619,-39.1941]]}},{"type":"Feature","properties":{"nombre":null,"tipo":null},"geometry":{"type":"LineString","coordinates":[[-70.8404,-37.1643],[-70.815,-37.1766]]}},{"type":"Feature","properties":{"nombre":null,"tipo":null},"geometry":{"type":"LineString","coordinates":[[-71.1302,-36.8334],[-71.1246,-36.8303],[-71.1225,-36.8335]]}},{"type":"Feature","properties":{"nombre":null,"tipo":null},"geometry":{"type":"LineString","coordinates":[[-70.7358,-38.9845],[-70.7357,-39.0]]}},{"type":"Feature","properties":{"nombre":"Arroyo Conuco","tipo":"Arroyo"},"geometry":{"type":"LineString","coordinates":[[-71.5812,-40.4095],[-71.5713,-40.4182],[-71.5646,-40.4309],[-71.5577,-40.4331]]}},{"type":"Feature","properties":{"nombre":"Arroyo Auque","tipo":"Arroyo"},"geometry":{"type":"LineString","coordinates":[[-70.577,-36.8096],[-70.5844,-36.7978]]}},{"type":"Feature","properties":{"nombre":"Río Grande","tipo":"Río"},"geometry":{"type":"LineString","coordinates":[[-69.6766,-36.3982],[-69.671,-36.4022],[-69.6725,-36.4044]]}},{"type":"Feature","properties":{"nombre":"Río Agrio","tipo":"Río"},"geometry":{"type":"LineString","coordinates":[[-70.1801,-38.5028],[-70.1706,-38.5058]]}},{"type":"Feature","properties":{"nombre":"Arroyo Auque","tipo":"Arroyo"},"geometry":{"type":"LineString","coordinates":[[-70.6288,-36.7956],[-70.6457,-36.7899]]}},{"type":"Feature","properties":{"nombre":"Río Agrio","tipo":"Río"},"geometry":{"type":"LineString","coordinates":[[-69.8073,-38.3167],[-69.7977,-38.3203]]}},{"type":"Feature","properties":{"nombre":"Arroyo El Manzano","tipo":"Arroyo"},"geometry":{"type":"LineString","coordinates":[[-70.5475,-37.1056],[-70.5552,-37.1127],[-70.5646,-37.1137]]}},{"type":"Feature","properties":{"nombre":"Río Neuquén","tipo":"Río"},"geometry":{"type":"LineString","coordinates":[[-70.0343,-37.6176],[-70.0351,-37.6275]]}},{"type":"Feature","properties":{"nombre":null,"tipo":null},"geometry":{"type":"LineString","coordinates":[[-70.7398,-36.6547],[-70.7397,-36.6605],[-70.744,-36.6667]]}},{"type":"Feature","properties":{"nombre":"Río Grande","tipo":"Río"},"geometry":{"type":"LineString","coordinates":[[-69.7356,-36.6476],[-69.7392,-36.6538],[-69.7444,-36.6491],[-69.7482,-36.6522]]}},{"type":"Feature","properties":{"nombre":null,"tipo":null},"geometry":{"type":"LineString","coordinates":[[-71.245,-40.2394],[-71.2337,-40.2316],[-71.2312,-40.226]]}},{"type":"Feature","properties":{"nombre":null,"tipo":null},"geometry":{"type":"LineString","coordinates":[[-71.0,-37.1617],[-70.9918,-37.1602],[-70.9888,-37.1561]]}},{"type":"Feature","properties":{"nombre":"Arroyo Quechuquina","tipo":"Arroyo"},"geometry":{"type":"LineString","coordinates":[[-71.6203,-40.0958],[-71.6127,-40.0934],[-71.5956,-40.0988]]}},{"type":"Feature","properties":{"nombre":"Arroyo Chacaico","tipo":"Arroyo"},"geometry":{"type":"LineString","coordinates":[[-70.4822,-36.4158],[-70.4753,-36.4308]]}},{"type":"Feature","properties":{"nombre":"Arroyo Chapúa","tipo":"Arroyo"},"geometry":{"type":"LineString","coordinates":[[-70.2709,-37.2153],[-70.2694,-37.2215],[-70.2725,-37.2253],[-70.2665,-37.2311]]}},{"type":"Feature","properties":{"nombre":"Arroyo Michico","tipo":"Arroyo"},"geometry":{"type":"LineString","coordinates":[[-70.5511,-37.4638],[-70.5586,-37.4655]]}},{"type":"Feature","properties":{"nombre":"Río Negro","tipo":"Río"},"geometry":{"type":"LineString","coordinates":[[-67.7895,-39.0512],[-67.7794,-39.0568]]}},{"type":"Feature","properties":{"nombre":"Arroyo Calbuco","tipo":"Arroyo"},"geometry":{"type":"LineString","coordinates":[[-71.2861,-40.1262],[-71.2952,-40.1293]]}},{"type":"Feature","properties":{"nombre":"Arroyo Ñiraico","tipo":"Arroyo"},"geometry":{"type":"LineString","coordinates":[[-70.4327,-37.0664],[-70.393,-37.0688]]}},{"type":"Feature","properties":{"nombre":"Arroyo Quemquemtreu","tipo":"Arroyo"},"geometry":{"type":"LineString","coordinates":[[-70.7961,-40.2256],[-70.7851,-40.224]]}},{"type":"Feature","properties":{"nombre":"Arroyo Vutalelvún","tipo":"Arroyo"},"geometry":{"type":"LineString","coordinates":[[-70.5082,-37.52],[-70.5102,-37.5146],[-70.5322,-37.5017]]}},{"type":"Feature","properties":{"nombre":"Arroyo Ñireco","tipo":"Arroyo"},"geometry":{"type":"LineString","coordinates":[[-70.554,-39.0447],[-70.5428,-39.0444],[-70.5355,-39.0524]]}},{"type":"Feature","properties":{"nombre":"Río Limay","tipo":"Río"},"geometry":{"type":"LineString","coordinates":[[-69.3931,-39.7453],[-69.3892,-39.7412],[-69.391,-39.7357]]}},{"type":"Feature","properties":{"nombre":"Río Limay","tipo":"Río"},"geometry":{"type":"LineString","coordinates":[[-69.7543,-39.8755],[-69.7444,-39.871]]}},{"type":"Feature","properties":{"nombre":"Río Neuquén","tipo":"Río"},"geometry":{"type":"LineString","coordinates":[[-68.2834,-38.6688],[-68.2826,-38.6754],[-68.2697,-38.6782]]}},{"type":"Feature","properties":{"nombre":"Arroyo Curruco","tipo":"Arroyo"},"geometry":{"type":"LineString","coordinates":[[-71.632,-40.3921],[-71.6361,-40.4013]]}},{"type":"Feature","properties":{"nombre":"Río Limay","tipo":"Río"},"geometry":{"type":"LineString","coordinates":[[-69.3425,-39.684],[-69.3332,-39.6782]]}},{"type":"Feature","properties":{"nombre":"Arroyo Ailinco","tipo":"Arroyo"},"geometry":{"type":"LineString","coordinates":[[-70.57,-36.5577],[-70.5728,-36.5648],[-70.5695,-36.5705]]}},{"type":"Feature","properties":{"nombre":"Arroyo Correntoso","tipo":"Arroyo"},"geometry":{"type":"LineString","coordinates":[[-70.1744,-39.8209],[-70.1449,-39.8096],[-70.1004,-39.8103],[-70.0885,-39.804],[-70.0778,-39.8034],[-70.0605,-39.8069]]}},{"type":"Feature","properties":{"nombre":null,"tipo":null},"geometry":{"type":"LineString","coordinates":[[-70.5737,-37.272],[-70.5776,-37.2762],[-70.5901,-37.2735]]}},{"type":"Feature","properties":{"nombre":"Arroyo Cajón Nuevo","tipo":"Arroyo"},"geometry":{"type":"LineString","coordinates":[[-71.0817,-37.103],[-71.0567,-37.1067],[-71.0481,-37.1049],[-71.0379,-37.1089],[-71.0361,-37.1138],[-71.0337,-37.1103],[-71.0272,-37.1096],[-71.026,-37.1049]]}},{"type":"Feature","properties":{"nombre":"Río Filuco","tipo":"Río"},"geometry":{"type":"LineString","coordinates":[[-71.5706,-40.3863],[-71.552,-40.3863]]}},{"type":"Feature","properties":{"nombre":"Arroyo El Arado","tipo":"Arroyo"},"geometry":{"type":"LineString","coordinates":[[-69.6987,-36.2697],[-69.7128,-36.2895],[-69.7136,-36.2959],[-69.7269,-36.3007],[-69.7644,-36.2964],[-69.7748,-36.3149],[-69.7853,-36.3241],[-69.7884,-36.3333]]}},{"type":"Feature","properties":{"nombre":"Río Meliquina","tipo":"Río"},"geometry":{"type":"LineString","coordinates":[[-71.2588,-40.3864],[-71.2491,-40.3954],[-71.24,-40.4126],[-71.2418,-40.4172],[-71.2351,-40.4327],[-71.2382,-40.4382]]}},{"type":"Feature","properties":{"nombre":"Río Neuquén","tipo":"Río"},"geometry":{"type":"LineString","coordinates":[[-70.7999,-36.5026],[-70.7976,-36.507],[-70.7992,-36.5167]]}},{"type":"Feature","properties":{"nombre":null,"tipo":null},"geometry":{"type":"LineString","coordinates":[[-70.9328,-38.8775],[-70.9496,-38.8863],[-70.949,-38.8955],[-70.9354,-38.9033]]}},{"type":"Feature","properties":{"nombre":"Arroyo Butaco","tipo":"Arroyo"},"geometry":{"type":"LineString","coordinates":[[-70.2005,-36.5335],[-70.1927,-36.5234]]}},{"type":"Feature","properties":{"nombre":"Arroyo Rahueco","tipo":"Arroyo"},"geometry":{"type":"LineString","coordinates":[[-70.4143,-37.4392],[-70.4056,-37.44]]}},{"type":"Feature","properties":{"nombre":"Arroyo del Palo","tipo":"Arroyo"},"geometry":{"type":"LineString","coordinates":[[-70.5567,-37.9423],[-70.5656,-37.9447],[-70.5685,-37.9486],[-70.5847,-37.9457]]}},{"type":"Feature","properties":{"nombre":"Río Colorado","tipo":"Río"},"geometry":{"type":"LineString","coordinates":[[-68.0559,-37.6101],[-68.0564,-37.6077],[-68.0522,-37.6074],[-68.0459,-37.6109],[-68.0461,-37.6082],[-68.0408,-37.6066]]}},{"type":"Feature","properties":{"nombre":"Río Catán Lil","tipo":"Río"},"geometry":{"type":"LineString","coordinates":[[-70.6094,-39.7386],[-70.6187,-39.7331]]}},{"type":"Feature","properties":{"nombre":"Arroyo Quemquemtreu","tipo":"Arroyo"},"geometry":{"type":"LineString","coordinates":[[-70.8245,-40.2274],[-70.8052,-40.2306],[-70.7844,-40.2242]]}},{"type":"Feature","properties":{"nombre":"Arroyo Milla Michico","tipo":"Arroyo"},"geometry":{"type":"LineString","coordinates":[[-70.6402,-37.2719],[-70.6464,-37.2784]]}},{"type":"Feature","properties":{"nombre":"Arroyo Picún Leufú","tipo":"Arroyo"},"geometry":{"type":"LineString","coordinates":[[-69.2819,-39.5275],[-69.2749,-39.524],[-69.2685,-39.5241],[-69.2655,-39.5276],[-69.2528,-39.516],[-69.2425,-39.5186],[-69.2327,-39.5118]]}},{"type":"Feature","properties":{"nombre":"Arroyo Hualcupén","tipo":"Arroyo"},"geometry":{"type":"LineString","coordinates":[[-71.0377,-37.9439],[-71.0327,-37.9491]]}},{"type":"Feature","properties":{"nombre":"Arroyo Quilli Malal","tipo":"Arroyo"},"geometry":{"type":"LineString","coordinates":[[-70.0577,-36.5391],[-70.0708,-36.5429],[-70.0756,-36.5412]]}},{"type":"Feature","properties":{"nombre":null,"tipo":null},"geometry":{"type":"LineString","coordinates":[[-70.8761,-37.0959],[-70.8642,-37.1101]]}},{"type":"Feature","properties":{"nombre":null,"tipo":null},"geometry":{"type":"LineString","coordinates":[[-70.8894,-37.3079],[-70.8919,-37.2998],[-70.8856,-37.2853]]}},{"type":"Feature","properties":{"nombre":"Arroyo Quemquemtreu","tipo":"Arroyo"},"geometry":{"type":"LineString","coordinates":[[-71.034,-40.2084],[-71.026,-40.2127]]}},{"type":"Feature","properties":{"nombre":null,"tipo":null},"geometry":{"type":"LineString","coordinates":[[-70.8407,-40.3333],[-70.8402,-40.3383],[-70.8264,-40.3493]]}},{"type":"Feature","properties":{"nombre":"Río Filuco","tipo":"Río"},"geometry":{"type":"LineString","coordinates":[[-71.5344,-40.4306],[-71.5381,-40.4349]]}},{"type":"Feature","properties":{"nombre":"Arroyo Quilanlahue","tipo":"Arroyo"},"geometry":{"type":"LineString","coordinates":[[-71.5,-40.1033],[-71.5312,-40.1124],[-71.5297,-40.115],[-71.5363,-40.1238],[-71.535,-40.1297],[-71.5442,-40.1481],[-71.5541,-40.1574],[-71.5547,-40.1623]]}},{"type":"Feature","properties":{"nombre":"Arroyo Romero","tipo":"Arroyo"},"geometry":{"type":"LineString","coordinates":[[-70.8076,-38.3379],[-70.7859,-38.3449],[-70.7691,-38.3551]]}},{"type":"Feature","properties":{"nombre":"Río Kilca","tipo":"Río"},"geometry":{"type":"LineString","coordinates":[[-70.8888,-39.0125],[-70.8887,-39.0182],[-70.8929,-39.019],[-70.8887,-39.0233],[-70.8938,-39.0241],[-70.8948,-39.0272]]}},{"type":"Feature","properties":{"nombre":"Arroyo Los Chenques","tipo":"Arroyo"},"geometry":{"type":"LineString","coordinates":[[-70.7102,-36.4695],[-70.7151,-36.4706],[-70.7224,-36.4664]]}},{"type":"Feature","properties":{"nombre":"Río Agrio","tipo":"Río"},"geometry":{"type":"LineString","coordinates":[[-69.9243,-38.3379],[-69.9175,-38.3337],[-69.9112,-38.3364]]}},{"type":"Feature","properties":{"nombre":"Arroyo Haichol","tipo":"Arroyo"},"geometry":{"type":"LineString","coordinates":[[-70.6381,-38.5333],[-70.6231,-38.5348],[-70.6079,-38.5323],[-70.6007,-38.5261],[-70.6035,-38.5233],[-70.5973,-38.5159],[-70.5852,-38.5106],[-70.5796,-38.5044],[-70.5691,-38.5042],[-70.5585,-38.4978]]}},{"type":"Feature","properties":{"nombre":"Arroyo Los Nevados","tipo":"Arroyo"},"geometry":{"type":"LineString","coordinates":[[-70.4404,-36.3067],[-70.4192,-36.2986]]}},{"type":"Feature","properties":{"nombre":"Río Agrio","tipo":"Río"},"geometry":{"type":"LineString","coordinates":[[-70.6183,-38.2488],[-70.618,-38.2592]]}},{"type":"Feature","properties":{"nombre":"Arroyo Malal Huaca","tipo":"Arroyo"},"geometry":{"type":"LineString","coordinates":[[-69.8794,-36.1847],[-69.9055,-36.1791],[-69.9191,-36.185],[-69.9385,-36.1844],[-69.9631,-36.1722]]}},{"type":"Feature","properties":{"nombre":"Río Barrancas","tipo":"Río"},"geometry":{"type":"LineString","coordinates":[[-70.1975,-36.4283],[-70.2024,-36.4398]]}},{"type":"Feature","properties":{"nombre":"Arroyo de la Lagunita o Blanco","tipo":"Arroyo"},"geometry":{"type":"LineString","coordinates":[[-70.2147,-36.4634],[-70.2104,-36.4604],[-70.2041,-36.4611]]}},{"type":"Feature","properties":{"nombre":"Arroyo Haichol","tipo":"Arroyo"},"geometry":{"type":"LineString","coordinates":[[-70.7943,-38.6459],[-70.7801,-38.6423]]}},{"type":"Feature","properties":{"nombre":"Río Caleufú","tipo":"Río"},"geometry":{"type":"LineString","coordinates":[[-70.825,-40.3984],[-70.8141,-40.4017]]}},{"type":"Feature","properties":{"nombre":"Arroyo Las Lajitas","tipo":"Arroyo"},"geometry":{"type":"LineString","coordinates":[[-70.4356,-38.5862],[-70.438,-38.5728],[-70.4446,-38.5676],[-70.4531,-38.5512]]}},{"type":"Feature","properties":{"nombre":"Arroyo Carrín Curá","tipo":"Arroyo"},"geometry":{"type":"LineString","coordinates":[[-70.5121,-40.0408],[-70.5016,-40.0496]]}},{"type":"Feature","properties":{"nombre":"Río Nahueve","tipo":"Río"},"geometry":{"type":"LineString","coordinates":[[-70.7853,-37.0171],[-70.7795,-37.016],[-70.7735,-37.0207],[-70.7677,-37.0205]]}},{"type":"Feature","properties":{"nombre":"Río Rucachoroi","tipo":"Río"},"geometry":{"type":"LineString","coordinates":[[-70.9866,-39.2101],[-70.9724,-39.2194],[-70.9581,-39.2172]]}},{"type":"Feature","properties":{"nombre":"Río Barrancas","tipo":"Río"},"geometry":{"type":"LineString","coordinates":[[-70.1812,-36.4887],[-70.1686,-36.4994]]}},{"type":"Feature","properties":{"nombre":"Arroyo Liuco","tipo":"Arroyo"},"geometry":{"type":"LineString","coordinates":[[-70.3859,-37.0484],[-70.3854,-37.0576]]}},{"type":"Feature","properties":{"nombre":null,"tipo":null},"geometry":{"type":"LineString","coordinates":[[-70.5523,-38.8354],[-70.5416,-38.8375],[-70.5303,-38.8329]]}},{"type":"Feature","properties":{"nombre":"Arroyo Feo","tipo":"Arroyo"},"geometry":{"type":"LineString","coordinates":[[-70.8168,-38.0829],[-70.7814,-38.08],[-70.7594,-38.0735],[-70.7181,-38.0756],[-70.6706,-38.0595],[-70.6518,-38.0596]]}},{"type":"Feature","properties":{"nombre":null,"tipo":null},"geometry":{"type":"LineString","coordinates":[[-70.6607,-36.247],[-70.66,-36.2541],[-70.6654,-36.2638]]}},{"type":"Feature","properties":{"nombre":"Arroyo Relem","tipo":"Arroyo"},"geometry":{"type":"LineString","coordinates":[[-71.1319,-38.9942],[-71.1261,-38.9942],[-71.123,-38.9922],[-71.1242,-38.9896],[-71.1174,-38.9885],[-71.1125,-38.9926]]}},{"type":"Feature","properties":{"nombre":"Arroyo Lulonco","tipo":"Arroyo"},"geometry":{"type":"LineString","coordinates":[[-70.2094,-36.5869],[-70.2038,-36.5869],[-70.1965,-36.5798]]}},{"type":"Feature","properties":{"nombre":"Arroyo Quemquemtreu","tipo":"Arroyo"},"geometry":{"type":"LineString","coordinates":[[-70.7335,-40.2234],[-70.7214,-40.2247]]}},{"type":"Feature","properties":{"nombre":"Arroyo Pucará","tipo":"Arroyo"},"geometry":{"type":"LineString","coordinates":[[-71.6358,-40.194],[-71.6466,-40.224]]}},{"type":"Feature","properties":{"nombre":"Arroyo Coyochos","tipo":"Arroyo"},"geometry":{"type":"LineString","coordinates":[[-70.0819,-36.4343],[-70.092,-36.4435],[-70.0979,-36.4426]]}},{"type":"Feature","properties":{"nombre":"Río Lileo","tipo":"Río"},"geometry":{"type":"LineString","coordinates":[[-70.7241,-37.2295],[-70.7085,-37.2273]]}},{"type":"Feature","properties":{"nombre":"Río Aluminé","tipo":"Río"},"geometry":{"type":"LineString","coordinates":[[-70.9232,-39.1972],[-70.9181,-39.2008],[-70.9197,-39.2067]]}},{"type":"Feature","properties":{"nombre":"Río Colorado","tipo":"Río"},"geometry":{"type":"LineString","coordinates":[[-69.66,-37.1214],[-69.6553,-37.1262],[-69.6507,-37.1263]]}},{"type":"Feature","properties":{"nombre":"Arroyo Quemquemtreu","tipo":"Arroyo"},"geometry":{"type":"LineString","coordinates":[[-71.111,-40.1743],[-71.1401,-40.1759],[-71.1568,-40.1884]]}},{"type":"Feature","properties":{"nombre":"Arroyo Ñireco","tipo":"Arroyo"},"geometry":{"type":"LineString","coordinates":[[-70.7923,-36.7566],[-70.7889,-36.7629],[-70.7907,-36.7652]]}},{"type":"Feature","properties":{"nombre":"Río Limay","tipo":"Río"},"geometry":{"type":"LineString","coordinates":[[-69.9116,-39.9365],[-69.8981,-39.927]]}},{"type":"Feature","properties":{"nombre":"Arroyo Copulhue","tipo":"Arroyo"},"geometry":{"type":"LineString","coordinates":[[-71.01,-37.6533],[-71.0064,-37.6543],[-71.0084,-37.6636],[-71.0051,-37.6667]]}},{"type":"Feature","properties":{"nombre":"Arroyo Trole - Trole","tipo":"Arroyo"},"geometry":{"type":"LineString","coordinates":[[-71.1693,-38.8527],[-71.1686,-38.8622],[-71.1627,-38.8667]]}},{"type":"Feature","properties":{"nombre":"Río Limay","tipo":"Río"},"geometry":{"type":"LineString","coordinates":[[-68.5851,-39.1083],[-68.5741,-39.0935]]}},{"type":"Feature","properties":{"nombre":"Arroyo Acol","tipo":"Arroyo"},"geometry":{"type":"LineString","coordinates":[[-71.7502,-40.1063],[-71.7371,-40.1122]]}},{"type":"Feature","properties":{"nombre":"Río Aluminé","tipo":"Río"},"geometry":{"type":"LineString","coordinates":[[-70.9573,-39.5212],[-70.9572,-39.531]]}},{"type":"Feature","properties":{"nombre":"Arroyo de la Lagunita o Blanco","tipo":"Arroyo"},"geometry":{"type":"LineString","coordinates":[[-70.2576,-36.4783],[-70.2484,-36.4742]]}},{"type":"Feature","properties":{"nombre":null,"tipo":null},"geometry":{"type":"LineString","coordinates":[[-69.3484,-38.9104],[-69.3296,-38.9057],[-69.318,-38.9072],[-69.2966,-38.8993],[-69.2866,-38.8947],[-69.2794,-38.881]]}},{"type":"Feature","properties":{"nombre":"Arroyo Manzano Escondido","tipo":"Arroyo"},"geometry":{"type":"LineString","coordinates":[[-70.4585,-37.5269],[-70.4496,-37.5288],[-70.4317,-37.5395],[-70.4267,-37.55]]}},{"type":"Feature","properties":{"nombre":"Arroyo Quirinco","tipo":"Arroyo"},"geometry":{"type":"LineString","coordinates":[[-70.8416,-38.8035],[-70.862,-38.8114],[-70.8777,-38.8122]]}},{"type":"Feature","properties":{"nombre":"Río Hermoso","tipo":"Río"},"geometry":{"type":"LineString","coordinates":[[-71.3819,-40.3137],[-71.3855,-40.3092],[-71.3963,-40.3074],[-71.402,-40.3163],[-71.4041,-40.3132],[-71.4117,-40.3189],[-71.412,-40.3231]]}},{"type":"Feature","properties":{"nombre":"Río Neuquén","tipo":"Río"},"geometry":{"type":"LineString","coordinates":[[-68.0684,-38.8924],[-68.0692,-38.8984],[-68.0744,-38.9035]]}},{"type":"Feature","properties":{"nombre":"Arroyo Raja Vado","tipo":"Arroyo"},"geometry":{"type":"LineString","coordinates":[[-70.5764,-37.3033],[-70.582,-37.3],[-70.5812,-37.2962],[-70.5894,-37.2797]]}},{"type":"Feature","properties":{"nombre":"Río Pulmarí","tipo":"Río"},"geometry":{"type":"LineString","coordinates":[[-71.0,-39.1046],[-70.9913,-39.0928],[-70.9838,-39.0927],[-70.9792,-39.0984],[-70.9638,-39.0945]]}},{"type":"Feature","properties":{"nombre":"Arroyo Picún Leufú","tipo":"Arroyo"},"geometry":{"type":"LineString","coordinates":[[-69.3917,-39.5254],[-69.3749,-39.527]]}},{"type":"Feature","properties":{"nombre":"Arroyo Chacayco","tipo":"Arroyo"},"geometry":{"type":"LineString","coordinates":[[-70.0609,-37.3481],[-70.0628,-37.357]]}},{"type":"Feature","properties":{"nombre":null,"tipo":null},"geometry":{"type":"LineString","coordinates":[[-70.5203,-37.611],[-70.5278,-37.6171]]}},{"type":"Feature","properties":{"nombre":"Arroyo Las Pampitas","tipo":"Arroyo"},"geometry":{"type":"LineString","coordinates":[[-71.5754,-40.5312],[-71.5663,-40.525]]}},{"type":"Feature","properties":{"nombre":"Arroyo Blanco","tipo":"Arroyo"},"geometry":{"type":"LineString","coordinates":[[-70.2155,-37.2395],[-70.2303,-37.2392]]}},{"type":"Feature","properties":{"nombre":"Río Pichi Traful","tipo":"Río"},"geometry":{"type":"LineString","coordinates":[[-71.6602,-40.5394],[-71.6511,-40.5159],[-71.6535,-40.5072],[-71.6498,-40.4982],[-71.6531,-40.4926]]}},{"type":"Feature","properties":{"nombre":null,"tipo":null},"geometry":{"type":"LineString","coordinates":[[-71.3851,-40.0241],[-71.4121,-40.0298],[-71.4261,-40.029]]}},{"type":"Feature","properties":{"nombre":"Río Neuquén","tipo":"Río"},"geometry":{"type":"LineString","coordinates":[[-68.6839,-38.4042],[-68.6688,-38.4079],[-68.6624,-38.4158],[-68.6518,-38.4158],[-68.6473,-38.4207]]}},{"type":"Feature","properties":{"nombre":"Río Neuquén","tipo":"Río"},"geometry":{"type":"LineString","coordinates":[[-68.1641,-38.7369],[-68.1663,-38.7403],[-68.1623,-38.7444],[-68.1575,-38.74]]}},{"type":"Feature","properties":{"nombre":null,"tipo":null},"geometry":{"type":"LineString","coordinates":[[-70.6384,-38.8253],[-70.6139,-38.839]]}},{"type":"Feature","properties":{"nombre":"Río Buraleo","tipo":"Río"},"geometry":{"type":"LineString","coordinates":[[-70.9413,-37.0],[-70.9232,-36.9938]]}},{"type":"Feature","properties":{"nombre":null,"tipo":null},"geometry":{"type":"LineString","coordinates":[[-70.8542,-37.2573],[-70.8625,-37.2717],[-70.8593,-37.2765]]}},{"type":"Feature","properties":{"nombre":null,"tipo":null},"geometry":{"type":"LineString","coordinates":[[-71.0194,-38.8851],[-71.0305,-38.881]]}},{"type":"Feature","properties":{"nombre":"Arroyo Cajón Nuevo","tipo":"Arroyo"},"geometry":{"type":"LineString","coordinates":[[-70.962,-37.021],[-70.97,-37.025],[-70.9721,-37.0302]]}},{"type":"Feature","properties":{"nombre":"Arroyo de las Piedras Blancas","tipo":"Arroyo"},"geometry":{"type":"LineString","coordinates":[[-71.1814,-39.4665],[-71.1703,-39.4749],[-71.1609,-39.4754],[-71.1355,-39.4576],[-71.1242,-39.4559]]}},{"type":"Feature","properties":{"nombre":"Río Curi Leuvú","tipo":"Río"},"geometry":{"type":"LineString","coordinates":[[-70.3856,-37.1819],[-70.3864,-37.1922],[-70.3776,-37.2018]]}},{"type":"Feature","properties":{"nombre":"Arroyo Trole - Trole","tipo":"Arroyo"},"geometry":{"type":"LineString","coordinates":[[-71.1627,-38.8667],[-71.1485,-38.884],[-71.1506,-38.89]]}},{"type":"Feature","properties":{"nombre":"Río Caleufú","tipo":"Río"},"geometry":{"type":"LineString","coordinates":[[-71.172,-40.5],[-71.1621,-40.4998]]}},{"type":"Feature","properties":{"nombre":"Riacho China Muerta","tipo":"Riacho"},"geometry":{"type":"LineString","coordinates":[[-68.3098,-38.9724],[-68.2985,-38.9738],[-68.2856,-38.969],[-68.2791,-38.9723],[-68.2689,-38.9677],[-68.244,-38.9782]]}},{"type":"Feature","properties":{"nombre":"Río Aluminé","tipo":"Río"},"geometry":{"type":"LineString","coordinates":[[-70.9473,-39.496],[-70.95,-39.5002],[-70.9623,-39.5016]]}},{"type":"Feature","properties":{"nombre":null,"tipo":null},"geometry":{"type":"LineString","coordinates":[[-70.4939,-39.9513],[-70.4851,-39.9512],[-70.4717,-39.9605]]}},{"type":"Feature","properties":{"nombre":"Arroyo Vaca Lauquen","tipo":"Arroyo"},"geometry":{"type":"LineString","coordinates":[[-71.0157,-36.8762],[-71.0099,-36.8756],[-71.0,-36.8802]]}},{"type":"Feature","properties":{"nombre":"Arroyo Ranquileo","tipo":"Arroyo"},"geometry":{"type":"LineString","coordinates":[[-70.747,-36.8215],[-70.7402,-36.8176],[-70.7269,-36.8176]]}},{"type":"Feature","properties":{"nombre":"Arroyo Coihueco","tipo":"Arroyo"},"geometry":{"type":"LineString","coordinates":[[-70.2662,-38.0019],[-70.2514,-38.0005]]}},{"type":"Feature","properties":{"nombre":"Arroyo Quintuco","tipo":"Arroyo"},"geometry":{"type":"LineString","coordinates":[[-70.3675,-38.148],[-70.3603,-38.1424],[-70.3356,-38.1395],[-70.3304,-38.1344]]}},{"type":"Feature","properties":{"nombre":null,"tipo":null},"geometry":{"type":"LineString","coordinates":[[-70.8387,-37.6667],[-70.8367,-37.6586],[-70.8387,-37.6549],[-70.8454,-37.6487],[-70.8532,-37.6473],[-70.8674,-37.6383]]}},{"type":"Feature","properties":{"nombre":"Arroyo Coyochos","tipo":"Arroyo"},"geometry":{"type":"LineString","coordinates":[[-70.0991,-36.4427],[-70.1117,-36.4408],[-70.114,-36.4356],[-70.1209,-36.4363],[-70.1255,-36.4289],[-70.131,-36.4318],[-70.1368,-36.4296],[-70.1386,-36.4377],[-70.1422,-36.4399]]}},{"type":"Feature","properties":{"nombre":"Río Pichi Traful","tipo":"Río"},"geometry":{"type":"LineString","coordinates":[[-71.6256,-40.4741],[-71.6157,-40.4758],[-71.6069,-40.4839]]}},{"type":"Feature","properties":{"nombre":"Río Collón Curá","tipo":"Río"},"geometry":{"type":"LineString","coordinates":[[-70.6391,-40.2398],[-70.6354,-40.2438],[-70.6339,-40.2562],[-70.6413,-40.275],[-70.6513,-40.2875],[-70.6483,-40.2908],[-70.6541,-40.3001],[-70.6508,-40.3082],[-70.6534,-40.3118]]}},{"type":"Feature","properties":{"nombre":"Arroyo Cajón de la Burra","tipo":"Arroyo"},"geometry":{"type":"LineString","coordinates":[[-70.5692,-36.3186],[-70.5859,-36.3218]]}},{"type":"Feature","properties":{"nombre":"Río Aluminé","tipo":"Río"},"geometry":{"type":"LineString","coordinates":[[-70.8376,-40.0216],[-70.8384,-40.0264],[-70.8296,-40.0389]]}},{"type":"Feature","properties":{"nombre":"Arroyo Codihue","tipo":"Arroyo"},"geometry":{"type":"LineString","coordinates":[[-70.7769,-38.439],[-70.7496,-38.4333]]}},{"type":"Feature","properties":{"nombre":"Arroyo Liu Cullín","tipo":"Arroyo"},"geometry":{"type":"LineString","coordinates":[[-70.7417,-38.7604],[-70.7325,-38.7535]]}},{"type":"Feature","properties":{"nombre":"Río Neuquén","tipo":"Río"},"geometry":{"type":"LineString","coordinates":[[-68.2074,-38.7077],[-68.2021,-38.7061],[-68.1987,-38.7093]]}},{"type":"Feature","properties":{"nombre":"Arroyo Haichol","tipo":"Arroyo"},"geometry":{"type":"LineString","coordinates":[[-70.7637,-38.6202],[-70.741,-38.6124]]}},{"type":"Feature","properties":{"nombre":"Río Agrio","tipo":"Río"},"geometry":{"type":"LineString","coordinates":[[-70.5978,-38.2983],[-70.5898,-38.3074],[-70.5891,-38.3124],[-70.5775,-38.3155]]}},{"type":"Feature","properties":{"nombre":"Río Neuquén","tipo":"Río"},"geometry":{"type":"LineString","coordinates":[[-70.293,-37.3868],[-70.2894,-37.3932],[-70.2834,-37.3944]]}},{"type":"Feature","properties":{"nombre":"Arroyo Bella Vista","tipo":"Arroyo"},"geometry":{"type":"LineString","coordinates":[[-70.7424,-39.5948],[-70.7447,-39.5996],[-70.7494,-39.601],[-70.7504,-39.6062],[-70.7475,-39.6087],[-70.7514,-39.6134],[-70.7489,-39.6171]]}},{"type":"Feature","properties":{"nombre":"Arroyo Pincheira","tipo":"Arroyo"},"geometry":{"type":"LineString","coordinates":[[-71.0762,-36.7634],[-71.0754,-36.7726]]}},{"type":"Feature","properties":{"nombre":"Río Pichi Traful","tipo":"Río"},"geometry":{"type":"LineString","coordinates":[[-71.6064,-40.4832],[-71.6092,-40.4797],[-71.5949,-40.487],[-71.5815,-40.4999]]}},{"type":"Feature","properties":{"nombre":"Río Neuquén","tipo":"Río"},"geometry":{"type":"LineString","coordinates":[[-70.7946,-36.6306],[-70.7921,-36.6405]]}},{"type":"Feature","properties":{"nombre":"Río Limay","tipo":"Río"},"geometry":{"type":"LineString","coordinates":[[-69.6793,-39.8447],[-69.6696,-39.849]]}},{"type":"Feature","properties":{"nombre":"Arroyo Chichahuay","tipo":"Arroyo"},"geometry":{"type":"LineString","coordinates":[[-70.9416,-40.3033],[-70.9097,-40.3047]]}},{"type":"Feature","properties":{"nombre":null,"tipo":null},"geometry":{"type":"LineString","coordinates":[[-71.0473,-36.9957],[-71.0564,-37.0]]}},{"type":"Feature","properties":{"nombre":"Río Barrancas","tipo":"Río"},"geometry":{"type":"LineString","coordinates":[[-70.0513,-36.6456],[-70.0463,-36.6538]]}},{"type":"Feature","properties":{"nombre":"Arroyo Liu Cullín","tipo":"Arroyo"},"geometry":{"type":"LineString","coordinates":[[-69.7425,-36.1042],[-69.7674,-36.1057]]}},{"type":"Feature","properties":{"nombre":"Arroyo de los Toldos","tipo":"Arroyo"},"geometry":{"type":"LineString","coordinates":[[-70.5909,-39.0061],[-70.5719,-39.0108]]}},{"type":"Feature","properties":{"nombre":"Arroyo Picún Leufú","tipo":"Arroyo"},"geometry":{"type":"LineString","coordinates":[[-69.9202,-39.311],[-69.9082,-39.3129],[-69.9064,-39.317],[-69.9002,-39.316],[-69.8899,-39.3274],[-69.885,-39.3285],[-69.8827,-39.3239],[-69.8787,-39.3276],[-69.8693,-39.3287]]}},{"type":"Feature","properties":{"nombre":"Río Neuquén","tipo":"Río"},"geometry":{"type":"LineString","coordinates":[[-69.7439,-38.2235],[-69.7466,-38.2266],[-69.7423,-38.2305]]}},{"type":"Feature","properties":{"nombre":"Río Litrán","tipo":"Río"},"geometry":{"type":"LineString","coordinates":[[-71.0719,-38.9082],[-71.0711,-38.9117],[-71.0757,-38.9129],[-71.0763,-38.9171],[-71.0829,-38.915]]}},{"type":"Feature","properties":{"nombre":null,"tipo":null},"geometry":{"type":"LineString","coordinates":[[-70.9894,-37.1209],[-71.0,-37.1143]]}},{"type":"Feature","properties":{"nombre":"Arroyo Pocahullo","tipo":"Arroyo"},"geometry":{"type":"LineString","coordinates":[[-71.3416,-40.1526],[-71.3524,-40.1512],[-71.3622,-40.1603]]}},{"type":"Feature","properties":{"nombre":"Río Negro","tipo":"Río"},"geometry":{"type":"LineString","coordinates":[[-67.5216,-39.0939],[-67.5044,-39.0937]]}},{"type":"Feature","properties":{"nombre":"Río Catán Lil","tipo":"Río"},"geometry":{"type":"LineString","coordinates":[[-70.623,-39.4822],[-70.6255,-39.4871],[-70.622,-39.4915],[-70.6239,-39.5014]]}},{"type":"Feature","properties":{"nombre":null,"tipo":null},"geometry":{"type":"LineString","coordinates":[[-70.9739,-37.2379],[-70.9634,-37.2389],[-70.9521,-37.2468]]}},{"type":"Feature","properties":{"nombre":null,"tipo":null},"geometry":{"type":"LineString","coordinates":[[-70.8087,-37.7146],[-70.8102,-37.7215],[-70.804,-37.7338]]}},{"type":"Feature","properties":{"nombre":"Río Neuquén","tipo":"Río"},"geometry":{"type":"LineString","coordinates":[[-69.7342,-38.2419],[-69.7236,-38.2386]]}},{"type":"Feature","properties":{"nombre":"Río Limay","tipo":"Río"},"geometry":{"type":"LineString","coordinates":[[-69.8981,-39.927],[-69.8884,-39.9139]]}},{"type":"Feature","properties":{"nombre":null,"tipo":null},"geometry":{"type":"LineString","coordinates":[[-70.6641,-37.608],[-70.6634,-37.591],[-70.656,-37.5805]]}},{"type":"Feature","properties":{"nombre":"Arroyo El Saco","tipo":"Arroyo"},"geometry":{"type":"LineString","coordinates":[[-71.3108,-39.0],[-71.3172,-38.9855]]}},{"type":"Feature","properties":{"nombre":null,"tipo":null},"geometry":{"type":"LineString","coordinates":[[-70.9094,-39.0028],[-70.9184,-39.0135],[-70.9346,-39.0181],[-70.9315,-39.024],[-70.9342,-39.0311],[-70.9309,-39.0354],[-70.9319,-39.0402]]}},{"type":"Feature","properties":{"nombre":"Arroyo Ñireco","tipo":"Arroyo"},"geometry":{"type":"LineString","coordinates":[[-70.808,-37.4436],[-70.7892,-37.4422],[-70.7768,-37.4346],[-70.7769,-37.4198],[-70.7729,-37.4165],[-70.7784,-37.3991]]}},{"type":"Feature","properties":{"nombre":"Río Neuquén","tipo":"Río"},"geometry":{"type":"LineString","coordinates":[[-68.357,-38.6146],[-68.3522,-38.6146],[-68.35,-38.6189]]}},{"type":"Feature","properties":{"nombre":"Arroyo de los Toldos","tipo":"Arroyo"},"geometry":{"type":"LineString","coordinates":[[-70.5419,-39.0],[-70.5307,-38.9966]]}},{"type":"Feature","properties":{"nombre":null,"tipo":null},"geometry":{"type":"LineString","coordinates":[[-70.5144,-37.2303],[-70.5,-37.2332]]}},{"type":"Feature","properties":{"nombre":"Río Chimehuín","tipo":"Río"},"geometry":{"type":"LineString","coordinates":[[-71.0795,-40.0126],[-71.0901,-40.0241]]}},{"type":"Feature","properties":{"nombre":"Río Agrio","tipo":"Río"},"geometry":{"type":"LineString","coordinates":[[-70.7608,-37.7692],[-70.7508,-37.7657],[-70.752,-37.7631]]}},{"type":"Feature","properties":{"nombre":"Río Kilca","tipo":"Río"},"geometry":{"type":"LineString","coordinates":[[-70.8138,-38.9043],[-70.8173,-38.9196]]}},{"type":"Feature","properties":{"nombre":"Arroyo Calcuco","tipo":"Arroyo"},"geometry":{"type":"LineString","coordinates":[[-71.691,-40.5623],[-71.6837,-40.5762],[-71.7034,-40.5831]]}},{"type":"Feature","properties":{"nombre":"Río Agrio","tipo":"Río"},"geometry":{"type":"LineString","coordinates":[[-70.5843,-38.1325],[-70.594,-38.1467]]}},{"type":"Feature","properties":{"nombre":null,"tipo":null},"geometry":{"type":"LineString","coordinates":[[-70.8945,-37.1192],[-70.8797,-37.1117]]}},{"type":"Feature","properties":{"nombre":"Arroyo Trocoquen","tipo":"Arroyo"},"geometry":{"type":"LineString","coordinates":[[-70.7829,-38.9164],[-70.8069,-38.9227],[-70.8071,-38.9319],[-70.8139,-38.938],[-70.8117,-38.9418]]}},{"type":"Feature","properties":{"nombre":"Río Agrio","tipo":"Río"},"geometry":{"type":"LineString","coordinates":[[-70.7201,-37.7412],[-70.7075,-37.7405],[-70.7046,-37.7432]]}},{"type":"Feature","properties":{"nombre":"Arroyo del Gringo","tipo":"Arroyo"},"geometry":{"type":"LineString","coordinates":[[-70.5446,-38.9407],[-70.545,-38.9347],[-70.5322,-38.9265],[-70.5029,-38.9219]]}},{"type":"Feature","properties":{"nombre":"Río Catán Lil","tipo":"Río"},"geometry":{"type":"LineString","coordinates":[[-70.6321,-39.3281],[-70.6408,-39.3333]]}},{"type":"Feature","properties":{"nombre":"Río Picunleo","tipo":"Río"},"geometry":{"type":"LineString","coordinates":[[-70.9166,-37.5557],[-70.8847,-37.5626],[-70.8758,-37.5761]]}},{"type":"Feature","properties":{"nombre":"Arroyo Chacayco","tipo":"Arroyo"},"geometry":{"type":"LineString","coordinates":[[-70.0669,-37.3611],[-70.0709,-37.3727],[-70.0836,-37.3831]]}},{"type":"Feature","properties":{"nombre":null,"tipo":null},"geometry":{"type":"LineString","coordinates":[[-70.8713,-37.0199],[-70.8634,-37.0131],[-70.8524,-37.0171],[-70.8443,-37.0158]]}},{"type":"Feature","properties":{"nombre":"Arroyo Quintuco","tipo":"Arroyo"},"geometry":{"type":"LineString","coordinates":[[-70.3087,-38.1345],[-70.3103,-38.136],[-70.3041,-38.1364]]}},{"type":"Feature","properties":{"nombre":null,"tipo":null},"geometry":{"type":"LineString","coordinates":[[-71.038,-37.0],[-71.0474,-37.0097]]}},{"type":"Feature","properties":{"nombre":"Río Agrio","tipo":"Río"},"geometry":{"type":"LineString","coordinates":[[-70.4955,-38.4015],[-70.4998,-38.4059],[-70.4983,-38.4126],[-70.4943,-38.414]]}},{"type":"Feature","properties":{"nombre":"Arroyo Pichi Neuquén","tipo":"Arroyo"},"geometry":{"type":"LineString","coordinates":[[-70.1138,-37.7384],[-70.1087,-37.7396],[-70.1075,-37.7433]]}},{"type":"Feature","properties":{"nombre":"Arroyo Trolope","tipo":"Arroyo"},"geometry":{"type":"LineString","coordinates":[[-71.1422,-37.7918],[-71.1334,-37.789]]}},{"type":"Feature","properties":{"nombre":"Río Nahueve","tipo":"Río"},"geometry":{"type":"LineString","coordinates":[[-70.7309,-37.1951],[-70.7193,-37.1993],[-70.714,-37.2114]]}},{"type":"Feature","properties":{"nombre":"Arroyo Las Toscas","tipo":"Arroyo"},"geometry":{"type":"LineString","coordinates":[[-70.3385,-38.278],[-70.3397,-38.2688]]}},{"type":"Feature","properties":{"nombre":"Arroyo Picún Leufú","tipo":"Arroyo"},"geometry":{"type":"LineString","coordinates":[[-70.3609,-39.1203],[-70.3486,-39.1252]]}},{"type":"Feature","properties":{"nombre":"Río Varvarco","tipo":"Río"},"geometry":{"type":"LineString","coordinates":[[-70.6419,-36.6006],[-70.6431,-36.6123]]}},{"type":"Feature","properties":{"nombre":"Arroyo Haichol","tipo":"Arroyo"},"geometry":{"type":"LineString","coordinates":[[-70.5099,-38.4814],[-70.5,-38.476]]}},{"type":"Feature","properties":{"nombre":null,"tipo":null},"geometry":{"type":"LineString","coordinates":[[-70.7116,-38.8226],[-70.7002,-38.8289],[-70.7004,-38.8345],[-70.7083,-38.8456]]}},{"type":"Feature","properties":{"nombre":"Arroyo Las Cabeceras","tipo":"Arroyo"},"geometry":{"type":"LineString","coordinates":[[-70.9651,-38.3727],[-70.9637,-38.3878]]}},{"type":"Feature","properties":{"nombre":"Arroyo Picún Leufú","tipo":"Arroyo"},"geometry":{"type":"LineString","coordinates":[[-69.437,-39.5124],[-69.424,-39.514]]}},{"type":"Feature","properties":{"nombre":null,"tipo":null},"geometry":{"type":"LineString","coordinates":[[-70.6555,-38.9811],[-70.6636,-38.9867],[-70.6711,-38.9866]]}},{"type":"Feature","properties":{"nombre":"Río Neuquén","tipo":"Río"},"geometry":{"type":"LineString","coordinates":[[-68.5317,-38.5027],[-68.5248,-38.5076],[-68.5253,-38.5112],[-68.5203,-38.5143],[-68.5195,-38.5196],[-68.5138,-38.523],[-68.5123,-38.5279]]}},{"type":"Feature","properties":{"nombre":"Arroyo de la Lagunita o Blanco","tipo":"Arroyo"},"geometry":{"type":"LineString","coordinates":[[-70.2849,-36.484],[-70.2711,-36.485]]}},{"type":"Feature","properties":{"nombre":"Río Limay","tipo":"Río"},"geometry":{"type":"LineString","coordinates":[[-68.0877,-38.9928],[-68.0743,-38.9944]]}},{"type":"Feature","properties":{"nombre":"Arroyo Cajón de la Burra","tipo":"Arroyo"},"geometry":{"type":"LineString","coordinates":[[-70.5879,-36.3229],[-70.5997,-36.3218]]}},{"type":"Feature","properties":{"nombre":"Arroyo Covunco","tipo":"Arroyo"},"geometry":{"type":"LineString","coordinates":[[-69.9558,-38.6893],[-69.9456,-38.6853]]}},{"type":"Feature","properties":{"nombre":"Río Grande","tipo":"Río"},"geometry":{"type":"LineString","coordinates":[[-69.6596,-36.2323],[-69.6556,-36.2445],[-69.6422,-36.254]]}},{"type":"Feature","properties":{"nombre":null,"tipo":null},"geometry":{"type":"LineString","coordinates":[[-71.3581,-38.9972],[-71.3429,-38.9963]]}},{"type":"Feature","properties":{"nombre":"Arroyo Liu Cullín","tipo":"Arroyo"},"geometry":{"type":"LineString","coordinates":[[-70.5323,-38.5835],[-70.5237,-38.5735],[-70.5251,-38.5701],[-70.522,-38.5693],[-70.5172,-38.556]]}},{"type":"Feature","properties":{"nombre":"Arroyo Comodón","tipo":"Arroyo"},"geometry":{"type":"LineString","coordinates":[[-71.6704,-40.3407],[-71.6599,-40.3398]]}},{"type":"Feature","properties":{"nombre":"Río Barrancas","tipo":"Río"},"geometry":{"type":"LineString","coordinates":[[-70.1218,-36.5535],[-70.1224,-36.5642]]}},{"type":"Feature","properties":{"nombre":"Río Neuquén","tipo":"Río"},"geometry":{"type":"LineString","coordinates":[[-70.6915,-37.0044],[-70.6877,-37.0058],[-70.6874,-37.0101],[-70.679,-37.0103]]}},{"type":"Feature","properties":{"nombre":"Arroyo Curamileu","tipo":"Arroyo"},"geometry":{"type":"LineString","coordinates":[[-70.9586,-36.7596],[-70.955,-36.7658],[-70.942,-36.7708]]}},{"type":"Feature","properties":{"nombre":null,"tipo":null},"geometry":{"type":"LineString","coordinates":[[-70.0353,-38.4135],[-70.0391,-38.409],[-70.0298,-38.3933]]}},{"type":"Feature","properties":{"nombre":"Arroyo Hualcupén","tipo":"Arroyo"},"geometry":{"type":"LineString","coordinates":[[-70.7296,-37.956],[-70.7068,-37.9634],[-70.6894,-37.9614],[-70.6717,-37.9664],[-70.6669,-37.9717],[-70.6561,-37.9751],[-70.651,-37.9814],[-70.6318,-37.9857],[-70.6105,-38.0]]}},{"type":"Feature","properties":{"nombre":"Arroyo de la Punta Alta","tipo":"Arroyo"},"geometry":{"type":"LineString","coordinates":[[-70.0702,-38.2674],[-70.0639,-38.259]]}},{"type":"Feature","properties":{"nombre":"Arroyo Liuco","tipo":"Arroyo"},"geometry":{"type":"LineString","coordinates":[[-70.2113,-36.8809],[-70.2171,-36.8933]]}},{"type":"Feature","properties":{"nombre":"Río Limay","tipo":"Río"},"geometry":{"type":"LineString","coordinates":[[-69.7254,-39.8653],[-69.7202,-39.8589],[-69.7011,-39.8492]]}},{"type":"Feature","properties":{"nombre":"Arroyo Turbio","tipo":"Arroyo"},"geometry":{"type":"LineString","coordinates":[[-70.4664,-36.5803],[-70.472,-36.5716]]}},{"type":"Feature","properties":{"nombre":"Arroyo Sanquilco","tipo":"Arroyo"},"geometry":{"type":"LineString","coordinates":[[-70.83,-38.7134],[-70.8175,-38.7089]]}},{"type":"Feature","properties":{"nombre":"Río Rucachoroi","tipo":"Río"},"geometry":{"type":"LineString","coordinates":[[-70.9567,-39.2188],[-70.9478,-39.2172],[-70.9423,-39.2114]]}},{"type":"Feature","properties":{"nombre":"Arroyo Trovunco","tipo":"Arroyo"},"geometry":{"type":"LineString","coordinates":[[-70.3574,-36.3919],[-70.3417,-36.3829]]}},{"type":"Feature","properties":{"nombre":"Río Nahueve","tipo":"Río"},"geometry":{"type":"LineString","coordinates":[[-70.9196,-36.9353],[-70.9187,-36.9423],[-70.9089,-36.9545]]}},{"type":"Feature","properties":{"nombre":"Río Neuquén","tipo":"Río"},"geometry":{"type":"LineString","coordinates":[[-70.6631,-37.0317],[-70.6602,-37.0351],[-70.6638,-37.0423]]}},{"type":"Feature","properties":{"nombre":"Arroyo Cuerno","tipo":"Arroyo"},"geometry":{"type":"LineString","coordinates":[[-71.7913,-40.5173],[-71.7829,-40.517],[-71.7891,-40.5197],[-71.7845,-40.5236],[-71.7827,-40.5221],[-71.7832,-40.5267]]}},{"type":"Feature","properties":{"nombre":"Arroyo Relem","tipo":"Arroyo"},"geometry":{"type":"LineString","coordinates":[[-71.0748,-38.9995],[-71.0603,-38.995],[-71.0511,-38.9992]]}},{"type":"Feature","properties":{"nombre":"Río Neuquén","tipo":"Río"},"geometry":{"type":"LineString","coordinates":[[-70.6526,-37.0749],[-70.6559,-37.0785],[-70.6538,-37.0811]]}},{"type":"Feature","properties":{"nombre":"Arroyo Chadileo","tipo":"Arroyo"},"geometry":{"type":"LineString","coordinates":[[-70.4265,-36.6548],[-70.4115,-36.6579],[-70.395,-36.6559]]}},{"type":"Feature","properties":{"nombre":null,"tipo":null},"geometry":{"type":"LineString","coordinates":[[-70.6032,-37.1484],[-70.6168,-37.1455]]}},{"type":"Feature","properties":{"nombre":null,"tipo":null},"geometry":{"type":"LineString","coordinates":[[-69.4179,-38.95],[-69.4069,-38.9475]]}},{"type":"Feature","properties":{"nombre":"Arroyo Huayilón","tipo":"Arroyo"},"geometry":{"type":"LineString","coordinates":[[-70.4265,-38.2884],[-70.4299,-38.2952],[-70.4246,-38.2964]]}},{"type":"Feature","properties":{"nombre":"Arroyo Ranquileo","tipo":"Arroyo"},"geometry":{"type":"LineString","coordinates":[[-70.7873,-36.8731],[-70.7762,-36.8757]]}},{"type":"Feature","properties":{"nombre":"Arroyo Taquimilán","tipo":"Arroyo"},"geometry":{"type":"LineString","coordinates":[[-70.3737,-37.6027],[-70.3645,-37.6046]]}},{"type":"Feature","properties":{"nombre":"Arroyo Yumu - Yumu","tipo":"Arroyo"},"geometry":{"type":"LineString","coordinates":[[-70.7231,-38.1586],[-70.7083,-38.1544],[-70.7054,-38.1574],[-70.6946,-38.1527],[-70.6944,-38.1562]]}},{"type":"Feature","properties":{"nombre":"Río Catán Lil","tipo":"Río"},"geometry":{"type":"LineString","coordinates":[[-70.6353,-39.4489],[-70.6307,-39.4547],[-70.6245,-39.4563],[-70.6213,-39.4651],[-70.624,-39.481]]}},{"type":"Feature","properties":{"nombre":null,"tipo":null},"geometry":{"type":"LineString","coordinates":[[-70.9626,-37.2058],[-70.962,-37.1996],[-70.9565,-37.1944]]}},{"type":"Feature","properties":{"nombre":null,"tipo":null},"geometry":{"type":"LineString","coordinates":[[-69.2967,-39.656],[-69.2878,-39.6536],[-69.2916,-39.6451],[-69.2791,-39.6403],[-69.2722,-39.6307],[-69.2689,-39.6212],[-69.276,-39.614]]}},{"type":"Feature","properties":{"nombre":"Río Grande","tipo":"Río"},"geometry":{"type":"LineString","coordinates":[[-69.6709,-36.1961],[-69.6708,-36.2045],[-69.6603,-36.2184],[-69.658,-36.2264]]}},{"type":"Feature","properties":{"nombre":"Río Curi Leuvú","tipo":"Río"},"geometry":{"type":"LineString","coordinates":[[-70.3911,-37.1558],[-70.396,-37.1602],[-70.3941,-37.1666]]}},{"type":"Feature","properties":{"nombre":"Arroyo Liu Cullín","tipo":"Arroyo"},"geometry":{"type":"LineString","coordinates":[[-69.7901,-36.1053],[-69.8062,-36.1107],[-69.8145,-36.1102],[-69.8381,-36.0973]]}},{"type":"Feature","properties":{"nombre":"Arroyo Quemquemtreu","tipo":"Arroyo"},"geometry":{"type":"LineString","coordinates":[[-71.1568,-40.1884],[-71.1739,-40.1964],[-71.1799,-40.1959],[-71.1965,-40.2063]]}},{"type":"Feature","properties":{"nombre":"Arroyo Pichi Neuquén","tipo":"Arroyo"},"geometry":{"type":"LineString","coordinates":[[-70.0573,-37.7748],[-70.063,-37.7751],[-70.0619,-37.7787]]}},{"type":"Feature","properties":{"nombre":"Arroyo Ñireco","tipo":"Arroyo"},"geometry":{"type":"LineString","coordinates":[[-70.5924,-37.0337],[-70.6131,-37.0398]]}},{"type":"Feature","properties":{"nombre":null,"tipo":null},"geometry":{"type":"LineString","coordinates":[[-69.6601,-36.2063],[-69.6607,-36.1962]]}},{"type":"Feature","properties":{"nombre":"Río Chimehuín","tipo":"Río"},"geometry":{"type":"LineString","coordinates":[[-70.8561,-40.063],[-70.8407,-40.0602]]}},{"type":"Feature","properties":{"nombre":"Arroyo Azul","tipo":"Arroyo"},"geometry":{"type":"LineString","coordinates":[[-71.0685,-37.0581],[-71.0582,-37.053],[-71.0544,-37.0432],[-71.0483,-37.0399]]}},{"type":"Feature","properties":{"nombre":"Arroyo de El Arco","tipo":"Arroyo"},"geometry":{"type":"LineString","coordinates":[[-71.0648,-38.7897],[-71.056,-38.7908]]}},{"type":"Feature","properties":{"nombre":"Arroyo Carreri","tipo":"Arroyo"},"geometry":{"type":"LineString","coordinates":[[-70.5264,-38.9134],[-70.5124,-38.9135],[-70.5,-38.9093]]}},{"type":"Feature","properties":{"nombre":"Arroyo Aquihuecó","tipo":"Arroyo"},"geometry":{"type":"LineString","coordinates":[[-70.4354,-37.0793],[-70.3994,-37.0788]]}},{"type":"Feature","properties":{"nombre":"Río Colorado","tipo":"Río"},"geometry":{"type":"LineString","coordinates":[[-69.1259,-37.2037],[-69.1166,-37.2071]]}},{"type":"Feature","properties":{"nombre":null,"tipo":null},"geometry":{"type":"LineString","coordinates":[[-70.8991,-37.2103],[-70.9055,-37.222]]}},{"type":"Feature","properties":{"nombre":null,"tipo":null},"geometry":{"type":"LineString","coordinates":[[-70.9857,-37.0999],[-70.9952,-37.0956],[-70.9962,-37.0916]]}},{"type":"Feature","properties":{"nombre":null,"tipo":null},"geometry":{"type":"LineString","coordinates":[[-70.9488,-37.6623],[-70.9371,-37.662]]}},{"type":"Feature","properties":{"nombre":"Arroyo Buta Mallín","tipo":"Arroyo"},"geometry":{"type":"LineString","coordinates":[[-70.9976,-37.1992],[-70.9876,-37.1952]]}},{"type":"Feature","properties":{"nombre":"Río Agrio","tipo":"Río"},"geometry":{"type":"LineString","coordinates":[[-70.1887,-38.51],[-70.1801,-38.5028]]}},{"type":"Feature","properties":{"nombre":null,"tipo":null},"geometry":{"type":"LineString","coordinates":[[-71.3357,-40.3199],[-71.3307,-40.3333]]}},{"type":"Feature","properties":{"nombre":"Río Curi Leuvú","tipo":"Río"},"geometry":{"type":"LineString","coordinates":[[-70.3446,-37.2337],[-70.3375,-37.2395]]}},{"type":"Feature","properties":{"nombre":"Arroyo Rucamilio","tipo":"Arroyo"},"geometry":{"type":"LineString","coordinates":[[-70.054,-36.3333],[-70.0546,-36.3413],[-70.0594,-36.3396],[-70.0648,-36.3451]]}},{"type":"Feature","properties":{"nombre":null,"tipo":null},"geometry":{"type":"LineString","coordinates":[[-70.9395,-37.0165],[-70.9231,-37.0]]}},{"type":"Feature","properties":{"nombre":null,"tipo":null},"geometry":{"type":"LineString","coordinates":[[-70.5958,-37.0261],[-70.6058,-37.0196]]}},{"type":"Feature","properties":{"nombre":null,"tipo":null},"geometry":{"type":"LineString","coordinates":[[-70.9111,-38.881],[-70.9082,-38.8867],[-70.9107,-38.8937]]}},{"type":"Feature","properties":{"nombre":null,"tipo":null},"geometry":{"type":"LineString","coordinates":[[-69.2063,-38.8396],[-69.2058,-38.8337],[-69.1982,-38.8276]]}},{"type":"Feature","properties":{"nombre":"Río Limay","tipo":"Río"},"geometry":{"type":"LineString","coordinates":[[-68.1392,-38.9814],[-68.1312,-38.984],[-68.1204,-38.9806]]}},{"type":"Feature","properties":{"nombre":"Río Colorado","tipo":"Río"},"geometry":{"type":"LineString","coordinates":[[-69.4573,-37.169],[-69.4423,-37.1639]]}},{"type":"Feature","properties":{"nombre":"Río Limay","tipo":"Río"},"geometry":{"type":"LineString","coordinates":[[-69.9116,-39.9365],[-69.9019,-39.9406]]}},{"type":"Feature","properties":{"nombre":"Río Limay","tipo":"Río"},"geometry":{"type":"LineString","coordinates":[[-68.0475,-38.9842],[-68.0476,-38.9814],[-68.041,-38.9827]]}},{"type":"Feature","properties":{"nombre":"Río Neuquén","tipo":"Río"},"geometry":{"type":"LineString","coordinates":[[-70.6961,-37.2607],[-70.6871,-37.2694]]}},{"type":"Feature","properties":{"nombre":null,"tipo":null},"geometry":{"type":"LineString","coordinates":[[-69.7435,-36.3579],[-69.7373,-36.3554],[-69.7326,-36.3476]]}},{"type":"Feature","properties":{"nombre":"Arroyo de los Postes","tipo":"Arroyo"},"geometry":{"type":"LineString","coordinates":[[-70.8243,-38.2823],[-70.7756,-38.2737]]}},{"type":"Feature","properties":{"nombre":"Arroyo Neuquenco","tipo":"Arroyo"},"geometry":{"type":"LineString","coordinates":[[-71.662,-40.6318],[-71.6511,-40.6298],[-71.6492,-40.6128],[-71.6583,-40.6025],[-71.6559,-40.5966],[-71.659,-40.5939],[-71.6615,-40.5751],[-71.6596,-40.5681],[-71.6621,-40.5644]]}},{"type":"Feature","properties":{"nombre":"Arroyo de los Toldos","tipo":"Arroyo"},"geometry":{"type":"LineString","coordinates":[[-70.5207,-38.9881],[-70.5,-38.9712]]}},{"type":"Feature","properties":{"nombre":"Arroyo Calmuco","tipo":"Arroyo"},"geometry":{"type":"LineString","coordinates":[[-69.6792,-36.5043],[-69.6695,-36.508]]}},{"type":"Feature","properties":{"nombre":"Arroyo Cajón El Huecú","tipo":"Arroyo"},"geometry":{"type":"LineString","coordinates":[[-70.5795,-37.6234],[-70.58,-37.6384]]}},{"type":"Feature","properties":{"nombre":"Arroyo Cajón Almaza","tipo":"Arroyo"},"geometry":{"type":"LineString","coordinates":[[-70.5346,-38.1423],[-70.5429,-38.1427]]}},{"type":"Feature","properties":{"nombre":"Arroyo Ranquileo","tipo":"Arroyo"},"geometry":{"type":"LineString","coordinates":[[-70.7718,-36.8664],[-70.7569,-36.8581]]}},{"type":"Feature","properties":{"nombre":"Arroyo Valle Alegre","tipo":"Arroyo"},"geometry":{"type":"LineString","coordinates":[[-70.9975,-36.6152],[-70.9867,-36.615]]}},{"type":"Feature","properties":{"nombre":null,"tipo":null},"geometry":{"type":"LineString","coordinates":[[-70.5751,-37.0224],[-70.5876,-37.0353]]}},{"type":"Feature","properties":{"nombre":"Arroyo Chacay Melehué","tipo":"Arroyo"},"geometry":{"type":"LineString","coordinates":[[-70.4576,-37.2564],[-70.4441,-37.2511]]}},{"type":"Feature","properties":{"nombre":"Río Limay","tipo":"Río"},"geometry":{"type":"LineString","coordinates":[[-68.4693,-39.0458],[-68.465,-39.0519],[-68.4511,-39.0482]]}},{"type":"Feature","properties":{"nombre":"Río Neuquén","tipo":"Río"},"geometry":{"type":"LineString","coordinates":[[-70.2462,-37.4021],[-70.2444,-37.4048],[-70.2246,-37.409],[-70.221,-37.4177]]}},{"type":"Feature","properties":{"nombre":null,"tipo":null},"geometry":{"type":"LineString","coordinates":[[-70.9399,-37.1379],[-70.9498,-37.1332]]}},{"type":"Feature","properties":{"nombre":null,"tipo":null},"geometry":{"type":"LineString","coordinates":[[-71.0207,-37.1571],[-71.0381,-37.1692]]}},{"type":"Feature","properties":{"nombre":"Arroyo Pichachén","tipo":"Arroyo"},"geometry":{"type":"LineString","coordinates":[[-71.0815,-37.3979],[-71.0878,-37.4077]]}},{"type":"Feature","properties":{"nombre":"Río Neuquén","tipo":"Río"},"geometry":{"type":"LineString","coordinates":[[-68.3138,-38.6474],[-68.3024,-38.651],[-68.2955,-38.6483]]}},{"type":"Feature","properties":{"nombre":"Río Quilquihue","tipo":"Río"},"geometry":{"type":"LineString","coordinates":[[-71.1718,-40.0931],[-71.1794,-40.0973],[-71.1896,-40.0972],[-71.1958,-40.0935],[-71.2121,-40.0958],[-71.2271,-40.0921],[-71.241,-40.0987],[-71.2492,-40.0945]]}},{"type":"Feature","properties":{"nombre":"Arroyo Bella Vista","tipo":"Arroyo"},"geometry":{"type":"LineString","coordinates":[[-70.7286,-39.6449],[-70.7266,-39.6519],[-70.729,-39.657],[-70.7261,-39.6624]]}},{"type":"Feature","properties":{"nombre":null,"tipo":null},"geometry":{"type":"LineString","coordinates":[[-70.8926,-37.5257],[-70.8867,-37.5255],[-70.8713,-37.5353],[-70.8497,-37.5381]]}},{"type":"Feature","properties":{"nombre":"Río Nahueve","tipo":"Río"},"geometry":{"type":"LineString","coordinates":[[-70.9655,-36.8706],[-70.9587,-36.8786]]}},{"type":"Feature","properties":{"nombre":"Arroyo Piuquenes","tipo":"Arroyo"},"geometry":{"type":"LineString","coordinates":[[-70.9325,-36.5164],[-70.9077,-36.5522],[-70.8959,-36.561],[-70.8861,-36.5767],[-70.8675,-36.597],[-70.8591,-36.6171]]}},{"type":"Feature","properties":{"nombre":"Arroyo Huanquimileo","tipo":"Arroyo"},"geometry":{"type":"LineString","coordinates":[[-70.1445,-36.1108],[-70.1351,-36.1099]]}},{"type":"Feature","properties":{"nombre":"Arroyo Los Nevados","tipo":"Arroyo"},"geometry":{"type":"LineString","coordinates":[[-70.4539,-36.3111],[-70.4404,-36.3067]]}},{"type":"Feature","properties":{"nombre":"Arroyo Las Lajitas","tipo":"Arroyo"},"geometry":{"type":"LineString","coordinates":[[-70.5644,-38.754],[-70.5589,-38.7502],[-70.5616,-38.7435],[-70.5488,-38.7315],[-70.544,-38.7176],[-70.5339,-38.7093],[-70.5435,-38.6969]]}},{"type":"Feature","properties":{"nombre":"Arroyo Torta Frita","tipo":"Arroyo"},"geometry":{"type":"LineString","coordinates":[[-70.8757,-39.6667],[-70.8769,-39.6736],[-70.8878,-39.676]]}},{"type":"Feature","properties":{"nombre":"Río Collón Curá","tipo":"Río"},"geometry":{"type":"LineString","coordinates":[[-70.7224,-40.1561],[-70.7184,-40.1652]]}},{"type":"Feature","properties":{"nombre":"Río Pichi Traful","tipo":"Río"},"geometry":{"type":"LineString","coordinates":[[-71.663,-40.5537],[-71.6602,-40.5394]]}},{"type":"Feature","properties":{"nombre":"Arroyo Malal Huaca","tipo":"Arroyo"},"geometry":{"type":"LineString","coordinates":[[-69.8575,-36.21],[-69.8649,-36.197],[-69.8794,-36.1847]]}},{"type":"Feature","properties":{"nombre":"Arroyo Yao Yao","tipo":"Arroyo"},"geometry":{"type":"LineString","coordinates":[[-70.5779,-39.2658],[-70.5815,-39.2761],[-70.5913,-39.2823]]}},{"type":"Feature","properties":{"nombre":"Río Buraleo","tipo":"Río"},"geometry":{"type":"LineString","coordinates":[[-71.0232,-37.0254],[-71.013,-37.0274]]}},{"type":"Feature","properties":{"nombre":"Río Quillén","tipo":"Río"},"geometry":{"type":"LineString","coordinates":[[-70.9437,-39.3789],[-70.933,-39.3779]]}},{"type":"Feature","properties":{"nombre":"Arroyo Los Barros","tipo":"Arroyo"},"geometry":{"type":"LineString","coordinates":[[-71.0245,-37.9712],[-71.0262,-37.9639],[-71.0211,-37.9591]]}},{"type":"Feature","properties":{"nombre":"Arroyo Picún Leufú","tipo":"Arroyo"},"geometry":{"type":"LineString","coordinates":[[-70.3095,-39.1436],[-70.3054,-39.1485],[-70.2969,-39.1495]]}},{"type":"Feature","properties":{"nombre":"Arroyo Huncal","tipo":"Arroyo"},"geometry":{"type":"LineString","coordinates":[[-70.3074,-37.9717],[-70.2852,-37.9868]]}},{"type":"Feature","properties":{"nombre":"Arroyo Hualcupén","tipo":"Arroyo"},"geometry":{"type":"LineString","coordinates":[[-70.8908,-37.9444],[-70.8742,-37.9481],[-70.8709,-37.9453]]}},{"type":"Feature","properties":{"nombre":"Arroyo Domuyo (N)","tipo":"Arroyo"},"geometry":{"type":"LineString","coordinates":[[-70.3069,-36.5126],[-70.2978,-36.5068]]}},{"type":"Feature","properties":{"nombre":"Arroyo Ñireco","tipo":"Arroyo"},"geometry":{"type":"LineString","coordinates":[[-70.8423,-37.4593],[-70.825,-37.4551],[-70.8195,-37.451]]}},{"type":"Feature","properties":{"nombre":"Arroyo El Salto","tipo":"Arroyo"},"geometry":{"type":"LineString","coordinates":[[-70.8017,-37.0702],[-70.7945,-37.0721],[-70.7696,-37.068]]}},{"type":"Feature","properties":{"nombre":null,"tipo":null},"geometry":{"type":"LineString","coordinates":[[-68.2021,-38.9655],[-68.178,-38.9566],[-68.1727,-38.9607],[-68.1761,-38.9674]]}},{"type":"Feature","properties":{"nombre":"Arroyo Ayhuin","tipo":"Arroyo"},"geometry":{"type":"LineString","coordinates":[[-71.7621,-40.5109],[-71.7612,-40.5189],[-71.7656,-40.5291],[-71.7722,-40.5329],[-71.7699,-40.5376],[-71.7677,-40.5359],[-71.7675,-40.5398]]}},{"type":"Feature","properties":{"nombre":"Arroyo Ferrada","tipo":"Arroyo"},"geometry":{"type":"LineString","coordinates":[[-70.8193,-38.5276],[-70.8101,-38.5339],[-70.8056,-38.544],[-70.7956,-38.5513]]}},{"type":"Feature","properties":{"nombre":"Arroyo Chacayco","tipo":"Arroyo"},"geometry":{"type":"LineString","coordinates":[[-70.0564,-37.3374],[-70.0609,-37.3481]]}},{"type":"Feature","properties":{"nombre":"Río Neuquén","tipo":"Río"},"geometry":{"type":"LineString","coordinates":[[-68.5979,-38.4688],[-68.5931,-38.4764],[-68.5844,-38.4794],[-68.5832,-38.4844]]}},{"type":"Feature","properties":{"nombre":"Río Agrio","tipo":"Río"},"geometry":{"type":"LineString","coordinates":[[-70.4572,-38.4974],[-70.4431,-38.5028]]}},{"type":"Feature","properties":{"nombre":null,"tipo":null},"geometry":{"type":"LineString","coordinates":[[-69.4128,-39.6374],[-69.3902,-39.6289]]}},{"type":"Feature","properties":{"nombre":"Río Nahueve","tipo":"Río"},"geometry":{"type":"LineString","coordinates":[[-70.714,-37.2114],[-70.7144,-37.2183],[-70.7085,-37.2273]]}},{"type":"Feature","properties":{"nombre":"Arroyo Sanquilco","tipo":"Arroyo"},"geometry":{"type":"LineString","coordinates":[[-70.6134,-38.5778],[-70.5948,-38.5718],[-70.5866,-38.562]]}},{"type":"Feature","properties":{"nombre":null,"tipo":null},"geometry":{"type":"LineString","coordinates":[[-69.2708,-38.8593],[-69.2557,-38.849]]}},{"type":"Feature","properties":{"nombre":"Arroyo Cajón Negro","tipo":"Arroyo"},"geometry":{"type":"LineString","coordinates":[[-71.6486,-40.4243],[-71.6346,-40.4262]]}},{"type":"Feature","properties":{"nombre":"Arroyo Chenque Malal","tipo":"Arroyo"},"geometry":{"type":"LineString","coordinates":[[-70.607,-37.085],[-70.6153,-37.0943]]}},{"type":"Feature","properties":{"nombre":"Río Litrán","tipo":"Río"},"geometry":{"type":"LineString","coordinates":[[-71.0,-38.8289],[-71.0079,-38.8328],[-71.0104,-38.8491]]}},{"type":"Feature","properties":{"nombre":"Río Paimún","tipo":"Río"},"geometry":{"type":"LineString","coordinates":[[-71.6394,-39.6672],[-71.6234,-39.6904],[-71.6181,-39.6917],[-71.6172,-39.6963],[-71.6043,-39.7064],[-71.6049,-39.7146]]}},{"type":"Feature","properties":{"nombre":"Arroyo Huncal","tipo":"Arroyo"},"geometry":{"type":"LineString","coordinates":[[-70.373,-37.9461],[-70.3534,-37.9568],[-70.3492,-37.9556]]}},{"type":"Feature","properties":{"nombre":"Río Nahueve","tipo":"Río"},"geometry":{"type":"LineString","coordinates":[[-70.8233,-37.0079],[-70.8117,-37.0112]]}},{"type":"Feature","properties":{"nombre":null,"tipo":null},"geometry":{"type":"LineString","coordinates":[[-69.9365,-36.3822],[-69.9213,-36.3721]]}},{"type":"Feature","properties":{"nombre":"Arroyo Butalón","tipo":"Arroyo"},"geometry":{"type":"LineString","coordinates":[[-70.5528,-36.957],[-70.5634,-36.9537]]}},{"type":"Feature","properties":{"nombre":"Arroyo La Llamada","tipo":"Arroyo"},"geometry":{"type":"LineString","coordinates":[[-70.656,-37.5805],[-70.6593,-37.5699]]}},{"type":"Feature","properties":{"nombre":"Arroyo Las Lajitas","tipo":"Arroyo"},"geometry":{"type":"LineString","coordinates":[[-70.5,-38.6562],[-70.4926,-38.6519],[-70.4895,-38.653]]}},{"type":"Feature","properties":{"nombre":"Río Agrio","tipo":"Río"},"geometry":{"type":"LineString","coordinates":[[-70.5428,-38.3445],[-70.543,-38.3476],[-70.5385,-38.3499],[-70.5395,-38.3562]]}},{"type":"Feature","properties":{"nombre":"Arroyo Sin Destino","tipo":"Arroyo"},"geometry":{"type":"LineString","coordinates":[[-71.072,-37.4569],[-71.0695,-37.4956],[-71.0546,-37.5186],[-71.0426,-37.5273],[-71.0354,-37.5408]]}},{"type":"Feature","properties":{"nombre":"Arroyo Pancú Lehué","tipo":"Arroyo"},"geometry":{"type":"LineString","coordinates":[[-70.2912,-36.1901],[-70.2902,-36.2006]]}},{"type":"Feature","properties":{"nombre":"Arroyo Mütrenquel","tipo":"Arroyo"},"geometry":{"type":"LineString","coordinates":[[-69.8626,-36.2276],[-69.8721,-36.2419]]}},{"type":"Feature","properties":{"nombre":"Río Colorado","tipo":"Río"},"geometry":{"type":"LineString","coordinates":[[-69.2893,-37.1463],[-69.2868,-37.1423],[-69.2748,-37.1414]]}},{"type":"Feature","properties":{"nombre":"Arroyo Pilmatué","tipo":"Arroyo"},"geometry":{"type":"LineString","coordinates":[[-70.2394,-38.4635],[-70.2379,-38.4669],[-70.2409,-38.468],[-70.2378,-38.4721]]}},{"type":"Feature","properties":{"nombre":"Río Limay","tipo":"Río"},"geometry":{"type":"LineString","coordinates":[[-69.4577,-39.7867],[-69.4576,-39.7827],[-69.4484,-39.7774]]}},{"type":"Feature","properties":{"nombre":"Arroyo Nahuel Mapi","tipo":"Arroyo"},"geometry":{"type":"LineString","coordinates":[[-70.9685,-39.597],[-70.9547,-39.5913],[-70.9532,-39.5853]]}},{"type":"Feature","properties":{"nombre":"Arroyo Las Pampitas","tipo":"Arroyo"},"geometry":{"type":"LineString","coordinates":[[-71.5914,-40.5329],[-71.58,-40.5326]]}},{"type":"Feature","properties":{"nombre":"Río Chimehuín","tipo":"Río"},"geometry":{"type":"LineString","coordinates":[[-71.0562,-40.0698],[-71.0552,-40.0632],[-71.0586,-40.0606]]}},{"type":"Feature","properties":{"nombre":null,"tipo":null},"geometry":{"type":"LineString","coordinates":[[-69.2965,-39.6585],[-69.3059,-39.6637]]}},{"type":"Feature","properties":{"nombre":null,"tipo":null},"geometry":{"type":"LineString","coordinates":[[-70.8438,-38.768],[-70.8476,-38.774],[-70.8577,-38.7764]]}},{"type":"Feature","properties":{"nombre":"Arroyo Las Toscas","tipo":"Arroyo"},"geometry":{"type":"LineString","coordinates":[[-70.3397,-38.2578],[-70.3445,-38.247]]}},{"type":"Feature","properties":{"nombre":null,"tipo":null},"geometry":{"type":"LineString","coordinates":[[-70.8867,-37.6667],[-70.8693,-37.6603]]}},{"type":"Feature","properties":{"nombre":"Río Rucachoroi","tipo":"Río"},"geometry":{"type":"LineString","coordinates":[[-70.9749,-39.2194],[-70.9707,-39.2223],[-70.9567,-39.2188]]}},{"type":"Feature","properties":{"nombre":"Arroyo Vaca Lauquen","tipo":"Arroyo"},"geometry":{"type":"LineString","coordinates":[[-71.0727,-36.8661],[-71.0645,-36.863]]}},{"type":"Feature","properties":{"nombre":"Arroyo Llamuco","tipo":"Arroyo"},"geometry":{"type":"LineString","coordinates":[[-70.744,-39.1299],[-70.7462,-39.1361],[-70.7546,-39.1438],[-70.7651,-39.1465]]}},{"type":"Feature","properties":{"nombre":"Río Curi Leuvú","tipo":"Río"},"geometry":{"type":"LineString","coordinates":[[-70.3967,-37.171],[-70.3905,-37.179]]}},{"type":"Feature","properties":{"nombre":"Río Aluminé","tipo":"Río"},"geometry":{"type":"LineString","coordinates":[[-70.8929,-39.6886],[-70.8922,-39.6946],[-70.8976,-39.6993]]}},{"type":"Feature","properties":{"nombre":null,"tipo":null},"geometry":{"type":"LineString","coordinates":[[-70.9911,-37.6819],[-70.9874,-37.6755],[-70.9816,-37.6761]]}},{"type":"Feature","properties":{"nombre":"Río Grande","tipo":"Río"},"geometry":{"type":"LineString","coordinates":[[-69.6654,-36.46],[-69.669,-36.4677],[-69.6678,-36.4728],[-69.6555,-36.4791],[-69.6682,-36.4886]]}},{"type":"Feature","properties":{"nombre":"Río Salado","tipo":"Río"},"geometry":{"type":"LineString","coordinates":[[-70.1177,-38.1597],[-70.1197,-38.1758]]}},{"type":"Feature","properties":{"nombre":"Río Agrio","tipo":"Río"},"geometry":{"type":"LineString","coordinates":[[-71.1156,-37.8599],[-71.1088,-37.8708]]}},{"type":"Feature","properties":{"nombre":"Arroyo El Manzano","tipo":"Arroyo"},"geometry":{"type":"LineString","coordinates":[[-70.5503,-37.0547],[-70.5422,-37.0682],[-70.5396,-37.0875],[-70.5398,-37.0962],[-70.5475,-37.1056]]}},{"type":"Feature","properties":{"nombre":"Río Kilca","tipo":"Río"},"geometry":{"type":"LineString","coordinates":[[-70.8173,-38.9196],[-70.8242,-38.9248],[-70.8323,-38.9252]]}},{"type":"Feature","properties":{"nombre":"Arroyo Ranquilco","tipo":"Arroyo"},"geometry":{"type":"LineString","coordinates":[[-70.7422,-38.2483],[-70.7363,-38.2366]]}},{"type":"Feature","properties":{"nombre":"Arroyo Pichiñire","tipo":"Arroyo"},"geometry":{"type":"LineString","coordinates":[[-70.7142,-36.7344],[-70.7061,-36.753],[-70.7095,-36.7565]]}},{"type":"Feature","properties":{"nombre":"Arroyo Pichi Neuquén","tipo":"Arroyo"},"geometry":{"type":"LineString","coordinates":[[-70.1314,-37.7375],[-70.1243,-37.7383],[-70.1235,-37.7358]]}},{"type":"Feature","properties":{"nombre":"Arroyo de El Arco","tipo":"Arroyo"},"geometry":{"type":"LineString","coordinates":[[-71.056,-38.7908],[-71.0498,-38.7931]]}},{"type":"Feature","properties":{"nombre":"Río Filuco","tipo":"Río"},"geometry":{"type":"LineString","coordinates":[[-71.5405,-40.436],[-71.5369,-40.4423]]}},{"type":"Feature","properties":{"nombre":"Río Neuquén","tipo":"Río"},"geometry":{"type":"LineString","coordinates":[[-68.3801,-38.5999],[-68.3722,-38.6076]]}},{"type":"Feature","properties":{"nombre":"Arroyo Sanquilco","tipo":"Arroyo"},"geometry":{"type":"LineString","coordinates":[[-70.7149,-38.6526],[-70.7078,-38.6449],[-70.7057,-38.637]]}},{"type":"Feature","properties":{"nombre":"Río Aluminé","tipo":"Río"},"geometry":{"type":"LineString","coordinates":[[-70.9169,-39.2984],[-70.924,-39.3223],[-70.9213,-39.3333]]}},{"type":"Feature","properties":{"nombre":null,"tipo":null},"geometry":{"type":"LineString","coordinates":[[-70.9936,-37.7614],[-70.9866,-37.7649],[-70.9794,-37.7543]]}},{"type":"Feature","properties":{"nombre":"Río Agrio","tipo":"Río"},"geometry":{"type":"LineString","coordinates":[[-70.7067,-37.7437],[-70.6974,-37.748]]}},{"type":"Feature","properties":{"nombre":"Río Neuquén","tipo":"Río"},"geometry":{"type":"LineString","coordinates":[[-69.7773,-38.1051],[-69.7767,-38.1125],[-69.7857,-38.1226],[-69.7786,-38.1256],[-69.7673,-38.1224]]}},{"type":"Feature","properties":{"nombre":"Río Grande","tipo":"Río"},"geometry":{"type":"LineString","coordinates":[[-69.6983,-36.1407],[-69.7001,-36.1445],[-69.6963,-36.1589],[-69.6844,-36.1687]]}},{"type":"Feature","properties":{"nombre":null,"tipo":null},"geometry":{"type":"LineString","coordinates":[[-70.9617,-37.0725],[-70.953,-37.0717],[-70.9531,-37.0623],[-70.965,-37.0514],[-70.9755,-37.0491],[-70.9793,-37.0452]]}},{"type":"Feature","properties":{"nombre":"Río Colorado","tipo":"Río"},"geometry":{"type":"LineString","coordinates":[[-69.601,-37.1502],[-69.5913,-37.154]]}},{"type":"Feature","properties":{"nombre":"Arroyo Buta Mallín","tipo":"Arroyo"},"geometry":{"type":"LineString","coordinates":[[-70.9327,-38.0199],[-70.9169,-38.0192]]}},{"type":"Feature","properties":{"nombre":"Arroyo Blanco","tipo":"Arroyo"},"geometry":{"type":"LineString","coordinates":[[-71.0469,-37.7932],[-71.0549,-37.7875],[-71.0548,-37.7838]]}},{"type":"Feature","properties":{"nombre":"Arroyo Auque","tipo":"Arroyo"},"geometry":{"type":"LineString","coordinates":[[-70.6457,-36.7899],[-70.6546,-36.7941]]}},{"type":"Feature","properties":{"nombre":"Arroyo Commonpulli","tipo":"Arroyo"},"geometry":{"type":"LineString","coordinates":[[-71.6823,-39.6987],[-71.6763,-39.6993],[-71.6755,-39.705],[-71.6645,-39.7171],[-71.6486,-39.7276],[-71.6309,-39.7321],[-71.6243,-39.7279]]}},{"type":"Feature","properties":{"nombre":"Arroyo Quemquemtreu","tipo":"Arroyo"},"geometry":{"type":"LineString","coordinates":[[-71.086,-40.1751],[-71.0958,-40.1747]]}},{"type":"Feature","properties":{"nombre":"Río Litrán","tipo":"Río"},"geometry":{"type":"LineString","coordinates":[[-70.9797,-38.8154],[-70.9947,-38.8193],[-70.9957,-38.826],[-71.0,-38.8289]]}},{"type":"Feature","properties":{"nombre":"Arroyo Pichincó","tipo":"Arroyo"},"geometry":{"type":"LineString","coordinates":[[-70.6802,-38.0233],[-70.6691,-38.0264],[-70.6592,-38.0369]]}},{"type":"Feature","properties":{"nombre":"Río Limay","tipo":"Río"},"geometry":{"type":"LineString","coordinates":[[-69.9375,-39.9571],[-69.932,-39.9537],[-69.9328,-39.9449],[-69.9298,-39.9426]]}},{"type":"Feature","properties":{"nombre":"Arroyo La Lechera","tipo":"Arroyo"},"geometry":{"type":"LineString","coordinates":[[-70.6139,-38.839],[-70.5885,-38.8534],[-70.5556,-38.8502],[-70.5414,-38.8456],[-70.5332,-38.849],[-70.5,-38.8512]]}},{"type":"Feature","properties":{"nombre":null,"tipo":null},"geometry":{"type":"LineString","coordinates":[[-70.9261,-37.1288],[-70.9368,-37.1226],[-70.9476,-37.1257]]}},{"type":"Feature","properties":{"nombre":null,"tipo":null},"geometry":{"type":"LineString","coordinates":[[-70.9001,-37.1589],[-70.8815,-37.166],[-70.8754,-37.1634]]}},{"type":"Feature","properties":{"nombre":"Río Neuquén","tipo":"Río"},"geometry":{"type":"LineString","coordinates":[[-68.1149,-38.789],[-68.1088,-38.7962],[-68.1012,-38.7992],[-68.1018,-38.8026],[-68.1069,-38.804]]}},{"type":"Feature","properties":{"nombre":"Río Limay","tipo":"Río"},"geometry":{"type":"LineString","coordinates":[[-68.1545,-38.9782],[-68.1471,-38.9822],[-68.1392,-38.9814]]}},{"type":"Feature","properties":{"nombre":null,"tipo":null},"geometry":{"type":"LineString","coordinates":[[-70.6534,-38.914],[-70.6467,-38.9043]]}},{"type":"Feature","properties":{"nombre":"Río Aluminé","tipo":"Río"},"geometry":{"type":"LineString","coordinates":[[-70.8825,-39.6667],[-70.8817,-39.6699],[-70.8878,-39.676]]}},{"type":"Feature","properties":{"nombre":null,"tipo":null},"geometry":{"type":"LineString","coordinates":[[-70.9114,-37.1275],[-70.8945,-37.1192]]}},{"type":"Feature","properties":{"nombre":"Río Caleufú","tipo":"Río"},"geometry":{"type":"LineString","coordinates":[[-71.0818,-40.4549],[-71.0659,-40.446],[-71.0586,-40.4357],[-71.0515,-40.434]]}},{"type":"Feature","properties":{"nombre":"Río Litrán","tipo":"Río"},"geometry":{"type":"LineString","coordinates":[[-71.0829,-38.915],[-71.0856,-38.9182],[-71.0782,-38.9211],[-71.0797,-38.9256],[-71.0724,-38.9291]]}},{"type":"Feature","properties":{"nombre":"Arroyo Los Molinos","tipo":"Arroyo"},"geometry":{"type":"LineString","coordinates":[[-70.921,-36.5836],[-70.9326,-36.574]]}},{"type":"Feature","properties":{"nombre":"Arroyo Manzano","tipo":"Arroyo"},"geometry":{"type":"LineString","coordinates":[[-70.7306,-38.7158],[-70.7216,-38.7121]]}},{"type":"Feature","properties":{"nombre":"Arroyo Alincó","tipo":"Arroyo"},"geometry":{"type":"LineString","coordinates":[[-70.8759,-40.0289],[-70.8601,-40.0217]]}},{"type":"Feature","properties":{"nombre":"Arroyo Ranquileo","tipo":"Arroyo"},"geometry":{"type":"LineString","coordinates":[[-70.7551,-36.8501],[-70.756,-36.8415]]}},{"type":"Feature","properties":{"nombre":"Arroyo Chapúa","tipo":"Arroyo"},"geometry":{"type":"LineString","coordinates":[[-70.2461,-37.1777],[-70.2571,-37.1844]]}},{"type":"Feature","properties":{"nombre":"Arroyo Huayilón","tipo":"Arroyo"},"geometry":{"type":"LineString","coordinates":[[-70.4672,-38.3704],[-70.4992,-38.3708]]}},{"type":"Feature","properties":{"nombre":"Arroyo Blanco","tipo":"Arroyo"},"geometry":{"type":"LineString","coordinates":[[-71.0884,-37.837],[-71.0755,-37.8285]]}},{"type":"Feature","properties":{"nombre":"Arroyo Huanuco","tipo":"Arroyo"},"geometry":{"type":"LineString","coordinates":[[-70.7248,-37.863],[-70.702,-37.8707],[-70.6645,-37.8689],[-70.6434,-37.8715]]}},{"type":"Feature","properties":{"nombre":"Arroyo Pitrunquen","tipo":"Arroyo"},"geometry":{"type":"LineString","coordinates":[[-70.7285,-38.8908],[-70.7385,-38.8928]]}},{"type":"Feature","properties":{"nombre":"Río Limay","tipo":"Río"},"geometry":{"type":"LineString","coordinates":[[-69.6584,-39.843],[-69.6333,-39.8432]]}},{"type":"Feature","properties":{"nombre":"Río Grande","tipo":"Río"},"geometry":{"type":"LineString","coordinates":[[-69.6467,-36.5667],[-69.6556,-36.5684],[-69.6637,-36.5775]]}},{"type":"Feature","properties":{"nombre":"Arroyo Los Pinos","tipo":"Arroyo"},"geometry":{"type":"LineString","coordinates":[[-70.7827,-38.6082],[-70.7696,-38.6075]]}},{"type":"Feature","properties":{"nombre":"Arroyo Codihue","tipo":"Arroyo"},"geometry":{"type":"LineString","coordinates":[[-70.5704,-38.4509],[-70.5512,-38.453],[-70.5477,-38.4568],[-70.539,-38.4557]]}},{"type":"Feature","properties":{"nombre":null,"tipo":null},"geometry":{"type":"LineString","coordinates":[[-70.5303,-38.8329],[-70.5166,-38.8295],[-70.5069,-38.8312]]}},{"type":"Feature","properties":{"nombre":"Arroyo Pino","tipo":"Arroyo"},"geometry":{"type":"LineString","coordinates":[[-70.8462,-38.9781],[-70.8603,-38.9775]]}},{"type":"Feature","properties":{"nombre":"Río Catán Lil","tipo":"Río"},"geometry":{"type":"LineString","coordinates":[[-70.6738,-39.3787],[-70.6731,-39.389]]}},{"type":"Feature","properties":{"nombre":"Arroyo Leña Malal","tipo":"Arroyo"},"geometry":{"type":"LineString","coordinates":[[-71.2114,-37.2893],[-71.2095,-37.2953],[-71.1994,-37.2966],[-71.1998,-37.3024],[-71.1871,-37.3114],[-71.164,-37.3162],[-71.1588,-37.3141]]}},{"type":"Feature","properties":{"nombre":null,"tipo":null},"geometry":{"type":"LineString","coordinates":[[-70.8038,-37.7428],[-70.8015,-37.7509]]}},{"type":"Feature","properties":{"nombre":"Arroyo Los Molles","tipo":"Arroyo"},"geometry":{"type":"LineString","coordinates":[[-70.3601,-39.2564],[-70.3491,-39.2568]]}},{"type":"Feature","properties":{"nombre":"Río Collón Curá","tipo":"Río"},"geometry":{"type":"LineString","coordinates":[[-70.6391,-40.2398],[-70.6437,-40.2448],[-70.6527,-40.2445],[-70.6549,-40.2497]]}},{"type":"Feature","properties":{"nombre":null,"tipo":null},"geometry":{"type":"LineString","coordinates":[[-71.1719,-37.3697],[-71.1777,-37.3622],[-71.1778,-37.3547],[-71.1896,-37.3449],[-71.1962,-37.3333]]}},{"type":"Feature","properties":{"nombre":"Río Collón Curá","tipo":"Río"},"geometry":{"type":"LineString","coordinates":[[-70.7924,-40.0919],[-70.7783,-40.0978]]}},{"type":"Feature","properties":{"nombre":"Río Varvarco","tipo":"Río"},"geometry":{"type":"LineString","coordinates":[[-70.6318,-36.6527],[-70.6292,-36.6643]]}},{"type":"Feature","properties":{"nombre":null,"tipo":null},"geometry":{"type":"LineString","coordinates":[[-70.8044,-37.0885],[-70.7905,-37.0896]]}},{"type":"Feature","properties":{"nombre":"Río Litrán","tipo":"Río"},"geometry":{"type":"LineString","coordinates":[[-70.9616,-38.8048],[-70.9713,-38.809]]}},{"type":"Feature","properties":{"nombre":"Río Picunleo","tipo":"Río"},"geometry":{"type":"LineString","coordinates":[[-70.9552,-37.5462],[-70.9446,-37.5504]]}},{"type":"Feature","properties":{"nombre":"Río Collón Curá","tipo":"Río"},"geometry":{"type":"LineString","coordinates":[[-70.7135,-40.1555],[-70.7086,-40.1593],[-70.7128,-40.1661]]}},{"type":"Feature","properties":{"nombre":"Río Neuquén","tipo":"Río"},"geometry":{"type":"LineString","coordinates":[[-68.8651,-38.3731],[-68.8551,-38.3681]]}},{"type":"Feature","properties":{"nombre":"Arroyo Relem","tipo":"Arroyo"},"geometry":{"type":"LineString","coordinates":[[-71.05,-38.9997],[-71.0405,-38.9985],[-71.0362,-38.9946]]}},{"type":"Feature","properties":{"nombre":"Arroyo Ñireco","tipo":"Arroyo"},"geometry":{"type":"LineString","coordinates":[[-70.7973,-36.7416],[-70.7902,-36.7457]]}},{"type":"Feature","properties":{"nombre":"Río Limay","tipo":"Río"},"geometry":{"type":"LineString","coordinates":[[-68.3583,-38.9942],[-68.3424,-38.997]]}},{"type":"Feature","properties":{"nombre":"Río Pichi Neuquén","tipo":"Río"},"geometry":{"type":"LineString","coordinates":[[-70.8236,-36.614],[-70.8166,-36.6129],[-70.8144,-36.6174],[-70.8052,-36.6216]]}},{"type":"Feature","properties":{"nombre":"Arroyo del Fortín 1° de Mayo","tipo":"Arroyo"},"geometry":{"type":"LineString","coordinates":[[-70.7161,-39.4244],[-70.7015,-39.4209]]}},{"type":"Feature","properties":{"nombre":"Río Limay","tipo":"Río"},"geometry":{"type":"LineString","coordinates":[[-69.4189,-39.7589],[-69.4114,-39.7519]]}},{"type":"Feature","properties":{"nombre":"Arroyo Manzano","tipo":"Arroyo"},"geometry":{"type":"LineString","coordinates":[[-70.7158,-38.7078],[-70.709,-38.6994]]}},{"type":"Feature","properties":{"nombre":"Río Neuquén","tipo":"Río"},"geometry":{"type":"LineString","coordinates":[[-68.7219,-38.3988],[-68.7132,-38.4046],[-68.7084,-38.4014],[-68.6926,-38.4002]]}},{"type":"Feature","properties":{"nombre":"Arroyo Alincó","tipo":"Arroyo"},"geometry":{"type":"LineString","coordinates":[[-70.8601,-40.0217],[-70.85,-40.0197]]}},{"type":"Feature","properties":{"nombre":null,"tipo":null},"geometry":{"type":"LineString","coordinates":[[-70.9071,-38.8368],[-70.9191,-38.8448],[-70.9415,-38.8494],[-70.9499,-38.8478]]}},{"type":"Feature","properties":{"nombre":"Río Aluminé","tipo":"Río"},"geometry":{"type":"LineString","coordinates":[[-70.8227,-40.0455],[-70.8144,-40.0554],[-70.8153,-40.0621]]}},{"type":"Feature","properties":{"nombre":"Arroyo Tricao Malal","tipo":"Arroyo"},"geometry":{"type":"LineString","coordinates":[[-70.2275,-37.0],[-70.2354,-37.0048],[-70.2398,-37.0171],[-70.2447,-37.0176],[-70.2571,-37.0294],[-70.2718,-37.0325],[-70.2807,-37.03],[-70.2828,-37.0343],[-70.2954,-37.032],[-70.3122,-37.0417],[-70.3128,-37.0467],[-70.3211,-37.0447],[-70.33,-37.048]]}},{"type":"Feature","properties":{"nombre":null,"tipo":null},"geometry":{"type":"LineString","coordinates":[[-70.8857,-38.4195],[-70.8756,-38.4291],[-70.8761,-38.4323]]}},{"type":"Feature","properties":{"nombre":"Arroyo Casheu Malle-Hue","tipo":"Arroyo"},"geometry":{"type":"LineString","coordinates":[[-70.7709,-38.9415],[-70.7815,-38.9417]]}},{"type":"Feature","properties":{"nombre":"Río Agrio","tipo":"Río"},"geometry":{"type":"LineString","coordinates":[[-70.5775,-38.3155],[-70.5627,-38.3204]]}},{"type":"Feature","properties":{"nombre":null,"tipo":null},"geometry":{"type":"LineString","coordinates":[[-70.7392,-37.2638],[-70.7371,-37.2737],[-70.7335,-37.2757]]}},{"type":"Feature","properties":{"nombre":"Arroyo Chapúa","tipo":"Arroyo"},"geometry":{"type":"LineString","coordinates":[[-70.2827,-37.2602],[-70.2943,-37.2589]]}},{"type":"Feature","properties":{"nombre":"Arroyo Codihue","tipo":"Arroyo"},"geometry":{"type":"LineString","coordinates":[[-70.6602,-38.4358],[-70.6261,-38.4362]]}},{"type":"Feature","properties":{"nombre":"Arroyo Mulichincó","tipo":"Arroyo"},"geometry":{"type":"LineString","coordinates":[[-70.4416,-38.0851],[-70.4396,-38.0775]]}},{"type":"Feature","properties":{"nombre":null,"tipo":null},"geometry":{"type":"LineString","coordinates":[[-71.0,-36.5046],[-70.9801,-36.5291]]}},{"type":"Feature","properties":{"nombre":"Arroyo Pichi Currhué","tipo":"Arroyo"},"geometry":{"type":"LineString","coordinates":[[-71.3017,-39.8606],[-71.2807,-39.8675]]}},{"type":"Feature","properties":{"nombre":"Arroyo Casheu Malle-Hue","tipo":"Arroyo"},"geometry":{"type":"LineString","coordinates":[[-70.7223,-38.9491],[-70.7359,-38.953]]}},{"type":"Feature","properties":{"nombre":"Arroyo Huarenchenque","tipo":"Arroyo"},"geometry":{"type":"LineString","coordinates":[[-70.8836,-38.2806],[-70.8745,-38.2843]]}},{"type":"Feature","properties":{"nombre":"Río Agrio","tipo":"Río"},"geometry":{"type":"LineString","coordinates":[[-70.4804,-38.4821],[-70.4769,-38.4923]]}},{"type":"Feature","properties":{"nombre":"Arroyo Cajón Nuevo","tipo":"Arroyo"},"geometry":{"type":"LineString","coordinates":[[-70.9824,-37.0643],[-70.9831,-37.0712],[-70.9877,-37.0736],[-70.9934,-37.0845]]}},{"type":"Feature","properties":{"nombre":null,"tipo":null},"geometry":{"type":"LineString","coordinates":[[-70.6932,-37.6667],[-70.6817,-37.6745],[-70.6823,-37.6866]]}},{"type":"Feature","properties":{"nombre":"Arroyo Ranquilón","tipo":"Arroyo"},"geometry":{"type":"LineString","coordinates":[[-70.5465,-37.8138],[-70.5511,-37.8222]]}},{"type":"Feature","properties":{"nombre":"Arroyo Llamuco","tipo":"Arroyo"},"geometry":{"type":"LineString","coordinates":[[-70.8421,-39.2023],[-70.8293,-39.1991]]}},{"type":"Feature","properties":{"nombre":null,"tipo":null},"geometry":{"type":"LineString","coordinates":[[-70.8877,-37.0342],[-70.8804,-37.0292],[-70.8708,-37.0304],[-70.8618,-37.0242],[-70.8542,-37.0248]]}},{"type":"Feature","properties":{"nombre":"Arroyo China Muerta","tipo":"Arroyo"},"geometry":{"type":"LineString","coordinates":[[-70.3884,-39.4515],[-70.3855,-39.4517],[-70.3813,-39.4597]]}},{"type":"Feature","properties":{"nombre":"Arroyo Yumu - Yumu","tipo":"Arroyo"},"geometry":{"type":"LineString","coordinates":[[-70.6944,-38.1562],[-70.6857,-38.1551],[-70.6701,-38.1621],[-70.6605,-38.1619],[-70.6556,-38.1694],[-70.6489,-38.17],[-70.6394,-38.1785],[-70.6288,-38.1804],[-70.6304,-38.1827],[-70.6275,-38.1866]]}},{"type":"Feature","properties":{"nombre":null,"tipo":null},"geometry":{"type":"LineString","coordinates":[[-70.7996,-37.7053],[-70.8087,-37.7146]]}},{"type":"Feature","properties":{"nombre":"Río Catán Lil","tipo":"Río"},"geometry":{"type":"LineString","coordinates":[[-70.5739,-39.6386],[-70.579,-39.6446],[-70.5761,-39.6516]]}},{"type":"Feature","properties":{"nombre":"Arroyo Cochicó Grande","tipo":"Arroyo"},"geometry":{"type":"LineString","coordinates":[[-70.8025,-38.8445],[-70.8163,-38.8518],[-70.8227,-38.8679]]}},{"type":"Feature","properties":{"nombre":"Río Neuquén","tipo":"Río"},"geometry":{"type":"LineString","coordinates":[[-68.1679,-38.7303],[-68.1608,-38.7349],[-68.1502,-38.7326],[-68.1407,-38.7357],[-68.1373,-38.7447]]}},{"type":"Feature","properties":{"nombre":"Arroyo Donaire","tipo":"Arroyo"},"geometry":{"type":"LineString","coordinates":[[-71.0916,-37.2188],[-71.0872,-37.223],[-71.08,-37.2236]]}},{"type":"Feature","properties":{"nombre":"Río Guañacos","tipo":"Río"},"geometry":{"type":"LineString","coordinates":[[-70.9152,-37.2883],[-70.9064,-37.2846]]}},{"type":"Feature","properties":{"nombre":"Río Agrio","tipo":"Río"},"geometry":{"type":"LineString","coordinates":[[-70.4769,-38.4923],[-70.4702,-38.4927],[-70.4694,-38.4958]]}},{"type":"Feature","properties":{"nombre":"Río Kilca","tipo":"Río"},"geometry":{"type":"LineString","coordinates":[[-70.8882,-39.0688],[-70.8812,-39.0827]]}},{"type":"Feature","properties":{"nombre":"Río Litrán","tipo":"Río"},"geometry":{"type":"LineString","coordinates":[[-70.9266,-38.7911],[-70.9431,-38.7934],[-70.9497,-38.7988]]}},{"type":"Feature","properties":{"nombre":"Arroyo Cajón Nuevo","tipo":"Arroyo"},"geometry":{"type":"LineString","coordinates":[[-70.9793,-37.0452],[-70.9824,-37.0643]]}},{"type":"Feature","properties":{"nombre":"Arroyo de la Laguna","tipo":"Arroyo"},"geometry":{"type":"LineString","coordinates":[[-70.9992,-37.4793],[-70.9886,-37.4897]]}},{"type":"Feature","properties":{"nombre":"Arroyo Los Chenques","tipo":"Arroyo"},"geometry":{"type":"LineString","coordinates":[[-70.6585,-36.4229],[-70.6659,-36.43]]}},{"type":"Feature","properties":{"nombre":"Arroyo El Huecú","tipo":"Arroyo"},"geometry":{"type":"LineString","coordinates":[[-70.6099,-37.6888],[-70.611,-37.7007],[-70.6156,-37.7029],[-70.615,-37.7056]]}},{"type":"Feature","properties":{"nombre":null,"tipo":null},"geometry":{"type":"LineString","coordinates":[[-69.9103,-36.1279],[-69.8955,-36.1294]]}},{"type":"Feature","properties":{"nombre":null,"tipo":null},"geometry":{"type":"LineString","coordinates":[[-70.6978,-37.6441],[-70.6917,-37.6427],[-70.6841,-37.635],[-70.6718,-37.6336],[-70.6708,-37.6279],[-70.6617,-37.6207],[-70.6641,-37.608]]}},{"type":"Feature","properties":{"nombre":"Arroyo Lonco Luan","tipo":"Arroyo"},"geometry":{"type":"LineString","coordinates":[[-70.9821,-38.9471],[-71.0,-38.9555]]}},{"type":"Feature","properties":{"nombre":"Arroyo Mallín Florido","tipo":"Arroyo"},"geometry":{"type":"LineString","coordinates":[[-70.7238,-38.5037],[-70.7111,-38.5012],[-70.6952,-38.5073]]}},{"type":"Feature","properties":{"nombre":"Río Neuquén","tipo":"Río"},"geometry":{"type":"LineString","coordinates":[[-69.7188,-38.241],[-69.7174,-38.2494],[-69.7226,-38.2585]]}},{"type":"Feature","properties":{"nombre":"Arroyo Ferrada","tipo":"Arroyo"},"geometry":{"type":"LineString","coordinates":[[-70.7834,-38.5632],[-70.7701,-38.5638]]}},{"type":"Feature","properties":{"nombre":"Arroyo Mallín Florido","tipo":"Arroyo"},"geometry":{"type":"LineString","coordinates":[[-70.772,-38.5074],[-70.7561,-38.4994],[-70.7486,-38.5034],[-70.7443,-38.5009],[-70.73,-38.5054],[-70.7238,-38.5037]]}},{"type":"Feature","properties":{"nombre":"Arroyo Colipilli","tipo":"Arroyo"},"geometry":{"type":"LineString","coordinates":[[-70.2369,-37.7395],[-70.2174,-37.7373],[-70.2124,-37.7423]]}},{"type":"Feature","properties":{"nombre":"Arroyo Quetruco","tipo":"Arroyo"},"geometry":{"type":"LineString","coordinates":[[-70.7667,-37.5918],[-70.7835,-37.5932]]}},{"type":"Feature","properties":{"nombre":"Río Agrio","tipo":"Río"},"geometry":{"type":"LineString","coordinates":[[-70.4299,-38.5047],[-70.4197,-38.5108],[-70.415,-38.5093]]}},{"type":"Feature","properties":{"nombre":null,"tipo":null},"geometry":{"type":"LineString","coordinates":[[-70.403,-38.4902],[-70.3976,-38.5058],[-70.4044,-38.5136],[-70.3924,-38.5181]]}},{"type":"Feature","properties":{"nombre":"Arroyo Manzano","tipo":"Arroyo"},"geometry":{"type":"LineString","coordinates":[[-70.6661,-38.6535],[-70.654,-38.6487]]}},{"type":"Feature","properties":{"nombre":null,"tipo":null},"geometry":{"type":"LineString","coordinates":[[-68.3117,-38.9842],[-68.3153,-38.9847],[-68.3098,-38.9724]]}},{"type":"Feature","properties":{"nombre":null,"tipo":null},"geometry":{"type":"LineString","coordinates":[[-71.1006,-37.1651],[-71.1147,-37.1731]]}},{"type":"Feature","properties":{"nombre":"Río Negro","tipo":"Río"},"geometry":{"type":"LineString","coordinates":[[-67.7426,-39.0716],[-67.7276,-39.0708]]}},{"type":"Feature","properties":{"nombre":"Río Colorado","tipo":"Río"},"geometry":{"type":"LineString","coordinates":[[-69.6593,-37.1205],[-69.652,-37.1257]]}},{"type":"Feature","properties":{"nombre":"Río Limay","tipo":"Río"},"geometry":{"type":"LineString","coordinates":[[-69.5371,-39.8097],[-69.5214,-39.8133]]}},{"type":"Feature","properties":{"nombre":"Río Neuquén","tipo":"Río"},"geometry":{"type":"LineString","coordinates":[[-68.0744,-38.9035],[-68.0652,-38.9092]]}},{"type":"Feature","properties":{"nombre":null,"tipo":null},"geometry":{"type":"LineString","coordinates":[[-70.5934,-37.5938],[-70.6067,-37.5882],[-70.6277,-37.5691]]}},{"type":"Feature","properties":{"nombre":"Arroyo Liu Cullín","tipo":"Arroyo"},"geometry":{"type":"LineString","coordinates":[[-70.564,-38.6334],[-70.5653,-38.6271],[-70.5564,-38.6085]]}},{"type":"Feature","properties":{"nombre":"Río Neuquén","tipo":"Río"},"geometry":{"type":"LineString","coordinates":[[-68.9173,-38.4202],[-68.9046,-38.4177]]}},{"type":"Feature","properties":{"nombre":"Arroyo Sañico","tipo":"Arroyo"},"geometry":{"type":"LineString","coordinates":[[-70.3869,-39.9623],[-70.3773,-39.967]]}},{"type":"Feature","properties":{"nombre":"Río Agrio","tipo":"Río"},"geometry":{"type":"LineString","coordinates":[[-69.7719,-38.3286],[-69.7629,-38.331]]}},{"type":"Feature","properties":{"nombre":"Arroyo Picún Leufú","tipo":"Arroyo"},"geometry":{"type":"LineString","coordinates":[[-70.4801,-39.1649],[-70.4648,-39.1647]]}},{"type":"Feature","properties":{"nombre":"Arroyo Michico","tipo":"Arroyo"},"geometry":{"type":"LineString","coordinates":[[-70.5792,-37.4719],[-70.5918,-37.4706]]}},{"type":"Feature","properties":{"nombre":"Arroyo Atreuco","tipo":"Arroyo"},"geometry":{"type":"LineString","coordinates":[[-70.5917,-36.7164],[-70.5944,-36.7184],[-70.603,-36.7139],[-70.6115,-36.7182]]}},{"type":"Feature","properties":{"nombre":"Arroyo Pilunchaya","tipo":"Arroyo"},"geometry":{"type":"LineString","coordinates":[[-71.1752,-37.62],[-71.1626,-37.6336]]}},{"type":"Feature","properties":{"nombre":"Arroyo de los Ñancays","tipo":"Arroyo"},"geometry":{"type":"LineString","coordinates":[[-70.8044,-38.3043],[-70.7954,-38.3122],[-70.7626,-38.3171]]}},{"type":"Feature","properties":{"nombre":"Arroyo Manchana - Có","tipo":"Arroyo"},"geometry":{"type":"LineString","coordinates":[[-70.8424,-37.1357],[-70.7856,-37.1333]]}},{"type":"Feature","properties":{"nombre":"Arroyo Acequia","tipo":"Arroyo"},"geometry":{"type":"LineString","coordinates":[[-70.4671,-37.2217],[-70.4481,-37.2393],[-70.445,-37.2476]]}},{"type":"Feature","properties":{"nombre":"Arroyo Huayilón","tipo":"Arroyo"},"geometry":{"type":"LineString","coordinates":[[-70.4538,-38.3541],[-70.4618,-38.363]]}},{"type":"Feature","properties":{"nombre":null,"tipo":null},"geometry":{"type":"LineString","coordinates":[[-69.9618,-36.3931],[-69.9696,-36.385]]}},{"type":"Feature","properties":{"nombre":"Río Colorado","tipo":"Río"},"geometry":{"type":"LineString","coordinates":[[-69.5093,-37.1676],[-69.5,-37.1704]]}},{"type":"Feature","properties":{"nombre":"Arroyo Los Chenques","tipo":"Arroyo"},"geometry":{"type":"LineString","coordinates":[[-70.7553,-36.4629],[-70.7795,-36.4561]]}},{"type":"Feature","properties":{"nombre":"Arroyo Butalón","tipo":"Arroyo"},"geometry":{"type":"LineString","coordinates":[[-70.5227,-36.8336],[-70.527,-36.8437]]}},{"type":"Feature","properties":{"nombre":"Arroyo Taquimilán","tipo":"Arroyo"},"geometry":{"type":"LineString","coordinates":[[-70.394,-37.5896],[-70.3871,-37.5996]]}},{"type":"Feature","properties":{"nombre":"Arroyo Choñorquín","tipo":"Arroyo"},"geometry":{"type":"LineString","coordinates":[[-70.921,-38.432],[-70.9089,-38.4314]]}},{"type":"Feature","properties":{"nombre":"Río Kilca","tipo":"Río"},"geometry":{"type":"LineString","coordinates":[[-70.8613,-38.9834],[-70.8688,-38.9916],[-70.8677,-38.9944]]}},{"type":"Feature","properties":{"nombre":"Arroyo Trolón","tipo":"Arroyo"},"geometry":{"type":"LineString","coordinates":[[-70.8912,-37.7619],[-70.8753,-37.7626],[-70.8657,-37.7686]]}},{"type":"Feature","properties":{"nombre":"Río Neuquén","tipo":"Río"},"geometry":{"type":"LineString","coordinates":[[-69.7204,-38.2912],[-69.722,-38.2975],[-69.7294,-38.2975],[-69.7342,-38.2927]]}},{"type":"Feature","properties":{"nombre":"Arroyo Picún Leufú","tipo":"Arroyo"},"geometry":{"type":"LineString","coordinates":[[-69.9819,-39.2746],[-69.9792,-39.2801],[-69.975,-39.2772]]}},{"type":"Feature","properties":{"nombre":"Río Neuquén","tipo":"Río"},"geometry":{"type":"LineString","coordinates":[[-68.0195,-38.9473],[-68.0089,-38.9583]]}},{"type":"Feature","properties":{"nombre":"Arroyo Ñireco","tipo":"Arroyo"},"geometry":{"type":"LineString","coordinates":[[-70.4344,-39.1064],[-70.423,-39.104]]}},{"type":"Feature","properties":{"nombre":"Arroyo Los Molles","tipo":"Arroyo"},"geometry":{"type":"LineString","coordinates":[[-70.3372,-39.2561],[-70.3279,-39.254]]}},{"type":"Feature","properties":{"nombre":"Río Catán Lil","tipo":"Río"},"geometry":{"type":"LineString","coordinates":[[-70.8138,-39.825],[-70.8163,-39.8337],[-70.8129,-39.8412]]}},{"type":"Feature","properties":{"nombre":"Arroyo Valle Alegre","tipo":"Arroyo"},"geometry":{"type":"LineString","coordinates":[[-71.022,-36.6121],[-71.009,-36.6172]]}},{"type":"Feature","properties":{"nombre":null,"tipo":null},"geometry":{"type":"LineString","coordinates":[[-69.0887,-38.7483],[-69.0827,-38.7477],[-69.0796,-38.7424],[-69.0704,-38.7402],[-69.0674,-38.7364]]}},{"type":"Feature","properties":{"nombre":"Arroyo Quintuco","tipo":"Arroyo"},"geometry":{"type":"LineString","coordinates":[[-70.2529,-38.1475],[-70.2302,-38.1533],[-70.2289,-38.1569]]}},{"type":"Feature","properties":{"nombre":"Cañada Mallín Grande","tipo":"Cañada"},"geometry":{"type":"LineString","coordinates":[[-70.9865,-40.1452],[-70.947,-40.1473]]}},{"type":"Feature","properties":{"nombre":"Río Agrio","tipo":"Río"},"geometry":{"type":"LineString","coordinates":[[-70.3614,-38.5184],[-70.3724,-38.5157],[-70.3814,-38.5181]]}},{"type":"Feature","properties":{"nombre":"Río Catán Lil","tipo":"Río"},"geometry":{"type":"LineString","coordinates":[[-70.6181,-39.3062],[-70.6175,-39.3086],[-70.6252,-39.3153]]}},{"type":"Feature","properties":{"nombre":"Río Agrio","tipo":"Río"},"geometry":{"type":"LineString","coordinates":[[-70.6564,-37.7774],[-70.6514,-37.7854]]}},{"type":"Feature","properties":{"nombre":"Río Limay","tipo":"Río"},"geometry":{"type":"LineString","coordinates":[[-68.2125,-38.9676],[-68.2027,-38.9654]]}},{"type":"Feature","properties":{"nombre":"Río Neuquén","tipo":"Río"},"geometry":{"type":"LineString","coordinates":[[-70.8052,-36.6216],[-70.802,-36.6281],[-70.7946,-36.6306]]}},{"type":"Feature","properties":{"nombre":"Arroyo Picún Leufú","tipo":"Arroyo"},"geometry":{"type":"LineString","coordinates":[[-70.6055,-39.1503],[-70.591,-39.1535]]}},{"type":"Feature","properties":{"nombre":"Río Negro","tipo":"Río"},"geometry":{"type":"LineString","coordinates":[[-67.6787,-39.0989],[-67.6602,-39.1076]]}},{"type":"Feature","properties":{"nombre":"Arroyo Pichi Leufú","tipo":"Arroyo"},"geometry":{"type":"LineString","coordinates":[[-70.9696,-39.4596],[-70.9538,-39.4643],[-70.9479,-39.4612]]}},{"type":"Feature","properties":{"nombre":null,"tipo":null},"geometry":{"type":"LineString","coordinates":[[-70.8816,-37.0673],[-70.8824,-37.0487]]}},{"type":"Feature","properties":{"nombre":"Arroyo Memanque","tipo":"Arroyo"},"geometry":{"type":"LineString","coordinates":[[-70.6292,-37.0616],[-70.6441,-37.0573],[-70.6625,-37.059]]}},{"type":"Feature","properties":{"nombre":"Río Colorado","tipo":"Río"},"geometry":{"type":"LineString","coordinates":[[-69.1044,-37.205],[-69.0907,-37.219]]}},{"type":"Feature","properties":{"nombre":null,"tipo":null},"geometry":{"type":"LineString","coordinates":[[-70.8665,-38.4808],[-70.8554,-38.4792]]}},{"type":"Feature","properties":{"nombre":"Arroyo Las Toscas","tipo":"Arroyo"},"geometry":{"type":"LineString","coordinates":[[-70.3419,-38.1878],[-70.3417,-38.181]]}},{"type":"Feature","properties":{"nombre":"Río Neuquén","tipo":"Río"},"geometry":{"type":"LineString","coordinates":[[-68.6077,-38.4679],[-68.5979,-38.4688]]}},{"type":"Feature","properties":{"nombre":"Río Agrio","tipo":"Río"},"geometry":{"type":"LineString","coordinates":[[-70.6623,-37.7542],[-70.6515,-37.76]]}},{"type":"Feature","properties":{"nombre":"Arroyo Picún Leufú","tipo":"Arroyo"},"geometry":{"type":"LineString","coordinates":[[-69.9588,-39.2824],[-69.9501,-39.2844]]}},{"type":"Feature","properties":{"nombre":null,"tipo":null},"geometry":{"type":"LineString","coordinates":[[-70.1466,-37.5601],[-70.1684,-37.5366],[-70.1679,-37.5202]]}},{"type":"Feature","properties":{"nombre":"Arroyo Las Toscas","tipo":"Arroyo"},"geometry":{"type":"LineString","coordinates":[[-70.3364,-38.1754],[-70.3285,-38.1693]]}},{"type":"Feature","properties":{"nombre":null,"tipo":null},"geometry":{"type":"LineString","coordinates":[[-70.4386,-38.8473],[-70.43,-38.8489],[-70.424,-38.8428],[-70.4042,-38.8505],[-70.3827,-38.8532]]}},{"type":"Feature","properties":{"nombre":"Río Buraleo","tipo":"Río"},"geometry":{"type":"LineString","coordinates":[[-71.0474,-37.0097],[-71.0451,-37.0158],[-71.0364,-37.0221]]}},{"type":"Feature","properties":{"nombre":"Arroyo Utreco","tipo":"Arroyo"},"geometry":{"type":"LineString","coordinates":[[-71.517,-40.5402],[-71.5121,-40.5347],[-71.5125,-40.5231]]}},{"type":"Feature","properties":{"nombre":"Arroyo Ñireco","tipo":"Arroyo"},"geometry":{"type":"LineString","coordinates":[[-70.4086,-39.1005],[-70.4037,-39.1059],[-70.3885,-39.1084],[-70.3822,-39.113],[-70.3795,-39.11],[-70.3751,-39.1124],[-70.3652,-39.1106],[-70.3639,-39.102],[-70.3598,-39.0977],[-70.3569,-39.106],[-70.3609,-39.1203]]}},{"type":"Feature","properties":{"nombre":"Arroyo Rucu Leufú","tipo":"Arroyo"},"geometry":{"type":"LineString","coordinates":[[-71.508,-39.7143],[-71.5,-39.7272]]}},{"type":"Feature","properties":{"nombre":"Arroyo Chacayco","tipo":"Arroyo"},"geometry":{"type":"LineString","coordinates":[[-70.043,-37.3243],[-70.049,-37.3319]]}},{"type":"Feature","properties":{"nombre":"Arroyo Picún Leufú","tipo":"Arroyo"},"geometry":{"type":"LineString","coordinates":[[-69.7893,-39.3274],[-69.7689,-39.3291],[-69.7603,-39.3333]]}},{"type":"Feature","properties":{"nombre":"Río Limay","tipo":"Río"},"geometry":{"type":"LineString","coordinates":[[-69.6882,-39.8408],[-69.681,-39.8325],[-69.6644,-39.8287],[-69.6571,-39.8227]]}},{"type":"Feature","properties":{"nombre":"Río Salado","tipo":"Río"},"geometry":{"type":"LineString","coordinates":[[-70.1144,-38.1489],[-70.1177,-38.1597]]}},{"type":"Feature","properties":{"nombre":"Arroyo La Negra","tipo":"Arroyo"},"geometry":{"type":"LineString","coordinates":[[-70.5845,-37.1303],[-70.5932,-37.1397],[-70.6018,-37.1429],[-70.616,-37.1427]]}},{"type":"Feature","properties":{"nombre":"Arroyo Calmuco","tipo":"Arroyo"},"geometry":{"type":"LineString","coordinates":[[-69.977,-36.5388],[-69.9731,-36.53],[-69.9639,-36.5233]]}},{"type":"Feature","properties":{"nombre":null,"tipo":null},"geometry":{"type":"LineString","coordinates":[[-69.8889,-36.0979],[-69.9223,-36.0873]]}},{"type":"Feature","properties":{"nombre":"Río Chimehuín","tipo":"Río"},"geometry":{"type":"LineString","coordinates":[[-70.8807,-40.0674],[-70.8676,-40.0648]]}},{"type":"Feature","properties":{"nombre":"Arroyo Central","tipo":"Arroyo"},"geometry":{"type":"LineString","coordinates":[[-70.699,-39.695],[-70.6985,-39.7],[-70.6919,-39.6999],[-70.6917,-39.7044],[-70.6835,-39.7066]]}},{"type":"Feature","properties":{"nombre":"Río Catán Lil","tipo":"Río"},"geometry":{"type":"LineString","coordinates":[[-70.6808,-39.1829],[-70.693,-39.1952]]}},{"type":"Feature","properties":{"nombre":"Arroyo Ailinco","tipo":"Arroyo"},"geometry":{"type":"LineString","coordinates":[[-70.6211,-36.633],[-70.6336,-36.6365],[-70.6391,-36.6418]]}},{"type":"Feature","properties":{"nombre":"Arroyo Manzano","tipo":"Arroyo"},"geometry":{"type":"LineString","coordinates":[[-70.6905,-38.6667],[-70.6902,-38.6625],[-70.6836,-38.6611],[-70.6839,-38.6578],[-70.6661,-38.6535]]}},{"type":"Feature","properties":{"nombre":"Arroyo Guayapa","tipo":"Arroyo"},"geometry":{"type":"LineString","coordinates":[[-70.4626,-38.8587],[-70.4586,-38.8559],[-70.4597,-38.8504]]}},{"type":"Feature","properties":{"nombre":"Arroyo Ranquilco","tipo":"Arroyo"},"geometry":{"type":"LineString","coordinates":[[-70.4937,-37.3333],[-70.4964,-37.3405],[-70.4946,-37.3549],[-70.4736,-37.3669]]}},{"type":"Feature","properties":{"nombre":"Arroyo Copulhue","tipo":"Arroyo"},"geometry":{"type":"LineString","coordinates":[[-71.1497,-37.614],[-71.1193,-37.613],[-71.1078,-37.6091]]}},{"type":"Feature","properties":{"nombre":"Arroyo Chacay Melehué","tipo":"Arroyo"},"geometry":{"type":"LineString","coordinates":[[-70.555,-37.2724],[-70.544,-37.2667]]}},{"type":"Feature","properties":{"nombre":"Río Collón Curá","tipo":"Río"},"geometry":{"type":"LineString","coordinates":[[-70.7753,-40.0985],[-70.7647,-40.0958],[-70.7542,-40.1031],[-70.7498,-40.1191],[-70.7428,-40.1237],[-70.7387,-40.133]]}},{"type":"Feature","properties":{"nombre":"Arroyo Haichol","tipo":"Arroyo"},"geometry":{"type":"LineString","coordinates":[[-70.5093,-38.4801],[-70.5,-38.4745]]}},{"type":"Feature","properties":{"nombre":"Arroyo Mollucura","tipo":"Arroyo"},"geometry":{"type":"LineString","coordinates":[[-70.8629,-38.3709],[-70.8543,-38.3771],[-70.8344,-38.3818]]}},{"type":"Feature","properties":{"nombre":"Río Neuquén","tipo":"Río"},"geometry":{"type":"LineString","coordinates":[[-68.3801,-38.5999],[-68.3736,-38.6005],[-68.3722,-38.6076]]}},{"type":"Feature","properties":{"nombre":"Arroyo Pino Solo","tipo":"Arroyo"},"geometry":{"type":"LineString","coordinates":[[-70.7962,-38.5662],[-70.7798,-38.5658],[-70.7725,-38.5714]]}},{"type":"Feature","properties":{"nombre":"Arroyo Ñirequito","tipo":"Arroyo"},"geometry":{"type":"LineString","coordinates":[[-70.5386,-37.1956],[-70.5305,-37.2001],[-70.5068,-37.1959],[-70.5,-37.2009]]}},{"type":"Feature","properties":{"nombre":"Río Reñileuvú","tipo":"Río"},"geometry":{"type":"LineString","coordinates":[[-70.8143,-37.3457],[-70.8054,-37.3448],[-70.7994,-37.3481]]}},{"type":"Feature","properties":{"nombre":"Arroyo Las Islas","tipo":"Arroyo"},"geometry":{"type":"LineString","coordinates":[[-70.7145,-38.0993],[-70.6888,-38.0848]]}},{"type":"Feature","properties":{"nombre":"Arroyo Haichol","tipo":"Arroyo"},"geometry":{"type":"LineString","coordinates":[[-70.8106,-38.6487],[-70.7962,-38.6461]]}},{"type":"Feature","properties":{"nombre":"Río Limay","tipo":"Río"},"geometry":{"type":"LineString","coordinates":[[-69.8259,-39.8964],[-69.8148,-39.9003]]}},{"type":"Feature","properties":{"nombre":"Río Grande","tipo":"Río"},"geometry":{"type":"LineString","coordinates":[[-69.6739,-36.3317],[-69.6732,-36.3214]]}},{"type":"Feature","properties":{"nombre":"Arroyo Caquituco","tipo":"Arroyo"},"geometry":{"type":"LineString","coordinates":[[-71.6142,-39.7206],[-71.622,-39.7127],[-71.6418,-39.7051],[-71.6442,-39.6878]]}},{"type":"Feature","properties":{"nombre":"Río Limay","tipo":"Río"},"geometry":{"type":"LineString","coordinates":[[-69.9496,-39.9586],[-69.9375,-39.9571]]}},{"type":"Feature","properties":{"nombre":"Río Limay","tipo":"Río"},"geometry":{"type":"LineString","coordinates":[[-69.977,-40.0],[-69.9841,-40.0061],[-69.9858,-40.0127]]}},{"type":"Feature","properties":{"nombre":"Río Neuquén","tipo":"Río"},"geometry":{"type":"LineString","coordinates":[[-70.213,-37.4187],[-70.2072,-37.4283]]}},{"type":"Feature","properties":{"nombre":"Arroyo Manzano","tipo":"Arroyo"},"geometry":{"type":"LineString","coordinates":[[-70.642,-38.6418],[-70.6208,-38.6282]]}},{"type":"Feature","properties":{"nombre":"Río Agrio","tipo":"Río"},"geometry":{"type":"LineString","coordinates":[[-70.529,-38.3677],[-70.5244,-38.3685],[-70.5267,-38.3722]]}},{"type":"Feature","properties":{"nombre":"Arroyo Colimichicó","tipo":"Arroyo"},"geometry":{"type":"LineString","coordinates":[[-70.6645,-36.9321],[-70.6774,-36.9273]]}},{"type":"Feature","properties":{"nombre":"Arroyo Alincó","tipo":"Arroyo"},"geometry":{"type":"LineString","coordinates":[[-70.85,-40.0197],[-70.8397,-40.0176],[-70.8376,-40.0216]]}},{"type":"Feature","properties":{"nombre":null,"tipo":null},"geometry":{"type":"LineString","coordinates":[[-70.804,-37.7338],[-70.8038,-37.7428]]}},{"type":"Feature","properties":{"nombre":"Arroyo Las Toscas","tipo":"Arroyo"},"geometry":{"type":"LineString","coordinates":[[-70.3167,-38.1565],[-70.3077,-38.1492]]}},{"type":"Feature","properties":{"nombre":"Río Curi Leuvú","tipo":"Río"},"geometry":{"type":"LineString","coordinates":[[-70.3827,-37.0868],[-70.3899,-37.096]]}},{"type":"Feature","properties":{"nombre":"Arroyo El Huecú","tipo":"Arroyo"},"geometry":{"type":"LineString","coordinates":[[-70.6099,-37.6818],[-70.6077,-37.6826],[-70.6099,-37.6888]]}},{"type":"Feature","properties":{"nombre":"Arroyo Trolón","tipo":"Arroyo"},"geometry":{"type":"LineString","coordinates":[[-70.8657,-37.7686],[-70.8399,-37.7782]]}},{"type":"Feature","properties":{"nombre":"Arroyo de los Ñancays","tipo":"Arroyo"},"geometry":{"type":"LineString","coordinates":[[-70.7626,-38.3171],[-70.7452,-38.3188]]}},{"type":"Feature","properties":{"nombre":"Arroyo Córdoba Grande","tipo":"Arroyo"},"geometry":{"type":"LineString","coordinates":[[-71.1814,-40.5134],[-71.172,-40.5]]}},{"type":"Feature","properties":{"nombre":"Arroyo Tocuyo","tipo":"Arroyo"},"geometry":{"type":"LineString","coordinates":[[-70.4496,-37.0032],[-70.438,-37.0036],[-70.4303,-37.0]]}},{"type":"Feature","properties":{"nombre":"Río Limay","tipo":"Río"},"geometry":{"type":"LineString","coordinates":[[-69.8412,-39.9042],[-69.8259,-39.8964]]}},{"type":"Feature","properties":{"nombre":"Río Chimehuín","tipo":"Río"},"geometry":{"type":"LineString","coordinates":[[-70.8676,-40.0648],[-70.8561,-40.063]]}},{"type":"Feature","properties":{"nombre":null,"tipo":null},"geometry":{"type":"LineString","coordinates":[[-70.986,-38.3225],[-70.9801,-38.3333]]}},{"type":"Feature","properties":{"nombre":"Río Colorado","tipo":"Río"},"geometry":{"type":"LineString","coordinates":[[-69.7244,-37.0914],[-69.7136,-37.0995]]}},{"type":"Feature","properties":{"nombre":"Río Limay","tipo":"Río"},"geometry":{"type":"LineString","coordinates":[[-68.7202,-39.2485],[-68.7022,-39.2421]]}},{"type":"Feature","properties":{"nombre":"Río Neuquén","tipo":"Río"},"geometry":{"type":"LineString","coordinates":[[-68.2068,-38.7101],[-68.1978,-38.712],[-68.1965,-38.7157]]}},{"type":"Feature","properties":{"nombre":null,"tipo":null},"geometry":{"type":"LineString","coordinates":[[-70.7687,-37.1158],[-70.7653,-37.1199],[-70.7716,-37.1234]]}},{"type":"Feature","properties":{"nombre":"Arroyo Romerito","tipo":"Arroyo"},"geometry":{"type":"LineString","coordinates":[[-70.8639,-38.3426],[-70.8539,-38.3438]]}},{"type":"Feature","properties":{"nombre":null,"tipo":null},"geometry":{"type":"LineString","coordinates":[[-70.6772,-37.698],[-70.6796,-37.7113]]}},{"type":"Feature","properties":{"nombre":"Arroyo de la Lagunita o Blanco","tipo":"Arroyo"},"geometry":{"type":"LineString","coordinates":[[-70.2396,-36.4719],[-70.2258,-36.4672]]}},{"type":"Feature","properties":{"nombre":"Arroyo Casa de Piedra","tipo":"Arroyo"},"geometry":{"type":"LineString","coordinates":[[-70.4651,-39.2167],[-70.4498,-39.2183]]}},{"type":"Feature","properties":{"nombre":"Arroyo Ñireco","tipo":"Arroyo"},"geometry":{"type":"LineString","coordinates":[[-70.4665,-37.1162],[-70.4478,-37.1058]]}},{"type":"Feature","properties":{"nombre":"Arroyo Epu Anca","tipo":"Arroyo"},"geometry":{"type":"LineString","coordinates":[[-70.5492,-37.6161],[-70.5602,-37.6164],[-70.5701,-37.6124],[-70.576,-37.6153]]}},{"type":"Feature","properties":{"nombre":null,"tipo":null},"geometry":{"type":"LineString","coordinates":[[-70.5,-37.1601],[-70.489,-37.1629]]}},{"type":"Feature","properties":{"nombre":"Arroyo Rahueco","tipo":"Arroyo"},"geometry":{"type":"LineString","coordinates":[[-70.3963,-37.417],[-70.4008,-37.4137],[-70.4046,-37.4039],[-70.3989,-37.3945],[-70.3981,-37.3784]]}},{"type":"Feature","properties":{"nombre":null,"tipo":null},"geometry":{"type":"LineString","coordinates":[[-70.7538,-37.7432],[-70.7453,-37.7386]]}},{"type":"Feature","properties":{"nombre":null,"tipo":null},"geometry":{"type":"LineString","coordinates":[[-71.0328,-37.2822],[-71.0245,-37.274]]}},{"type":"Feature","properties":{"nombre":"Río Varvarco","tipo":"Río"},"geometry":{"type":"LineString","coordinates":[[-70.6313,-36.6667],[-70.6265,-36.6846]]}},{"type":"Feature","properties":{"nombre":"Arroyo Vaca Lauquen","tipo":"Arroyo"},"geometry":{"type":"LineString","coordinates":[[-71.0363,-36.8708],[-71.0199,-36.8748]]}},{"type":"Feature","properties":{"nombre":"Arroyo Pichi Picún Leufú","tipo":"Arroyo"},"geometry":{"type":"LineString","coordinates":[[-70.1179,-39.952],[-70.0856,-39.9613],[-70.0762,-39.9572],[-70.0685,-39.9585]]}},{"type":"Feature","properties":{"nombre":"Río Neuquén","tipo":"Río"},"geometry":{"type":"LineString","coordinates":[[-69.604,-38.4232],[-69.5922,-38.4332],[-69.5765,-38.4356],[-69.5712,-38.4409]]}},{"type":"Feature","properties":{"nombre":"Río Grande","tipo":"Río"},"geometry":{"type":"LineString","coordinates":[[-69.6659,-36.4341],[-69.6609,-36.4471],[-69.6644,-36.4574]]}},{"type":"Feature","properties":{"nombre":"Arroyo Huarenchenque","tipo":"Arroyo"},"geometry":{"type":"LineString","coordinates":[[-70.6428,-38.2672],[-70.6195,-38.269]]}},{"type":"Feature","properties":{"nombre":"Río Collón Curá","tipo":"Río"},"geometry":{"type":"LineString","coordinates":[[-70.8042,-40.067],[-70.7996,-40.078]]}},{"type":"Feature","properties":{"nombre":"Arroyo Quili - Co","tipo":"Arroyo"},"geometry":{"type":"LineString","coordinates":[[-69.8734,-36.2508],[-69.89,-36.2566],[-69.9027,-36.2522],[-69.928,-36.2592]]}},{"type":"Feature","properties":{"nombre":"Arroyo Guaraco Norte","tipo":"Arroyo"},"geometry":{"type":"LineString","coordinates":[[-70.6001,-36.865],[-70.6103,-36.871]]}},{"type":"Feature","properties":{"nombre":null,"tipo":null},"geometry":{"type":"LineString","coordinates":[[-70.8113,-37.095],[-70.7987,-37.0932]]}},{"type":"Feature","properties":{"nombre":"Arroyo Chacayco","tipo":"Arroyo"},"geometry":{"type":"LineString","coordinates":[[-70.0942,-37.4627],[-70.0845,-37.4732],[-70.0851,-37.4814]]}},{"type":"Feature","properties":{"nombre":"Río Negro","tipo":"Río"},"geometry":{"type":"LineString","coordinates":[[-67.5183,-39.0694],[-67.5112,-39.071],[-67.5145,-39.0768]]}},{"type":"Feature","properties":{"nombre":"Arroyo Blanco","tipo":"Arroyo"},"geometry":{"type":"LineString","coordinates":[[-70.2538,-37.2578],[-70.2633,-37.2694],[-70.2925,-37.2676],[-70.2998,-37.2723],[-70.309,-37.269],[-70.325,-37.2734]]}},{"type":"Feature","properties":{"nombre":null,"tipo":null},"geometry":{"type":"LineString","coordinates":[[-70.7158,-37.6667],[-70.7224,-37.6792],[-70.733,-37.6858],[-70.7297,-37.6943],[-70.716,-37.7003]]}},{"type":"Feature","properties":{"nombre":"Arroyo Covunco","tipo":"Arroyo"},"geometry":{"type":"LineString","coordinates":[[-69.9038,-38.6436],[-69.8972,-38.6399]]}},{"type":"Feature","properties":{"nombre":"Arroyo Tocuyo","tipo":"Arroyo"},"geometry":{"type":"LineString","coordinates":[[-70.5,-37.0157],[-70.4783,-37.0191],[-70.468,-37.0146]]}},{"type":"Feature","properties":{"nombre":"Río Salado","tipo":"Río"},"geometry":{"type":"LineString","coordinates":[[-70.0868,-38.2226],[-70.0721,-38.2268]]}},{"type":"Feature","properties":{"nombre":"Río Auquinco","tipo":"Río"},"geometry":{"type":"LineString","coordinates":[[-71.528,-39.9232],[-71.54,-39.9022]]}},{"type":"Feature","properties":{"nombre":null,"tipo":null},"geometry":{"type":"LineString","coordinates":[[-70.7851,-37.2087],[-70.7773,-37.2157],[-70.7576,-37.2077],[-70.726,-37.2139],[-70.714,-37.2114]]}},{"type":"Feature","properties":{"nombre":"Río Colorado","tipo":"Río"},"geometry":{"type":"LineString","coordinates":[[-69.4986,-37.1694],[-69.4802,-37.1691]]}},{"type":"Feature","properties":{"nombre":"Arroyo Huecú","tipo":"Arroyo"},"geometry":{"type":"LineString","coordinates":[[-70.4209,-39.4428],[-70.4152,-39.4388],[-70.4099,-39.4411]]}},{"type":"Feature","properties":{"nombre":"Río Limay","tipo":"Río"},"geometry":{"type":"LineString","coordinates":[[-68.446,-39.029],[-68.4357,-39.0266]]}},{"type":"Feature","properties":{"nombre":"Arroyo Juan Esteban","tipo":"Arroyo"},"geometry":{"type":"LineString","coordinates":[[-71.0718,-37.2816],[-71.0777,-37.2911]]}},{"type":"Feature","properties":{"nombre":"Río Nahueve","tipo":"Río"},"geometry":{"type":"LineString","coordinates":[[-70.9967,-36.8578],[-70.9952,-36.8613],[-70.9892,-36.8592],[-70.9902,-36.8633],[-70.985,-36.8636]]}},{"type":"Feature","properties":{"nombre":null,"tipo":null},"geometry":{"type":"LineString","coordinates":[[-70.8706,-37.7207],[-70.8638,-37.7097]]}},{"type":"Feature","properties":{"nombre":"Río Pichi Neuquén","tipo":"Río"},"geometry":{"type":"LineString","coordinates":[[-70.9477,-36.6126],[-70.9323,-36.6101]]}},{"type":"Feature","properties":{"nombre":null,"tipo":null},"geometry":{"type":"LineString","coordinates":[[-70.4973,-38.4717],[-70.4835,-38.4742]]}},{"type":"Feature","properties":{"nombre":"Arroyo Maitenco","tipo":"Arroyo"},"geometry":{"type":"LineString","coordinates":[[-70.4721,-37.4261],[-70.4592,-37.4232],[-70.4419,-37.4109],[-70.4385,-37.407],[-70.4365,-37.395],[-70.4247,-37.3863],[-70.4222,-37.3801]]}},{"type":"Feature","properties":{"nombre":"Arroyo Huncal","tipo":"Arroyo"},"geometry":{"type":"LineString","coordinates":[[-70.3391,-37.9628],[-70.328,-37.9654]]}},{"type":"Feature","properties":{"nombre":"Río Aluminé","tipo":"Río"},"geometry":{"type":"LineString","coordinates":[[-70.9183,-39.3385],[-70.9158,-39.3414],[-70.9207,-39.3512]]}},{"type":"Feature","properties":{"nombre":"Arroyo Pincheira","tipo":"Arroyo"},"geometry":{"type":"LineString","coordinates":[[-71.0756,-36.7545],[-71.0762,-36.7634]]}},{"type":"Feature","properties":{"nombre":null,"tipo":null},"geometry":{"type":"LineString","coordinates":[[-69.3902,-39.6289],[-69.3661,-39.6184],[-69.3174,-39.6054]]}},{"type":"Feature","properties":{"nombre":"Arroyo Aquihuecó","tipo":"Arroyo"},"geometry":{"type":"LineString","coordinates":[[-70.562,-37.0428],[-70.5238,-37.0453],[-70.5,-37.0629]]}},{"type":"Feature","properties":{"nombre":"Arroyo Auque","tipo":"Arroyo"},"geometry":{"type":"LineString","coordinates":[[-70.5601,-36.8091],[-70.5673,-36.8131],[-70.577,-36.8096]]}},{"type":"Feature","properties":{"nombre":"Arroyo Chacay Melehué","tipo":"Arroyo"},"geometry":{"type":"LineString","coordinates":[[-70.4369,-37.2506],[-70.4219,-37.2544]]}},{"type":"Feature","properties":{"nombre":"Río Grande","tipo":"Río"},"geometry":{"type":"LineString","coordinates":[[-69.7235,-36.037],[-69.7173,-36.0456]]}},{"type":"Feature","properties":{"nombre":"Arroyo Huecú","tipo":"Arroyo"},"geometry":{"type":"LineString","coordinates":[[-70.4468,-39.4446],[-70.4368,-39.4461]]}},{"type":"Feature","properties":{"nombre":"Río Reñileuvú","tipo":"Río"},"geometry":{"type":"LineString","coordinates":[[-70.8731,-37.3452],[-70.8489,-37.3486],[-70.8348,-37.3415],[-70.8221,-37.3466],[-70.8171,-37.3452]]}},{"type":"Feature","properties":{"nombre":null,"tipo":null},"geometry":{"type":"LineString","coordinates":[[-70.4127,-37.1089],[-70.3964,-37.1164],[-70.3958,-37.1221]]}},{"type":"Feature","properties":{"nombre":"Arroyo Piuquenes","tipo":"Arroyo"},"geometry":{"type":"LineString","coordinates":[[-71.1536,-37.2614],[-71.1571,-37.2734]]}},{"type":"Feature","properties":{"nombre":"Arroyo Picún Leufú","tipo":"Arroyo"},"geometry":{"type":"LineString","coordinates":[[-70.1012,-39.2038],[-70.088,-39.2033],[-70.0787,-39.2066]]}},{"type":"Feature","properties":{"nombre":null,"tipo":null},"geometry":{"type":"LineString","coordinates":[[-70.8681,-37.2056],[-70.8665,-37.2132],[-70.8694,-37.2242]]}},{"type":"Feature","properties":{"nombre":"Arroyo La Greda","tipo":"Arroyo"},"geometry":{"type":"LineString","coordinates":[[-70.5115,-37.5612],[-70.5258,-37.5646]]}},{"type":"Feature","properties":{"nombre":"Río Picunleo","tipo":"Río"},"geometry":{"type":"LineString","coordinates":[[-70.9361,-37.5523],[-70.9198,-37.5552]]}},{"type":"Feature","properties":{"nombre":"Arroyo Pincheira","tipo":"Arroyo"},"geometry":{"type":"LineString","coordinates":[[-71.0754,-36.7726],[-71.0674,-36.7803]]}},{"type":"Feature","properties":{"nombre":null,"tipo":null},"geometry":{"type":"LineString","coordinates":[[-70.9466,-37.9365],[-70.9397,-37.9393],[-70.9311,-37.95]]}},{"type":"Feature","properties":{"nombre":"Arroyo Ñireco","tipo":"Arroyo"},"geometry":{"type":"LineString","coordinates":[[-70.7035,-38.1649],[-70.6972,-38.1624],[-70.6944,-38.1562]]}},{"type":"Feature","properties":{"nombre":"Río Aluminé","tipo":"Río"},"geometry":{"type":"LineString","coordinates":[[-70.882,-39.7358],[-70.892,-39.7418],[-70.9008,-39.7423]]}},{"type":"Feature","properties":{"nombre":null,"tipo":null},"geometry":{"type":"LineString","coordinates":[[-70.6356,-36.4287],[-70.6392,-36.423],[-70.6499,-36.4228]]}},{"type":"Feature","properties":{"nombre":"Arroyo Ecufué","tipo":"Arroyo"},"geometry":{"type":"LineString","coordinates":[[-71.5544,-39.7539],[-71.5462,-39.7465]]}},{"type":"Feature","properties":{"nombre":null,"tipo":null},"geometry":{"type":"LineString","coordinates":[[-70.7109,-37.7299],[-70.7018,-37.7281]]}},{"type":"Feature","properties":{"nombre":"Arroyo Covunco","tipo":"Arroyo"},"geometry":{"type":"LineString","coordinates":[[-69.9415,-38.6751],[-69.9332,-38.6667]]}},{"type":"Feature","properties":{"nombre":"Arroyo Quintuco","tipo":"Arroyo"},"geometry":{"type":"LineString","coordinates":[[-70.1532,-38.1594],[-70.1451,-38.1653]]}},{"type":"Feature","properties":{"nombre":null,"tipo":null},"geometry":{"type":"LineString","coordinates":[[-68.4082,-39.0275],[-68.4029,-39.0163]]}},{"type":"Feature","properties":{"nombre":"Río Aluminé","tipo":"Río"},"geometry":{"type":"LineString","coordinates":[[-70.8453,-39.9869],[-70.843,-39.9919],[-70.8309,-40.0]]}},{"type":"Feature","properties":{"nombre":"Río Grande","tipo":"Río"},"geometry":{"type":"LineString","coordinates":[[-69.6699,-36.4083],[-69.6607,-36.4172],[-69.6633,-36.4177]]}},{"type":"Feature","properties":{"nombre":"Arroyo Pichaihue","tipo":"Arroyo"},"geometry":{"type":"LineString","coordinates":[[-70.2466,-37.8294],[-70.2425,-37.8216]]}},{"type":"Feature","properties":{"nombre":"Arroyo del Risco Negro","tipo":"Arroyo"},"geometry":{"type":"LineString","coordinates":[[-70.4616,-37.19],[-70.4427,-37.2037],[-70.4393,-37.2147]]}},{"type":"Feature","properties":{"nombre":"Arroyo Carrín Curá","tipo":"Arroyo"},"geometry":{"type":"LineString","coordinates":[[-70.5595,-40.0221],[-70.5505,-40.0284]]}},{"type":"Feature","properties":{"nombre":"Río Neuquén","tipo":"Río"},"geometry":{"type":"LineString","coordinates":[[-70.805,-36.4746],[-70.8028,-36.4757],[-70.8022,-36.495]]}},{"type":"Feature","properties":{"nombre":"Río Neuquén","tipo":"Río"},"geometry":{"type":"LineString","coordinates":[[-70.1078,-37.4997],[-70.0949,-37.5015]]}},{"type":"Feature","properties":{"nombre":"Río Colorado","tipo":"Río"},"geometry":{"type":"LineString","coordinates":[[-69.5093,-37.1676],[-69.5,-37.1717]]}},{"type":"Feature","properties":{"nombre":"Río Aluminé","tipo":"Río"},"geometry":{"type":"LineString","coordinates":[[-70.9333,-39.3668],[-70.933,-39.3779]]}},{"type":"Feature","properties":{"nombre":null,"tipo":null},"geometry":{"type":"LineString","coordinates":[[-70.7003,-37.7292],[-70.6781,-37.7361],[-70.6667,-37.7338],[-70.6643,-37.737]]}},{"type":"Feature","properties":{"nombre":"Río Agrio","tipo":"Río"},"geometry":{"type":"LineString","coordinates":[[-70.6248,-37.823],[-70.619,-37.8405]]}},{"type":"Feature","properties":{"nombre":"Río Colorado","tipo":"Río"},"geometry":{"type":"LineString","coordinates":[[-68.8555,-37.3965],[-68.8467,-37.3896]]}},{"type":"Feature","properties":{"nombre":"Río Grande","tipo":"Río"},"geometry":{"type":"LineString","coordinates":[[-69.7197,-36.0562],[-69.7192,-36.0676]]}},{"type":"Feature","properties":{"nombre":"Arroyo Chacay Melehué","tipo":"Arroyo"},"geometry":{"type":"LineString","coordinates":[[-70.3607,-37.2362],[-70.3505,-37.2353]]}},{"type":"Feature","properties":{"nombre":"Río Limay","tipo":"Río"},"geometry":{"type":"LineString","coordinates":[[-68.1735,-38.9687],[-68.1526,-38.9705],[-68.1476,-38.9752]]}},{"type":"Feature","properties":{"nombre":null,"tipo":null},"geometry":{"type":"LineString","coordinates":[[-70.6585,-36.4229],[-70.662,-36.4178],[-70.6736,-36.4137]]}},{"type":"Feature","properties":{"nombre":"Arroyo El Manzano","tipo":"Arroyo"},"geometry":{"type":"LineString","coordinates":[[-70.9301,-37.2279],[-70.9221,-37.2291],[-70.9055,-37.222]]}},{"type":"Feature","properties":{"nombre":"Río Neuquén","tipo":"Río"},"geometry":{"type":"LineString","coordinates":[[-70.6717,-37.1738],[-70.6793,-37.1734],[-70.6812,-37.1772]]}},{"type":"Feature","properties":{"nombre":"Río Aluminé","tipo":"Río"},"geometry":{"type":"LineString","coordinates":[[-70.8451,-39.9085],[-70.8436,-39.9213]]}},{"type":"Feature","properties":{"nombre":"Arroyo Los Ñires","tipo":"Arroyo"},"geometry":{"type":"LineString","coordinates":[[-70.7998,-37.098],[-70.776,-37.1052]]}},{"type":"Feature","properties":{"nombre":"Río Filo Hua Hum Oeste","tipo":"Río"},"geometry":{"type":"LineString","coordinates":[[-71.337,-40.4946],[-71.3314,-40.4926],[-71.326,-40.4972]]}},{"type":"Feature","properties":{"nombre":"Río Filo Hua Hum Oeste","tipo":"Río"},"geometry":{"type":"LineString","coordinates":[[-71.3391,-40.4896],[-71.3408,-40.4927],[-71.337,-40.4946]]}},{"type":"Feature","properties":{"nombre":"Río Neuquén","tipo":"Río"},"geometry":{"type":"LineString","coordinates":[[-70.2978,-37.381],[-70.2834,-37.3944]]}},{"type":"Feature","properties":{"nombre":"Río Neuquén","tipo":"Río"},"geometry":{"type":"LineString","coordinates":[[-68.3626,-38.6111],[-68.3514,-38.6133]]}},{"type":"Feature","properties":{"nombre":"Río Neuquén","tipo":"Río"},"geometry":{"type":"LineString","coordinates":[[-68.1082,-38.8133],[-68.0929,-38.8194],[-68.0955,-38.8298],[-68.0906,-38.8364]]}},{"type":"Feature","properties":{"nombre":"Arroyo Taquimilán","tipo":"Arroyo"},"geometry":{"type":"LineString","coordinates":[[-70.32,-37.5943],[-70.3174,-37.5884],[-70.3082,-37.5846]]}},{"type":"Feature","properties":{"nombre":"Río Lileo","tipo":"Río"},"geometry":{"type":"LineString","coordinates":[[-70.7724,-37.2256],[-70.7392,-37.2234],[-70.7259,-37.2261],[-70.7241,-37.2295]]}},{"type":"Feature","properties":{"nombre":"Río Limay","tipo":"Río"},"geometry":{"type":"LineString","coordinates":[[-68.2592,-38.9836],[-68.2543,-38.9893],[-68.241,-38.986],[-68.2308,-38.9913],[-68.2238,-38.9876],[-68.2211,-38.9799]]}},{"type":"Feature","properties":{"nombre":null,"tipo":null},"geometry":{"type":"LineString","coordinates":[[-71.3619,-39.0187],[-71.369,-39.0264],[-71.37,-39.0374]]}},{"type":"Feature","properties":{"nombre":"Río Grande","tipo":"Río"},"geometry":{"type":"LineString","coordinates":[[-69.6642,-36.6076],[-69.6735,-36.6106]]}},{"type":"Feature","properties":{"nombre":"Río Collón Curá","tipo":"Río"},"geometry":{"type":"LineString","coordinates":[[-70.6724,-40.2782],[-70.6745,-40.2943]]}},{"type":"Feature","properties":{"nombre":"Río Curi Leuvú","tipo":"Río"},"geometry":{"type":"LineString","coordinates":[[-70.4018,-37.0536],[-70.3947,-37.0637]]}},{"type":"Feature","properties":{"nombre":"Arroyo Cajón Chico","tipo":"Arroyo"},"geometry":{"type":"LineString","coordinates":[[-71.0815,-37.7155],[-71.07,-37.7053],[-71.0748,-37.6914],[-71.0677,-37.6853]]}},{"type":"Feature","properties":{"nombre":"Arroyo del Escorial","tipo":"Arroyo"},"geometry":{"type":"LineString","coordinates":[[-71.5527,-39.8621],[-71.556,-39.8736],[-71.5594,-39.8755]]}},{"type":"Feature","properties":{"nombre":"Río Catán Lil","tipo":"Río"},"geometry":{"type":"LineString","coordinates":[[-70.5883,-39.5592],[-70.5913,-39.5625],[-70.5879,-39.5706],[-70.5907,-39.5718],[-70.5872,-39.5761]]}},{"type":"Feature","properties":{"nombre":"Arroyo de los Postes","tipo":"Arroyo"},"geometry":{"type":"LineString","coordinates":[[-70.8681,-38.2671],[-70.8604,-38.2721],[-70.8466,-38.2747],[-70.8388,-38.2846],[-70.8279,-38.2851]]}},{"type":"Feature","properties":{"nombre":"Río Neuquén","tipo":"Río"},"geometry":{"type":"LineString","coordinates":[[-70.0205,-37.6569],[-70.0106,-37.6572]]}},{"type":"Feature","properties":{"nombre":"Arroyo Chacayal","tipo":"Arroyo"},"geometry":{"type":"LineString","coordinates":[[-70.934,-40.0545],[-70.9002,-40.0745]]}},{"type":"Feature","properties":{"nombre":"Arroyo Cajón de Gómez","tipo":"Arroyo"},"geometry":{"type":"LineString","coordinates":[[-70.9949,-37.3333],[-70.9939,-37.3415]]}},{"type":"Feature","properties":{"nombre":"Río Nahueve","tipo":"Río"},"geometry":{"type":"LineString","coordinates":[[-70.85,-36.9997],[-70.8392,-37.0]]}},{"type":"Feature","properties":{"nombre":"Arroyo Taquimilán","tipo":"Arroyo"},"geometry":{"type":"LineString","coordinates":[[-70.2983,-37.5689],[-70.2922,-37.5617]]}},{"type":"Feature","properties":{"nombre":"Arroyo Feo","tipo":"Arroyo"},"geometry":{"type":"LineString","coordinates":[[-70.9252,-38.0897],[-70.9005,-38.092],[-70.8659,-38.0853]]}},{"type":"Feature","properties":{"nombre":"Arroyo Milla Michico","tipo":"Arroyo"},"geometry":{"type":"LineString","coordinates":[[-70.6518,-37.2901],[-70.6593,-37.2934]]}},{"type":"Feature","properties":{"nombre":"Arroyo Picún Leufú","tipo":"Arroyo"},"geometry":{"type":"LineString","coordinates":[[-70.0117,-39.2607],[-70.003,-39.265]]}},{"type":"Feature","properties":{"nombre":"Arroyo Leuto Caballo","tipo":"Arroyo"},"geometry":{"type":"LineString","coordinates":[[-70.257,-37.1287],[-70.2591,-37.1487]]}},{"type":"Feature","properties":{"nombre":"Río Limay","tipo":"Río"},"geometry":{"type":"LineString","coordinates":[[-68.4381,-39.0339],[-68.4294,-39.029]]}},{"type":"Feature","properties":{"nombre":"Arroyo Cajón de la Burra","tipo":"Arroyo"},"geometry":{"type":"LineString","coordinates":[[-70.5445,-36.2751],[-70.5441,-36.2852],[-70.5508,-36.2923]]}},{"type":"Feature","properties":{"nombre":"Río Buraleo","tipo":"Río"},"geometry":{"type":"LineString","coordinates":[[-71.0022,-37.0245],[-71.0232,-37.0254]]}},{"type":"Feature","properties":{"nombre":null,"tipo":null},"geometry":{"type":"LineString","coordinates":[[-70.9349,-37.3333],[-70.9458,-37.3484]]}},{"type":"Feature","properties":{"nombre":"Río Collón Curá","tipo":"Río"},"geometry":{"type":"LineString","coordinates":[[-70.6577,-40.2155],[-70.6641,-40.2242]]}},{"type":"Feature","properties":{"nombre":"Río Limay","tipo":"Río"},"geometry":{"type":"LineString","coordinates":[[-69.6507,-39.8362],[-69.6449,-39.8364],[-69.6333,-39.8432]]}},{"type":"Feature","properties":{"nombre":"Arroyo Blanco","tipo":"Arroyo"},"geometry":{"type":"LineString","coordinates":[[-71.0,-37.1456],[-70.9897,-37.1479],[-70.9827,-37.1559]]}},{"type":"Feature","properties":{"nombre":"Río Neuquén","tipo":"Río"},"geometry":{"type":"LineString","coordinates":[[-68.9008,-38.4151],[-68.8926,-38.4066]]}},{"type":"Feature","properties":{"nombre":"Río Limay","tipo":"Río"},"geometry":{"type":"LineString","coordinates":[[-68.0622,-38.9921],[-68.0622,-38.9856],[-68.0582,-38.9806]]}},{"type":"Feature","properties":{"nombre":null,"tipo":null},"geometry":{"type":"LineString","coordinates":[[-70.8759,-37.0582],[-70.8743,-37.0519],[-70.8675,-37.0462]]}},{"type":"Feature","properties":{"nombre":"Río Neuquén","tipo":"Río"},"geometry":{"type":"LineString","coordinates":[[-68.9503,-38.4686],[-68.9476,-38.4539],[-68.9438,-38.4522],[-68.938,-38.4551]]}},{"type":"Feature","properties":{"nombre":"Río Potimalal","tipo":"Río"},"geometry":{"type":"LineString","coordinates":[[-70.039,-36.1563],[-70.0443,-36.1489]]}},{"type":"Feature","properties":{"nombre":null,"tipo":null},"geometry":{"type":"LineString","coordinates":[[-70.8279,-37.3639],[-70.8194,-37.3575],[-70.8195,-37.3493],[-70.8143,-37.3457]]}},{"type":"Feature","properties":{"nombre":"Río Neuquén","tipo":"Río"},"geometry":{"type":"LineString","coordinates":[[-70.4403,-37.3468],[-70.433,-37.3526],[-70.4306,-37.3661],[-70.4339,-37.3698],[-70.4274,-37.3744]]}},{"type":"Feature","properties":{"nombre":"Arroyo Quemquemtreu","tipo":"Arroyo"},"geometry":{"type":"LineString","coordinates":[[-70.8321,-40.226],[-70.842,-40.2238]]}},{"type":"Feature","properties":{"nombre":"Arroyo Cajón Choroyes","tipo":"Arroyo"},"geometry":{"type":"LineString","coordinates":[[-70.5326,-36.3446],[-70.5417,-36.34]]}},{"type":"Feature","properties":{"nombre":"Arroyo Pichi Neuquén","tipo":"Arroyo"},"geometry":{"type":"LineString","coordinates":[[-70.0524,-37.78],[-70.0481,-37.7835],[-70.0513,-37.7893],[-70.0459,-37.7911]]}},{"type":"Feature","properties":{"nombre":"Río Neuquén","tipo":"Río"},"geometry":{"type":"LineString","coordinates":[[-70.6335,-37.0987],[-70.6324,-37.1104],[-70.627,-37.1116],[-70.6287,-37.1168]]}},{"type":"Feature","properties":{"nombre":null,"tipo":"Arroyo"},"geometry":{"type":"LineString","coordinates":[[-70.4602,-38.8489],[-70.4386,-38.8473]]}},{"type":"Feature","properties":{"nombre":"Río Grande","tipo":"Río"},"geometry":{"type":"LineString","coordinates":[[-69.7044,-36.0946],[-69.7087,-36.0823],[-69.7192,-36.069]]}},{"type":"Feature","properties":{"nombre":"Río Buraleo","tipo":"Río"},"geometry":{"type":"LineString","coordinates":[[-71.1481,-36.9898],[-71.1311,-36.9881]]}},{"type":"Feature","properties":{"nombre":"Río Picunleo","tipo":"Río"},"geometry":{"type":"LineString","coordinates":[[-71.0908,-37.5457],[-71.0808,-37.5469]]}},{"type":"Feature","properties":{"nombre":null,"tipo":null},"geometry":{"type":"LineString","coordinates":[[-70.8309,-37.6299],[-70.8344,-37.6168],[-70.8432,-37.6133],[-70.8506,-37.603],[-70.8541,-37.6024]]}},{"type":"Feature","properties":{"nombre":"Río Limay","tipo":"Río"},"geometry":{"type":"LineString","coordinates":[[-69.4015,-39.7455],[-69.3995,-39.7385],[-69.391,-39.7357]]}},{"type":"Feature","properties":{"nombre":"Arroyo Picún Leufú","tipo":"Arroyo"},"geometry":{"type":"LineString","coordinates":[[-70.0745,-39.2086],[-70.0639,-39.2114]]}},{"type":"Feature","properties":{"nombre":"Arroyo Covunco","tipo":"Arroyo"},"geometry":{"type":"LineString","coordinates":[[-69.5985,-38.475],[-69.5695,-38.4699]]}},{"type":"Feature","properties":{"nombre":"Arroyo Ñirequito","tipo":"Arroyo"},"geometry":{"type":"LineString","coordinates":[[-70.4609,-37.2091],[-70.4514,-37.2116]]}},{"type":"Feature","properties":{"nombre":"Arroyo Los Aparejos o Los Perros","tipo":"Arroyo"},"geometry":{"type":"LineString","coordinates":[[-70.9615,-36.9799],[-70.9494,-36.9817],[-70.9366,-36.9787]]}},{"type":"Feature","properties":{"nombre":"Río Limay","tipo":"Río"},"geometry":{"type":"LineString","coordinates":[[-68.7404,-39.2642],[-68.731,-39.2518],[-68.7202,-39.2485]]}},{"type":"Feature","properties":{"nombre":"Arroyo Vutalelvún","tipo":"Arroyo"},"geometry":{"type":"LineString","coordinates":[[-70.5918,-37.4706],[-70.6034,-37.4716]]}},{"type":"Feature","properties":{"nombre":"Río Grande","tipo":"Río"},"geometry":{"type":"LineString","coordinates":[[-69.6782,-36.1674],[-69.6756,-36.174],[-69.6785,-36.1846]]}},{"type":"Feature","properties":{"nombre":"Arroyo Blanco","tipo":"Arroyo"},"geometry":{"type":"LineString","coordinates":[[-70.1243,-37.2215],[-70.1446,-37.2328]]}},{"type":"Feature","properties":{"nombre":"Arroyo Vutalelvún","tipo":"Arroyo"},"geometry":{"type":"LineString","coordinates":[[-70.5814,-37.483],[-70.5847,-37.475],[-70.5918,-37.4706]]}},{"type":"Feature","properties":{"nombre":"Arroyo Liu Cullín","tipo":"Arroyo"},"geometry":{"type":"LineString","coordinates":[[-69.9168,-36.0324],[-69.9052,-36.0418],[-69.8833,-36.0516]]}},{"type":"Feature","properties":{"nombre":"Río Salado","tipo":"Río"},"geometry":{"type":"LineString","coordinates":[[-70.0,-38.3479],[-69.9977,-38.3538],[-69.9877,-38.3549]]}},{"type":"Feature","properties":{"nombre":null,"tipo":null},"geometry":{"type":"LineString","coordinates":[[-70.561,-37.2056],[-70.5758,-37.2008]]}},{"type":"Feature","properties":{"nombre":"Río Colorado","tipo":"Río"},"geometry":{"type":"LineString","coordinates":[[-69.0441,-37.2805],[-69.0445,-37.2979],[-69.0415,-37.3027],[-69.046,-37.3082]]}},{"type":"Feature","properties":{"nombre":"Río Curi Leuvú","tipo":"Río"},"geometry":{"type":"LineString","coordinates":[[-70.3908,-37.1623],[-70.3937,-37.1671],[-70.3905,-37.179]]}},{"type":"Feature","properties":{"nombre":"Arroyo Los Chenques","tipo":"Arroyo"},"geometry":{"type":"LineString","coordinates":[[-70.7461,-36.4632],[-70.7543,-36.4619]]}},{"type":"Feature","properties":{"nombre":"Río Limay","tipo":"Río"},"geometry":{"type":"LineString","coordinates":[[-69.4874,-39.7933],[-69.4732,-39.7788]]}},{"type":"Feature","properties":{"nombre":"Río Reñileuvú","tipo":"Río"},"geometry":{"type":"LineString","coordinates":[[-71.0374,-37.3696],[-71.031,-37.3706],[-71.0305,-37.3661]]}},{"type":"Feature","properties":{"nombre":null,"tipo":null},"geometry":{"type":"LineString","coordinates":[[-70.794,-37.0818],[-70.7723,-37.083]]}},{"type":"Feature","properties":{"nombre":"Arroyo Picún Leufú","tipo":"Arroyo"},"geometry":{"type":"LineString","coordinates":[[-70.4062,-39.14],[-70.4013,-39.1346],[-70.3936,-39.1366],[-70.3909,-39.1307],[-70.3829,-39.1301]]}},{"type":"Feature","properties":{"nombre":"Arroyo Picún Leufú","tipo":"Arroyo"},"geometry":{"type":"LineString","coordinates":[[-69.4064,-39.5194],[-69.3966,-39.5218]]}},{"type":"Feature","properties":{"nombre":"Río Neuquén","tipo":"Río"},"geometry":{"type":"LineString","coordinates":[[-70.5604,-37.3764],[-70.5578,-37.3649]]}},{"type":"Feature","properties":{"nombre":"Río Caleufú","tipo":"Río"},"geometry":{"type":"LineString","coordinates":[[-71.1293,-40.4828],[-71.1247,-40.4723]]}},{"type":"Feature","properties":{"nombre":"Arroyo Manzano Quemado","tipo":"Arroyo"},"geometry":{"type":"LineString","coordinates":[[-70.9211,-37.9765],[-70.8752,-37.9744],[-70.8589,-37.9779],[-70.8376,-37.9771]]}},{"type":"Feature","properties":{"nombre":null,"tipo":null},"geometry":{"type":"LineString","coordinates":[[-70.9466,-37.1468],[-70.9572,-37.1414]]}},{"type":"Feature","properties":{"nombre":"Río Limay","tipo":"Río"},"geometry":{"type":"LineString","coordinates":[[-69.569,-39.8069],[-69.5581,-39.8094]]}},{"type":"Feature","properties":{"nombre":"Arroyo Hualcupén","tipo":"Arroyo"},"geometry":{"type":"LineString","coordinates":[[-70.8051,-37.9452],[-70.7812,-37.9495],[-70.7739,-37.9478],[-70.7533,-37.9551]]}},{"type":"Feature","properties":{"nombre":"Arroyo Chacayco","tipo":"Arroyo"},"geometry":{"type":"LineString","coordinates":[[-70.0836,-37.3831],[-70.0892,-37.387],[-70.0957,-37.4012]]}},{"type":"Feature","properties":{"nombre":"Arroyo Huncal","tipo":"Arroyo"},"geometry":{"type":"LineString","coordinates":[[-70.2852,-37.9868],[-70.2732,-37.9981],[-70.267,-38.0]]}},{"type":"Feature","properties":{"nombre":null,"tipo":null},"geometry":{"type":"LineString","coordinates":[[-70.586,-37.2162],[-70.5984,-37.2128],[-70.6127,-37.2169],[-70.6217,-37.2117]]}},{"type":"Feature","properties":{"nombre":"Río Pulmarí","tipo":"Río"},"geometry":{"type":"LineString","coordinates":[[-71.1829,-39.1352],[-71.1733,-39.1331]]}},{"type":"Feature","properties":{"nombre":"Arroyo Quintuco","tipo":"Arroyo"},"geometry":{"type":"LineString","coordinates":[[-70.3041,-38.1364],[-70.3029,-38.1407],[-70.2996,-38.1402]]}},{"type":"Feature","properties":{"nombre":"Arroyo La Totora","tipo":"Arroyo"},"geometry":{"type":"LineString","coordinates":[[-70.509,-36.7211],[-70.5103,-36.7133]]}},{"type":"Feature","properties":{"nombre":"Río Collón Curá","tipo":"Río"},"geometry":{"type":"LineString","coordinates":[[-70.6356,-40.2482],[-70.6529,-40.2633],[-70.6663,-40.2688]]}},{"type":"Feature","properties":{"nombre":"Arroyo Las Lecheras","tipo":"Arroyo"},"geometry":{"type":"LineString","coordinates":[[-70.9733,-38.0373],[-70.9575,-38.0302]]}},{"type":"Feature","properties":{"nombre":"Río Catán Lil","tipo":"Río"},"geometry":{"type":"LineString","coordinates":[[-70.5906,-39.7399],[-70.5993,-39.7367]]}},{"type":"Feature","properties":{"nombre":null,"tipo":null},"geometry":{"type":"LineString","coordinates":[[-70.557,-37.2473],[-70.545,-37.25],[-70.539,-37.2577],[-70.5278,-37.2601]]}},{"type":"Feature","properties":{"nombre":"Río Limay","tipo":"Río"},"geometry":{"type":"LineString","coordinates":[[-69.4423,-39.767],[-69.4378,-39.7608],[-69.4189,-39.7589]]}},{"type":"Feature","properties":{"nombre":"Río Buraleo","tipo":"Río"},"geometry":{"type":"LineString","coordinates":[[-71.105,-36.9934],[-71.0916,-36.9991]]}},{"type":"Feature","properties":{"nombre":"Arroyo Central","tipo":"Arroyo"},"geometry":{"type":"LineString","coordinates":[[-70.7215,-39.6667],[-70.7157,-39.6775],[-70.7071,-39.6837]]}},{"type":"Feature","properties":{"nombre":null,"tipo":null},"geometry":{"type":"LineString","coordinates":[[-70.9029,-37.4901],[-70.8676,-37.4917],[-70.8585,-37.4882]]}},{"type":"Feature","properties":{"nombre":"Río Grande","tipo":"Río"},"geometry":{"type":"LineString","coordinates":[[-69.7225,-36.6403],[-69.7347,-36.6463]]}},{"type":"Feature","properties":{"nombre":"Río Colorado","tipo":"Río"},"geometry":{"type":"LineString","coordinates":[[-68.842,-37.3852],[-68.8303,-37.387]]}},{"type":"Feature","properties":{"nombre":"Río Aluminé","tipo":"Río"},"geometry":{"type":"LineString","coordinates":[[-70.9242,-39.1729],[-70.9297,-39.1802],[-70.9407,-39.18]]}},{"type":"Feature","properties":{"nombre":null,"tipo":null},"geometry":{"type":"LineString","coordinates":[[-70.5886,-37.0933],[-70.5965,-37.1002],[-70.5992,-37.1079]]}},{"type":"Feature","properties":{"nombre":null,"tipo":null},"geometry":{"type":"LineString","coordinates":[[-70.7918,-37.0587],[-70.7853,-37.0567],[-70.7735,-37.0605]]}},{"type":"Feature","properties":{"nombre":"Río Limay","tipo":"Río"},"geometry":{"type":"LineString","coordinates":[[-68.4527,-39.0423],[-68.444,-39.0364]]}},{"type":"Feature","properties":{"nombre":"Río Aluminé","tipo":"Río"},"geometry":{"type":"LineString","coordinates":[[-70.9407,-39.18],[-70.9463,-39.1873],[-70.9328,-39.1956]]}},{"type":"Feature","properties":{"nombre":"Arroyo Epu Anca","tipo":"Arroyo"},"geometry":{"type":"LineString","coordinates":[[-70.5278,-37.6171],[-70.545,-37.6165]]}},{"type":"Feature","properties":{"nombre":"Arroyo Calmuco","tipo":"Arroyo"},"geometry":{"type":"LineString","coordinates":[[-69.8813,-36.472],[-69.8666,-36.4551],[-69.8674,-36.4523]]}},{"type":"Feature","properties":{"nombre":null,"tipo":null},"geometry":{"type":"LineString","coordinates":[[-71.0564,-37.0],[-71.0547,-37.009]]}},{"type":"Feature","properties":{"nombre":"Arroyo Colorado","tipo":"Arroyo"},"geometry":{"type":"LineString","coordinates":[[-70.987,-36.5984],[-70.9814,-36.608]]}},{"type":"Feature","properties":{"nombre":"Arroyo Limen Có","tipo":"Arroyo"},"geometry":{"type":"LineString","coordinates":[[-70.7871,-39.0168],[-70.7964,-39.0195]]}},{"type":"Feature","properties":{"nombre":"Arroyo del Fortín 1° de Mayo","tipo":"Arroyo"},"geometry":{"type":"LineString","coordinates":[[-70.7675,-39.4192],[-70.7547,-39.424],[-70.7375,-39.4175],[-70.7161,-39.4244]]}},{"type":"Feature","properties":{"nombre":"Arroyo Pichi Currhué","tipo":"Arroyo"},"geometry":{"type":"LineString","coordinates":[[-71.3372,-39.8457],[-71.3192,-39.8536]]}},{"type":"Feature","properties":{"nombre":"Río Colorado","tipo":"Río"},"geometry":{"type":"LineString","coordinates":[[-69.5947,-37.1503],[-69.5857,-37.1546]]}},{"type":"Feature","properties":{"nombre":"Río Neuquén","tipo":"Río"},"geometry":{"type":"LineString","coordinates":[[-68.9664,-38.4888],[-68.9574,-38.4814]]}},{"type":"Feature","properties":{"nombre":"Arroyo Vutalelvún","tipo":"Arroyo"},"geometry":{"type":"LineString","coordinates":[[-70.607,-37.4687],[-70.6134,-37.4616],[-70.6133,-37.4555],[-70.6184,-37.4542],[-70.6193,-37.4492],[-70.625,-37.4468],[-70.6325,-37.4335],[-70.6314,-37.43]]}},{"type":"Feature","properties":{"nombre":"Río Catán Lil","tipo":"Río"},"geometry":{"type":"LineString","coordinates":[[-70.6172,-39.5123],[-70.6059,-39.526],[-70.5987,-39.5287],[-70.5996,-39.5354]]}},{"type":"Feature","properties":{"nombre":"Arroyo Covunco","tipo":"Arroyo"},"geometry":{"type":"LineString","coordinates":[[-69.6138,-38.4788],[-69.6019,-38.4773]]}},{"type":"Feature","properties":{"nombre":"Arroyo Auque","tipo":"Arroyo"},"geometry":{"type":"LineString","coordinates":[[-70.5914,-36.7987],[-70.6144,-36.7935],[-70.6209,-36.795]]}},{"type":"Feature","properties":{"nombre":"Arroyo Quintuco","tipo":"Arroyo"},"geometry":{"type":"LineString","coordinates":[[-70.182,-38.1578],[-70.1769,-38.1564],[-70.1723,-38.1593]]}},{"type":"Feature","properties":{"nombre":"Río Neuquén","tipo":"Río"},"geometry":{"type":"LineString","coordinates":[[-70.8018,-36.5212],[-70.8042,-36.5259],[-70.7976,-36.5306]]}},{"type":"Feature","properties":{"nombre":null,"tipo":null},"geometry":{"type":"LineString","coordinates":[[-70.9831,-37.8976],[-70.9884,-37.8963],[-70.9864,-37.8928]]}},{"type":"Feature","properties":{"nombre":"Río Varvarco","tipo":"Río"},"geometry":{"type":"LineString","coordinates":[[-70.6633,-36.7275],[-70.6638,-36.733],[-70.6708,-36.7326],[-70.6735,-36.7364]]}},{"type":"Feature","properties":{"nombre":"Arroyo Pichi Neuquén","tipo":"Arroyo"},"geometry":{"type":"LineString","coordinates":[[-70.0675,-37.7578],[-70.0662,-37.7658],[-70.0592,-37.7686],[-70.0573,-37.7748]]}},{"type":"Feature","properties":{"nombre":null,"tipo":null},"geometry":{"type":"LineString","coordinates":[[-71.0822,-39.7683],[-71.068,-39.7669]]}},{"type":"Feature","properties":{"nombre":null,"tipo":null},"geometry":{"type":"LineString","coordinates":[[-69.3293,-39.6558],[-69.3322,-39.6533],[-69.329,-39.6476]]}},{"type":"Feature","properties":{"nombre":"Arroyo Taquimilán","tipo":"Arroyo"},"geometry":{"type":"LineString","coordinates":[[-70.4098,-37.5809],[-70.4008,-37.5848]]}},{"type":"Feature","properties":{"nombre":"Arroyo Huaraco","tipo":"Arroyo"},"geometry":{"type":"LineString","coordinates":[[-70.9132,-37.0822],[-70.9152,-37.093],[-70.9106,-37.1025]]}},{"type":"Feature","properties":{"nombre":"Arroyo La Primavera","tipo":"Arroyo"},"geometry":{"type":"LineString","coordinates":[[-70.5623,-37.2217],[-70.554,-37.2272],[-70.5524,-37.2327],[-70.5658,-37.2428],[-70.5889,-37.254],[-70.6114,-37.2513]]}},{"type":"Feature","properties":{"nombre":"Arroyo Colorado","tipo":"Arroyo"},"geometry":{"type":"LineString","coordinates":[[-71.0,-36.5825],[-70.9961,-36.5894],[-70.9921,-36.5904]]}},{"type":"Feature","properties":{"nombre":"Arroyo Cajón de Gómez","tipo":"Arroyo"},"geometry":{"type":"LineString","coordinates":[[-70.9939,-37.3415],[-70.9899,-37.3532],[-70.9933,-37.361]]}},{"type":"Feature","properties":{"nombre":null,"tipo":null},"geometry":{"type":"LineString","coordinates":[[-70.6595,-36.2867],[-70.6533,-36.2962],[-70.6526,-36.3036]]}},{"type":"Feature","properties":{"nombre":"Arroyo El Cholar","tipo":"Arroyo"},"geometry":{"type":"LineString","coordinates":[[-70.6575,-37.3621],[-70.6466,-37.362],[-70.6441,-37.3657],[-70.6398,-37.364],[-70.6395,-37.3678],[-70.633,-37.3646],[-70.6326,-37.3748],[-70.6216,-37.3802],[-70.6137,-37.3776]]}},{"type":"Feature","properties":{"nombre":"Arroyo Carreri","tipo":"Arroyo"},"geometry":{"type":"LineString","coordinates":[[-70.4297,-38.8872],[-70.4245,-38.8876],[-70.4232,-38.8838],[-70.4154,-38.8815]]}},{"type":"Feature","properties":{"nombre":"Arroyo Butahuao","tipo":"Arroyo"},"geometry":{"type":"LineString","coordinates":[[-70.92,-38.2037],[-70.9065,-38.2036]]}},{"type":"Feature","properties":{"nombre":"Arroyo Coihueco","tipo":"Arroyo"},"geometry":{"type":"LineString","coordinates":[[-70.1725,-38.037],[-70.1721,-38.042],[-70.1704,-38.0417],[-70.1685,-38.043],[-70.1702,-38.045]]}},{"type":"Feature","properties":{"nombre":null,"tipo":null},"geometry":{"type":"LineString","coordinates":[[-70.9305,-37.2777],[-70.932,-37.286],[-70.9293,-37.29]]}},{"type":"Feature","properties":{"nombre":"Arroyo Manzano","tipo":"Arroyo"},"geometry":{"type":"LineString","coordinates":[[-70.873,-38.1364],[-70.8641,-38.1324],[-70.8464,-38.1329]]}},{"type":"Feature","properties":{"nombre":"Río Neuquén","tipo":"Río"},"geometry":{"type":"LineString","coordinates":[[-69.6976,-38.3361],[-69.7036,-38.3444]]}},{"type":"Feature","properties":{"nombre":"Río Neuquén","tipo":"Río"},"geometry":{"type":"LineString","coordinates":[[-68.1073,-38.8214],[-68.0995,-38.8221],[-68.0979,-38.8303],[-68.0906,-38.8364]]}},{"type":"Feature","properties":{"nombre":"Río Neuquén","tipo":"Río"},"geometry":{"type":"LineString","coordinates":[[-70.7267,-36.7999],[-70.7214,-36.8028],[-70.7215,-36.8075],[-70.6972,-36.8137],[-70.6951,-36.8204]]}},{"type":"Feature","properties":{"nombre":"Arroyo Ñireco","tipo":"Arroyo"},"geometry":{"type":"LineString","coordinates":[[-70.8265,-36.7147],[-70.7973,-36.7416]]}},{"type":"Feature","properties":{"nombre":"Arroyo Quilmahue","tipo":"Arroyo"},"geometry":{"type":"LineString","coordinates":[[-70.4699,-37.2679],[-70.4644,-37.2582]]}},{"type":"Feature","properties":{"nombre":"Arroyo Las Lecheras","tipo":"Arroyo"},"geometry":{"type":"LineString","coordinates":[[-71.0164,-38.0405],[-71.01,-38.0468]]}},{"type":"Feature","properties":{"nombre":"Arroyo Collún - Co","tipo":"Arroyo"},"geometry":{"type":"LineString","coordinates":[[-71.2735,-39.9848],[-71.2607,-39.977]]}},{"type":"Feature","properties":{"nombre":"Arroyo Ñireco","tipo":"Arroyo"},"geometry":{"type":"LineString","coordinates":[[-70.7579,-38.1934],[-70.7533,-38.1905],[-70.7407,-38.191],[-70.7291,-38.1784],[-70.7117,-38.1731],[-70.7035,-38.1649]]}},{"type":"Feature","properties":{"nombre":"Arroyo Tábanos","tipo":"Arroyo"},"geometry":{"type":"LineString","coordinates":[[-71.1229,-37.3634],[-71.1001,-37.3623]]}},{"type":"Feature","properties":{"nombre":"Arroyo Taquimilán","tipo":"Arroyo"},"geometry":{"type":"LineString","coordinates":[[-70.2772,-37.5454],[-70.2716,-37.5387],[-70.2667,-37.5391]]}},{"type":"Feature","properties":{"nombre":"Río Barrancas","tipo":"Río"},"geometry":{"type":"LineString","coordinates":[[-70.199,-36.456],[-70.191,-36.4639]]}},{"type":"Feature","properties":{"nombre":"Arroyo Los Ñires","tipo":"Arroyo"},"geometry":{"type":"LineString","coordinates":[[-70.8276,-37.1016],[-70.8148,-37.0976],[-70.7998,-37.098]]}},{"type":"Feature","properties":{"nombre":"Río Nahueve","tipo":"Río"},"geometry":{"type":"LineString","coordinates":[[-70.7404,-37.1664],[-70.7405,-37.1762],[-70.7344,-37.1773],[-70.729,-37.1834]]}},{"type":"Feature","properties":{"nombre":null,"tipo":null},"geometry":{"type":"LineString","coordinates":[[-70.5398,-37.1251],[-70.5601,-37.1174]]}},{"type":"Feature","properties":{"nombre":"Río Agrio","tipo":"Río"},"geometry":{"type":"LineString","coordinates":[[-69.8869,-38.3074],[-69.8731,-38.3087]]}},{"type":"Feature","properties":{"nombre":"Arroyo Panteón de los Indios","tipo":"Arroyo"},"geometry":{"type":"LineString","coordinates":[[-70.7863,-37.0899],[-70.7724,-37.0857]]}},{"type":"Feature","properties":{"nombre":"Río Catán Lil","tipo":"Río"},"geometry":{"type":"LineString","coordinates":[[-70.6737,-39.159],[-70.6809,-39.1731]]}},{"type":"Feature","properties":{"nombre":"Río Hermoso","tipo":"Río"},"geometry":{"type":"LineString","coordinates":[[-71.3617,-40.3241],[-71.3708,-40.3181],[-71.3753,-40.3221]]}},{"type":"Feature","properties":{"nombre":"Arroyo Coihueco","tipo":"Arroyo"},"geometry":{"type":"LineString","coordinates":[[-70.1552,-38.0577],[-70.1338,-38.0685]]}},{"type":"Feature","properties":{"nombre":"Arroyo Quemquemtreu","tipo":"Arroyo"},"geometry":{"type":"LineString","coordinates":[[-70.6872,-40.219],[-70.6699,-40.2158]]}},{"type":"Feature","properties":{"nombre":"Río Limay","tipo":"Río"},"geometry":{"type":"LineString","coordinates":[[-69.8437,-39.9082],[-69.8271,-39.9081],[-69.8148,-39.9003]]}},{"type":"Feature","properties":{"nombre":"Arroyo Los Leones","tipo":"Arroyo"},"geometry":{"type":"LineString","coordinates":[[-69.5565,-36.0163],[-69.5477,-36.0057],[-69.5328,-36.0]]}},{"type":"Feature","properties":{"nombre":"Arroyo Huanquimileo","tipo":"Arroyo"},"geometry":{"type":"LineString","coordinates":[[-70.1212,-36.1055],[-70.1072,-36.1131],[-70.1011,-36.1119]]}},{"type":"Feature","properties":{"nombre":"Arroyo Buta Mallín","tipo":"Arroyo"},"geometry":{"type":"LineString","coordinates":[[-70.7031,-38.055],[-70.6655,-38.0543]]}},{"type":"Feature","properties":{"nombre":"Arroyo Huarenchenque","tipo":"Arroyo"},"geometry":{"type":"LineString","coordinates":[[-70.7328,-38.3159],[-70.7221,-38.3086],[-70.7094,-38.3083],[-70.6888,-38.2938]]}},{"type":"Feature","properties":{"nombre":"Río Limay","tipo":"Río"},"geometry":{"type":"LineString","coordinates":[[-69.4705,-39.7916],[-69.461,-39.7925],[-69.4567,-39.7894],[-69.4577,-39.7867]]}},{"type":"Feature","properties":{"nombre":"Río Agrio","tipo":"Río"},"geometry":{"type":"LineString","coordinates":[[-69.7249,-38.3488],[-69.7201,-38.3539],[-69.7128,-38.3549],[-69.7147,-38.3601]]}},{"type":"Feature","properties":{"nombre":"Arroyo Picún Leufú","tipo":"Arroyo"},"geometry":{"type":"LineString","coordinates":[[-69.5992,-39.3936],[-69.581,-39.3952],[-69.5781,-39.4016],[-69.5692,-39.404]]}},{"type":"Feature","properties":{"nombre":null,"tipo":null},"geometry":{"type":"LineString","coordinates":[[-70.805,-37.0594],[-70.7863,-37.0657],[-70.7807,-37.0644]]}},{"type":"Feature","properties":{"nombre":null,"tipo":null},"geometry":{"type":"LineString","coordinates":[[-71.5599,-39.9517],[-71.5358,-39.958],[-71.5,-39.9791]]}},{"type":"Feature","properties":{"nombre":"Arroyo Tralalhue","tipo":"Arroyo"},"geometry":{"type":"LineString","coordinates":[[-70.2208,-37.7172],[-70.2204,-37.721],[-70.2168,-37.7209],[-70.2186,-37.7226]]}},{"type":"Feature","properties":{"nombre":"Río Agrio","tipo":"Río"},"geometry":{"type":"LineString","coordinates":[[-70.5809,-38.1211],[-70.5852,-38.1239],[-70.5843,-38.1325]]}},{"type":"Feature","properties":{"nombre":"Río Limay","tipo":"Río"},"geometry":{"type":"LineString","coordinates":[[-68.4777,-39.0551],[-68.4693,-39.0458]]}},{"type":"Feature","properties":{"nombre":"Arroyo Guaraco Norte","tipo":"Arroyo"},"geometry":{"type":"LineString","coordinates":[[-70.6367,-36.8765],[-70.6461,-36.8768]]}},{"type":"Feature","properties":{"nombre":"Río Neuquén","tipo":"Río"},"geometry":{"type":"LineString","coordinates":[[-70.6871,-37.3394],[-70.673,-37.3475],[-70.6658,-37.3464]]}},{"type":"Feature","properties":{"nombre":null,"tipo":null},"geometry":{"type":"LineString","coordinates":[[-70.5637,-37.1019],[-70.5715,-37.1134]]}},{"type":"Feature","properties":{"nombre":"Río Aluminé","tipo":"Río"},"geometry":{"type":"LineString","coordinates":[[-70.9204,-39.6611],[-70.9091,-39.6653]]}},{"type":"Feature","properties":{"nombre":"Río Neuquén","tipo":"Río"},"geometry":{"type":"LineString","coordinates":[[-68.6964,-38.4051],[-68.6866,-38.4032]]}},{"type":"Feature","properties":{"nombre":null,"tipo":null},"geometry":{"type":"LineString","coordinates":[[-71.0927,-37.0192],[-71.0851,-37.0087],[-71.0838,-37.0004]]}},{"type":"Feature","properties":{"nombre":"Río Potimalal","tipo":"Río"},"geometry":{"type":"LineString","coordinates":[[-70.0033,-36.075],[-70.0053,-36.0661]]}},{"type":"Feature","properties":{"nombre":null,"tipo":null},"geometry":{"type":"LineString","coordinates":[[-70.7927,-37.2332],[-70.783,-37.2369],[-70.7724,-37.2256]]}},{"type":"Feature","properties":{"nombre":"Río Picunleo","tipo":"Río"},"geometry":{"type":"LineString","coordinates":[[-71.0099,-37.5399],[-71.0,-37.5434]]}},{"type":"Feature","properties":{"nombre":"Río Limay","tipo":"Río"},"geometry":{"type":"LineString","coordinates":[[-68.1879,-38.9714],[-68.1761,-38.9674]]}},{"type":"Feature","properties":{"nombre":"Río Collón Curá","tipo":"Río"},"geometry":{"type":"LineString","coordinates":[[-70.8138,-40.0643],[-70.8027,-40.0733]]}},{"type":"Feature","properties":{"nombre":"Arroyo Picún Leufú","tipo":"Arroyo"},"geometry":{"type":"LineString","coordinates":[[-69.9393,-39.2872],[-69.9298,-39.2999],[-69.9228,-39.302],[-69.9218,-39.3094]]}},{"type":"Feature","properties":{"nombre":"Arroyo Cajón Nuevo","tipo":"Arroyo"},"geometry":{"type":"LineString","coordinates":[[-70.962,-37.021],[-70.9649,-37.0091]]}},{"type":"Feature","properties":{"nombre":"Río Pichi Neuquén","tipo":"Río"},"geometry":{"type":"LineString","coordinates":[[-70.9305,-36.6081],[-70.9104,-36.6065]]}},{"type":"Feature","properties":{"nombre":"Río Colorado","tipo":"Río"},"geometry":{"type":"LineString","coordinates":[[-69.6293,-37.1386],[-69.6195,-37.1415]]}},{"type":"Feature","properties":{"nombre":"Arroyo Millaqueo","tipo":"Arroyo"},"geometry":{"type":"LineString","coordinates":[[-70.6577,-36.5112],[-70.6492,-36.5307]]}},{"type":"Feature","properties":{"nombre":"Arroyo Juan Esteban","tipo":"Arroyo"},"geometry":{"type":"LineString","coordinates":[[-71.0737,-37.3142],[-71.0713,-37.3303]]}},{"type":"Feature","properties":{"nombre":"Río Caleufú","tipo":"Río"},"geometry":{"type":"LineString","coordinates":[[-71.0382,-40.422],[-71.0348,-40.4114],[-71.0249,-40.4059]]}},{"type":"Feature","properties":{"nombre":"Río Lileo","tipo":"Río"},"geometry":{"type":"LineString","coordinates":[[-70.946,-37.1959],[-70.9346,-37.2033]]}},{"type":"Feature","properties":{"nombre":null,"tipo":null},"geometry":{"type":"LineString","coordinates":[[-70.9743,-37.6667],[-70.9663,-37.6602]]}},{"type":"Feature","properties":{"nombre":null,"tipo":null},"geometry":{"type":"LineString","coordinates":[[-70.8687,-37.2616],[-70.8677,-37.2721],[-70.8593,-37.2765]]}},{"type":"Feature","properties":{"nombre":"Río Neuquén","tipo":"Río"},"geometry":{"type":"LineString","coordinates":[[-68.1946,-38.7179],[-68.1896,-38.7228],[-68.1849,-38.7205]]}},{"type":"Feature","properties":{"nombre":"Río Aluminé","tipo":"Río"},"geometry":{"type":"LineString","coordinates":[[-70.9859,-39.0478],[-70.9999,-39.0504]]}},{"type":"Feature","properties":{"nombre":"Arroyo Quintuco","tipo":"Arroyo"},"geometry":{"type":"LineString","coordinates":[[-70.2832,-38.1482],[-70.2651,-38.1446]]}},{"type":"Feature","properties":{"nombre":"Arroyo La Bodega","tipo":"Arroyo"},"geometry":{"type":"LineString","coordinates":[[-70.7627,-37.0002],[-70.7671,-37.0105]]}},{"type":"Feature","properties":{"nombre":null,"tipo":null},"geometry":{"type":"LineString","coordinates":[[-71.0,-37.8525],[-70.9939,-37.8464]]}},{"type":"Feature","properties":{"nombre":"Arroyo Palao","tipo":"Arroyo"},"geometry":{"type":"LineString","coordinates":[[-70.9629,-37.1508],[-70.9657,-37.1628],[-70.9629,-37.1662]]}},{"type":"Feature","properties":{"nombre":"Arroyo Manchana Covunco","tipo":"Arroyo"},"geometry":{"type":"LineString","coordinates":[[-70.5249,-36.6149],[-70.5267,-36.6277],[-70.5309,-36.6344]]}},{"type":"Feature","properties":{"nombre":"Río Limay","tipo":"Río"},"geometry":{"type":"LineString","coordinates":[[-69.5514,-39.8116],[-69.5393,-39.8149]]}},{"type":"Feature","properties":{"nombre":"Arroyo Huncal","tipo":"Arroyo"},"geometry":{"type":"LineString","coordinates":[[-70.4029,-37.9427],[-70.3924,-37.9431]]}},{"type":"Feature","properties":{"nombre":"Arroyo Central","tipo":"Arroyo"},"geometry":{"type":"LineString","coordinates":[[-70.6825,-39.7156],[-70.6832,-39.7268]]}},{"type":"Feature","properties":{"nombre":"Arroyo Yumu - Yumu","tipo":"Arroyo"},"geometry":{"type":"LineString","coordinates":[[-70.6227,-38.19],[-70.6055,-38.2027]]}},{"type":"Feature","properties":{"nombre":null,"tipo":null},"geometry":{"type":"LineString","coordinates":[[-70.8068,-37.6745],[-70.8134,-37.6667]]}},{"type":"Feature","properties":{"nombre":"Arroyo Pichincó","tipo":"Arroyo"},"geometry":{"type":"LineString","coordinates":[[-70.6592,-38.0369],[-70.6333,-38.0533],[-70.6287,-38.0505],[-70.6228,-38.053],[-70.6132,-38.0501]]}},{"type":"Feature","properties":{"nombre":"Río Colorado","tipo":"Río"},"geometry":{"type":"LineString","coordinates":[[-69.016,-37.366],[-69.0067,-37.3697]]}},{"type":"Feature","properties":{"nombre":"Río Neuquén","tipo":"Río"},"geometry":{"type":"LineString","coordinates":[[-70.1918,-37.4496],[-70.1847,-37.459]]}},{"type":"Feature","properties":{"nombre":"Arroyo Michico","tipo":"Arroyo"},"geometry":{"type":"LineString","coordinates":[[-70.5306,-37.4645],[-70.5375,-37.4618],[-70.5511,-37.4638]]}},{"type":"Feature","properties":{"nombre":"Río Nahueve","tipo":"Río"},"geometry":{"type":"LineString","coordinates":[[-70.803,-37.0201],[-70.7953,-37.0232],[-70.7853,-37.0171]]}},{"type":"Feature","properties":{"nombre":"Río Neuquén","tipo":"Río"},"geometry":{"type":"LineString","coordinates":[[-69.7535,-38.2015],[-69.7406,-38.2053],[-69.7371,-38.2172]]}},{"type":"Feature","properties":{"nombre":"Arroyo Chacayco","tipo":"Arroyo"},"geometry":{"type":"LineString","coordinates":[[-70.1056,-37.434],[-70.0976,-37.4477]]}},{"type":"Feature","properties":{"nombre":"Arroyo Picún Leufú","tipo":"Arroyo"},"geometry":{"type":"LineString","coordinates":[[-69.5,-39.4895],[-69.4925,-39.4958],[-69.4889,-39.4948],[-69.4879,-39.4986],[-69.4795,-39.4976],[-69.474,-39.5046],[-69.4687,-39.5009],[-69.4641,-39.5024]]}},{"type":"Feature","properties":{"nombre":"Río Grande","tipo":"Río"},"geometry":{"type":"LineString","coordinates":[[-69.6991,-36.1068],[-69.6958,-36.1085],[-69.6956,-36.1142]]}},{"type":"Feature","properties":{"nombre":"Arroyo El Pino","tipo":"Arroyo"},"geometry":{"type":"LineString","coordinates":[[-70.6347,-37.8767],[-70.6127,-37.88],[-70.6087,-37.8869],[-70.6001,-37.8916],[-70.585,-37.9184],[-70.5854,-37.9239]]}},{"type":"Feature","properties":{"nombre":"Arroyo La Romanza","tipo":"Arroyo"},"geometry":{"type":"LineString","coordinates":[[-70.9585,-37.3333],[-70.9488,-37.3414],[-70.9458,-37.3484]]}},{"type":"Feature","properties":{"nombre":"Arroyo Picún Leufú","tipo":"Arroyo"},"geometry":{"type":"LineString","coordinates":[[-70.2118,-39.1925],[-70.208,-39.1946],[-70.2026,-39.1911]]}},{"type":"Feature","properties":{"nombre":"Río Negro","tipo":"Río"},"geometry":{"type":"LineString","coordinates":[[-67.8065,-39.0442],[-67.7953,-39.0498]]}},{"type":"Feature","properties":{"nombre":"Río Meliquina","tipo":"Río"},"geometry":{"type":"LineString","coordinates":[[-71.2336,-40.461],[-71.2371,-40.4634],[-71.2357,-40.4696]]}},{"type":"Feature","properties":{"nombre":"Arroyo Bandurrias","tipo":"Arroyo"},"geometry":{"type":"LineString","coordinates":[[-70.927,-37.0153],[-70.9167,-37.0115],[-70.9063,-37.0]]}},{"type":"Feature","properties":{"nombre":"Arroyo Calmuco","tipo":"Arroyo"},"geometry":{"type":"LineString","coordinates":[[-69.6907,-36.5039],[-69.6792,-36.5043]]}},{"type":"Feature","properties":{"nombre":"Arroyo Calbuco","tipo":"Arroyo"},"geometry":{"type":"LineString","coordinates":[[-71.3264,-40.1468],[-71.3416,-40.1526]]}},{"type":"Feature","properties":{"nombre":"Río Aluminé","tipo":"Río"},"geometry":{"type":"LineString","coordinates":[[-70.9479,-39.4612],[-70.9486,-39.4657],[-70.9575,-39.4696],[-70.9478,-39.4785],[-70.9486,-39.4885]]}},{"type":"Feature","properties":{"nombre":"Arroyo Colorado","tipo":"Arroyo"},"geometry":{"type":"LineString","coordinates":[[-70.9814,-36.608],[-70.9713,-36.6143]]}},{"type":"Feature","properties":{"nombre":"Río Limay","tipo":"Río"},"geometry":{"type":"LineString","coordinates":[[-69.6507,-39.8362],[-69.638,-39.8321]]}},{"type":"Feature","properties":{"nombre":null,"tipo":null},"geometry":{"type":"LineString","coordinates":[[-70.9524,-36.6557],[-70.9435,-36.6444],[-70.9435,-36.628],[-70.9359,-36.6205],[-70.9399,-36.6137],[-70.9323,-36.6101]]}},{"type":"Feature","properties":{"nombre":null,"tipo":null},"geometry":{"type":"LineString","coordinates":[[-70.9718,-37.8176],[-70.9571,-37.8186]]}},{"type":"Feature","properties":{"nombre":"Arroyo Las Toscas","tipo":"Arroyo"},"geometry":{"type":"LineString","coordinates":[[-70.2931,-38.1481],[-70.2974,-38.145],[-70.3077,-38.1492]]}},{"type":"Feature","properties":{"nombre":"Río Malleo","tipo":"Río"},"geometry":{"type":"LineString","coordinates":[[-70.9797,-39.8143],[-70.9702,-39.8132]]}},{"type":"Feature","properties":{"nombre":"Arroyo Chacay Melehué","tipo":"Arroyo"},"geometry":{"type":"LineString","coordinates":[[-70.3862,-37.2423],[-70.3741,-37.243]]}},{"type":"Feature","properties":{"nombre":null,"tipo":null},"geometry":{"type":"LineString","coordinates":[[-70.9294,-37.1059],[-70.9177,-37.1043]]}},{"type":"Feature","properties":{"nombre":"Arroyo Chichahuay","tipo":"Arroyo"},"geometry":{"type":"LineString","coordinates":[[-71.0,-40.2826],[-70.9898,-40.2844]]}},{"type":"Feature","properties":{"nombre":"Arroyo de la Laguna","tipo":"Arroyo"},"geometry":{"type":"LineString","coordinates":[[-70.9635,-37.5128],[-70.963,-37.5167],[-70.959,-37.5162]]}},{"type":"Feature","properties":{"nombre":"Arroyo Calmuco","tipo":"Arroyo"},"geometry":{"type":"LineString","coordinates":[[-69.8182,-36.4883],[-69.8215,-36.4769],[-69.8372,-36.4639]]}},{"type":"Feature","properties":{"nombre":"Río Limay","tipo":"Río"},"geometry":{"type":"LineString","coordinates":[[-68.2782,-38.9839],[-68.2603,-38.9796]]}},{"type":"Feature","properties":{"nombre":"Arroyo Las Toscas","tipo":"Arroyo"},"geometry":{"type":"LineString","coordinates":[[-70.3493,-38.1987],[-70.3467,-38.1926]]}},{"type":"Feature","properties":{"nombre":"Río Picunleo","tipo":"Río"},"geometry":{"type":"LineString","coordinates":[[-70.8758,-37.5761],[-70.869,-37.5812],[-70.8543,-37.5786]]}},{"type":"Feature","properties":{"nombre":"Río Colorado","tipo":"Río"},"geometry":{"type":"LineString","coordinates":[[-69.0442,-37.2466],[-69.0383,-37.2544]]}},{"type":"Feature","properties":{"nombre":null,"tipo":null},"geometry":{"type":"LineString","coordinates":[[-71.0,-37.1143],[-71.0075,-37.1063],[-71.0075,-37.0987]]}},{"type":"Feature","properties":{"nombre":"Arroyo Buta Mallín","tipo":"Arroyo"},"geometry":{"type":"LineString","coordinates":[[-71.0306,-37.2097],[-71.021,-37.2059]]}},{"type":"Feature","properties":{"nombre":"Arroyo Cajón Chico","tipo":"Arroyo"},"geometry":{"type":"LineString","coordinates":[[-71.1123,-37.7611],[-71.1037,-37.7346],[-71.0883,-37.7179],[-71.0815,-37.7155]]}},{"type":"Feature","properties":{"nombre":null,"tipo":null},"geometry":{"type":"LineString","coordinates":[[-71.0123,-37.1934],[-71.0,-37.1992]]}},{"type":"Feature","properties":{"nombre":null,"tipo":null},"geometry":{"type":"LineString","coordinates":[[-71.5346,-39.9204],[-71.5467,-39.9068]]}},{"type":"Feature","properties":{"nombre":"Río Neuquén","tipo":"Río"},"geometry":{"type":"LineString","coordinates":[[-68.1259,-38.7685],[-68.1185,-38.7703],[-68.1191,-38.7751]]}},{"type":"Feature","properties":{"nombre":null,"tipo":null},"geometry":{"type":"LineString","coordinates":[[-70.8286,-37.6441],[-70.8341,-37.645],[-70.8385,-37.6393],[-70.8332,-37.6329]]}},{"type":"Feature","properties":{"nombre":null,"tipo":null},"geometry":{"type":"LineString","coordinates":[[-70.9155,-37.3017],[-70.9124,-37.2983],[-70.9168,-37.289]]}},{"type":"Feature","properties":{"nombre":"Arroyo Ñorquín","tipo":"Arroyo"},"geometry":{"type":"LineString","coordinates":[[-70.645,-37.7422],[-70.6511,-37.7495]]}},{"type":"Feature","properties":{"nombre":"Arroyo El Membrillo","tipo":"Arroyo"},"geometry":{"type":"LineString","coordinates":[[-70.8797,-37.414],[-70.8694,-37.4116],[-70.8465,-37.3975],[-70.8307,-37.393],[-70.8251,-37.3847],[-70.8012,-37.3819],[-70.7793,-37.3747],[-70.7736,-37.37],[-70.7758,-37.3552]]}},{"type":"Feature","properties":{"nombre":"Río Limay","tipo":"Río"},"geometry":{"type":"LineString","coordinates":[[-68.42,-39.0295],[-68.4137,-39.0342],[-68.4099,-39.0332]]}},{"type":"Feature","properties":{"nombre":"Arroyo Butalón","tipo":"Arroyo"},"geometry":{"type":"LineString","coordinates":[[-70.5418,-36.8157],[-70.5278,-36.8237],[-70.5232,-36.8318]]}},{"type":"Feature","properties":{"nombre":"Arroyo del León","tipo":"Arroyo"},"geometry":{"type":"LineString","coordinates":[[-71.5409,-39.9899],[-71.5461,-39.9867],[-71.5548,-39.9899]]}},{"type":"Feature","properties":{"nombre":"Arroyo Vutalelvún","tipo":"Arroyo"},"geometry":{"type":"LineString","coordinates":[[-70.5018,-37.5283],[-70.509,-37.5229],[-70.5082,-37.52]]}},{"type":"Feature","properties":{"nombre":"Río Nahueve","tipo":"Río"},"geometry":{"type":"LineString","coordinates":[[-70.7698,-37.0928],[-70.7613,-37.1031]]}},{"type":"Feature","properties":{"nombre":null,"tipo":null},"geometry":{"type":"LineString","coordinates":[[-69.8785,-36.2874],[-69.8805,-36.3019],[-69.8853,-36.3107],[-69.8829,-36.329]]}},{"type":"Feature","properties":{"nombre":null,"tipo":null},"geometry":{"type":"LineString","coordinates":[[-70.9955,-37.3182],[-70.9921,-37.3258],[-70.9961,-37.3304]]}},{"type":"Feature","properties":{"nombre":"Río Collón Curá","tipo":"Río"},"geometry":{"type":"LineString","coordinates":[[-70.6533,-40.2213],[-70.6519,-40.2282],[-70.6441,-40.2298],[-70.6421,-40.2336]]}},{"type":"Feature","properties":{"nombre":"Río Neuquén","tipo":"Río"},"geometry":{"type":"LineString","coordinates":[[-70.0462,-37.5579],[-70.0588,-37.5498]]}},{"type":"Feature","properties":{"nombre":"Arroyo Chacayquito","tipo":"Arroyo"},"geometry":{"type":"LineString","coordinates":[[-69.9714,-36.6753],[-69.9708,-36.6892],[-69.9767,-36.6993]]}},{"type":"Feature","properties":{"nombre":"Arroyo Pichi Neuquén","tipo":"Arroyo"},"geometry":{"type":"LineString","coordinates":[[-70.1065,-37.7439],[-70.0977,-37.7441],[-70.0922,-37.7491]]}},{"type":"Feature","properties":{"nombre":"Río Agrio","tipo":"Río"},"geometry":{"type":"LineString","coordinates":[[-71.0693,-37.8863],[-71.0597,-37.8788]]}},{"type":"Feature","properties":{"nombre":"Río Neuquén","tipo":"Río"},"geometry":{"type":"LineString","coordinates":[[-68.735,-38.398],[-68.7248,-38.405]]}},{"type":"Feature","properties":{"nombre":"Río Neuquén","tipo":"Río"},"geometry":{"type":"LineString","coordinates":[[-70.1288,-37.4859],[-70.1188,-37.4913]]}},{"type":"Feature","properties":{"nombre":"Arroyo Huarenchenque","tipo":"Arroyo"},"geometry":{"type":"LineString","coordinates":[[-70.9041,-38.2776],[-70.8919,-38.2789]]}},{"type":"Feature","properties":{"nombre":"Río Picunleo","tipo":"Río"},"geometry":{"type":"LineString","coordinates":[[-71.0808,-37.5469],[-71.0689,-37.5453]]}},{"type":"Feature","properties":{"nombre":"Arroyo Guayapa","tipo":"Arroyo"},"geometry":{"type":"LineString","coordinates":[[-70.4891,-38.8624],[-70.4808,-38.8637]]}},{"type":"Feature","properties":{"nombre":"Río Neuquén","tipo":"Río"},"geometry":{"type":"LineString","coordinates":[[-68.0684,-38.8924],[-68.0645,-38.8957],[-68.0694,-38.9022],[-68.0652,-38.9092]]}},{"type":"Feature","properties":{"nombre":null,"tipo":null},"geometry":{"type":"LineString","coordinates":[[-70.8548,-37.1858],[-70.8308,-37.1948],[-70.8265,-37.2097]]}},{"type":"Feature","properties":{"nombre":"Río Neuquén","tipo":"Río"},"geometry":{"type":"LineString","coordinates":[[-69.7373,-38.305],[-69.726,-38.3095],[-69.7252,-38.3131]]}},{"type":"Feature","properties":{"nombre":null,"tipo":null},"geometry":{"type":"LineString","coordinates":[[-70.883,-37.2057],[-70.8818,-37.2223]]}},{"type":"Feature","properties":{"nombre":"Río Buraleo","tipo":"Río"},"geometry":{"type":"LineString","coordinates":[[-70.9635,-37.0076],[-70.9492,-37.0019]]}},{"type":"Feature","properties":{"nombre":"Río Catán Lil","tipo":"Río"},"geometry":{"type":"LineString","coordinates":[[-70.693,-39.1952],[-70.6913,-39.1988],[-70.6945,-39.2012],[-70.692,-39.2028]]}},{"type":"Feature","properties":{"nombre":"Río Grande","tipo":"Río"},"geometry":{"type":"LineString","coordinates":[[-69.7023,-36.1056],[-69.7002,-36.1206]]}},{"type":"Feature","properties":{"nombre":"Arroyo Huanquimileo","tipo":"Arroyo"},"geometry":{"type":"LineString","coordinates":[[-70.1011,-36.1119],[-70.0648,-36.1019]]}},{"type":"Feature","properties":{"nombre":"Arroyo Ñireco","tipo":"Arroyo"},"geometry":{"type":"LineString","coordinates":[[-70.4417,-39.1072],[-70.431,-39.108]]}},{"type":"Feature","properties":{"nombre":"Río Catán Lil","tipo":"Río"},"geometry":{"type":"LineString","coordinates":[[-70.629,-39.7299],[-70.6372,-39.7307],[-70.642,-39.7277]]}},{"type":"Feature","properties":{"nombre":"Arroyo Butalón","tipo":"Arroyo"},"geometry":{"type":"LineString","coordinates":[[-70.8254,-37.4842],[-70.7941,-37.4884],[-70.7772,-37.4827],[-70.7755,-37.4791]]}},{"type":"Feature","properties":{"nombre":"Arroyo Trolope","tipo":"Arroyo"},"geometry":{"type":"LineString","coordinates":[[-71.1529,-37.7761],[-71.1513,-37.7792],[-71.1552,-37.7855],[-71.1422,-37.7918]]}},{"type":"Feature","properties":{"nombre":"Arroyo Enfermería","tipo":"Arroyo"},"geometry":{"type":"LineString","coordinates":[[-70.6133,-36.3811],[-70.6268,-36.3836]]}},{"type":"Feature","properties":{"nombre":"Arroyo Tricahueras","tipo":"Arroyo"},"geometry":{"type":"LineString","coordinates":[[-70.3293,-38.0444],[-70.3219,-38.0346]]}},{"type":"Feature","properties":{"nombre":"Arroyo Piedra Blanca","tipo":"Arroyo"},"geometry":{"type":"LineString","coordinates":[[-70.617,-37.2203],[-70.6228,-37.222],[-70.6234,-37.2274]]}},{"type":"Feature","properties":{"nombre":"Arroyo Pichi Neuquén","tipo":"Arroyo"},"geometry":{"type":"LineString","coordinates":[[-70.0619,-37.7787],[-70.0524,-37.78]]}},{"type":"Feature","properties":{"nombre":"Río Limay","tipo":"Río"},"geometry":{"type":"LineString","coordinates":[[-68.0396,-38.9795],[-68.0186,-38.9777]]}},{"type":"Feature","properties":{"nombre":"Arroyo Quemquemtreu","tipo":"Arroyo"},"geometry":{"type":"LineString","coordinates":[[-70.9497,-40.2243],[-70.9247,-40.2217]]}},{"type":"Feature","properties":{"nombre":null,"tipo":null},"geometry":{"type":"LineString","coordinates":[[-69.6607,-36.1962],[-69.6653,-36.1933],[-69.6634,-36.191],[-69.6688,-36.186],[-69.6664,-36.1833],[-69.6745,-36.1705]]}},{"type":"Feature","properties":{"nombre":"Arroyo Ñirequito","tipo":"Arroyo"},"geometry":{"type":"LineString","coordinates":[[-70.4393,-37.2147],[-70.4267,-37.2311],[-70.4274,-37.2377],[-70.4219,-37.2439],[-70.4215,-37.2521]]}},{"type":"Feature","properties":{"nombre":"Arroyo Chacay Melehué","tipo":"Arroyo"},"geometry":{"type":"LineString","coordinates":[[-70.544,-37.2667],[-70.5278,-37.2601]]}},{"type":"Feature","properties":{"nombre":"Río Negro","tipo":"Río"},"geometry":{"type":"LineString","coordinates":[[-67.5622,-39.1053],[-67.5568,-39.1046],[-67.5555,-39.0998]]}},{"type":"Feature","properties":{"nombre":null,"tipo":null},"geometry":{"type":"LineString","coordinates":[[-70.9767,-37.1122],[-70.9674,-37.1341],[-70.9624,-37.1379],[-70.9628,-37.1421]]}},{"type":"Feature","properties":{"nombre":null,"tipo":null},"geometry":{"type":"LineString","coordinates":[[-70.9268,-37.0337],[-70.9086,-37.0259]]}},{"type":"Feature","properties":{"nombre":"Arroyo Coihueco","tipo":"Arroyo"},"geometry":{"type":"LineString","coordinates":[[-70.1214,-38.0854],[-70.1069,-38.1039]]}},{"type":"Feature","properties":{"nombre":"Arroyo Trolope","tipo":"Arroyo"},"geometry":{"type":"LineString","coordinates":[[-70.9772,-37.8074],[-70.964,-37.8052]]}},{"type":"Feature","properties":{"nombre":"Arroyo Hualcupén","tipo":"Arroyo"},"geometry":{"type":"LineString","coordinates":[[-71.0877,-37.925],[-71.0579,-37.9376]]}},{"type":"Feature","properties":{"nombre":"Río Guañacos","tipo":"Río"},"geometry":{"type":"LineString","coordinates":[[-71.0377,-37.2504],[-71.0308,-37.2568]]}},{"type":"Feature","properties":{"nombre":"Arroyo Taquimilán","tipo":"Arroyo"},"geometry":{"type":"LineString","coordinates":[[-70.4008,-37.5848],[-70.394,-37.5896]]}},{"type":"Feature","properties":{"nombre":"Río Limay","tipo":"Río"},"geometry":{"type":"LineString","coordinates":[[-68.3044,-38.9824],[-68.3031,-38.9761],[-68.296,-38.9773]]}},{"type":"Feature","properties":{"nombre":"Río Trocomán","tipo":"Río"},"geometry":{"type":"LineString","coordinates":[[-71.0,-37.6605],[-70.978,-37.656],[-70.9566,-37.6599],[-70.9518,-37.6563],[-70.9279,-37.661],[-70.9064,-37.6528],[-70.905,-37.6474],[-70.8845,-37.6465],[-70.8696,-37.641],[-70.8663,-37.6298],[-70.8613,-37.6271],[-70.8666,-37.62],[-70.8565,-37.6088],[-70.8491,-37.5919],[-70.8519,-37.5799],[-70.8394,-37.5746],[-70.839,-37.5688],[-70.8309,-37.5685],[-70.8313,-37.5627],[-70.8278,-37.5581],[-70.82,-37.559],[-70.8164,-37.5525],[-70.8197,-37.547],[-70.8108,-37.5471],[-70.8088,-37.543],[-70.8029,-37.5426],[-70.8076,-37.5384],[-70.8029,-37.5328],[-70.8046,-37.5234],[-70.809,-37.5213],[-70.8079,-37.5144],[-70.7899,-37.5035],[-70.7754,-37.4859],[-70.7739,-37.4816],[-70.7778,-37.4767],[-70.7665,-37.458],[-70.7691,-37.4559],[-70.7484,-37.4546],[-70.7406,-37.4454],[-70.7386,-37.4361],[-70.7256,-37.4277],[-70.7266,-37.4237],[-70.7201,-37.4206],[-70.7207,-37.4169],[-70.7137,-37.4116],[-70.7156,-37.4067],[-70.7125,-37.4012],[-70.7128,-37.3869],[-70.7027,-37.3841],[-70.7066,-37.3798],[-70.7183,-37.3825],[-70.7177,-37.3777],[-70.7104,-37.376],[-70.7102,-37.3713],[-70.7135,-37.3689],[-70.7126,-37.356],[-70.7162,-37.3497],[-70.7062,-37.3479],[-70.7011,-37.3417],[-70.7014,-37.3355],[-70.6871,-37.3394]]}},{"type":"Feature","properties":{"nombre":"Río Aluminé","tipo":"Río"},"geometry":{"type":"LineString","coordinates":[[-70.9486,-39.1157],[-70.9441,-39.1235],[-70.9461,-39.1253]]}},{"type":"Feature","properties":{"nombre":"Arroyo Poñihué","tipo":"Arroyo"},"geometry":{"type":"LineString","coordinates":[[-69.9721,-36.3367],[-69.9825,-36.3427]]}},{"type":"Feature","properties":{"nombre":"Arroyo Hualcupén","tipo":"Arroyo"},"geometry":{"type":"LineString","coordinates":[[-70.7533,-37.9551],[-70.7296,-37.956]]}},{"type":"Feature","properties":{"nombre":"Río Colorado","tipo":"Río"},"geometry":{"type":"LineString","coordinates":[[-69.4108,-37.1747],[-69.3961,-37.1725]]}},{"type":"Feature","properties":{"nombre":null,"tipo":null},"geometry":{"type":"LineString","coordinates":[[-70.5524,-37.2561],[-70.544,-37.2667]]}},{"type":"Feature","properties":{"nombre":"Arroyo Los Molinos","tipo":"Arroyo"},"geometry":{"type":"LineString","coordinates":[[-70.914,-36.5914],[-70.9041,-36.6053],[-70.9061,-36.6088]]}},{"type":"Feature","properties":{"nombre":null,"tipo":null},"geometry":{"type":"LineString","coordinates":[[-70.7249,-37.254],[-70.7229,-37.2502],[-70.7177,-37.249],[-70.7007,-37.2516],[-70.6964,-37.2549],[-70.6961,-37.2607]]}},{"type":"Feature","properties":{"nombre":"Arroyo Covunco","tipo":"Arroyo"},"geometry":{"type":"LineString","coordinates":[[-69.6801,-38.5132],[-69.6617,-38.5095],[-69.658,-38.5068],[-69.6589,-38.5039],[-69.6487,-38.501]]}},{"type":"Feature","properties":{"nombre":null,"tipo":null},"geometry":{"type":"LineString","coordinates":[[-68.4029,-39.0163],[-68.3943,-39.0138],[-68.3868,-39.0193]]}},{"type":"Feature","properties":{"nombre":"Arroyo de los Toldos","tipo":"Arroyo"},"geometry":{"type":"LineString","coordinates":[[-70.6189,-39.0081],[-70.6011,-39.0106],[-70.5909,-39.0061]]}},{"type":"Feature","properties":{"nombre":"Arroyo Curamileu","tipo":"Arroyo"},"geometry":{"type":"LineString","coordinates":[[-70.7482,-36.8011],[-70.7404,-36.7996],[-70.7351,-36.8032]]}},{"type":"Feature","properties":{"nombre":"Río Neuquén","tipo":"Río"},"geometry":{"type":"LineString","coordinates":[[-70.7976,-36.5644],[-70.7931,-36.5676],[-70.7941,-36.5714]]}},{"type":"Feature","properties":{"nombre":"Río Collón Curá","tipo":"Río"},"geometry":{"type":"LineString","coordinates":[[-70.7123,-40.1673],[-70.7025,-40.1755],[-70.7022,-40.1827]]}},{"type":"Feature","properties":{"nombre":"Río Neuquén","tipo":"Río"},"geometry":{"type":"LineString","coordinates":[[-69.7217,-38.325],[-69.7161,-38.3306],[-69.7076,-38.3295]]}},{"type":"Feature","properties":{"nombre":"Arroyo Tracalén","tipo":"Arroyo"},"geometry":{"type":"LineString","coordinates":[[-70.8798,-37.7481],[-70.8765,-37.7569],[-70.867,-37.7544],[-70.8452,-37.7579],[-70.8156,-37.7709],[-70.7976,-37.771]]}},{"type":"Feature","properties":{"nombre":"Río Neuquén","tipo":"Río"},"geometry":{"type":"LineString","coordinates":[[-68.4599,-38.5519],[-68.458,-38.5587],[-68.4515,-38.5619]]}},{"type":"Feature","properties":{"nombre":null,"tipo":null},"geometry":{"type":"LineString","coordinates":[[-70.8208,-37.0893],[-70.8062,-37.0888],[-70.7987,-37.0932]]}},{"type":"Feature","properties":{"nombre":null,"tipo":null},"geometry":{"type":"LineString","coordinates":[[-70.8946,-37.2719],[-70.8962,-37.2823]]}},{"type":"Feature","properties":{"nombre":"Río Pichi Neuquén","tipo":"Río"},"geometry":{"type":"LineString","coordinates":[[-70.8342,-36.6124],[-70.8236,-36.614]]}},{"type":"Feature","properties":{"nombre":"Río Grande","tipo":"Río"},"geometry":{"type":"LineString","coordinates":[[-69.6843,-36.159],[-69.6782,-36.1674]]}},{"type":"Feature","properties":{"nombre":"Río Limay","tipo":"Río"},"geometry":{"type":"LineString","coordinates":[[-68.0743,-38.9944],[-68.0622,-38.9921]]}},{"type":"Feature","properties":{"nombre":null,"tipo":null},"geometry":{"type":"LineString","coordinates":[[-70.5249,-37.1384],[-70.5149,-37.1435],[-70.5075,-37.152],[-70.5047,-37.1508]]}},{"type":"Feature","properties":{"nombre":null,"tipo":null},"geometry":{"type":"LineString","coordinates":[[-70.8388,-37.0989],[-70.8289,-37.0942],[-70.8113,-37.095]]}},{"type":"Feature","properties":{"nombre":null,"tipo":null},"geometry":{"type":"LineString","coordinates":[[-70.9913,-37.0515],[-70.9918,-37.0412],[-70.9812,-37.0368]]}},{"type":"Feature","properties":{"nombre":null,"tipo":null},"geometry":{"type":"LineString","coordinates":[[-70.9625,-37.2264],[-70.936,-37.234],[-70.932,-37.2396],[-70.9036,-37.2489]]}},{"type":"Feature","properties":{"nombre":"Río Potimalal","tipo":"Río"},"geometry":{"type":"LineString","coordinates":[[-70.0017,-36.059],[-70.0053,-36.0661]]}},{"type":"Feature","properties":{"nombre":"Arroyo Rucu Leufú","tipo":"Arroyo"},"geometry":{"type":"LineString","coordinates":[[-71.4905,-39.6917],[-71.5,-39.7008]]}},{"type":"Feature","properties":{"nombre":"Río Neuquén","tipo":"Río"},"geometry":{"type":"LineString","coordinates":[[-70.1843,-37.4684],[-70.1742,-37.4714],[-70.1719,-37.4766],[-70.1661,-37.4766]]}},{"type":"Feature","properties":{"nombre":"Arroyo Córdoba Grande","tipo":"Arroyo"},"geometry":{"type":"LineString","coordinates":[[-71.299,-40.5541],[-71.2893,-40.5562]]}},{"type":"Feature","properties":{"nombre":"Arroyo Trohunco","tipo":"Arroyo"},"geometry":{"type":"LineString","coordinates":[[-70.8295,-37.1768],[-70.815,-37.1766]]}},{"type":"Feature","properties":{"nombre":"Arroyo Manzano","tipo":"Arroyo"},"geometry":{"type":"LineString","coordinates":[[-70.7862,-38.1255],[-70.77,-38.1242],[-70.751,-38.13],[-70.7206,-38.1292],[-70.6935,-38.1357]]}},{"type":"Feature","properties":{"nombre":null,"tipo":null},"geometry":{"type":"LineString","coordinates":[[-71.0558,-37.0743],[-71.0479,-37.0782],[-71.0222,-37.0622],[-71.0112,-37.0417],[-71.0113,-37.035]]}},{"type":"Feature","properties":{"nombre":"Río Neuquén","tipo":"Río"},"geometry":{"type":"LineString","coordinates":[[-69.8209,-38.0246],[-69.8332,-38.0243]]}},{"type":"Feature","properties":{"nombre":"Río Aluminé","tipo":"Río"},"geometry":{"type":"LineString","coordinates":[[-70.9264,-39.7487],[-70.9364,-39.7529]]}},{"type":"Feature","properties":{"nombre":"Río Collón Curá","tipo":"Río"},"geometry":{"type":"LineString","coordinates":[[-70.7241,-40.1551],[-70.7249,-40.1497],[-70.729,-40.1476]]}},{"type":"Feature","properties":{"nombre":"Arroyo Los Barros","tipo":"Arroyo"},"geometry":{"type":"LineString","coordinates":[[-70.9405,-38.2274],[-70.933,-38.221]]}},{"type":"Feature","properties":{"nombre":"Río Limay","tipo":"Río"},"geometry":{"type":"LineString","coordinates":[[-69.8701,-39.9144],[-69.8587,-39.9099]]}},{"type":"Feature","properties":{"nombre":"Río Limay","tipo":"Río"},"geometry":{"type":"LineString","coordinates":[[-68.1189,-38.9881],[-68.1018,-38.9886]]}},{"type":"Feature","properties":{"nombre":"Arroyo Manchana Covunco","tipo":"Arroyo"},"geometry":{"type":"LineString","coordinates":[[-70.548,-36.6508],[-70.5705,-36.653],[-70.5727,-36.6563]]}},{"type":"Feature","properties":{"nombre":"Río Collón Curá","tipo":"Río"},"geometry":{"type":"LineString","coordinates":[[-70.7387,-40.133],[-70.7278,-40.1355]]}},{"type":"Feature","properties":{"nombre":null,"tipo":null},"geometry":{"type":"LineString","coordinates":[[-70.5477,-37.3853],[-70.5414,-37.3756]]}},{"type":"Feature","properties":{"nombre":"Río Potimalal","tipo":"Río"},"geometry":{"type":"LineString","coordinates":[[-70.0149,-36.1243],[-70.0154,-36.114]]}},{"type":"Feature","properties":{"nombre":"Río Aluminé","tipo":"Río"},"geometry":{"type":"LineString","coordinates":[[-70.9438,-39.6416],[-70.9451,-39.647],[-70.9363,-39.6528]]}},{"type":"Feature","properties":{"nombre":"Arroyo Covunco","tipo":"Arroyo"},"geometry":{"type":"LineString","coordinates":[[-70.1648,-38.7807],[-70.1696,-38.7851],[-70.1736,-38.7839],[-70.1756,-38.7876]]}},{"type":"Feature","properties":{"nombre":"Río Negro","tipo":"Río"},"geometry":{"type":"LineString","coordinates":[[-67.9161,-39.0053],[-67.9074,-38.9999]]}},{"type":"Feature","properties":{"nombre":"Río Colorado","tipo":"Río"},"geometry":{"type":"LineString","coordinates":[[-69.4227,-37.1651],[-69.4079,-37.1671]]}},{"type":"Feature","properties":{"nombre":"Arroyo Hualcupén","tipo":"Arroyo"},"geometry":{"type":"LineString","coordinates":[[-71.0579,-37.9376],[-71.0465,-37.9415]]}},{"type":"Feature","properties":{"nombre":"Río Negro","tipo":"Río"},"geometry":{"type":"LineString","coordinates":[[-67.7609,-39.0634],[-67.75,-39.0668],[-67.746,-39.0717]]}},{"type":"Feature","properties":{"nombre":null,"tipo":null},"geometry":{"type":"LineString","coordinates":[[-70.8638,-37.7097],[-70.8649,-37.7025],[-70.8536,-37.6864]]}},{"type":"Feature","properties":{"nombre":"Arroyo del Palo","tipo":"Arroyo"},"geometry":{"type":"LineString","coordinates":[[-70.5427,-37.9454],[-70.5547,-37.9433]]}},{"type":"Feature","properties":{"nombre":"Río Neuquén","tipo":"Río"},"geometry":{"type":"LineString","coordinates":[[-68.6571,-38.4256],[-68.6428,-38.4311]]}},{"type":"Feature","properties":{"nombre":"Arroyo Paso Cerrado","tipo":"Arroyo"},"geometry":{"type":"LineString","coordinates":[[-70.7622,-38.2431],[-70.7363,-38.2366]]}},{"type":"Feature","properties":{"nombre":"Arroyo Curu Pehuén","tipo":"Arroyo"},"geometry":{"type":"LineString","coordinates":[[-70.6883,-39.1188],[-70.6812,-39.1281]]}},{"type":"Feature","properties":{"nombre":null,"tipo":null},"geometry":{"type":"LineString","coordinates":[[-70.8246,-37.1642],[-70.8083,-37.1751]]}},{"type":"Feature","properties":{"nombre":"Arroyo Riscos Blancos","tipo":"Arroyo"},"geometry":{"type":"LineString","coordinates":[[-70.6822,-36.6916],[-70.6745,-36.7134],[-70.6813,-36.723],[-70.6881,-36.7239],[-70.6993,-36.7343],[-70.7006,-36.7531],[-70.704,-36.76],[-70.6977,-36.7649]]}},{"type":"Feature","properties":{"nombre":null,"tipo":null},"geometry":{"type":"LineString","coordinates":[[-70.8359,-37.0356],[-70.8316,-37.0285]]}},{"type":"Feature","properties":{"nombre":"Río Salado","tipo":"Río"},"geometry":{"type":"LineString","coordinates":[[-70.0501,-38.29],[-70.0577,-38.296],[-70.0529,-38.2974],[-70.055,-38.3038],[-70.0527,-38.3052]]}},{"type":"Feature","properties":{"nombre":"Río Grande","tipo":"Río"},"geometry":{"type":"LineString","coordinates":[[-69.7167,-36.0494],[-69.7219,-36.0527],[-69.7227,-36.0574]]}},{"type":"Feature","properties":{"nombre":"Río Neuquén","tipo":"Río"},"geometry":{"type":"LineString","coordinates":[[-69.604,-38.4232],[-69.5982,-38.4367]]}},{"type":"Feature","properties":{"nombre":null,"tipo":null},"geometry":{"type":"LineString","coordinates":[[-70.5431,-37.2316],[-70.5364,-37.2462],[-70.5252,-37.2598]]}},{"type":"Feature","properties":{"nombre":"Río Salado","tipo":"Río"},"geometry":{"type":"LineString","coordinates":[[-70.0639,-38.259],[-70.0582,-38.262],[-70.058,-38.2688]]}},{"type":"Feature","properties":{"nombre":"Río Agrio","tipo":"Río"},"geometry":{"type":"LineString","coordinates":[[-70.6388,-37.8125],[-70.6274,-37.8203]]}},{"type":"Feature","properties":{"nombre":"Río Limay","tipo":"Río"},"geometry":{"type":"LineString","coordinates":[[-68.5475,-39.0727],[-68.5431,-39.0671],[-68.5293,-39.066]]}},{"type":"Feature","properties":{"nombre":"Arroyo Chacaico","tipo":"Arroyo"},"geometry":{"type":"LineString","coordinates":[[-70.5179,-36.4612],[-70.5318,-36.4625]]}},{"type":"Feature","properties":{"nombre":"Río Neuquén","tipo":"Río"},"geometry":{"type":"LineString","coordinates":[[-70.2818,-37.3949],[-70.2646,-37.3998],[-70.2526,-37.3972],[-70.2462,-37.4021]]}},{"type":"Feature","properties":{"nombre":"Arroyo Pichachén","tipo":"Arroyo"},"geometry":{"type":"LineString","coordinates":[[-71.1104,-37.4361],[-71.1051,-37.4363],[-71.0951,-37.4276]]}},{"type":"Feature","properties":{"nombre":"Río Chimehuín","tipo":"Río"},"geometry":{"type":"LineString","coordinates":[[-70.8273,-40.06],[-70.8153,-40.0621]]}},{"type":"Feature","properties":{"nombre":"Río Guañacos","tipo":"Río"},"geometry":{"type":"LineString","coordinates":[[-70.8856,-37.2853],[-70.8707,-37.2779]]}},{"type":"Feature","properties":{"nombre":"Río Curi Leuvú","tipo":"Río"},"geometry":{"type":"LineString","coordinates":[[-70.325,-37.2734],[-70.3228,-37.2766],[-70.3128,-37.2775],[-70.3089,-37.2822]]}},{"type":"Feature","properties":{"nombre":"Río Neuquén","tipo":"Río"},"geometry":{"type":"LineString","coordinates":[[-70.6287,-37.1168],[-70.6285,-37.1218],[-70.6239,-37.1241]]}},{"type":"Feature","properties":{"nombre":"Río Neuquén","tipo":"Río"},"geometry":{"type":"LineString","coordinates":[[-70.689,-37.1987],[-70.695,-37.2114],[-70.6953,-37.225]]}},{"type":"Feature","properties":{"nombre":"Arroyo Colorado","tipo":"Arroyo"},"geometry":{"type":"LineString","coordinates":[[-71.0136,-36.5774],[-71.0033,-36.5813]]}},{"type":"Feature","properties":{"nombre":"Arroyo de la Quebrada del León","tipo":"Arroyo"},"geometry":{"type":"LineString","coordinates":[[-70.9923,-37.6112],[-70.9895,-37.6193],[-70.9933,-37.6318],[-70.9813,-37.6543]]}},{"type":"Feature","properties":{"nombre":"Río Colorado","tipo":"Río"},"geometry":{"type":"LineString","coordinates":[[-69.2777,-37.1468],[-69.264,-37.1509]]}},{"type":"Feature","properties":{"nombre":null,"tipo":null},"geometry":{"type":"LineString","coordinates":[[-70.9205,-37.6845],[-70.9049,-37.6712],[-70.8867,-37.6667]]}},{"type":"Feature","properties":{"nombre":"Río Catán Lil","tipo":"Río"},"geometry":{"type":"LineString","coordinates":[[-70.6979,-39.7508],[-70.6977,-39.7608],[-70.7021,-39.7655],[-70.7141,-39.762],[-70.731,-39.7673]]}},{"type":"Feature","properties":{"nombre":"Río Curi Leuvú","tipo":"Río"},"geometry":{"type":"LineString","coordinates":[[-70.3023,-37.2835],[-70.2776,-37.2851]]}},{"type":"Feature","properties":{"nombre":"Arroyo Hualcupén","tipo":"Arroyo"},"geometry":{"type":"LineString","coordinates":[[-70.9193,-37.9468],[-70.8908,-37.9444]]}},{"type":"Feature","properties":{"nombre":"Río Agrio","tipo":"Río"},"geometry":{"type":"LineString","coordinates":[[-70.818,-37.7886],[-70.79,-37.7876],[-70.7763,-37.7841],[-70.7608,-37.7692]]}},{"type":"Feature","properties":{"nombre":"Río Aluminé","tipo":"Río"},"geometry":{"type":"LineString","coordinates":[[-70.9588,-39.5445],[-70.955,-39.5496],[-70.9561,-39.553],[-70.9685,-39.5572]]}},{"type":"Feature","properties":{"nombre":"Río Picunleo","tipo":"Río"},"geometry":{"type":"LineString","coordinates":[[-71.0,-37.5434],[-70.9967,-37.5418],[-70.9944,-37.5453],[-70.9868,-37.5458]]}},{"type":"Feature","properties":{"nombre":"Arroyo Pichiñire","tipo":"Arroyo"},"geometry":{"type":"LineString","coordinates":[[-70.7043,-36.7775],[-70.7039,-36.7949]]}},{"type":"Feature","properties":{"nombre":"Arroyo Chacal de Afuera","tipo":"Arroyo"},"geometry":{"type":"LineString","coordinates":[[-70.7982,-38.2221],[-70.7718,-38.2178],[-70.7636,-38.2136],[-70.7275,-38.2132]]}},{"type":"Feature","properties":{"nombre":null,"tipo":null},"geometry":{"type":"LineString","coordinates":[[-68.1348,-38.9774],[-68.1184,-38.9783]]}},{"type":"Feature","properties":{"nombre":"Río Limay","tipo":"Río"},"geometry":{"type":"LineString","coordinates":[[-68.3645,-39.0103],[-68.3661,-39.0049],[-68.3616,-39.0013]]}},{"type":"Feature","properties":{"nombre":"Arroyo Quemquemtreu","tipo":"Arroyo"},"geometry":{"type":"LineString","coordinates":[[-71.0519,-40.1952],[-71.0436,-40.2022]]}},{"type":"Feature","properties":{"nombre":"Arroyo de los Baños","tipo":"Arroyo"},"geometry":{"type":"LineString","coordinates":[[-71.0902,-37.8069],[-71.064,-37.7942],[-71.0609,-37.7894]]}},{"type":"Feature","properties":{"nombre":"Arroyo Pichi Neuquén","tipo":"Arroyo"},"geometry":{"type":"LineString","coordinates":[[-70.0353,-37.799],[-70.0312,-37.8023],[-70.0259,-37.8005],[-70.0245,-37.8089]]}},{"type":"Feature","properties":{"nombre":"Río Neuquén","tipo":"Río"},"geometry":{"type":"LineString","coordinates":[[-70.5867,-37.3825],[-70.5803,-37.3813],[-70.578,-37.3724]]}},{"type":"Feature","properties":{"nombre":"Arroyo Quebrada Honda","tipo":"Arroyo"},"geometry":{"type":"LineString","coordinates":[[-70.5237,-37.4177],[-70.5324,-37.4114],[-70.542,-37.3924],[-70.5468,-37.3886]]}},{"type":"Feature","properties":{"nombre":"Arroyo Limen Có","tipo":"Arroyo"},"geometry":{"type":"LineString","coordinates":[[-70.8549,-39.0239],[-70.8694,-39.0261]]}},{"type":"Feature","properties":{"nombre":"Arroyo Coihueco","tipo":"Arroyo"},"geometry":{"type":"LineString","coordinates":[[-70.2505,-38.0],[-70.2401,-37.9958]]}},{"type":"Feature","properties":{"nombre":"Arroyo Covunco","tipo":"Arroyo"},"geometry":{"type":"LineString","coordinates":[[-69.8892,-38.64],[-69.8898,-38.6376],[-69.882,-38.6368]]}},{"type":"Feature","properties":{"nombre":"Río Collón Curá","tipo":"Río"},"geometry":{"type":"LineString","coordinates":[[-70.7857,-40.0857],[-70.7857,-40.0907],[-70.7806,-40.0941]]}},{"type":"Feature","properties":{"nombre":null,"tipo":null},"geometry":{"type":"LineString","coordinates":[[-70.8466,-37.0983],[-70.8361,-37.092],[-70.8208,-37.0893]]}},{"type":"Feature","properties":{"nombre":"Arroyo Tocuyo","tipo":"Arroyo"},"geometry":{"type":"LineString","coordinates":[[-70.5181,-37.0205],[-70.5087,-37.0192]]}},{"type":"Feature","properties":{"nombre":"Arroyo Ñireco","tipo":"Arroyo"},"geometry":{"type":"LineString","coordinates":[[-70.9251,-37.4288],[-70.9053,-37.4323],[-70.8952,-37.4429],[-70.8985,-37.4484],[-70.8859,-37.4561],[-70.8516,-37.4623],[-70.8423,-37.4593]]}},{"type":"Feature","properties":{"nombre":"Río Aluminé","tipo":"Río"},"geometry":{"type":"LineString","coordinates":[[-70.9532,-39.5853],[-70.9505,-39.5826],[-70.9438,-39.5834],[-70.9351,-39.5945]]}},{"type":"Feature","properties":{"nombre":"Río Filo Hua Hum Oeste","tipo":"Río"},"geometry":{"type":"LineString","coordinates":[[-71.4104,-40.482],[-71.4029,-40.4754],[-71.3929,-40.4791],[-71.3906,-40.4833]]}},{"type":"Feature","properties":{"nombre":"Arroyo Ñorquín","tipo":"Arroyo"},"geometry":{"type":"LineString","coordinates":[[-70.615,-37.7056],[-70.6202,-37.7121],[-70.6197,-37.716],[-70.6247,-37.7182],[-70.6239,-37.722]]}},{"type":"Feature","properties":{"nombre":"Arroyo de los Pinos","tipo":"Arroyo"},"geometry":{"type":"LineString","coordinates":[[-71.5167,-39.8811],[-71.5038,-39.8915]]}},{"type":"Feature","properties":{"nombre":"Arroyo Mulichincó","tipo":"Arroyo"},"geometry":{"type":"LineString","coordinates":[[-70.5218,-38.0139],[-70.5272,-38.0087]]}},{"type":"Feature","properties":{"nombre":null,"tipo":null},"geometry":{"type":"LineString","coordinates":[[-70.7243,-39.2082],[-70.7122,-39.2175],[-70.6984,-39.221],[-70.6961,-39.2252]]}},{"type":"Feature","properties":{"nombre":"Río Neuquén","tipo":"Río"},"geometry":{"type":"LineString","coordinates":[[-68.3514,-38.6133],[-68.3433,-38.6188]]}},{"type":"Feature","properties":{"nombre":"Río Neuquén","tipo":"Río"},"geometry":{"type":"LineString","coordinates":[[-68.3297,-38.6342],[-68.3235,-38.645],[-68.32,-38.6461]]}},{"type":"Feature","properties":{"nombre":"Arroyo Pancú Lehué","tipo":"Arroyo"},"geometry":{"type":"LineString","coordinates":[[-70.3424,-36.0979],[-70.3406,-36.1007],[-70.3442,-36.1106],[-70.3403,-36.1167],[-70.341,-36.1286],[-70.3302,-36.1382]]}},{"type":"Feature","properties":{"nombre":"Arroyo Panqueco","tipo":"Arroyo"},"geometry":{"type":"LineString","coordinates":[[-70.7038,-37.5814],[-70.7246,-37.5822],[-70.7355,-37.5784],[-70.7419,-37.5805]]}},{"type":"Feature","properties":{"nombre":"Río Aluminé","tipo":"Río"},"geometry":{"type":"LineString","coordinates":[[-70.9275,-39.3552],[-70.9336,-39.3653]]}},{"type":"Feature","properties":{"nombre":"Río Grande","tipo":"Río"},"geometry":{"type":"LineString","coordinates":[[-69.7143,-36.028],[-69.7104,-36.0311],[-69.7113,-36.0362]]}},{"type":"Feature","properties":{"nombre":"Río Grande","tipo":"Río"},"geometry":{"type":"LineString","coordinates":[[-69.6928,-36.1353],[-69.6931,-36.1288],[-69.6973,-36.1236]]}},{"type":"Feature","properties":{"nombre":"Arroyo Buta Mallín","tipo":"Arroyo"},"geometry":{"type":"LineString","coordinates":[[-70.9116,-38.0203],[-70.8956,-38.0203]]}},{"type":"Feature","properties":{"nombre":"Río Grande","tipo":"Río"},"geometry":{"type":"LineString","coordinates":[[-69.6507,-36.2532],[-69.6416,-36.2604]]}},{"type":"Feature","properties":{"nombre":"Arroyo Carrín Curá","tipo":"Arroyo"},"geometry":{"type":"LineString","coordinates":[[-70.53,-40.0388],[-70.5236,-40.0418],[-70.5121,-40.0408]]}},{"type":"Feature","properties":{"nombre":"Río Aluminé","tipo":"Río"},"geometry":{"type":"LineString","coordinates":[[-70.9366,-39.1567],[-70.933,-39.1713],[-70.9301,-39.1728]]}},{"type":"Feature","properties":{"nombre":"Río Neuquén","tipo":"Río"},"geometry":{"type":"LineString","coordinates":[[-68.1154,-38.7974],[-68.1099,-38.8002],[-68.1124,-38.8042],[-68.1069,-38.804]]}},{"type":"Feature","properties":{"nombre":"Arroyo El Cholar","tipo":"Arroyo"},"geometry":{"type":"LineString","coordinates":[[-70.6526,-37.4402],[-70.6438,-37.4372],[-70.6355,-37.4241]]}},{"type":"Feature","properties":{"nombre":"Arroyo Colipilli","tipo":"Arroyo"},"geometry":{"type":"LineString","coordinates":[[-70.2534,-37.7448],[-70.2389,-37.7411]]}},{"type":"Feature","properties":{"nombre":"Río Catán Lil","tipo":"Río"},"geometry":{"type":"LineString","coordinates":[[-70.5816,-39.7178],[-70.5853,-39.7211],[-70.584,-39.7256]]}},{"type":"Feature","properties":{"nombre":"Arroyo Angosto","tipo":"Arroyo"},"geometry":{"type":"LineString","coordinates":[[-71.0795,-37.1435],[-71.0846,-37.1498],[-71.0786,-37.1524],[-71.0758,-37.1705],[-71.0699,-37.1843],[-71.0672,-37.2074]]}},{"type":"Feature","properties":{"nombre":"Río Catán Lil","tipo":"Río"},"geometry":{"type":"LineString","coordinates":[[-70.6825,-39.2349],[-70.6774,-39.2356],[-70.6751,-39.2401]]}},{"type":"Feature","properties":{"nombre":"Arroyo Huanuco","tipo":"Arroyo"},"geometry":{"type":"LineString","coordinates":[[-70.8742,-37.8461],[-70.8439,-37.8557],[-70.8122,-37.8601],[-70.7869,-37.8605],[-70.7792,-37.8566],[-70.7656,-37.8607]]}},{"type":"Feature","properties":{"nombre":null,"tipo":null},"geometry":{"type":"LineString","coordinates":[[-70.6054,-37.2354],[-70.6293,-37.2546]]}},{"type":"Feature","properties":{"nombre":null,"tipo":null},"geometry":{"type":"LineString","coordinates":[[-70.8748,-37.2524],[-70.8622,-37.2514],[-70.8542,-37.2573]]}},{"type":"Feature","properties":{"nombre":"Arroyo El Cholar","tipo":"Arroyo"},"geometry":{"type":"LineString","coordinates":[[-70.6375,-37.4196],[-70.6489,-37.4053],[-70.6595,-37.4029],[-70.6707,-37.3831]]}},{"type":"Feature","properties":{"nombre":"Arroyo Liu Cullín","tipo":"Arroyo"},"geometry":{"type":"LineString","coordinates":[[-69.8721,-36.0603],[-69.8674,-36.0692],[-69.8514,-36.0784]]}},{"type":"Feature","properties":{"nombre":"Arroyo Pilo Lil","tipo":"Arroyo"},"geometry":{"type":"LineString","coordinates":[[-70.9551,-39.6593],[-70.9374,-39.6568]]}},{"type":"Feature","properties":{"nombre":"Río Limay","tipo":"Río"},"geometry":{"type":"LineString","coordinates":[[-68.541,-39.0784],[-68.5191,-39.0757]]}},{"type":"Feature","properties":{"nombre":null,"tipo":null},"geometry":{"type":"LineString","coordinates":[[-71.0455,-37.2658],[-71.0303,-37.2578]]}},{"type":"Feature","properties":{"nombre":"Río Pichi Neuquén","tipo":"Río"},"geometry":{"type":"LineString","coordinates":[[-70.8779,-36.6126],[-70.8662,-36.6155]]}},{"type":"Feature","properties":{"nombre":"Arroyo Chapúa","tipo":"Arroyo"},"geometry":{"type":"LineString","coordinates":[[-70.2609,-37.245],[-70.2654,-37.2536],[-70.2752,-37.2555]]}},{"type":"Feature","properties":{"nombre":"Arroyo La Leona","tipo":"Arroyo"},"geometry":{"type":"LineString","coordinates":[[-70.0183,-36.0281],[-70.0082,-36.0208],[-70.0,-36.0217]]}},{"type":"Feature","properties":{"nombre":"Arroyo La Llamada","tipo":"Arroyo"},"geometry":{"type":"LineString","coordinates":[[-70.629,-37.528],[-70.6228,-37.5203]]}},{"type":"Feature","properties":{"nombre":"Arroyo Lumabia","tipo":"Arroyo"},"geometry":{"type":"LineString","coordinates":[[-71.0106,-36.8055],[-71.0138,-36.8098],[-71.0112,-36.8178]]}},{"type":"Feature","properties":{"nombre":"Río Curi Leuvú","tipo":"Río"},"geometry":{"type":"LineString","coordinates":[[-70.3619,-37.2266],[-70.3462,-37.2337]]}},{"type":"Feature","properties":{"nombre":"Arroyo Chacayco","tipo":"Arroyo"},"geometry":{"type":"LineString","coordinates":[[-70.0961,-37.401],[-70.1013,-37.4086],[-70.099,-37.4118],[-70.101,-37.4181]]}},{"type":"Feature","properties":{"nombre":"Arroyo Tricao Malal","tipo":"Arroyo"},"geometry":{"type":"LineString","coordinates":[[-70.1995,-37.0],[-70.2,-37.0033],[-70.2064,-37.0053],[-70.2194,-37.0]]}},{"type":"Feature","properties":{"nombre":"Río Agrio","tipo":"Río"},"geometry":{"type":"LineString","coordinates":[[-70.5861,-37.897],[-70.58,-37.9037],[-70.5829,-37.9158]]}},{"type":"Feature","properties":{"nombre":"Río Agrio","tipo":"Río"},"geometry":{"type":"LineString","coordinates":[[-70.5857,-37.9734],[-70.5896,-37.9757],[-70.5869,-37.9828],[-70.5899,-37.9878]]}},{"type":"Feature","properties":{"nombre":"Arroyo Pincheira","tipo":"Arroyo"},"geometry":{"type":"LineString","coordinates":[[-71.0512,-36.8217],[-71.0481,-36.8356],[-71.0521,-36.8404],[-71.0508,-36.8441]]}},{"type":"Feature","properties":{"nombre":"Río Grande","tipo":"Río"},"geometry":{"type":"LineString","coordinates":[[-69.7373,-36.0015],[-69.7356,-36.0056],[-69.7306,-36.0065],[-69.7311,-36.0109],[-69.7258,-36.0172]]}},{"type":"Feature","properties":{"nombre":"Río Neuquén","tipo":"Río"},"geometry":{"type":"LineString","coordinates":[[-68.8404,-38.3719],[-68.8335,-38.3688],[-68.8275,-38.376]]}},{"type":"Feature","properties":{"nombre":"Arroyo Buta Mallín","tipo":"Arroyo"},"geometry":{"type":"LineString","coordinates":[[-70.7604,-38.0486],[-70.7376,-38.048],[-70.7201,-38.0538],[-70.7031,-38.055]]}},{"type":"Feature","properties":{"nombre":null,"tipo":null},"geometry":{"type":"LineString","coordinates":[[-70.8399,-37.1194],[-70.8194,-37.1223],[-70.7856,-37.1333]]}},{"type":"Feature","properties":{"nombre":"Arroyo El Pino","tipo":"Arroyo"},"geometry":{"type":"LineString","coordinates":[[-70.6434,-37.8715],[-70.6347,-37.8767]]}},{"type":"Feature","properties":{"nombre":"Río Neuquén","tipo":"Río"},"geometry":{"type":"LineString","coordinates":[[-69.8013,-38.0636],[-69.7985,-38.0698],[-69.8017,-38.0783],[-69.8144,-38.0844]]}},{"type":"Feature","properties":{"nombre":"Río Neuquén","tipo":"Río"},"geometry":{"type":"LineString","coordinates":[[-70.7744,-36.6833],[-70.7665,-36.6926]]}},{"type":"Feature","properties":{"nombre":"Río Limay","tipo":"Río"},"geometry":{"type":"LineString","coordinates":[[-69.6129,-39.8114],[-69.6012,-39.8138],[-69.5806,-39.8032],[-69.569,-39.8069]]}},{"type":"Feature","properties":{"nombre":"Arroyo Yumu - Yumu","tipo":"Arroyo"},"geometry":{"type":"LineString","coordinates":[[-70.8879,-38.1956],[-70.8752,-38.195]]}},{"type":"Feature","properties":{"nombre":"Arroyo Calmuco","tipo":"Arroyo"},"geometry":{"type":"LineString","coordinates":[[-69.8372,-36.4639],[-69.8547,-36.4516],[-69.865,-36.4498]]}},{"type":"Feature","properties":{"nombre":"Arroyo Manzano","tipo":"Arroyo"},"geometry":{"type":"LineString","coordinates":[[-70.8108,-38.1317],[-70.7901,-38.1271]]}},{"type":"Feature","properties":{"nombre":"Arroyo La Llamada","tipo":"Arroyo"},"geometry":{"type":"LineString","coordinates":[[-70.6349,-37.5533],[-70.6343,-37.5415]]}},{"type":"Feature","properties":{"nombre":null,"tipo":null},"geometry":{"type":"LineString","coordinates":[[-70.9062,-37.0238],[-70.8922,-37.0129]]}},{"type":"Feature","properties":{"nombre":"Arroyo Coihueco","tipo":"Arroyo"},"geometry":{"type":"LineString","coordinates":[[-70.1702,-38.045],[-70.171,-38.0517],[-70.1552,-38.0577]]}},{"type":"Feature","properties":{"nombre":"Arroyo Pichi Picún Leufú","tipo":"Arroyo"},"geometry":{"type":"LineString","coordinates":[[-70.4826,-39.1579],[-70.4763,-39.1632],[-70.4636,-39.1635]]}},{"type":"Feature","properties":{"nombre":"Río Limay","tipo":"Río"},"geometry":{"type":"LineString","coordinates":[[-68.3786,-39.0145],[-68.3645,-39.0103]]}},{"type":"Feature","properties":{"nombre":"Arroyo Huaraco","tipo":"Arroyo"},"geometry":{"type":"LineString","coordinates":[[-70.9106,-37.1025],[-70.8917,-37.1115],[-70.8734,-37.1126],[-70.8642,-37.1101]]}},{"type":"Feature","properties":{"nombre":"Río Curi Leuvú","tipo":"Río"},"geometry":{"type":"LineString","coordinates":[[-70.3229,-37.261],[-70.325,-37.2734]]}},{"type":"Feature","properties":{"nombre":"Río Salado","tipo":"Río"},"geometry":{"type":"LineString","coordinates":[[-70.058,-38.2688],[-70.0589,-38.275],[-70.0537,-38.2759],[-70.0538,-38.2828]]}},{"type":"Feature","properties":{"nombre":"Río Curi Leuvú","tipo":"Río"},"geometry":{"type":"LineString","coordinates":[[-70.4121,-37.0124],[-70.419,-37.0211]]}},{"type":"Feature","properties":{"nombre":"Río Neuquén","tipo":"Río"},"geometry":{"type":"LineString","coordinates":[[-69.0,-38.4979],[-68.9944,-38.4919],[-68.9887,-38.4927]]}},{"type":"Feature","properties":{"nombre":"Arroyo Guaico","tipo":"Arroyo"},"geometry":{"type":"LineString","coordinates":[[-70.8497,-37.5381],[-70.8457,-37.5438],[-70.8344,-37.5392],[-70.818,-37.5199]]}},{"type":"Feature","properties":{"nombre":null,"tipo":null},"geometry":{"type":"LineString","coordinates":[[-70.7115,-37.6341],[-70.7043,-37.6317],[-70.6979,-37.6228],[-70.6985,-37.6174],[-70.6869,-37.609],[-70.6883,-37.6045],[-70.6974,-37.6017],[-70.701,-37.5954],[-70.6992,-37.5855]]}},{"type":"Feature","properties":{"nombre":null,"tipo":null},"geometry":{"type":"LineString","coordinates":[[-70.9205,-37.1889],[-70.9327,-37.2039]]}},{"type":"Feature","properties":{"nombre":"Arroyo Colimichicó","tipo":"Arroyo"},"geometry":{"type":"LineString","coordinates":[[-70.5778,-36.9305],[-70.5828,-36.9411],[-70.5905,-36.9438]]}},{"type":"Feature","properties":{"nombre":"Arroyo Rahueco","tipo":"Arroyo"},"geometry":{"type":"LineString","coordinates":[[-70.4734,-37.4733],[-70.4687,-37.4675],[-70.4622,-37.4656]]}},{"type":"Feature","properties":{"nombre":"Arroyo Manzano Norte","tipo":"Arroyo"},"geometry":{"type":"LineString","coordinates":[[-70.585,-36.8434],[-70.5952,-36.8494],[-70.6079,-36.8489],[-70.6137,-36.8454],[-70.6307,-36.8445],[-70.638,-36.8383],[-70.6528,-36.839]]}},{"type":"Feature","properties":{"nombre":null,"tipo":null},"geometry":{"type":"LineString","coordinates":[[-70.925,-37.2629],[-70.9,-37.2581],[-70.8866,-37.2601]]}},{"type":"Feature","properties":{"nombre":null,"tipo":null},"geometry":{"type":"LineString","coordinates":[[-70.8585,-37.4882],[-70.8414,-37.4899],[-70.8325,-37.5008]]}},{"type":"Feature","properties":{"nombre":"Río Limay","tipo":"Río"},"geometry":{"type":"LineString","coordinates":[[-68.0743,-38.9944],[-68.0761,-38.9909],[-68.0696,-38.9852]]}},{"type":"Feature","properties":{"nombre":"Arroyo Pichaihue","tipo":"Arroyo"},"geometry":{"type":"LineString","coordinates":[[-70.2233,-37.7723],[-70.2268,-37.7601]]}},{"type":"Feature","properties":{"nombre":null,"tipo":null},"geometry":{"type":"LineString","coordinates":[[-71.0,-37.1575],[-70.9888,-37.1561]]}},{"type":"Feature","properties":{"nombre":"Río Neuquén","tipo":"Río"},"geometry":{"type":"LineString","coordinates":[[-70.2601,-37.3991],[-70.2462,-37.4021]]}},{"type":"Feature","properties":{"nombre":"Arroyo Truqui-Có","tipo":"Arroyo"},"geometry":{"type":"LineString","coordinates":[[-70.3714,-37.4943],[-70.3536,-37.4831]]}},{"type":"Feature","properties":{"nombre":"Río Varvarco","tipo":"Río"},"geometry":{"type":"LineString","coordinates":[[-70.6917,-36.7693],[-70.6979,-36.7965]]}},{"type":"Feature","properties":{"nombre":"Río Limay","tipo":"Río"},"geometry":{"type":"LineString","coordinates":[[-68.0475,-38.9842],[-68.0385,-38.999]]}},{"type":"Feature","properties":{"nombre":"Río Negro","tipo":"Río"},"geometry":{"type":"LineString","coordinates":[[-67.7692,-39.0624],[-67.7568,-39.0713],[-67.7513,-39.0716]]}},{"type":"Feature","properties":{"nombre":"Río Filo Hua Hum Oeste","tipo":"Río"},"geometry":{"type":"LineString","coordinates":[[-71.3642,-40.4891],[-71.3563,-40.4865],[-71.3507,-40.4886]]}},{"type":"Feature","properties":{"nombre":"Arroyo Cajón Choroyes","tipo":"Arroyo"},"geometry":{"type":"LineString","coordinates":[[-70.5175,-36.3609],[-70.5221,-36.3502],[-70.5326,-36.3446]]}},{"type":"Feature","properties":{"nombre":"Arroyo Llamuco","tipo":"Arroyo"},"geometry":{"type":"LineString","coordinates":[[-70.8548,-39.2012],[-70.8653,-39.2007]]}},{"type":"Feature","properties":{"nombre":"Arroyo Quetruco","tipo":"Arroyo"},"geometry":{"type":"LineString","coordinates":[[-70.7319,-37.6314],[-70.7425,-37.6244]]}},{"type":"Feature","properties":{"nombre":"Arroyo Atreuco","tipo":"Arroyo"},"geometry":{"type":"LineString","coordinates":[[-70.6208,-36.7179],[-70.6391,-36.7244],[-70.6408,-36.7327],[-70.648,-36.7364]]}},{"type":"Feature","properties":{"nombre":"Río Neuquén","tipo":"Río"},"geometry":{"type":"LineString","coordinates":[[-68.2068,-38.7101],[-68.2027,-38.7128],[-68.204,-38.7172],[-68.1979,-38.7252],[-68.1796,-38.7242]]}},{"type":"Feature","properties":{"nombre":"Arroyo Chacay Melehué","tipo":"Arroyo"},"geometry":{"type":"LineString","coordinates":[[-70.4193,-37.2555],[-70.4071,-37.2562]]}},{"type":"Feature","properties":{"nombre":"Arroyo Cajón de la Burra","tipo":"Arroyo"},"geometry":{"type":"LineString","coordinates":[[-70.5508,-36.2923],[-70.5548,-36.3019],[-70.5692,-36.3186]]}},{"type":"Feature","properties":{"nombre":"Río Grande","tipo":"Río"},"geometry":{"type":"LineString","coordinates":[[-69.7059,-36.0941],[-69.7142,-36.083]]}},{"type":"Feature","properties":{"nombre":"Arroyo Chacay Melehué","tipo":"Arroyo"},"geometry":{"type":"LineString","coordinates":[[-70.4037,-37.2531],[-70.397,-37.245]]}},{"type":"Feature","properties":{"nombre":"Arroyo Los Cardos","tipo":"Arroyo"},"geometry":{"type":"LineString","coordinates":[[-70.8414,-37.2019],[-70.8377,-37.2079],[-70.8296,-37.212]]}},{"type":"Feature","properties":{"nombre":"Río Collón Curá","tipo":"Río"},"geometry":{"type":"LineString","coordinates":[[-70.726,-40.1539],[-70.7276,-40.1569],[-70.7236,-40.1646]]}},{"type":"Feature","properties":{"nombre":"Río Agrio","tipo":"Río"},"geometry":{"type":"LineString","coordinates":[[-70.9463,-37.8179],[-70.9378,-37.8173],[-70.9347,-37.8115]]}},{"type":"Feature","properties":{"nombre":"Río Aluminé","tipo":"Río"},"geometry":{"type":"LineString","coordinates":[[-70.9504,-39.1291],[-70.9504,-39.1382],[-70.9359,-39.1398]]}},{"type":"Feature","properties":{"nombre":"Río Aluminé","tipo":"Río"},"geometry":{"type":"LineString","coordinates":[[-70.9653,-39.0713],[-70.9733,-39.0562]]}},{"type":"Feature","properties":{"nombre":"Arroyo Tranqueras","tipo":"Arroyo"},"geometry":{"type":"LineString","coordinates":[[-70.707,-36.5947],[-70.6964,-36.6023],[-70.686,-36.6051],[-70.6703,-36.6221]]}},{"type":"Feature","properties":{"nombre":null,"tipo":null},"geometry":{"type":"LineString","coordinates":[[-71.0245,-37.274],[-71.0116,-37.2715]]}},{"type":"Feature","properties":{"nombre":null,"tipo":null},"geometry":{"type":"LineString","coordinates":[[-70.5721,-37.0958],[-70.5734,-37.1064]]}},{"type":"Feature","properties":{"nombre":"Río Nahueve","tipo":"Río"},"geometry":{"type":"LineString","coordinates":[[-70.7501,-37.1549],[-70.7475,-37.1624],[-70.7425,-37.1636]]}},{"type":"Feature","properties":{"nombre":"Río Agrio","tipo":"Río"},"geometry":{"type":"LineString","coordinates":[[-69.7846,-38.3224],[-69.78,-38.3283],[-69.774,-38.3263]]}},{"type":"Feature","properties":{"nombre":"Arroyo Ñireco","tipo":"Arroyo"},"geometry":{"type":"LineString","coordinates":[[-70.4225,-39.1038],[-70.4138,-39.1001]]}},{"type":"Feature","properties":{"nombre":"Río Neuquén","tipo":"Río"},"geometry":{"type":"LineString","coordinates":[[-68.082,-38.8471],[-68.083,-38.8514],[-68.094,-38.8575]]}},{"type":"Feature","properties":{"nombre":"Arroyo Malal Huaca","tipo":"Arroyo"},"geometry":{"type":"LineString","coordinates":[[-69.8448,-36.2182],[-69.8575,-36.21]]}},{"type":"Feature","properties":{"nombre":"Arroyo El Huecú","tipo":"Arroyo"},"geometry":{"type":"LineString","coordinates":[[-70.58,-37.6384],[-70.5819,-37.6423],[-70.5848,-37.6416],[-70.5818,-37.6499],[-70.5872,-37.6524],[-70.5896,-37.6637],[-70.5964,-37.6667]]}},{"type":"Feature","properties":{"nombre":"Río Catán Lil","tipo":"Río"},"geometry":{"type":"LineString","coordinates":[[-70.6723,-39.397],[-70.6636,-39.4055]]}},{"type":"Feature","properties":{"nombre":"Río Varvarco","tipo":"Río"},"geometry":{"type":"LineString","coordinates":[[-70.6979,-36.7965],[-70.6923,-36.8091],[-70.6761,-36.8232]]}},{"type":"Feature","properties":{"nombre":"Arroyo Huarenchenque","tipo":"Arroyo"},"geometry":{"type":"LineString","coordinates":[[-70.8187,-38.3223],[-70.8066,-38.3217]]}},{"type":"Feature","properties":{"nombre":"Río Limay","tipo":"Río"},"geometry":{"type":"LineString","coordinates":[[-69.9733,-39.9881],[-69.9758,-39.9799],[-69.9707,-39.9775]]}},{"type":"Feature","properties":{"nombre":"Arroyo Ñorquín","tipo":"Arroyo"},"geometry":{"type":"LineString","coordinates":[[-70.5862,-37.6917],[-70.594,-37.6956]]}},{"type":"Feature","properties":{"nombre":"Arroyo Hualcupén","tipo":"Arroyo"},"geometry":{"type":"LineString","coordinates":[[-70.8709,-37.9453],[-70.8188,-37.9501],[-70.8051,-37.9452]]}},{"type":"Feature","properties":{"nombre":"Arroyo Varvarco","tipo":"Arroyo"},"geometry":{"type":"LineString","coordinates":[[-70.5725,-36.1788],[-70.5637,-36.1955],[-70.598,-36.22],[-70.6033,-36.2313],[-70.6002,-36.2418]]}},{"type":"Feature","properties":{"nombre":"Río Limay","tipo":"Río"},"geometry":{"type":"LineString","coordinates":[[-68.5741,-39.0935],[-68.5637,-39.0788]]}},{"type":"Feature","properties":{"nombre":"Río Limay","tipo":"Río"},"geometry":{"type":"LineString","coordinates":[[-69.9623,-39.9738],[-69.955,-39.9682],[-69.9536,-39.9633]]}},{"type":"Feature","properties":{"nombre":"Arroyo Carreri","tipo":"Arroyo"},"geometry":{"type":"LineString","coordinates":[[-70.4154,-38.8815],[-70.4167,-38.8791],[-70.4106,-38.8693],[-70.403,-38.8662],[-70.3947,-38.8543],[-70.3839,-38.8555],[-70.3827,-38.8532]]}},{"type":"Feature","properties":{"nombre":"Río Hermoso","tipo":"Río"},"geometry":{"type":"LineString","coordinates":[[-71.445,-40.3381],[-71.4399,-40.3405],[-71.4372,-40.3374],[-71.4326,-40.3417]]}},{"type":"Feature","properties":{"nombre":"Río Neuquén","tipo":"Río"},"geometry":{"type":"LineString","coordinates":[[-69.5662,-38.4455],[-69.5642,-38.4504],[-69.5576,-38.4513]]}},{"type":"Feature","properties":{"nombre":null,"tipo":null},"geometry":{"type":"LineString","coordinates":[[-70.3128,-39.1654],[-70.3045,-39.1661]]}},{"type":"Feature","properties":{"nombre":"Río Neuquén","tipo":"Río"},"geometry":{"type":"LineString","coordinates":[[-68.0037,-38.9773],[-68.0119,-38.978],[-68.0062,-38.9849]]}},{"type":"Feature","properties":{"nombre":"Arroyo Calmuco","tipo":"Arroyo"},"geometry":{"type":"LineString","coordinates":[[-69.7859,-36.5327],[-69.794,-36.5339],[-69.798,-36.5314]]}},{"type":"Feature","properties":{"nombre":"Arroyo Quilachanquil","tipo":"Arroyo"},"geometry":{"type":"LineString","coordinates":[[-70.7445,-39.0892],[-70.7629,-39.1085],[-70.7784,-39.113],[-70.7964,-39.1015],[-70.825,-39.0926]]}},{"type":"Feature","properties":{"nombre":null,"tipo":null},"geometry":{"type":"LineString","coordinates":[[-70.9415,-37.219],[-70.9252,-37.2095]]}},{"type":"Feature","properties":{"nombre":"Arroyo Chacaico","tipo":"Arroyo"},"geometry":{"type":"LineString","coordinates":[[-70.5318,-36.4625],[-70.5434,-36.4638],[-70.547,-36.4695],[-70.5446,-36.4759],[-70.5474,-36.4833]]}},{"type":"Feature","properties":{"nombre":"Arroyo Ñireco","tipo":"Arroyo"},"geometry":{"type":"LineString","coordinates":[[-70.7902,-36.7457],[-70.7888,-36.7515],[-70.7923,-36.7566]]}},{"type":"Feature","properties":{"nombre":"Río Limay","tipo":"Río"},"geometry":{"type":"LineString","coordinates":[[-68.3401,-38.9985],[-68.3264,-38.995]]}},{"type":"Feature","properties":{"nombre":"Río Agrio","tipo":"Río"},"geometry":{"type":"LineString","coordinates":[[-69.7359,-38.3435],[-69.7269,-38.3458]]}},{"type":"Feature","properties":{"nombre":"Río Neuquén","tipo":"Río"},"geometry":{"type":"LineString","coordinates":[[-69.7334,-38.2366],[-69.7236,-38.2386]]}},{"type":"Feature","properties":{"nombre":null,"tipo":null},"geometry":{"type":"LineString","coordinates":[[-70.9251,-37.2189],[-70.9181,-37.212]]}},{"type":"Feature","properties":{"nombre":null,"tipo":null},"geometry":{"type":"LineString","coordinates":[[-70.9632,-37.0407],[-70.9725,-37.0342]]}},{"type":"Feature","properties":{"nombre":"Río Neuquén","tipo":"Río"},"geometry":{"type":"LineString","coordinates":[[-70.3342,-37.3748],[-70.312,-37.3727],[-70.3076,-37.3753]]}},{"type":"Feature","properties":{"nombre":"Río Malleo","tipo":"Río"},"geometry":{"type":"LineString","coordinates":[[-70.8927,-39.83],[-70.8845,-39.8282],[-70.8783,-39.8348],[-70.8703,-39.833]]}},{"type":"Feature","properties":{"nombre":"Arroyo Vaca Lauquen","tipo":"Arroyo"},"geometry":{"type":"LineString","coordinates":[[-71.0497,-36.8646],[-71.0402,-36.869]]}},{"type":"Feature","properties":{"nombre":"Arroyo Coehue - Co","tipo":"Arroyo"},"geometry":{"type":"LineString","coordinates":[[-69.8493,-36.1472],[-69.8664,-36.1512],[-69.8813,-36.1495],[-69.9101,-36.1377],[-69.9142,-36.1322],[-69.929,-36.1284]]}},{"type":"Feature","properties":{"nombre":"Río Collón Curá","tipo":"Río"},"geometry":{"type":"LineString","coordinates":[[-70.6641,-40.2242],[-70.6421,-40.2336]]}},{"type":"Feature","properties":{"nombre":"Río Limay","tipo":"Río"},"geometry":{"type":"LineString","coordinates":[[-68.6991,-39.2377],[-68.6876,-39.2326],[-68.6813,-39.2252]]}},{"type":"Feature","properties":{"nombre":null,"tipo":null},"geometry":{"type":"LineString","coordinates":[[-70.9774,-37.7485],[-70.9805,-37.7327],[-70.9943,-37.7204]]}},{"type":"Feature","properties":{"nombre":"Río Aluminé","tipo":"Río"},"geometry":{"type":"LineString","coordinates":[[-70.8328,-39.9457],[-70.8307,-39.9503],[-70.8355,-39.9505]]}},{"type":"Feature","properties":{"nombre":"Arroyo Hualcupén","tipo":"Arroyo"},"geometry":{"type":"LineString","coordinates":[[-70.9731,-37.9579],[-70.9656,-37.9577]]}},{"type":"Feature","properties":{"nombre":"Río Pulmarí","tipo":"Río"},"geometry":{"type":"LineString","coordinates":[[-71.2163,-39.1388],[-71.2058,-39.1369]]}},{"type":"Feature","properties":{"nombre":null,"tipo":null},"geometry":{"type":"LineString","coordinates":[[-71.0188,-37.236],[-71.013,-37.256],[-71.021,-37.2635]]}},{"type":"Feature","properties":{"nombre":null,"tipo":null},"geometry":{"type":"LineString","coordinates":[[-69.8955,-36.1294],[-69.8832,-36.1268],[-69.8691,-36.1319],[-69.862,-36.1391],[-69.8546,-36.1393],[-69.8493,-36.1472]]}},{"type":"Feature","properties":{"nombre":"Río Colorado","tipo":"Río"},"geometry":{"type":"LineString","coordinates":[[-69.0478,-37.3014],[-69.0507,-37.3107],[-69.0489,-37.3133]]}},{"type":"Feature","properties":{"nombre":null,"tipo":null},"geometry":{"type":"LineString","coordinates":[[-70.51,-37.0389],[-70.5105,-37.0538]]}},{"type":"Feature","properties":{"nombre":"Arroyo Butahuao","tipo":"Arroyo"},"geometry":{"type":"LineString","coordinates":[[-70.9513,-38.1833],[-70.9342,-38.1916],[-70.9327,-38.1951]]}},{"type":"Feature","properties":{"nombre":null,"tipo":null},"geometry":{"type":"LineString","coordinates":[[-70.9451,-37.0471],[-70.9343,-37.0445],[-70.9268,-37.0337]]}},{"type":"Feature","properties":{"nombre":"Arroyo Yumu - Yumu","tipo":"Arroyo"},"geometry":{"type":"LineString","coordinates":[[-70.8498,-38.1887],[-70.836,-38.1868]]}},{"type":"Feature","properties":{"nombre":null,"tipo":null},"geometry":{"type":"LineString","coordinates":[[-70.6349,-37.076],[-70.6377,-37.081],[-70.6349,-37.085]]}},{"type":"Feature","properties":{"nombre":null,"tipo":null},"geometry":{"type":"LineString","coordinates":[[-70.6064,-39.0742],[-70.5962,-39.076],[-70.5868,-39.0711],[-70.5778,-39.0567],[-70.566,-39.0464]]}},{"type":"Feature","properties":{"nombre":"Río Neuquén","tipo":"Río"},"geometry":{"type":"LineString","coordinates":[[-69.7092,-38.3542],[-69.7018,-38.3557],[-69.6997,-38.359],[-69.7052,-38.3688]]}},{"type":"Feature","properties":{"nombre":"Río Guañacos","tipo":"Río"},"geometry":{"type":"LineString","coordinates":[[-70.9064,-37.2846],[-70.8967,-37.2823]]}},{"type":"Feature","properties":{"nombre":"Arroyo Picún Leufú","tipo":"Arroyo"},"geometry":{"type":"LineString","coordinates":[[-70.1924,-39.1904],[-70.1864,-39.1943],[-70.1883,-39.1972]]}},{"type":"Feature","properties":{"nombre":"Arroyo Pichi Neuquén","tipo":"Arroyo"},"geometry":{"type":"LineString","coordinates":[[-70.0257,-37.8104],[-70.0278,-37.8169]]}},{"type":"Feature","properties":{"nombre":"Arroyo Feo","tipo":"Arroyo"},"geometry":{"type":"LineString","coordinates":[[-70.8659,-38.0853],[-70.8258,-38.0846]]}},{"type":"Feature","properties":{"nombre":null,"tipo":null},"geometry":{"type":"LineString","coordinates":[[-70.9183,-37.2338],[-70.9038,-37.229]]}},{"type":"Feature","properties":{"nombre":"Arroyo Mulichincó","tipo":"Arroyo"},"geometry":{"type":"LineString","coordinates":[[-70.4633,-38.0215],[-70.471,-38.0237],[-70.477,-38.0212]]}},{"type":"Feature","properties":{"nombre":"Arroyo Picún Leufú","tipo":"Arroyo"},"geometry":{"type":"LineString","coordinates":[[-70.3829,-39.1301],[-70.3645,-39.1193],[-70.3609,-39.1203]]}},{"type":"Feature","properties":{"nombre":"Arroyo Tricahueras","tipo":"Arroyo"},"geometry":{"type":"LineString","coordinates":[[-70.3219,-38.0346],[-70.3215,-38.0281],[-70.3172,-38.0238]]}},{"type":"Feature","properties":{"nombre":null,"tipo":null},"geometry":{"type":"LineString","coordinates":[[-70.9648,-37.0726],[-70.9824,-37.0643]]}},{"type":"Feature","properties":{"nombre":"Arroyo Coehue Melehue","tipo":"Arroyo"},"geometry":{"type":"LineString","coordinates":[[-69.7805,-36.3369],[-69.7674,-36.3365]]}},{"type":"Feature","properties":{"nombre":"Arroyo Torrentoso","tipo":"Arroyo"},"geometry":{"type":"LineString","coordinates":[[-71.0143,-37.7317],[-71.0048,-37.7169]]}},{"type":"Feature","properties":{"nombre":null,"tipo":null},"geometry":{"type":"LineString","coordinates":[[-70.5981,-37.1195],[-70.6118,-37.1112]]}},{"type":"Feature","properties":{"nombre":"Río Salado","tipo":"Río"},"geometry":{"type":"LineString","coordinates":[[-70.0667,-38.2516],[-70.0696,-38.2534],[-70.0639,-38.259]]}},{"type":"Feature","properties":{"nombre":"Río Catán Lil","tipo":"Río"},"geometry":{"type":"LineString","coordinates":[[-70.6924,-39.2282],[-70.6825,-39.2349]]}},{"type":"Feature","properties":{"nombre":"Arroyo Calmuco","tipo":"Arroyo"},"geometry":{"type":"LineString","coordinates":[[-69.7492,-36.4932],[-69.7407,-36.4918]]}},{"type":"Feature","properties":{"nombre":"Arroyo Chuchiuma","tipo":"Arroyo"},"geometry":{"type":"LineString","coordinates":[[-71.0232,-40.3417],[-71.0131,-40.3486]]}},{"type":"Feature","properties":{"nombre":"Río Grande","tipo":"Río"},"geometry":{"type":"LineString","coordinates":[[-69.6732,-36.3214],[-69.6672,-36.3141],[-69.667,-36.3075],[-69.6579,-36.3003],[-69.659,-36.2938]]}},{"type":"Feature","properties":{"nombre":"Arroyo Ranquilón","tipo":"Arroyo"},"geometry":{"type":"LineString","coordinates":[[-70.531,-37.7952],[-70.5465,-37.8138]]}},{"type":"Feature","properties":{"nombre":"Río Colorado","tipo":"Río"},"geometry":{"type":"LineString","coordinates":[[-69.0462,-37.3014],[-69.0441,-37.3054],[-69.0476,-37.3095]]}},{"type":"Feature","properties":{"nombre":null,"tipo":null},"geometry":{"type":"LineString","coordinates":[[-70.5987,-37.0469],[-70.6064,-37.0457],[-70.6131,-37.0398]]}},{"type":"Feature","properties":{"nombre":"Arroyo Tocuyo","tipo":"Arroyo"},"geometry":{"type":"LineString","coordinates":[[-70.5325,-37.023],[-70.5208,-37.0191]]}},{"type":"Feature","properties":{"nombre":"Arroyo Ranquilón","tipo":"Arroyo"},"geometry":{"type":"LineString","coordinates":[[-70.5219,-37.7887],[-70.5312,-37.794]]}},{"type":"Feature","properties":{"nombre":"Río Limay","tipo":"Río"},"geometry":{"type":"LineString","coordinates":[[-69.4725,-39.7739],[-69.4699,-39.7689],[-69.46,-39.7682]]}},{"type":"Feature","properties":{"nombre":"Arroyo Huaraco","tipo":"Arroyo"},"geometry":{"type":"LineString","coordinates":[[-70.8642,-37.1101],[-70.8554,-37.1047],[-70.8291,-37.1152],[-70.8026,-37.1158],[-70.7762,-37.129]]}},{"type":"Feature","properties":{"nombre":null,"tipo":null},"geometry":{"type":"LineString","coordinates":[[-70.8695,-37.0677],[-70.8671,-37.0561],[-70.8607,-37.0468]]}},{"type":"Feature","properties":{"nombre":null,"tipo":null},"geometry":{"type":"LineString","coordinates":[[-70.9331,-39.0432],[-70.9458,-39.0509],[-70.9456,-39.0582],[-70.9513,-39.0609],[-70.9564,-39.0686],[-70.9653,-39.0713]]}},{"type":"Feature","properties":{"nombre":null,"tipo":null},"geometry":{"type":"LineString","coordinates":[[-70.7274,-37.6334],[-70.7257,-37.6406],[-70.7212,-37.6417],[-70.7187,-37.6546],[-70.7138,-37.6586],[-70.7158,-37.6667]]}},{"type":"Feature","properties":{"nombre":"Río Neuquén","tipo":"Río"},"geometry":{"type":"LineString","coordinates":[[-70.6214,-37.3581],[-70.6159,-37.3628],[-70.6176,-37.3722],[-70.6137,-37.3776]]}},{"type":"Feature","properties":{"nombre":"Río Curi Leuvú","tipo":"Río"},"geometry":{"type":"LineString","coordinates":[[-70.4163,-37.0239],[-70.4178,-37.0288],[-70.4144,-37.0335]]}},{"type":"Feature","properties":{"nombre":"Arroyo Matancilla","tipo":"Arroyo"},"geometry":{"type":"LineString","coordinates":[[-70.63,-36.7521],[-70.6385,-36.7634]]}},{"type":"Feature","properties":{"nombre":"Río Varvarco","tipo":"Río"},"geometry":{"type":"LineString","coordinates":[[-70.6322,-36.695],[-70.6351,-36.6949],[-70.6367,-36.7],[-70.6449,-36.6997]]}},{"type":"Feature","properties":{"nombre":"Arroyo Ailinco","tipo":"Arroyo"},"geometry":{"type":"LineString","coordinates":[[-70.1685,-36.2317],[-70.1754,-36.2411],[-70.1719,-36.2532]]}},{"type":"Feature","properties":{"nombre":null,"tipo":null},"geometry":{"type":"LineString","coordinates":[[-70.8146,-37.6532],[-70.8159,-37.6491],[-70.8243,-37.6442]]}},{"type":"Feature","properties":{"nombre":"Arroyo Covunco","tipo":"Arroyo"},"geometry":{"type":"LineString","coordinates":[[-69.8432,-38.6243],[-69.8316,-38.6228]]}},{"type":"Feature","properties":{"nombre":"Arroyo Calmuco","tipo":"Arroyo"},"geometry":{"type":"LineString","coordinates":[[-69.9928,-36.5531],[-69.9786,-36.5439]]}},{"type":"Feature","properties":{"nombre":"Río Limay","tipo":"Río"},"geometry":{"type":"LineString","coordinates":[[-69.5853,-39.8148],[-69.5743,-39.814]]}},{"type":"Feature","properties":{"nombre":null,"tipo":null},"geometry":{"type":"LineString","coordinates":[[-70.8373,-37.0756],[-70.8293,-37.0666],[-70.8277,-37.059],[-70.8164,-37.0483],[-70.8117,-37.0371]]}},{"type":"Feature","properties":{"nombre":"Río Neuquén","tipo":"Río"},"geometry":{"type":"LineString","coordinates":[[-70.6925,-36.9862],[-70.6908,-36.9952],[-70.6961,-36.9956],[-70.6966,-36.9991]]}},{"type":"Feature","properties":{"nombre":"Río Agrio","tipo":"Río"},"geometry":{"type":"LineString","coordinates":[[-70.5922,-38.1841],[-70.5991,-38.1908]]}},{"type":"Feature","properties":{"nombre":"Río Neuquén","tipo":"Río"},"geometry":{"type":"LineString","coordinates":[[-68.0514,-38.9122],[-68.0487,-38.9219],[-68.0424,-38.9256],[-68.041,-38.9333]]}},{"type":"Feature","properties":{"nombre":"Río Neuquén","tipo":"Río"},"geometry":{"type":"LineString","coordinates":[[-69.6262,-38.4272],[-69.6119,-38.4211],[-69.604,-38.4232]]}},{"type":"Feature","properties":{"nombre":"Río Caleufú","tipo":"Río"},"geometry":{"type":"LineString","coordinates":[[-71.0405,-40.4274],[-71.0453,-40.4274],[-71.048,-40.4332],[-71.0515,-40.434]]}},{"type":"Feature","properties":{"nombre":"Arroyo Calmuco","tipo":"Arroyo"},"geometry":{"type":"LineString","coordinates":[[-69.7155,-36.4964],[-69.7039,-36.4994]]}},{"type":"Feature","properties":{"nombre":"Arroyo Llamuco","tipo":"Arroyo"},"geometry":{"type":"LineString","coordinates":[[-70.7877,-39.1606],[-70.793,-39.1701]]}},{"type":"Feature","properties":{"nombre":"Arroyo Taquimilán","tipo":"Arroyo"},"geometry":{"type":"LineString","coordinates":[[-70.2582,-37.5288],[-70.2555,-37.5136],[-70.2511,-37.5122],[-70.2506,-37.5068],[-70.2402,-37.5015]]}},{"type":"Feature","properties":{"nombre":"Río Malleo","tipo":"Río"},"geometry":{"type":"LineString","coordinates":[[-71.1185,-39.7503],[-71.1052,-39.7528]]}},{"type":"Feature","properties":{"nombre":null,"tipo":null},"geometry":{"type":"LineString","coordinates":[[-70.7952,-37.1868],[-70.7777,-37.1718]]}},{"type":"Feature","properties":{"nombre":"Río Malleo","tipo":"Río"},"geometry":{"type":"LineString","coordinates":[[-70.9201,-39.8359],[-70.9098,-39.836]]}},{"type":"Feature","properties":{"nombre":null,"tipo":null},"geometry":{"type":"LineString","coordinates":[[-70.5267,-37.1546],[-70.5,-37.1601]]}},{"type":"Feature","properties":{"nombre":null,"tipo":null},"geometry":{"type":"LineString","coordinates":[[-70.8578,-37.0558],[-70.8527,-37.0514],[-70.8403,-37.0483],[-70.8394,-37.0416]]}},{"type":"Feature","properties":{"nombre":"Río Grande","tipo":"Río"},"geometry":{"type":"LineString","coordinates":[[-69.6968,-36.6207],[-69.6996,-36.6266],[-69.7067,-36.6238]]}},{"type":"Feature","properties":{"nombre":"Río Meliquina","tipo":"Río"},"geometry":{"type":"LineString","coordinates":[[-71.2357,-40.4696],[-71.2335,-40.4728],[-71.2386,-40.4797],[-71.2266,-40.4812]]}},{"type":"Feature","properties":{"nombre":"Río Neuquén","tipo":"Río"},"geometry":{"type":"LineString","coordinates":[[-70.3255,-37.3716],[-70.3108,-37.3713],[-70.3076,-37.3753]]}},{"type":"Feature","properties":{"nombre":null,"tipo":null},"geometry":{"type":"LineString","coordinates":[[-70.716,-37.7003],[-70.7111,-37.7072],[-70.6941,-37.716]]}},{"type":"Feature","properties":{"nombre":"Arroyo Matancilla","tipo":"Arroyo"},"geometry":{"type":"LineString","coordinates":[[-70.6651,-36.7841],[-70.6637,-36.794]]}},{"type":"Feature","properties":{"nombre":"Arroyo Cajón Nuevo","tipo":"Arroyo"},"geometry":{"type":"LineString","coordinates":[[-71.098,-37.1025],[-71.0879,-37.1043]]}},{"type":"Feature","properties":{"nombre":"Río Agrio","tipo":"Río"},"geometry":{"type":"LineString","coordinates":[[-70.59,-37.9486],[-70.5869,-37.954],[-70.591,-37.956],[-70.5921,-37.9608]]}},{"type":"Feature","properties":{"nombre":"Río San Isidro","tipo":"Río"},"geometry":{"type":"LineString","coordinates":[[-71.4228,-40.3962],[-71.4128,-40.408],[-71.404,-40.4119],[-71.3903,-40.4337]]}},{"type":"Feature","properties":{"nombre":null,"tipo":null},"geometry":{"type":"LineString","coordinates":[[-70.6219,-37.493],[-70.6001,-37.4973]]}},{"type":"Feature","properties":{"nombre":"Arroyo Los Patos","tipo":"Arroyo"},"geometry":{"type":"LineString","coordinates":[[-71.1031,-37.1004],[-71.1087,-37.0978],[-71.1104,-37.0775],[-71.1012,-37.0588]]}},{"type":"Feature","properties":{"nombre":"Arroyo El Salto","tipo":"Arroyo"},"geometry":{"type":"LineString","coordinates":[[-70.8288,-37.0768],[-70.8151,-37.0713],[-70.8017,-37.0702]]}},{"type":"Feature","properties":{"nombre":null,"tipo":null},"geometry":{"type":"LineString","coordinates":[[-70.8243,-37.6442],[-70.8306,-37.639],[-70.8309,-37.6299]]}},{"type":"Feature","properties":{"nombre":"Arroyo Ñorquín","tipo":"Arroyo"},"geometry":{"type":"LineString","coordinates":[[-70.5444,-37.6795],[-70.5571,-37.6779]]}},{"type":"Feature","properties":{"nombre":"Río Neuquén","tipo":"Río"},"geometry":{"type":"LineString","coordinates":[[-69.7673,-38.1224],[-69.7622,-38.1289],[-69.7648,-38.1354]]}},{"type":"Feature","properties":{"nombre":null,"tipo":null},"geometry":{"type":"LineString","coordinates":[[-68.9422,-38.446],[-68.9528,-38.4432]]}},{"type":"Feature","properties":{"nombre":"Río Colorado","tipo":"Río"},"geometry":{"type":"LineString","coordinates":[[-69.176,-37.1781],[-69.1662,-37.182],[-69.1631,-37.187]]}},{"type":"Feature","properties":{"nombre":"Arroyo Romero","tipo":"Arroyo"},"geometry":{"type":"LineString","coordinates":[[-70.9038,-38.3081],[-70.8934,-38.3051]]}},{"type":"Feature","properties":{"nombre":"Arroyo Picún Leufú","tipo":"Arroyo"},"geometry":{"type":"LineString","coordinates":[[-70.4375,-39.1556],[-70.424,-39.1476]]}},{"type":"Feature","properties":{"nombre":null,"tipo":null},"geometry":{"type":"LineString","coordinates":[[-70.5845,-37.1737],[-70.6139,-37.1646]]}},{"type":"Feature","properties":{"nombre":null,"tipo":null},"geometry":{"type":"LineString","coordinates":[[-70.3805,-39.167],[-70.3696,-39.1656],[-70.3634,-39.1693],[-70.3536,-39.1686],[-70.3369,-39.1635]]}},{"type":"Feature","properties":{"nombre":"Arroyo Pichi Neuquén","tipo":"Arroyo"},"geometry":{"type":"LineString","coordinates":[[-70.1607,-37.7355],[-70.1543,-37.7375],[-70.146,-37.734]]}},{"type":"Feature","properties":{"nombre":"Arroyo Quintuco","tipo":"Arroyo"},"geometry":{"type":"LineString","coordinates":[[-70.1303,-38.186],[-70.1196,-38.1899],[-70.1211,-38.1942],[-70.1129,-38.1922]]}},{"type":"Feature","properties":{"nombre":null,"tipo":null},"geometry":{"type":"LineString","coordinates":[[-70.8879,-37.2406],[-70.8909,-37.2246]]}},{"type":"Feature","properties":{"nombre":"Arroyo Pilunchaya","tipo":"Arroyo"},"geometry":{"type":"LineString","coordinates":[[-71.1529,-37.6518],[-71.1513,-37.6608]]}},{"type":"Feature","properties":{"nombre":"Arroyo Trohunco","tipo":"Arroyo"},"geometry":{"type":"LineString","coordinates":[[-70.9042,-37.1527],[-70.896,-37.1533],[-70.8756,-37.1634],[-70.8667,-37.1616],[-70.8528,-37.1672],[-70.8448,-37.1663],[-70.8295,-37.1768]]}},{"type":"Feature","properties":{"nombre":"Río Neuquén","tipo":"Río"},"geometry":{"type":"LineString","coordinates":[[-70.6063,-37.3744],[-70.5963,-37.3696],[-70.5893,-37.3704],[-70.5867,-37.3825]]}},{"type":"Feature","properties":{"nombre":"Arroyo Quintuco","tipo":"Arroyo"},"geometry":{"type":"LineString","coordinates":[[-70.2996,-38.1402],[-70.2889,-38.146],[-70.2829,-38.1458],[-70.2832,-38.1482]]}},{"type":"Feature","properties":{"nombre":null,"tipo":null},"geometry":{"type":"LineString","coordinates":[[-70.9041,-37.1302],[-70.8961,-37.1257],[-70.8945,-37.1192]]}},{"type":"Feature","properties":{"nombre":"Arroyo Blanco","tipo":"Arroyo"},"geometry":{"type":"LineString","coordinates":[[-70.9827,-37.1559],[-70.9689,-37.1644],[-70.9689,-37.1766]]}},{"type":"Feature","properties":{"nombre":"Arroyo Huarenchenque","tipo":"Arroyo"},"geometry":{"type":"LineString","coordinates":[[-70.6195,-38.269],[-70.6153,-38.2664],[-70.6108,-38.2687]]}},{"type":"Feature","properties":{"nombre":"Río Curi Leuvú","tipo":"Río"},"geometry":{"type":"LineString","coordinates":[[-70.3883,-37.0685],[-70.3796,-37.0744]]}},{"type":"Feature","properties":{"nombre":"Río Neuquén","tipo":"Río"},"geometry":{"type":"LineString","coordinates":[[-70.7622,-36.7154],[-70.765,-36.7213],[-70.7618,-36.731]]}},{"type":"Feature","properties":{"nombre":"Río Hermoso","tipo":"Río"},"geometry":{"type":"LineString","coordinates":[[-71.4526,-40.3496],[-71.4505,-40.3469],[-71.4531,-40.3463],[-71.447,-40.3398]]}},{"type":"Feature","properties":{"nombre":"Río Colorado","tipo":"Río"},"geometry":{"type":"LineString","coordinates":[[-69.5597,-37.1637],[-69.5504,-37.1642]]}},{"type":"Feature","properties":{"nombre":null,"tipo":null},"geometry":{"type":"LineString","coordinates":[[-70.9693,-37.3029],[-70.9677,-37.2924]]}},{"type":"Feature","properties":{"nombre":"Arroyo Huarenchenque","tipo":"Arroyo"},"geometry":{"type":"LineString","coordinates":[[-70.7452,-38.3188],[-70.7328,-38.3159]]}},{"type":"Feature","properties":{"nombre":null,"tipo":null},"geometry":{"type":"LineString","coordinates":[[-70.8806,-37.2546],[-70.8795,-37.2577],[-70.886,-37.2611]]}},{"type":"Feature","properties":{"nombre":"Río Neuquén","tipo":"Río"},"geometry":{"type":"LineString","coordinates":[[-68.5433,-38.4922],[-68.5377,-38.494],[-68.5354,-38.501]]}},{"type":"Feature","properties":{"nombre":"Arroyo Memanque","tipo":"Arroyo"},"geometry":{"type":"LineString","coordinates":[[-70.6137,-37.0626],[-70.6292,-37.0616]]}},{"type":"Feature","properties":{"nombre":"Arroyo Tricahueras","tipo":"Arroyo"},"geometry":{"type":"LineString","coordinates":[[-70.2961,-38.0049],[-70.2757,-38.0049]]}},{"type":"Feature","properties":{"nombre":"Río Chimehuín","tipo":"Río"},"geometry":{"type":"LineString","coordinates":[[-70.9242,-40.0912],[-70.9319,-40.1024],[-70.9468,-40.1064]]}},{"type":"Feature","properties":{"nombre":"Arroyo El Manzano","tipo":"Arroyo"},"geometry":{"type":"LineString","coordinates":[[-70.4848,-37.6249],[-70.4683,-37.6216]]}},{"type":"Feature","properties":{"nombre":"Arroyo Pichi Picún Leufú","tipo":"Arroyo"},"geometry":{"type":"LineString","coordinates":[[-70.4901,-39.141],[-70.4826,-39.1579]]}},{"type":"Feature","properties":{"nombre":"Arroyo Huayilón","tipo":"Arroyo"},"geometry":{"type":"LineString","coordinates":[[-70.4234,-38.299],[-70.4285,-38.3061]]}},{"type":"Feature","properties":{"nombre":"Arroyo Picún Leufú","tipo":"Arroyo"},"geometry":{"type":"LineString","coordinates":[[-70.5,-39.1709],[-70.4933,-39.1662],[-70.4801,-39.1649]]}},{"type":"Feature","properties":{"nombre":"Río Agrio","tipo":"Río"},"geometry":{"type":"LineString","coordinates":[[-70.9209,-37.8091],[-70.9086,-37.8096]]}},{"type":"Feature","properties":{"nombre":"Río Guañacos","tipo":"Río"},"geometry":{"type":"LineString","coordinates":[[-70.8707,-37.2779],[-70.8651,-37.2796],[-70.8579,-37.2771]]}},{"type":"Feature","properties":{"nombre":"Arroyo Covunco","tipo":"Arroyo"},"geometry":{"type":"LineString","coordinates":[[-69.6332,-38.4943],[-69.6244,-38.4874],[-69.6237,-38.4831]]}},{"type":"Feature","properties":{"nombre":"Arroyo Huanuco","tipo":"Arroyo"},"geometry":{"type":"LineString","coordinates":[[-70.9009,-37.8401],[-70.8811,-37.8463]]}},{"type":"Feature","properties":{"nombre":"Arroyo Pincheira","tipo":"Arroyo"},"geometry":{"type":"LineString","coordinates":[[-71.0628,-36.8],[-71.0604,-36.8073],[-71.0499,-36.8177]]}},{"type":"Feature","properties":{"nombre":"Río Guañacos","tipo":"Río"},"geometry":{"type":"LineString","coordinates":[[-71.0,-37.2803],[-70.9759,-37.2917],[-70.9385,-37.2902]]}},{"type":"Feature","properties":{"nombre":"Arroyo Picún Leufú","tipo":"Arroyo"},"geometry":{"type":"LineString","coordinates":[[-70.6255,-39.1278],[-70.6108,-39.1457]]}},{"type":"Feature","properties":{"nombre":"Arroyo Butahuao","tipo":"Arroyo"},"geometry":{"type":"LineString","coordinates":[[-70.9932,-38.1319],[-70.9829,-38.1395]]}},{"type":"Feature","properties":{"nombre":"Arroyo Tricahueras","tipo":"Arroyo"},"geometry":{"type":"LineString","coordinates":[[-70.3374,-38.0529],[-70.3293,-38.0444]]}},{"type":"Feature","properties":{"nombre":"Río Picunleo","tipo":"Río"},"geometry":{"type":"LineString","coordinates":[[-71.0602,-37.5429],[-71.0439,-37.5392],[-71.0354,-37.5408]]}},{"type":"Feature","properties":{"nombre":"Arroyo Loncopué","tipo":"Arroyo"},"geometry":{"type":"LineString","coordinates":[[-70.6655,-38.0543],[-70.6518,-38.0596]]}},{"type":"Feature","properties":{"nombre":null,"tipo":null},"geometry":{"type":"LineString","coordinates":[[-71.0802,-37.1312],[-71.0638,-37.1292],[-71.0604,-37.133]]}},{"type":"Feature","properties":{"nombre":"Arroyo Butalón","tipo":"Arroyo"},"geometry":{"type":"LineString","coordinates":[[-70.6178,-36.964],[-70.6282,-36.964]]}},{"type":"Feature","properties":{"nombre":"Río Neuquén","tipo":"Río"},"geometry":{"type":"LineString","coordinates":[[-68.1216,-38.7728],[-68.1202,-38.7814],[-68.1234,-38.7857],[-68.118,-38.7912]]}},{"type":"Feature","properties":{"nombre":null,"tipo":null},"geometry":{"type":"LineString","coordinates":[[-71.0381,-37.1692],[-71.027,-37.1904],[-71.0123,-37.1934]]}},{"type":"Feature","properties":{"nombre":null,"tipo":null},"geometry":{"type":"LineString","coordinates":[[-70.1671,-37.4887],[-70.168,-37.4861],[-70.1624,-37.4805]]}},{"type":"Feature","properties":{"nombre":"Río Neuquén","tipo":"Río"},"geometry":{"type":"LineString","coordinates":[[-70.6464,-37.3501],[-70.6414,-37.3504],[-70.6337,-37.3598],[-70.6297,-37.3585]]}},{"type":"Feature","properties":{"nombre":"Arroyo Memanque","tipo":"Arroyo"},"geometry":{"type":"LineString","coordinates":[[-70.5673,-37.0497],[-70.5657,-37.0556],[-70.5842,-37.0611]]}},{"type":"Feature","properties":{"nombre":null,"tipo":null},"geometry":{"type":"LineString","coordinates":[[-70.8827,-37.1569],[-70.8673,-37.1616]]}},{"type":"Feature","properties":{"nombre":null,"tipo":null},"geometry":{"type":"LineString","coordinates":[[-70.8589,-37.1763],[-70.8533,-37.1738],[-70.8416,-37.1751],[-70.8369,-37.1821],[-70.8246,-37.1846],[-70.8154,-37.1925],[-70.8024,-37.1914],[-70.7952,-37.1868]]}},{"type":"Feature","properties":{"nombre":"Arroyo Torta Frita","tipo":"Arroyo"},"geometry":{"type":"LineString","coordinates":[[-70.8786,-39.6348],[-70.8766,-39.6531]]}},{"type":"Feature","properties":{"nombre":"Arroyo Covunco","tipo":"Arroyo"},"geometry":{"type":"LineString","coordinates":[[-70.1154,-38.7849],[-70.127,-38.7821]]}},{"type":"Feature","properties":{"nombre":"Río Curi Leuvú","tipo":"Río"},"geometry":{"type":"LineString","coordinates":[[-70.2856,-37.3838],[-70.2732,-37.3671],[-70.273,-37.3597],[-70.2773,-37.3578]]}},{"type":"Feature","properties":{"nombre":"Arroyo Los Molles","tipo":"Arroyo"},"geometry":{"type":"LineString","coordinates":[[-70.401,-39.2527],[-70.3813,-39.2519]]}},{"type":"Feature","properties":{"nombre":"Río Neuquén","tipo":"Río"},"geometry":{"type":"LineString","coordinates":[[-70.6931,-36.9487],[-70.6998,-36.9554]]}},{"type":"Feature","properties":{"nombre":"Arroyo Manzano Escondido","tipo":"Arroyo"},"geometry":{"type":"LineString","coordinates":[[-70.4267,-37.55],[-70.4213,-37.5587]]}},{"type":"Feature","properties":{"nombre":"Arroyo de la Laguna","tipo":"Arroyo"},"geometry":{"type":"LineString","coordinates":[[-70.9886,-37.4897],[-70.9646,-37.5038],[-70.9635,-37.5128]]}},{"type":"Feature","properties":{"nombre":"Río Neuquén","tipo":"Río"},"geometry":{"type":"LineString","coordinates":[[-70.7619,-36.7338],[-70.7604,-36.7381],[-70.7645,-36.7432],[-70.7618,-36.7472]]}},{"type":"Feature","properties":{"nombre":null,"tipo":null},"geometry":{"type":"LineString","coordinates":[[-70.5,-37.5377],[-70.5036,-37.5341],[-70.5018,-37.5283]]}},{"type":"Feature","properties":{"nombre":"Arroyo Rezago","tipo":"Arroyo"},"geometry":{"type":"LineString","coordinates":[[-70.8458,-36.5979],[-70.8459,-36.6096],[-70.8378,-36.6147]]}},{"type":"Feature","properties":{"nombre":"Río Neuquén","tipo":"Río"},"geometry":{"type":"LineString","coordinates":[[-68.1575,-38.74],[-68.1459,-38.7455],[-68.1373,-38.7447]]}},{"type":"Feature","properties":{"nombre":"Arroyo Palao","tipo":"Arroyo"},"geometry":{"type":"LineString","coordinates":[[-70.9686,-37.1784],[-70.9696,-37.1841],[-70.9645,-37.189]]}},{"type":"Feature","properties":{"nombre":"Arroyo Quemquemtreu","tipo":"Arroyo"},"geometry":{"type":"LineString","coordinates":[[-70.9717,-40.2215],[-70.9562,-40.2247]]}},{"type":"Feature","properties":{"nombre":"Río Limay","tipo":"Río"},"geometry":{"type":"LineString","coordinates":[[-68.244,-38.9782],[-68.2254,-38.9807]]}},{"type":"Feature","properties":{"nombre":null,"tipo":null},"geometry":{"type":"LineString","coordinates":[[-71.0542,-37.1415],[-71.0442,-37.1511],[-71.0439,-37.1597],[-71.0381,-37.1692]]}},{"type":"Feature","properties":{"nombre":null,"tipo":null},"geometry":{"type":"LineString","coordinates":[[-70.9148,-37.0216],[-70.9024,-37.0129]]}},{"type":"Feature","properties":{"nombre":"Arroyo Chenque Malal","tipo":"Arroyo"},"geometry":{"type":"LineString","coordinates":[[-70.6239,-37.0979],[-70.6335,-37.0987]]}},{"type":"Feature","properties":{"nombre":"Arroyo Picún Leufú","tipo":"Arroyo"},"geometry":{"type":"LineString","coordinates":[[-69.3485,-39.5276],[-69.3376,-39.5279],[-69.3355,-39.5249],[-69.333,-39.5276],[-69.3246,-39.527],[-69.3238,-39.5299],[-69.3224,-39.5262],[-69.3136,-39.5283],[-69.3107,-39.5244],[-69.3066,-39.5268],[-69.3057,-39.5227],[-69.2949,-39.5244],[-69.2874,-39.5221],[-69.2827,-39.5277]]}},{"type":"Feature","properties":{"nombre":"Arroyo Ranquilco","tipo":"Arroyo"},"geometry":{"type":"LineString","coordinates":[[-70.8524,-37.5086],[-70.8454,-37.5015],[-70.8325,-37.5008]]}},{"type":"Feature","properties":{"nombre":"Arroyo del Nonial","tipo":"Arroyo"},"geometry":{"type":"LineString","coordinates":[[-70.481,-37.9093],[-70.4738,-37.9147]]}},{"type":"Feature","properties":{"nombre":"Río Catán Lil","tipo":"Río"},"geometry":{"type":"LineString","coordinates":[[-70.5722,-39.6751],[-70.5802,-39.6872]]}},{"type":"Feature","properties":{"nombre":"Río Neuquén","tipo":"Río"},"geometry":{"type":"LineString","coordinates":[[-70.4704,-37.362],[-70.4606,-37.3653]]}},{"type":"Feature","properties":{"nombre":"Río Negro","tipo":"Río"},"geometry":{"type":"LineString","coordinates":[[-67.5487,-39.086],[-67.5379,-39.0841]]}},{"type":"Feature","properties":{"nombre":"Arroyo Pichi Neuquén","tipo":"Arroyo"},"geometry":{"type":"LineString","coordinates":[[-70.1235,-37.7358],[-70.1138,-37.7384]]}},{"type":"Feature","properties":{"nombre":"Arroyo Manchana Co","tipo":"Arroyo"},"geometry":{"type":"LineString","coordinates":[[-70.6206,-36.9085],[-70.6313,-36.9115]]}},{"type":"Feature","properties":{"nombre":"Arroyo Chacayco","tipo":"Arroyo"},"geometry":{"type":"LineString","coordinates":[[-70.101,-37.4181],[-70.1056,-37.434]]}},{"type":"Feature","properties":{"nombre":"Río Buraleo","tipo":"Río"},"geometry":{"type":"LineString","coordinates":[[-70.9604,-37.0076],[-70.9413,-37.0]]}},{"type":"Feature","properties":{"nombre":"Arroyo Picún Leufú","tipo":"Arroyo"},"geometry":{"type":"LineString","coordinates":[[-69.4641,-39.5024],[-69.4637,-39.5061],[-69.4544,-39.5082]]}},{"type":"Feature","properties":{"nombre":"Río Limay","tipo":"Río"},"geometry":{"type":"LineString","coordinates":[[-68.0577,-38.9916],[-68.0525,-38.9903],[-68.0508,-38.9832]]}},{"type":"Feature","properties":{"nombre":null,"tipo":null},"geometry":{"type":"LineString","coordinates":[[-70.5792,-37.0503],[-70.5825,-37.0521],[-70.5842,-37.0611]]}},{"type":"Feature","properties":{"nombre":"Río Neuquén","tipo":"Río"},"geometry":{"type":"LineString","coordinates":[[-70.6608,-37.0635],[-70.6507,-37.069]]}},{"type":"Feature","properties":{"nombre":"Arroyo de la Laguna","tipo":"Arroyo"},"geometry":{"type":"LineString","coordinates":[[-71.0268,-37.4622],[-71.0212,-37.4732],[-71.0,-37.479]]}},{"type":"Feature","properties":{"nombre":null,"tipo":null},"geometry":{"type":"LineString","coordinates":[[-70.1706,-37.5691],[-70.1773,-37.5647],[-70.1863,-37.5346]]}},{"type":"Feature","properties":{"nombre":"Arroyo Los Molles","tipo":"Arroyo"},"geometry":{"type":"LineString","coordinates":[[-70.431,-39.2494],[-70.4198,-39.2531],[-70.401,-39.2527]]}},{"type":"Feature","properties":{"nombre":"Arroyo Ranquilco","tipo":"Arroyo"},"geometry":{"type":"LineString","coordinates":[[-70.7363,-38.2366],[-70.7224,-38.2267]]}},{"type":"Feature","properties":{"nombre":null,"tipo":null},"geometry":{"type":"LineString","coordinates":[[-70.758,-37.2469],[-70.7467,-37.2467],[-70.7442,-37.241],[-70.7318,-37.2385],[-70.7241,-37.2295]]}},{"type":"Feature","properties":{"nombre":"Arroyo Pichi Neuquén","tipo":"Arroyo"},"geometry":{"type":"LineString","coordinates":[[-70.0922,-37.7491],[-70.0827,-37.7482]]}},{"type":"Feature","properties":{"nombre":null,"tipo":null},"geometry":{"type":"LineString","coordinates":[[-70.9499,-37.1687],[-70.9633,-37.1822],[-70.9645,-37.189]]}},{"type":"Feature","properties":{"nombre":"Río Neuquén","tipo":"Río"},"geometry":{"type":"LineString","coordinates":[[-68.4681,-38.5457],[-68.4678,-38.5484],[-68.46,-38.5517]]}},{"type":"Feature","properties":{"nombre":null,"tipo":null},"geometry":{"type":"LineString","coordinates":[[-71.1019,-37.5897],[-71.1018,-37.5982],[-71.0937,-37.6054],[-71.0954,-37.6119],[-71.0927,-37.6146]]}},{"type":"Feature","properties":{"nombre":"Arroyo Tábanos","tipo":"Arroyo"},"geometry":{"type":"LineString","coordinates":[[-71.1518,-37.3748],[-71.1403,-37.3719]]}},{"type":"Feature","properties":{"nombre":"Arroyo Panteón de los Indios","tipo":"Arroyo"},"geometry":{"type":"LineString","coordinates":[[-70.82,-37.0855],[-70.7924,-37.0882]]}},{"type":"Feature","properties":{"nombre":"Río Hermoso","tipo":"Río"},"geometry":{"type":"LineString","coordinates":[[-71.4521,-40.3569],[-71.4563,-40.3554],[-71.4525,-40.3506]]}},{"type":"Feature","properties":{"nombre":"Arroyo El Cholar","tipo":"Arroyo"},"geometry":{"type":"LineString","coordinates":[[-70.662,-37.4848],[-70.6612,-37.4755]]}},{"type":"Feature","properties":{"nombre":"Río Colorado","tipo":"Río"},"geometry":{"type":"LineString","coordinates":[[-69.0277,-37.3593],[-69.0247,-37.3635],[-69.0165,-37.3656]]}},{"type":"Feature","properties":{"nombre":"Río Neuquén","tipo":"Río"},"geometry":{"type":"LineString","coordinates":[[-69.7933,-38.0962],[-69.7916,-38.102],[-69.7823,-38.1047]]}},{"type":"Feature","properties":{"nombre":null,"tipo":null},"geometry":{"type":"LineString","coordinates":[[-70.5944,-37.2113],[-70.5985,-37.2073],[-70.6281,-37.1978]]}},{"type":"Feature","properties":{"nombre":"Arroyo Butaco","tipo":"Arroyo"},"geometry":{"type":"LineString","coordinates":[[-70.1854,-36.5102],[-70.1749,-36.4984]]}},{"type":"Feature","properties":{"nombre":"Arroyo Chacay Melehué","tipo":"Arroyo"},"geometry":{"type":"LineString","coordinates":[[-70.5209,-37.2575],[-70.5053,-37.2554]]}},{"type":"Feature","properties":{"nombre":"Río Neuquén","tipo":"Río"},"geometry":{"type":"LineString","coordinates":[[-68.6614,-38.4218],[-68.6461,-38.4248]]}},{"type":"Feature","properties":{"nombre":"Río Chimehuín","tipo":"Río"},"geometry":{"type":"LineString","coordinates":[[-70.9002,-40.0745],[-70.8855,-40.0665],[-70.8807,-40.0674]]}},{"type":"Feature","properties":{"nombre":"Río Neuquén","tipo":"Río"},"geometry":{"type":"LineString","coordinates":[[-70.6948,-37.3333],[-70.6871,-37.3394]]}},{"type":"Feature","properties":{"nombre":"Arroyo El Manzano","tipo":"Arroyo"},"geometry":{"type":"LineString","coordinates":[[-70.4233,-37.585],[-70.4098,-37.5809]]}},{"type":"Feature","properties":{"nombre":"Arroyo Covunco","tipo":"Arroyo"},"geometry":{"type":"LineString","coordinates":[[-69.6943,-38.5099],[-69.6929,-38.5125],[-69.6854,-38.5102]]}},{"type":"Feature","properties":{"nombre":null,"tipo":null},"geometry":{"type":"LineString","coordinates":[[-70.925,-37.1761],[-70.936,-37.1778],[-70.946,-37.1959]]}},{"type":"Feature","properties":{"nombre":"Arroyo Vaca Lauquen","tipo":"Arroyo"},"geometry":{"type":"LineString","coordinates":[[-71.0,-36.8802],[-70.9776,-36.8873]]}},{"type":"Feature","properties":{"nombre":"Río Limay","tipo":"Río"},"geometry":{"type":"LineString","coordinates":[[-69.3873,-39.731],[-69.3839,-39.7215],[-69.3863,-39.7144],[-69.3823,-39.7132],[-69.3821,-39.7083],[-69.3741,-39.6994],[-69.3657,-39.6981],[-69.3645,-39.6899],[-69.3592,-39.6841],[-69.3517,-39.6821]]}},{"type":"Feature","properties":{"nombre":"Río Reñileuvú","tipo":"Río"},"geometry":{"type":"LineString","coordinates":[[-70.9052,-37.347],[-70.888,-37.3443]]}},{"type":"Feature","properties":{"nombre":"Arroyo El Pino","tipo":"Arroyo"},"geometry":{"type":"LineString","coordinates":[[-70.7986,-37.8927],[-70.775,-37.8878],[-70.7585,-37.889],[-70.7526,-37.8843],[-70.7239,-37.8925]]}},{"type":"Feature","properties":{"nombre":null,"tipo":null},"geometry":{"type":"LineString","coordinates":[[-70.6138,-39.0435],[-70.6257,-39.0389],[-70.6338,-39.0399]]}},{"type":"Feature","properties":{"nombre":"Arroyo Yao Yao","tipo":"Arroyo"},"geometry":{"type":"LineString","coordinates":[[-70.5655,-39.2344],[-70.5661,-39.2434],[-70.5713,-39.2458],[-70.5733,-39.2518]]}},{"type":"Feature","properties":{"nombre":"Arroyo Covunco","tipo":"Arroyo"},"geometry":{"type":"LineString","coordinates":[[-69.6453,-38.4958],[-69.6332,-38.4943]]}},{"type":"Feature","properties":{"nombre":"Río Nahueve","tipo":"Río"},"geometry":{"type":"LineString","coordinates":[[-70.765,-37.036],[-70.7738,-37.0417],[-70.7745,-37.0543]]}},{"type":"Feature","properties":{"nombre":"Arroyo Chaquira Co","tipo":"Arroyo"},"geometry":{"type":"LineString","coordinates":[[-69.7492,-36.4932],[-69.7563,-36.4846]]}},{"type":"Feature","properties":{"nombre":"Arroyo Copulhue","tipo":"Arroyo"},"geometry":{"type":"LineString","coordinates":[[-71.0008,-37.6667],[-71.0035,-37.6635],[-71.0,-37.6605]]}},{"type":"Feature","properties":{"nombre":"Río Guañacos","tipo":"Río"},"geometry":{"type":"LineString","coordinates":[[-70.8962,-37.2823],[-70.8894,-37.2866],[-70.8856,-37.2853]]}},{"type":"Feature","properties":{"nombre":"Arroyo Las Bandurrias","tipo":"Arroyo"},"geometry":{"type":"LineString","coordinates":[[-70.6097,-37.0724],[-70.6235,-37.0759]]}},{"type":"Feature","properties":{"nombre":null,"tipo":null},"geometry":{"type":"LineString","coordinates":[[-70.5921,-37.1203],[-70.6033,-37.1087]]}},{"type":"Feature","properties":{"nombre":"Arroyo Varvarco","tipo":"Arroyo"},"geometry":{"type":"LineString","coordinates":[[-70.6018,-36.2537],[-70.6086,-36.2753],[-70.6059,-36.2866],[-70.6167,-36.2938]]}},{"type":"Feature","properties":{"nombre":"Arroyo Yumu - Yumu","tipo":"Arroyo"},"geometry":{"type":"LineString","coordinates":[[-70.9169,-38.2099],[-70.9068,-38.204]]}},{"type":"Feature","properties":{"nombre":"Arroyo Quebrada Honda","tipo":"Arroyo"},"geometry":{"type":"LineString","coordinates":[[-70.781,-36.778],[-70.7706,-36.7893]]}},{"type":"Feature","properties":{"nombre":"Río Lileo","tipo":"Río"},"geometry":{"type":"LineString","coordinates":[[-70.9565,-37.1944],[-70.946,-37.1959]]}},{"type":"Feature","properties":{"nombre":"Río Varvarco","tipo":"Río"},"geometry":{"type":"LineString","coordinates":[[-70.6761,-36.8232],[-70.6774,-36.8341],[-70.6751,-36.8361],[-70.6782,-36.8441]]}},{"type":"Feature","properties":{"nombre":"Arroyo Covunco","tipo":"Arroyo"},"geometry":{"type":"LineString","coordinates":[[-69.7324,-38.519],[-69.7248,-38.5128],[-69.7122,-38.5169],[-69.6958,-38.5106]]}},{"type":"Feature","properties":{"nombre":"Arroyo Pichaihue","tipo":"Arroyo"},"geometry":{"type":"LineString","coordinates":[[-70.2268,-37.7601],[-70.221,-37.7572],[-70.2239,-37.7543],[-70.2218,-37.7535]]}},{"type":"Feature","properties":{"nombre":"Río Negro","tipo":"Río"},"geometry":{"type":"LineString","coordinates":[[-67.5134,-39.0835],[-67.5,-39.0833]]}},{"type":"Feature","properties":{"nombre":"Arroyo Huinganco","tipo":"Arroyo"},"geometry":{"type":"LineString","coordinates":[[-70.5525,-37.1783],[-70.5546,-37.1818],[-70.5682,-37.1868],[-70.5803,-37.1849],[-70.5842,-37.1795],[-70.6045,-37.1869],[-70.6169,-37.1794],[-70.6139,-37.1646]]}},{"type":"Feature","properties":{"nombre":null,"tipo":null},"geometry":{"type":"LineString","coordinates":[[-71.0482,-37.2585],[-71.0308,-37.2568]]}},{"type":"Feature","properties":{"nombre":"Río Neuquén","tipo":"Río"},"geometry":{"type":"LineString","coordinates":[[-70.4606,-37.3653],[-70.4574,-37.3635],[-70.4593,-37.3618],[-70.4537,-37.3482]]}},{"type":"Feature","properties":{"nombre":"Arroyo Memanque","tipo":"Arroyo"},"geometry":{"type":"LineString","coordinates":[[-70.5842,-37.0611],[-70.5911,-37.0619],[-70.5981,-37.0566],[-70.6137,-37.0626]]}},{"type":"Feature","properties":{"nombre":"Río Limay","tipo":"Río"},"geometry":{"type":"LineString","coordinates":[[-69.3255,-39.6769],[-69.3241,-39.6721],[-69.3106,-39.6677]]}},{"type":"Feature","properties":{"nombre":null,"tipo":null},"geometry":{"type":"LineString","coordinates":[[-71.012,-37.1569],[-71.0,-37.1575]]}},{"type":"Feature","properties":{"nombre":"Arroyo Pichi Neuquén","tipo":"Arroyo"},"geometry":{"type":"LineString","coordinates":[[-70.0922,-37.7491],[-70.0899,-37.7463],[-70.0827,-37.7482]]}},{"type":"Feature","properties":{"nombre":"Arroyo Carrín Curá","tipo":"Arroyo"},"geometry":{"type":"LineString","coordinates":[[-70.5495,-40.029],[-70.5347,-40.0332],[-70.53,-40.0388]]}},{"type":"Feature","properties":{"nombre":null,"tipo":null},"geometry":{"type":"LineString","coordinates":[[-70.9044,-37.6802],[-70.8895,-37.6785]]}},{"type":"Feature","properties":{"nombre":"Arroyo Guaraco Norte","tipo":"Arroyo"},"geometry":{"type":"LineString","coordinates":[[-70.569,-36.8458],[-70.5751,-36.8535],[-70.581,-36.8555]]}},{"type":"Feature","properties":{"nombre":"Arroyo Buta Mallín","tipo":"Arroyo"},"geometry":{"type":"LineString","coordinates":[[-70.7963,-38.0435],[-70.7805,-38.0476]]}},{"type":"Feature","properties":{"nombre":"Río Ocón","tipo":"Río"},"geometry":{"type":"LineString","coordinates":[[-71.6742,-39.8344],[-71.6651,-39.8231],[-71.6411,-39.822],[-71.6364,-39.8248],[-71.6239,-39.8188]]}},{"type":"Feature","properties":{"nombre":"Río Negro","tipo":"Río"},"geometry":{"type":"LineString","coordinates":[[-67.6565,-39.1089],[-67.6417,-39.1101]]}},{"type":"Feature","properties":{"nombre":"Arroyo Chacayco","tipo":"Arroyo"},"geometry":{"type":"LineString","coordinates":[[-70.0217,-37.2771],[-70.0268,-37.3054]]}},{"type":"Feature","properties":{"nombre":"Río Neuquén","tipo":"Río"},"geometry":{"type":"LineString","coordinates":[[-69.7036,-38.3444],[-69.7098,-38.352]]}},{"type":"Feature","properties":{"nombre":"Arroyo Los Menucos","tipo":"Arroyo"},"geometry":{"type":"LineString","coordinates":[[-70.5,-37.1543],[-70.4811,-37.1711]]}},{"type":"Feature","properties":{"nombre":"Arroyo Hualcupén","tipo":"Arroyo"},"geometry":{"type":"LineString","coordinates":[[-71.0287,-37.9542],[-71.0211,-37.9591]]}},{"type":"Feature","properties":{"nombre":null,"tipo":null},"geometry":{"type":"LineString","coordinates":[[-70.8355,-37.048],[-70.8291,-37.044],[-70.8289,-37.0397],[-70.8297,-37.0363],[-70.8359,-37.0356]]}},{"type":"Feature","properties":{"nombre":null,"tipo":null},"geometry":{"type":"LineString","coordinates":[[-70.5557,-37.0805],[-70.5597,-37.0881],[-70.5592,-37.1003]]}},{"type":"Feature","properties":{"nombre":"Río Negro","tipo":"Río"},"geometry":{"type":"LineString","coordinates":[[-67.8915,-39.016],[-67.8801,-39.019]]}},{"type":"Feature","properties":{"nombre":"Arroyo Las Ratoneras","tipo":"Arroyo"},"geometry":{"type":"LineString","coordinates":[[-70.9148,-37.0505],[-70.9005,-37.0383],[-70.8962,-37.0275],[-70.89,-37.0224]]}},{"type":"Feature","properties":{"nombre":"Arroyo Blanco","tipo":"Arroyo"},"geometry":{"type":"LineString","coordinates":[[-71.0755,-37.8285],[-71.0658,-37.8223],[-71.064,-37.815],[-71.0529,-37.8065],[-71.0519,-37.8025],[-71.0481,-37.8023],[-71.0469,-37.7932]]}},{"type":"Feature","properties":{"nombre":null,"tipo":null},"geometry":{"type":"LineString","coordinates":[[-69.3442,-39.6365],[-69.3425,-39.632],[-69.3332,-39.6289]]}},{"type":"Feature","properties":{"nombre":"Arroyo Guaraco Norte","tipo":"Arroyo"},"geometry":{"type":"LineString","coordinates":[[-70.6616,-36.8689],[-70.675,-36.865]]}},{"type":"Feature","properties":{"nombre":null,"tipo":null},"geometry":{"type":"LineString","coordinates":[[-70.6941,-37.716],[-70.6764,-37.7236],[-70.6711,-37.7213]]}},{"type":"Feature","properties":{"nombre":"Arroyo Manchana Covunco","tipo":"Arroyo"},"geometry":{"type":"LineString","coordinates":[[-70.5813,-36.6569],[-70.5901,-36.6522]]}},{"type":"Feature","properties":{"nombre":"Arroyo Pichiñire","tipo":"Arroyo"},"geometry":{"type":"LineString","coordinates":[[-70.7095,-36.7565],[-70.7077,-36.7625],[-70.6999,-36.7676],[-70.7043,-36.7775]]}},{"type":"Feature","properties":{"nombre":"Arroyo Manzano Quemado","tipo":"Arroyo"},"geometry":{"type":"LineString","coordinates":[[-70.8376,-37.9771],[-70.8207,-37.9759],[-70.8133,-37.972],[-70.7874,-37.9724],[-70.7566,-37.9895],[-70.7385,-37.9918],[-70.7222,-38.0]]}},{"type":"Feature","properties":{"nombre":null,"tipo":null},"geometry":{"type":"LineString","coordinates":[[-70.6025,-37.0692],[-70.6123,-37.0662],[-70.6137,-37.0626]]}},{"type":"Feature","properties":{"nombre":"Arroyo El Cholar","tipo":"Arroyo"},"geometry":{"type":"LineString","coordinates":[[-70.6612,-37.4755],[-70.6599,-37.4661],[-70.6537,-37.4551]]}},{"type":"Feature","properties":{"nombre":"Río Collón Curá","tipo":"Río"},"geometry":{"type":"LineString","coordinates":[[-70.6724,-40.2782],[-70.6646,-40.2873]]}},{"type":"Feature","properties":{"nombre":null,"tipo":null},"geometry":{"type":"LineString","coordinates":[[-70.7023,-37.653],[-70.6932,-37.6667]]}},{"type":"Feature","properties":{"nombre":"Arroyo Los Molinos","tipo":"Arroyo"},"geometry":{"type":"LineString","coordinates":[[-70.9326,-36.5727],[-70.9704,-36.5541]]}},{"type":"Feature","properties":{"nombre":"Río Negro","tipo":"Río"},"geometry":{"type":"LineString","coordinates":[[-67.9074,-38.9999],[-67.9015,-39.0029],[-67.9036,-39.0076]]}},{"type":"Feature","properties":{"nombre":"Arroyo Limen Có","tipo":"Arroyo"},"geometry":{"type":"LineString","coordinates":[[-70.8936,-39.0369],[-70.8793,-39.0308]]}},{"type":"Feature","properties":{"nombre":"Arroyo Corrales de Félix","tipo":"Arroyo"},"geometry":{"type":"LineString","coordinates":[[-70.65,-37.0144],[-70.659,-37.0152]]}},{"type":"Feature","properties":{"nombre":"Arroyo Manzano Norte","tipo":"Arroyo"},"geometry":{"type":"LineString","coordinates":[[-70.6528,-36.839],[-70.6654,-36.8471],[-70.6782,-36.8441]]}},{"type":"Feature","properties":{"nombre":"Río Neuquén","tipo":"Río"},"geometry":{"type":"LineString","coordinates":[[-68.0752,-38.8795],[-68.0706,-38.8904]]}},{"type":"Feature","properties":{"nombre":"Río San Isidro","tipo":"Río"},"geometry":{"type":"LineString","coordinates":[[-71.3051,-40.4695],[-71.2961,-40.473]]}},{"type":"Feature","properties":{"nombre":"Arroyo Torrentoso","tipo":"Arroyo"},"geometry":{"type":"LineString","coordinates":[[-70.9764,-37.6864],[-70.975,-37.6801],[-70.97,-37.6775]]}},{"type":"Feature","properties":{"nombre":"Río Salado","tipo":"Río"},"geometry":{"type":"LineString","coordinates":[[-70.0218,-38.3227],[-70.022,-38.3282],[-70.015,-38.3273]]}},{"type":"Feature","properties":{"nombre":"Río Chimehuín","tipo":"Río"},"geometry":{"type":"LineString","coordinates":[[-70.9118,-40.0875],[-70.9,-40.0788]]}},{"type":"Feature","properties":{"nombre":"Arroyo Las Varillas","tipo":"Arroyo"},"geometry":{"type":"LineString","coordinates":[[-69.828,-36.0286],[-69.8266,-36.0331],[-69.7947,-36.0461],[-69.7882,-36.0516],[-69.7892,-36.0574],[-69.7768,-36.0682],[-69.7759,-36.0786],[-69.7643,-36.0989],[-69.7425,-36.1042]]}},{"type":"Feature","properties":{"nombre":"Arroyo Chacay Melehué","tipo":"Arroyo"},"geometry":{"type":"LineString","coordinates":[[-70.4576,-37.2564],[-70.4481,-37.2547]]}},{"type":"Feature","properties":{"nombre":"Arroyo Torrentoso","tipo":"Arroyo"},"geometry":{"type":"LineString","coordinates":[[-70.9921,-37.7084],[-70.984,-37.6968]]}},{"type":"Feature","properties":{"nombre":"Arroyo Auquinco","tipo":"Arroyo"},"geometry":{"type":"LineString","coordinates":[[-70.8085,-36.8595],[-70.8029,-36.8626],[-70.8014,-36.8673]]}},{"type":"Feature","properties":{"nombre":"Río Catán Lil","tipo":"Río"},"geometry":{"type":"LineString","coordinates":[[-70.6181,-39.5101],[-70.6239,-39.5014]]}},{"type":"Feature","properties":{"nombre":null,"tipo":null},"geometry":{"type":"LineString","coordinates":[[-70.9308,-37.1126],[-70.9222,-37.1064]]}},{"type":"Feature","properties":{"nombre":"Arroyo Córdoba","tipo":"Arroyo"},"geometry":{"type":"LineString","coordinates":[[-71.2168,-40.6014],[-71.2096,-40.6003],[-71.2089,-40.5971],[-71.1778,-40.6052]]}},{"type":"Feature","properties":{"nombre":"Arroyo Ñireco","tipo":"Arroyo"},"geometry":{"type":"LineString","coordinates":[[-70.4665,-37.1162],[-70.4508,-37.1067],[-70.4403,-37.1046],[-70.4316,-37.1177],[-70.4315,-37.1232]]}},{"type":"Feature","properties":{"nombre":null,"tipo":null},"geometry":{"type":"LineString","coordinates":[[-70.9364,-37.222],[-70.9282,-37.2126]]}},{"type":"Feature","properties":{"nombre":"Río Varvarco","tipo":"Río"},"geometry":{"type":"LineString","coordinates":[[-70.6462,-36.5561],[-70.6524,-36.564]]}},{"type":"Feature","properties":{"nombre":"Arroyo del Nonial","tipo":"Arroyo"},"geometry":{"type":"LineString","coordinates":[[-70.5047,-37.8974],[-70.5234,-37.894]]}},{"type":"Feature","properties":{"nombre":"Arroyo Quemquemtreu","tipo":"Arroyo"},"geometry":{"type":"LineString","coordinates":[[-70.9837,-40.2227],[-70.9717,-40.2215]]}},{"type":"Feature","properties":{"nombre":"Río Chimehuín","tipo":"Río"},"geometry":{"type":"LineString","coordinates":[[-70.9118,-40.0875],[-70.9094,-40.0816],[-70.9009,-40.0775]]}},{"type":"Feature","properties":{"nombre":"Río Limay","tipo":"Río"},"geometry":{"type":"LineString","coordinates":[[-68.2603,-38.9796],[-68.244,-38.9782]]}},{"type":"Feature","properties":{"nombre":null,"tipo":null},"geometry":{"type":"LineString","coordinates":[[-70.5849,-37.1016],[-70.5873,-37.1103]]}},{"type":"Feature","properties":{"nombre":"Arroyo Coehue - Co","tipo":"Arroyo"},"geometry":{"type":"LineString","coordinates":[[-69.7597,-36.1807],[-69.7727,-36.1721],[-69.7726,-36.1677],[-69.7854,-36.1516],[-69.792,-36.1502],[-69.8045,-36.1536],[-69.8228,-36.1454],[-69.8493,-36.1472]]}},{"type":"Feature","properties":{"nombre":"Arroyo Matancilla","tipo":"Arroyo"},"geometry":{"type":"LineString","coordinates":[[-70.6708,-36.81],[-70.6731,-36.8183]]}},{"type":"Feature","properties":{"nombre":"Río Neuquén","tipo":"Río"},"geometry":{"type":"LineString","coordinates":[[-68.9356,-38.4538],[-68.9409,-38.4452]]}},{"type":"Feature","properties":{"nombre":"Arroyo Cajón El Huecú","tipo":"Arroyo"},"geometry":{"type":"LineString","coordinates":[[-70.5707,-37.6018],[-70.576,-37.6153]]}},{"type":"Feature","properties":{"nombre":"Arroyo Taquimilán","tipo":"Arroyo"},"geometry":{"type":"LineString","coordinates":[[-70.3599,-37.6047],[-70.3501,-37.6061]]}},{"type":"Feature","properties":{"nombre":"Arroyo Trolope","tipo":"Arroyo"},"geometry":{"type":"LineString","coordinates":[[-71.104,-37.7825],[-71.0889,-37.7818],[-71.0837,-37.7857]]}},{"type":"Feature","properties":{"nombre":"Arroyo Donaire","tipo":"Arroyo"},"geometry":{"type":"LineString","coordinates":[[-71.1005,-37.1393],[-71.1163,-37.1421],[-71.1191,-37.1514]]}},{"type":"Feature","properties":{"nombre":"Río Salado","tipo":"Río"},"geometry":{"type":"LineString","coordinates":[[-70.1094,-38.1956],[-70.1082,-38.203],[-70.1004,-38.2075]]}},{"type":"Feature","properties":{"nombre":"Río Neuquén","tipo":"Río"},"geometry":{"type":"LineString","coordinates":[[-70.5199,-37.3714],[-70.5161,-37.3709],[-70.5126,-37.3653],[-70.5042,-37.3704]]}},{"type":"Feature","properties":{"nombre":"Río Salado","tipo":"Río"},"geometry":{"type":"LineString","coordinates":[[-70.1096,-38.1254],[-70.1125,-38.1296],[-70.107,-38.1415]]}},{"type":"Feature","properties":{"nombre":"Río Neuquén","tipo":"Río"},"geometry":{"type":"LineString","coordinates":[[-70.5414,-37.3756],[-70.5383,-37.3794],[-70.5335,-37.3789],[-70.5368,-37.37]]}},{"type":"Feature","properties":{"nombre":null,"tipo":null},"geometry":{"type":"LineString","coordinates":[[-70.6433,-37.0449],[-70.6549,-37.0457],[-70.6638,-37.0423]]}},{"type":"Feature","properties":{"nombre":"Río Nahueve","tipo":"Río"},"geometry":{"type":"LineString","coordinates":[[-70.9359,-36.9028],[-70.9225,-36.9202],[-70.9179,-36.9216],[-70.9193,-36.9292]]}},{"type":"Feature","properties":{"nombre":null,"tipo":null},"geometry":{"type":"LineString","coordinates":[[-69.9898,-36.4212],[-69.9899,-36.4119]]}},{"type":"Feature","properties":{"nombre":"Arroyo Covunco","tipo":"Arroyo"},"geometry":{"type":"LineString","coordinates":[[-69.8806,-38.6368],[-69.8656,-38.6375],[-69.8569,-38.6324]]}},{"type":"Feature","properties":{"nombre":null,"tipo":null},"geometry":{"type":"LineString","coordinates":[[-69.9213,-36.3721],[-69.9164,-36.3651],[-69.9057,-36.361]]}},{"type":"Feature","properties":{"nombre":"Río Caleufú","tipo":"Río"},"geometry":{"type":"LineString","coordinates":[[-71.0405,-40.4274],[-71.0382,-40.422]]}},{"type":"Feature","properties":{"nombre":"Río Neuquén","tipo":"Río"},"geometry":{"type":"LineString","coordinates":[[-68.5832,-38.4844],[-68.5665,-38.4874]]}},{"type":"Feature","properties":{"nombre":"Río Aluminé","tipo":"Río"},"geometry":{"type":"LineString","coordinates":[[-70.9361,-39.6144],[-70.9403,-39.6203],[-70.9384,-39.6248]]}},{"type":"Feature","properties":{"nombre":"Arroyo Achupallas","tipo":"Arroyo"},"geometry":{"type":"LineString","coordinates":[[-70.4863,-37.4908],[-70.4758,-37.4762]]}},{"type":"Feature","properties":{"nombre":"Arroyo Atreuco","tipo":"Arroyo"},"geometry":{"type":"LineString","coordinates":[[-70.5291,-36.7727],[-70.5263,-36.7626],[-70.529,-36.7536]]}},{"type":"Feature","properties":{"nombre":"Río Negro","tipo":"Río"},"geometry":{"type":"LineString","coordinates":[[-67.9622,-39.0],[-67.9513,-39.0082]]}},{"type":"Feature","properties":{"nombre":"Arroyo Cajón del Norte","tipo":"Arroyo"},"geometry":{"type":"LineString","coordinates":[[-70.4277,-37.9644],[-70.4339,-37.9765]]}},{"type":"Feature","properties":{"nombre":"Río Catán Lil","tipo":"Río"},"geometry":{"type":"LineString","coordinates":[[-70.5872,-39.5761],[-70.5757,-39.5843],[-70.58,-39.5876],[-70.5767,-39.5911],[-70.5816,-39.5939],[-70.5733,-39.5992],[-70.5762,-39.6036]]}},{"type":"Feature","properties":{"nombre":"Arroyo Trailathué","tipo":"Arroyo"},"geometry":{"type":"LineString","coordinates":[[-70.3523,-37.6477],[-70.3437,-37.6405],[-70.3259,-37.6413]]}},{"type":"Feature","properties":{"nombre":"Río Neuquén","tipo":"Río"},"geometry":{"type":"LineString","coordinates":[[-70.0588,-37.5498],[-70.0519,-37.5617],[-70.0449,-37.5658]]}},{"type":"Feature","properties":{"nombre":"Arroyo Covunco","tipo":"Arroyo"},"geometry":{"type":"LineString","coordinates":[[-69.8208,-38.6182],[-69.8137,-38.6166],[-69.8135,-38.6128]]}},{"type":"Feature","properties":{"nombre":null,"tipo":null},"geometry":{"type":"LineString","coordinates":[[-70.9615,-37.923],[-70.9534,-37.9307]]}},{"type":"Feature","properties":{"nombre":"Río Puillío","tipo":"Río"},"geometry":{"type":"LineString","coordinates":[[-71.6387,-39.7566],[-71.6358,-39.7651],[-71.6439,-39.7808]]}},{"type":"Feature","properties":{"nombre":"Arroyo Rahueco","tipo":"Arroyo"},"geometry":{"type":"LineString","coordinates":[[-70.4622,-37.4656],[-70.4454,-37.458]]}},{"type":"Feature","properties":{"nombre":null,"tipo":null},"geometry":{"type":"LineString","coordinates":[[-70.976,-37.2135],[-70.9772,-37.1947]]}},{"type":"Feature","properties":{"nombre":"Arroyo Chico","tipo":"Arroyo"},"geometry":{"type":"LineString","coordinates":[[-70.9882,-38.2312],[-70.9803,-38.2227]]}},{"type":"Feature","properties":{"nombre":"Arroyo Curamileu","tipo":"Arroyo"},"geometry":{"type":"LineString","coordinates":[[-70.7804,-36.7915],[-70.7706,-36.7893]]}},{"type":"Feature","properties":{"nombre":"Arroyo Trailathué","tipo":"Arroyo"},"geometry":{"type":"LineString","coordinates":[[-70.3611,-37.6499],[-70.3523,-37.6477]]}},{"type":"Feature","properties":{"nombre":"Arroyo Rahueco","tipo":"Arroyo"},"geometry":{"type":"LineString","coordinates":[[-70.4007,-37.4356],[-70.3963,-37.417]]}},{"type":"Feature","properties":{"nombre":"Arroyo Atreuco","tipo":"Arroyo"},"geometry":{"type":"LineString","coordinates":[[-70.5566,-36.7221],[-70.5657,-36.7239],[-70.5735,-36.7179]]}},{"type":"Feature","properties":{"nombre":null,"tipo":null},"geometry":{"type":"LineString","coordinates":[[-70.9923,-37.8451],[-70.9784,-37.8404]]}},{"type":"Feature","properties":{"nombre":"Arroyo El Arado","tipo":"Arroyo"},"geometry":{"type":"LineString","coordinates":[[-69.6674,-36.2691],[-69.6765,-36.2656],[-69.6987,-36.2697]]}},{"type":"Feature","properties":{"nombre":"Río Limay","tipo":"Río"},"geometry":{"type":"LineString","coordinates":[[-68.0524,-38.9723],[-68.0466,-38.9735],[-68.0442,-38.9781]]}},{"type":"Feature","properties":{"nombre":"Arroyo Los Pinos","tipo":"Arroyo"},"geometry":{"type":"LineString","coordinates":[[-71.1658,-37.7079],[-71.1558,-37.7089]]}},{"type":"Feature","properties":{"nombre":null,"tipo":null},"geometry":{"type":"LineString","coordinates":[[-70.8652,-37.2472],[-70.8571,-37.2489],[-70.8542,-37.2573]]}},{"type":"Feature","properties":{"nombre":"Río Limay","tipo":"Río"},"geometry":{"type":"LineString","coordinates":[[-69.6275,-39.8151],[-69.6129,-39.8114]]}},{"type":"Feature","properties":{"nombre":"Río Limay","tipo":"Río"},"geometry":{"type":"LineString","coordinates":[[-68.0382,-38.9816],[-68.028,-38.9845],[-68.0186,-38.9777]]}},{"type":"Feature","properties":{"nombre":"Arroyo Los Barros","tipo":"Arroyo"},"geometry":{"type":"LineString","coordinates":[[-71.0408,-38.0178],[-71.0407,-38.0083],[-71.0367,-38.0041]]}},{"type":"Feature","properties":{"nombre":"Río Neuquén","tipo":"Río"},"geometry":{"type":"LineString","coordinates":[[-69.8046,-38.0364],[-69.813,-38.037],[-69.8209,-38.0246]]}},{"type":"Feature","properties":{"nombre":"Río Lileo","tipo":"Río"},"geometry":{"type":"LineString","coordinates":[[-70.9055,-37.222],[-70.9032,-37.2252],[-70.8979,-37.2243]]}},{"type":"Feature","properties":{"nombre":"Río San Isidro","tipo":"Río"},"geometry":{"type":"LineString","coordinates":[[-71.3262,-40.4593],[-71.3051,-40.4695]]}},{"type":"Feature","properties":{"nombre":"Arroyo Huanuco","tipo":"Arroyo"},"geometry":{"type":"LineString","coordinates":[[-70.7656,-37.8607],[-70.7494,-37.8587],[-70.7248,-37.863]]}},{"type":"Feature","properties":{"nombre":"Arroyo Limen Có","tipo":"Arroyo"},"geometry":{"type":"LineString","coordinates":[[-70.801,-39.0191],[-70.8092,-39.0248]]}},{"type":"Feature","properties":{"nombre":"Río Neuquén","tipo":"Río"},"geometry":{"type":"LineString","coordinates":[[-70.4537,-37.3482],[-70.4486,-37.3443],[-70.4408,-37.3465]]}},{"type":"Feature","properties":{"nombre":"Arroyo Ranquilco","tipo":"Arroyo"},"geometry":{"type":"LineString","coordinates":[[-70.9098,-37.5161],[-70.8958,-37.5116],[-70.8668,-37.5102],[-70.8569,-37.5146],[-70.8524,-37.5086]]}},{"type":"Feature","properties":{"nombre":"Cañada Mallín Grande","tipo":"Cañada"},"geometry":{"type":"LineString","coordinates":[[-70.947,-40.1473],[-70.9167,-40.1459]]}},{"type":"Feature","properties":{"nombre":"Río Pichi Neuquén","tipo":"Río"},"geometry":{"type":"LineString","coordinates":[[-70.8591,-36.6171],[-70.8481,-36.6155],[-70.8432,-36.6185],[-70.8378,-36.6147]]}},{"type":"Feature","properties":{"nombre":"Arroyo Quemquemtreu","tipo":"Arroyo"},"geometry":{"type":"LineString","coordinates":[[-70.9247,-40.2217],[-70.8879,-40.2176],[-70.8826,-40.2195],[-70.8809,-40.2173],[-70.849,-40.2259],[-70.842,-40.2238]]}},{"type":"Feature","properties":{"nombre":"Río Agrio","tipo":"Río"},"geometry":{"type":"LineString","coordinates":[[-70.5951,-38.0312],[-70.6004,-38.0348],[-70.6002,-38.0412],[-70.6057,-38.0505]]}},{"type":"Feature","properties":{"nombre":"Arroyo Manzano","tipo":"Arroyo"},"geometry":{"type":"LineString","coordinates":[[-70.6252,-38.1336],[-70.6174,-38.1354],[-70.5967,-38.1504]]}},{"type":"Feature","properties":{"nombre":"Arroyo Trolope","tipo":"Arroyo"},"geometry":{"type":"LineString","coordinates":[[-71.1334,-37.789],[-71.1244,-37.7833],[-71.1195,-37.785]]}},{"type":"Feature","properties":{"nombre":"Río Catán Lil","tipo":"Río"},"geometry":{"type":"LineString","coordinates":[[-70.6887,-39.7332],[-70.6925,-39.7405],[-70.6897,-39.7437],[-70.6979,-39.7508]]}},{"type":"Feature","properties":{"nombre":"Arroyo Piedra Grande","tipo":"Arroyo"},"geometry":{"type":"LineString","coordinates":[[-71.1018,-37.5194],[-71.1038,-37.533]]}},{"type":"Feature","properties":{"nombre":"Río Auquinco","tipo":"Río"},"geometry":{"type":"LineString","coordinates":[[-71.5129,-39.942],[-71.5119,-39.9365],[-71.5154,-39.9353],[-71.5138,-39.9335],[-71.5168,-39.9302]]}},{"type":"Feature","properties":{"nombre":"Arroyo del León","tipo":"Arroyo"},"geometry":{"type":"LineString","coordinates":[[-71.5901,-39.9665],[-71.5865,-39.9605],[-71.5882,-39.9543],[-71.5992,-39.9402]]}},{"type":"Feature","properties":{"nombre":"Río Caleufú","tipo":"Río"},"geometry":{"type":"LineString","coordinates":[[-71.1385,-40.4889],[-71.1361,-40.4844],[-71.1293,-40.4828]]}},{"type":"Feature","properties":{"nombre":"Río Varvarco","tipo":"Río"},"geometry":{"type":"LineString","coordinates":[[-70.651,-36.5702],[-70.6509,-36.5793]]}},{"type":"Feature","properties":{"nombre":"Río Neuquén","tipo":"Río"},"geometry":{"type":"LineString","coordinates":[[-68.43,-38.5612],[-68.4199,-38.5651]]}},{"type":"Feature","properties":{"nombre":null,"tipo":null},"geometry":{"type":"LineString","coordinates":[[-70.8799,-37.6769],[-70.8605,-37.6711]]}},{"type":"Feature","properties":{"nombre":"Arroyo Piedra Grande","tipo":"Arroyo"},"geometry":{"type":"LineString","coordinates":[[-71.1065,-37.4803],[-71.1066,-37.4838],[-71.0901,-37.5033],[-71.1018,-37.5194]]}},{"type":"Feature","properties":{"nombre":null,"tipo":null},"geometry":{"type":"LineString","coordinates":[[-70.6006,-37.0931],[-70.6153,-37.0943]]}},{"type":"Feature","properties":{"nombre":"Río Agrio","tipo":"Río"},"geometry":{"type":"LineString","coordinates":[[-69.936,-38.3452],[-69.9296,-38.3396]]}},{"type":"Feature","properties":{"nombre":"Arroyo Piuquenes","tipo":"Arroyo"},"geometry":{"type":"LineString","coordinates":[[-71.1425,-37.3366],[-71.1165,-37.3451]]}},{"type":"Feature","properties":{"nombre":null,"tipo":null},"geometry":{"type":"LineString","coordinates":[[-70.6597,-37.7405],[-70.6604,-37.749]]}},{"type":"Feature","properties":{"nombre":"Arroyo Vaca Lauquen","tipo":"Arroyo"},"geometry":{"type":"LineString","coordinates":[[-71.0785,-36.8736],[-71.0799,-36.8708],[-71.0752,-36.8651]]}},{"type":"Feature","properties":{"nombre":"Río Neuquén","tipo":"Río"},"geometry":{"type":"LineString","coordinates":[[-70.2154,-37.4301],[-70.212,-37.4349],[-70.2126,-37.441],[-70.2076,-37.4432],[-70.206,-37.4533],[-70.1982,-37.4558]]}},{"type":"Feature","properties":{"nombre":"Arroyo Turbio","tipo":"Arroyo"},"geometry":{"type":"LineString","coordinates":[[-70.5595,-36.4858],[-70.5658,-36.4855],[-70.5723,-36.4808]]}},{"type":"Feature","properties":{"nombre":"Arroyo Los Barros","tipo":"Arroyo"},"geometry":{"type":"LineString","coordinates":[[-71.0,-38.2717],[-70.9893,-38.2623]]}},{"type":"Feature","properties":{"nombre":"Arroyo Copulhue","tipo":"Arroyo"},"geometry":{"type":"LineString","coordinates":[[-71.0787,-37.6266],[-71.0708,-37.6301],[-71.0654,-37.6369]]}},{"type":"Feature","properties":{"nombre":"Arroyo Chaquira Co","tipo":"Arroyo"},"geometry":{"type":"LineString","coordinates":[[-69.7824,-36.4627],[-69.8075,-36.4498],[-69.8199,-36.4348],[-69.8277,-36.4341]]}},{"type":"Feature","properties":{"nombre":"Arroyo Chacayco","tipo":"Arroyo"},"geometry":{"type":"LineString","coordinates":[[-70.0268,-37.3054],[-70.0324,-37.3145],[-70.0425,-37.318]]}},{"type":"Feature","properties":{"nombre":"Río Kilca","tipo":"Río"},"geometry":{"type":"LineString","coordinates":[[-70.895,-39.0454],[-70.8921,-39.0499],[-70.8857,-39.0499]]}},{"type":"Feature","properties":{"nombre":"Río Caleufú","tipo":"Río"},"geometry":{"type":"LineString","coordinates":[[-71.1837,-40.4991],[-71.172,-40.5]]}},{"type":"Feature","properties":{"nombre":"Arroyo Coyuco","tipo":"Arroyo"},"geometry":{"type":"LineString","coordinates":[[-70.0947,-36.6667],[-70.0655,-36.653]]}},{"type":"Feature","properties":{"nombre":"Arroyo Ñorquín","tipo":"Arroyo"},"geometry":{"type":"LineString","coordinates":[[-70.5684,-37.6846],[-70.5781,-37.6863],[-70.5862,-37.6917]]}},{"type":"Feature","properties":{"nombre":"Río Picunleo","tipo":"Río"},"geometry":{"type":"LineString","coordinates":[[-70.9868,-37.5458],[-70.9728,-37.5409],[-70.9683,-37.5438]]}},{"type":"Feature","properties":{"nombre":"Río Caleufú","tipo":"Río"},"geometry":{"type":"LineString","coordinates":[[-71.0248,-40.4049],[-71.0239,-40.3946]]}},{"type":"Feature","properties":{"nombre":"Arroyo Pichaihue","tipo":"Arroyo"},"geometry":{"type":"LineString","coordinates":[[-70.214,-37.7499],[-70.2124,-37.7423]]}},{"type":"Feature","properties":{"nombre":"Arroyo Quintuco","tipo":"Arroyo"},"geometry":{"type":"LineString","coordinates":[[-70.1407,-38.1712],[-70.1322,-38.1749],[-70.1277,-38.1823],[-70.1303,-38.186]]}},{"type":"Feature","properties":{"nombre":"Río Catán Lil","tipo":"Río"},"geometry":{"type":"LineString","coordinates":[[-70.5762,-39.6036],[-70.5792,-39.6063],[-70.5719,-39.6104]]}},{"type":"Feature","properties":{"nombre":"Río Catán Lil","tipo":"Río"},"geometry":{"type":"LineString","coordinates":[[-70.6283,-39.2929],[-70.6189,-39.2997],[-70.6181,-39.3062]]}},{"type":"Feature","properties":{"nombre":"Río Grande","tipo":"Río"},"geometry":{"type":"MultiLineString","coordinates":[[[-69.7113,-36.1118],[-69.7113,-36.1111]],[[-69.7113,-36.1118],[-69.7109,-36.1206],[-69.7061,-36.1228],[-69.7008,-36.1341],[-69.696,-36.1353]]]}},{"type":"Feature","properties":{"nombre":"Arroyo Buta Mallín","tipo":"Arroyo"},"geometry":{"type":"LineString","coordinates":[[-70.7805,-38.0476],[-70.7604,-38.0486]]}},{"type":"Feature","properties":{"nombre":"Arroyo Las Toscas","tipo":"Arroyo"},"geometry":{"type":"LineString","coordinates":[[-70.3285,-38.1693],[-70.3187,-38.1585]]}},{"type":"Feature","properties":{"nombre":"Río Neuquén","tipo":"Río"},"geometry":{"type":"LineString","coordinates":[[-70.1065,-37.5015],[-70.0997,-37.5066],[-70.0922,-37.5264]]}},{"type":"Feature","properties":{"nombre":"Río Neuquén","tipo":"Río"},"geometry":{"type":"LineString","coordinates":[[-70.1969,-37.4565],[-70.1901,-37.461],[-70.1879,-37.4668]]}},{"type":"Feature","properties":{"nombre":"Arroyo Manchana Co","tipo":"Arroyo"},"geometry":{"type":"LineString","coordinates":[[-70.6439,-36.9007],[-70.664,-36.8997],[-70.6778,-36.9086]]}},{"type":"Feature","properties":{"nombre":null,"tipo":null},"geometry":{"type":"LineString","coordinates":[[-70.634,-37.5627],[-70.6375,-37.5581],[-70.6349,-37.5533]]}},{"type":"Feature","properties":{"nombre":"Río Filo Hua Hum Oeste","tipo":"Río"},"geometry":{"type":"LineString","coordinates":[[-71.3391,-40.4896],[-71.3274,-40.4915]]}},{"type":"Feature","properties":{"nombre":"Arroyo Cajón El Huecú","tipo":"Arroyo"},"geometry":{"type":"LineString","coordinates":[[-70.5638,-37.5942],[-70.57,-37.6015]]}},{"type":"Feature","properties":{"nombre":"Río Guañacos","tipo":"Río"},"geometry":{"type":"LineString","coordinates":[[-70.7444,-37.2758],[-70.7285,-37.277],[-70.719,-37.272],[-70.7103,-37.2721],[-70.6982,-37.2735],[-70.6896,-37.2818]]}},{"type":"Feature","properties":{"nombre":"Río Curi Leuvú","tipo":"Río"},"geometry":{"type":"LineString","coordinates":[[-70.4069,-37.0041],[-70.4163,-37.0239]]}},{"type":"Feature","properties":{"nombre":"Arroyo Los Guiones","tipo":"Arroyo"},"geometry":{"type":"LineString","coordinates":[[-70.8661,-37.0865],[-70.8521,-37.0761],[-70.8488,-37.0684],[-70.813,-37.0346]]}},{"type":"Feature","properties":{"nombre":"Arroyo Yumu - Yumu","tipo":"Arroyo"},"geometry":{"type":"LineString","coordinates":[[-70.8293,-38.1853],[-70.8024,-38.1861],[-70.7723,-38.1679],[-70.7378,-38.1647],[-70.7339,-38.1604],[-70.7231,-38.1586]]}},{"type":"Feature","properties":{"nombre":"Arroyo Curu Pehuén","tipo":"Arroyo"},"geometry":{"type":"LineString","coordinates":[[-70.6812,-39.1281],[-70.6709,-39.1407]]}},{"type":"Feature","properties":{"nombre":"Arroyo Donaire","tipo":"Arroyo"},"geometry":{"type":"LineString","coordinates":[[-71.1191,-37.1514],[-71.1207,-37.1641],[-71.1147,-37.1731]]}},{"type":"Feature","properties":{"nombre":null,"tipo":null},"geometry":{"type":"LineString","coordinates":[[-70.8134,-37.6667],[-70.8146,-37.6532]]}},{"type":"Feature","properties":{"nombre":"Río Salado","tipo":"Río"},"geometry":{"type":"LineString","coordinates":[[-70.1197,-38.1758],[-70.1198,-38.1806],[-70.114,-38.1872]]}},{"type":"Feature","properties":{"nombre":"Arroyo Ranquilón","tipo":"Arroyo"},"geometry":{"type":"LineString","coordinates":[[-70.5518,-37.8233],[-70.5549,-37.8333]]}},{"type":"Feature","properties":{"nombre":"Río Neuquén","tipo":"Río"},"geometry":{"type":"LineString","coordinates":[[-68.4515,-38.5619],[-68.4387,-38.5617]]}},{"type":"Feature","properties":{"nombre":"Arroyo Solimán","tipo":"Arroyo"},"geometry":{"type":"LineString","coordinates":[[-71.0799,-36.9331],[-71.0809,-36.9465],[-71.0778,-36.9553],[-71.0711,-36.9622],[-71.0626,-36.9636],[-71.0617,-37.0]]}},{"type":"Feature","properties":{"nombre":"Arroyo Pilunchaya","tipo":"Arroyo"},"geometry":{"type":"LineString","coordinates":[[-71.1626,-37.6336],[-71.1529,-37.6518]]}},{"type":"Feature","properties":{"nombre":"Arroyo Truqui-Có","tipo":"Arroyo"},"geometry":{"type":"LineString","coordinates":[[-70.3531,-37.4821],[-70.3464,-37.4769]]}},{"type":"Feature","properties":{"nombre":"Arroyo Llamuco","tipo":"Arroyo"},"geometry":{"type":"LineString","coordinates":[[-70.818,-39.1943],[-70.8293,-39.1991]]}},{"type":"Feature","properties":{"nombre":"Arroyo Colipilli","tipo":"Arroyo"},"geometry":{"type":"LineString","coordinates":[[-70.2661,-37.7474],[-70.2534,-37.7448]]}},{"type":"Feature","properties":{"nombre":"Río Neuquén","tipo":"Río"},"geometry":{"type":"LineString","coordinates":[[-70.6871,-37.2694],[-70.6925,-37.2747],[-70.6883,-37.2805]]}},{"type":"Feature","properties":{"nombre":"Río Varvarco","tipo":"Río"},"geometry":{"type":"LineString","coordinates":[[-70.6391,-36.6418],[-70.6318,-36.6527]]}},{"type":"Feature","properties":{"nombre":"Arroyo Pichaihue","tipo":"Arroyo"},"geometry":{"type":"LineString","coordinates":[[-70.3283,-37.8821],[-70.3235,-37.884],[-70.3175,-37.8813]]}},{"type":"Feature","properties":{"nombre":"Río Kilca","tipo":"Río"},"geometry":{"type":"LineString","coordinates":[[-70.8834,-39.0864],[-70.8874,-39.0907],[-70.8859,-39.0984],[-70.8882,-39.0995]]}},{"type":"Feature","properties":{"nombre":"Río Aluminé","tipo":"Río"},"geometry":{"type":"LineString","coordinates":[[-70.9741,-39.5231],[-70.9708,-39.5252],[-70.9631,-39.5174],[-70.9573,-39.5212]]}},{"type":"Feature","properties":{"nombre":"Arroyo Córdoba Grande","tipo":"Arroyo"},"geometry":{"type":"LineString","coordinates":[[-71.2209,-40.5505],[-71.2106,-40.5407],[-71.2111,-40.5308],[-71.2045,-40.522],[-71.1814,-40.5134]]}},{"type":"Feature","properties":{"nombre":null,"tipo":null},"geometry":{"type":"LineString","coordinates":[[-70.8263,-37.6926],[-70.8257,-37.6848],[-70.8354,-37.6749]]}},{"type":"Feature","properties":{"nombre":"Arroyo Rahueco","tipo":"Arroyo"},"geometry":{"type":"LineString","coordinates":[[-70.426,-37.4476],[-70.4176,-37.4386],[-70.4143,-37.4392]]}},{"type":"Feature","properties":{"nombre":null,"tipo":null},"geometry":{"type":"LineString","coordinates":[[-71.0384,-37.2735],[-71.0245,-37.274]]}},{"type":"Feature","properties":{"nombre":"Arroyo Pilo Lil","tipo":"Arroyo"},"geometry":{"type":"LineString","coordinates":[[-70.9733,-39.6611],[-70.9596,-39.654]]}},{"type":"Feature","properties":{"nombre":null,"tipo":null},"geometry":{"type":"LineString","coordinates":[[-71.0333,-37.0],[-71.0398,-37.0083],[-71.0362,-37.0144],[-71.0364,-37.0221]]}},{"type":"Feature","properties":{"nombre":"Arroyo Pichi Neuquén","tipo":"Arroyo"},"geometry":{"type":"LineString","coordinates":[[-70.1985,-37.7349],[-70.1877,-37.7373],[-70.1854,-37.7339],[-70.1839,-37.7391],[-70.1766,-37.7404],[-70.1737,-37.7356]]}},{"type":"Feature","properties":{"nombre":"Río Limay","tipo":"Río"},"geometry":{"type":"LineString","coordinates":[[-68.5278,-39.0657],[-68.5158,-39.0664]]}},{"type":"Feature","properties":{"nombre":"Río Neuquén","tipo":"Río"},"geometry":{"type":"LineString","coordinates":[[-68.6428,-38.4311],[-68.6391,-38.434],[-68.6273,-38.4321],[-68.6212,-38.435]]}},{"type":"Feature","properties":{"nombre":"Río Agrio","tipo":"Río"},"geometry":{"type":"LineString","coordinates":[[-70.6062,-38.2088],[-70.6164,-38.2154],[-70.6207,-38.2225],[-70.6189,-38.2254]]}},{"type":"Feature","properties":{"nombre":"Río Neuquén","tipo":"Río"},"geometry":{"type":"LineString","coordinates":[[-70.2024,-37.4318],[-70.1966,-37.4365],[-70.1991,-37.4461]]}},{"type":"Feature","properties":{"nombre":"Arroyo Curamilio","tipo":"Arroyo"},"geometry":{"type":"LineString","coordinates":[[-70.5,-36.2114],[-70.4737,-36.2166],[-70.4567,-36.2315]]}},{"type":"Feature","properties":{"nombre":"Río Neuquén","tipo":"Río"},"geometry":{"type":"LineString","coordinates":[[-68.4681,-38.5457],[-68.4594,-38.5486]]}},{"type":"Feature","properties":{"nombre":"Arroyo Tábanos","tipo":"Arroyo"},"geometry":{"type":"LineString","coordinates":[[-71.1403,-37.3719],[-71.1306,-37.364],[-71.1229,-37.3634]]}},{"type":"Feature","properties":{"nombre":"Río Agrio","tipo":"Río"},"geometry":{"type":"LineString","coordinates":[[-70.7516,-37.762],[-70.7359,-37.748],[-70.7339,-37.7422],[-70.7289,-37.7451],[-70.7248,-37.7405]]}},{"type":"Feature","properties":{"nombre":null,"tipo":null},"geometry":{"type":"LineString","coordinates":[[-70.5222,-37.2337],[-70.505,-37.2383],[-70.5,-37.2447]]}},{"type":"Feature","properties":{"nombre":"Arroyo Taquimilán","tipo":"Arroyo"},"geometry":{"type":"LineString","coordinates":[[-70.2402,-37.5015],[-70.2382,-37.4932],[-70.2269,-37.4879]]}},{"type":"Feature","properties":{"nombre":"Arroyo El Águila","tipo":"Arroyo"},"geometry":{"type":"LineString","coordinates":[[-70.8527,-37.0244],[-70.845,-37.0242],[-70.839,-37.0179],[-70.8299,-37.0143],[-70.8177,-37.0146],[-70.8117,-37.0112]]}},{"type":"Feature","properties":{"nombre":"Río Colorado","tipo":"Río"},"geometry":{"type":"LineString","coordinates":[[-69.0383,-37.2544],[-69.0424,-37.2615],[-69.0386,-37.2673],[-69.0413,-37.2726]]}},{"type":"Feature","properties":{"nombre":"Arroyo Calbuco","tipo":"Arroyo"},"geometry":{"type":"LineString","coordinates":[[-71.2988,-40.1313],[-71.3074,-40.1358],[-71.3061,-40.1393],[-71.3091,-40.1442],[-71.3264,-40.1468]]}},{"type":"Feature","properties":{"nombre":"Río Ocón","tipo":"Río"},"geometry":{"type":"LineString","coordinates":[[-71.6764,-39.8517],[-71.6742,-39.8344]]}},{"type":"Feature","properties":{"nombre":"Arroyo Ñireco","tipo":"Arroyo"},"geometry":{"type":"LineString","coordinates":[[-70.6156,-37.0393],[-70.6267,-37.0389],[-70.6287,-37.0414],[-70.6267,-37.0444],[-70.6319,-37.0479]]}},{"type":"Feature","properties":{"nombre":"Arroyo Manzano","tipo":"Arroyo"},"geometry":{"type":"LineString","coordinates":[[-70.6788,-38.1362],[-70.6252,-38.1336]]}},{"type":"Feature","properties":{"nombre":"Arroyo Donaire","tipo":"Arroyo"},"geometry":{"type":"LineString","coordinates":[[-71.1147,-37.1731],[-71.1064,-37.1984]]}},{"type":"Feature","properties":{"nombre":"Arroyo Trobunco","tipo":"Arroyo"},"geometry":{"type":"LineString","coordinates":[[-70.9254,-37.251],[-70.9079,-37.2526],[-70.9036,-37.2489]]}},{"type":"Feature","properties":{"nombre":null,"tipo":null},"geometry":{"type":"LineString","coordinates":[[-70.6609,-37.722],[-70.6551,-37.7266],[-70.6391,-37.7287]]}},{"type":"Feature","properties":{"nombre":"Río Agrio","tipo":"Río"},"geometry":{"type":"LineString","coordinates":[[-71.1413,-37.8516],[-71.1325,-37.8499],[-71.1221,-37.8593],[-71.1156,-37.8599]]}},{"type":"Feature","properties":{"nombre":"Río Agrio","tipo":"Río"},"geometry":{"type":"LineString","coordinates":[[-71.1523,-37.8571],[-71.1413,-37.8516]]}},{"type":"Feature","properties":{"nombre":"Río Neuquén","tipo":"Río"},"geometry":{"type":"LineString","coordinates":[[-70.6573,-37.1771],[-70.666,-37.1741]]}},{"type":"Feature","properties":{"nombre":"Río Colorado","tipo":"Río"},"geometry":{"type":"LineString","coordinates":[[-69.4736,-37.1704],[-69.4612,-37.1707]]}},{"type":"Feature","properties":{"nombre":"Río Neuquén","tipo":"Río"},"geometry":{"type":"LineString","coordinates":[[-70.2865,-37.3824],[-70.2814,-37.3944],[-70.2724,-37.3983]]}},{"type":"Feature","properties":{"nombre":"Arroyo La Totora","tipo":"Arroyo"},"geometry":{"type":"LineString","coordinates":[[-70.5,-36.7262],[-70.5081,-36.7231]]}},{"type":"Feature","properties":{"nombre":null,"tipo":null},"geometry":{"type":"LineString","coordinates":[[-70.9106,-37.1964],[-70.9211,-37.2114]]}},{"type":"Feature","properties":{"nombre":"Río Limay","tipo":"Río"},"geometry":{"type":"LineString","coordinates":[[-68.5387,-39.0727],[-68.5278,-39.0657]]}},{"type":"Feature","properties":{"nombre":"Arroyo Los Molles","tipo":"Arroyo"},"geometry":{"type":"LineString","coordinates":[[-70.2738,-39.2035],[-70.2716,-39.1992],[-70.2645,-39.1987]]}},{"type":"Feature","properties":{"nombre":null,"tipo":null},"geometry":{"type":"LineString","coordinates":[[-70.9552,-37.2606],[-70.9466,-37.2608],[-70.921,-37.2524]]}},{"type":"Feature","properties":{"nombre":"Arroyo Pichaihue","tipo":"Arroyo"},"geometry":{"type":"LineString","coordinates":[[-70.3094,-37.8835],[-70.2968,-37.8828]]}},{"type":"Feature","properties":{"nombre":null,"tipo":null},"geometry":{"type":"LineString","coordinates":[[-70.744,-36.6667],[-70.745,-36.6741],[-70.7383,-36.6914]]}},{"type":"Feature","properties":{"nombre":"Arroyo Buta Mallín","tipo":"Arroyo"},"geometry":{"type":"LineString","coordinates":[[-70.974,-37.1934],[-70.9619,-37.1941]]}},{"type":"Feature","properties":{"nombre":"Río Catán Lil","tipo":"Río"},"geometry":{"type":"LineString","coordinates":[[-70.6187,-39.7331],[-70.6275,-39.7343],[-70.629,-39.7299]]}},{"type":"Feature","properties":{"nombre":"Arroyo Taquimilán","tipo":"Arroyo"},"geometry":{"type":"LineString","coordinates":[[-70.302,-37.5837],[-70.2978,-37.5758],[-70.2983,-37.5689]]}},{"type":"Feature","properties":{"nombre":"Arroyo Guayapa","tipo":"Arroyo"},"geometry":{"type":"LineString","coordinates":[[-70.5,-38.8645],[-70.4891,-38.8624]]}},{"type":"Feature","properties":{"nombre":"Arroyo Quilli Malal","tipo":"Arroyo"},"geometry":{"type":"LineString","coordinates":[[-70.0254,-36.4911],[-70.017,-36.4845]]}},{"type":"Feature","properties":{"nombre":"Río Aluminé","tipo":"Río"},"geometry":{"type":"LineString","coordinates":[[-70.9443,-39.4499],[-70.954,-39.4559],[-70.9479,-39.4612]]}},{"type":"Feature","properties":{"nombre":"Arroyo Ralhué","tipo":"Arroyo"},"geometry":{"type":"LineString","coordinates":[[-70.0662,-36.1883],[-70.0636,-36.1818],[-70.04,-36.1712],[-70.0356,-36.1595]]}},{"type":"Feature","properties":{"nombre":"Arroyo Huanquimileo","tipo":"Arroyo"},"geometry":{"type":"LineString","coordinates":[[-70.0579,-36.0996],[-70.049,-36.0905],[-70.0454,-36.0768]]}},{"type":"Feature","properties":{"nombre":"Arroyo de los Postes","tipo":"Arroyo"},"geometry":{"type":"LineString","coordinates":[[-70.8851,-38.2552],[-70.8747,-38.2648]]}},{"type":"Feature","properties":{"nombre":null,"tipo":null},"geometry":{"type":"LineString","coordinates":[[-70.5463,-37.151],[-70.5527,-37.1429]]}},{"type":"Feature","properties":{"nombre":"Río Neuquén","tipo":"Río"},"geometry":{"type":"LineString","coordinates":[[-70.4222,-37.3801],[-70.411,-37.3863],[-70.4046,-37.3798],[-70.3981,-37.3784]]}},{"type":"Feature","properties":{"nombre":"Río Neuquén","tipo":"Río"},"geometry":{"type":"LineString","coordinates":[[-69.5633,-38.4568],[-69.5534,-38.4569],[-69.548,-38.4686]]}},{"type":"Feature","properties":{"nombre":"Arroyo Ailinco","tipo":"Arroyo"},"geometry":{"type":"LineString","coordinates":[[-70.5695,-36.5705],[-70.5731,-36.5875]]}},{"type":"Feature","properties":{"nombre":"Arroyo La Meche","tipo":"Arroyo"},"geometry":{"type":"LineString","coordinates":[[-70.8583,-37.0381],[-70.8502,-37.0293],[-70.8316,-37.0285]]}},{"type":"Feature","properties":{"nombre":"Río Limay","tipo":"Río"},"geometry":{"type":"LineString","coordinates":[[-68.3828,-39.0224],[-68.3734,-39.019]]}},{"type":"Feature","properties":{"nombre":"Arroyo Picún Leufú","tipo":"Arroyo"},"geometry":{"type":"LineString","coordinates":[[-70.3416,-39.1259],[-70.3285,-39.1297]]}},{"type":"Feature","properties":{"nombre":null,"tipo":null},"geometry":{"type":"LineString","coordinates":[[-70.9829,-37.8495],[-70.9768,-37.8443],[-70.9784,-37.8404]]}},{"type":"Feature","properties":{"nombre":"Arroyo Los Molinos","tipo":"Arroyo"},"geometry":{"type":"LineString","coordinates":[[-70.9724,-36.551],[-70.9819,-36.5406],[-70.9801,-36.5291]]}},{"type":"Feature","properties":{"nombre":"Arroyo Pichi Picún Leufú","tipo":"Arroyo"},"geometry":{"type":"LineString","coordinates":[[-70.0685,-39.9585],[-70.0,-39.961]]}},{"type":"Feature","properties":{"nombre":"Río Neuquén","tipo":"Río"},"geometry":{"type":"LineString","coordinates":[[-70.3747,-37.3699],[-70.3671,-37.3639],[-70.3526,-37.3664],[-70.3471,-37.3645],[-70.3435,-37.3688],[-70.3313,-37.373]]}},{"type":"Feature","properties":{"nombre":"Arroyo Casa de Piedra","tipo":"Arroyo"},"geometry":{"type":"LineString","coordinates":[[-70.4347,-39.2418],[-70.4359,-39.2501]]}},{"type":"Feature","properties":{"nombre":"Río Aluminé","tipo":"Río"},"geometry":{"type":"LineString","coordinates":[[-70.9243,-39.3984],[-70.9316,-39.3994],[-70.9352,-39.4143]]}},{"type":"Feature","properties":{"nombre":null,"tipo":null},"geometry":{"type":"LineString","coordinates":[[-70.589,-37.0995],[-70.5943,-37.1086]]}},{"type":"Feature","properties":{"nombre":"Río Negro","tipo":"Río"},"geometry":{"type":"LineString","coordinates":[[-67.5437,-39.0943],[-67.5417,-39.0907],[-67.5357,-39.0916]]}},{"type":"Feature","properties":{"nombre":"Arroyo Romero","tipo":"Arroyo"},"geometry":{"type":"LineString","coordinates":[[-70.8385,-38.3167],[-70.823,-38.3305]]}},{"type":"Feature","properties":{"nombre":"Río Neuquén","tipo":"Río"},"geometry":{"type":"LineString","coordinates":[[-68.2438,-38.6933],[-68.2424,-38.6968],[-68.2331,-38.7]]}},{"type":"Feature","properties":{"nombre":"Río San Isidro","tipo":"Río"},"geometry":{"type":"LineString","coordinates":[[-71.3465,-40.4531],[-71.3269,-40.4585]]}},{"type":"Feature","properties":{"nombre":"Río Neuquén","tipo":"Río"},"geometry":{"type":"LineString","coordinates":[[-70.367,-37.369],[-70.3388,-37.3743]]}},{"type":"Feature","properties":{"nombre":"Río Aluminé","tipo":"Río"},"geometry":{"type":"LineString","coordinates":[[-70.846,-39.9603],[-70.8397,-39.9672],[-70.8453,-39.9869]]}},{"type":"Feature","properties":{"nombre":"Arroyo Los Menucos","tipo":"Arroyo"},"geometry":{"type":"LineString","coordinates":[[-70.4217,-37.1502],[-70.4188,-37.1406]]}},{"type":"Feature","properties":{"nombre":"Arroyo Ñireco","tipo":"Arroyo"},"geometry":{"type":"LineString","coordinates":[[-70.4201,-37.1289],[-70.4083,-37.1336]]}},{"type":"Feature","properties":{"nombre":"Río Collón Curá","tipo":"Río"},"geometry":{"type":"LineString","coordinates":[[-70.6666,-40.2659],[-70.6724,-40.2782]]}},{"type":"Feature","properties":{"nombre":"Río Aluminé","tipo":"Río"},"geometry":{"type":"LineString","coordinates":[[-70.91,-39.7757],[-70.9048,-39.7807],[-70.8973,-39.7818]]}},{"type":"Feature","properties":{"nombre":null,"tipo":null},"geometry":{"type":"LineString","coordinates":[[-69.3158,-39.6616],[-69.3096,-39.659],[-69.3086,-39.6535]]}},{"type":"Feature","properties":{"nombre":"Arroyo La Leche","tipo":"Arroyo"},"geometry":{"type":"LineString","coordinates":[[-70.7652,-36.5652],[-70.7666,-36.5683],[-70.7797,-36.5714],[-70.7941,-36.5714]]}},{"type":"Feature","properties":{"nombre":null,"tipo":null},"geometry":{"type":"LineString","coordinates":[[-70.5922,-37.1304],[-70.6116,-37.1364],[-70.62,-37.1329]]}},{"type":"Feature","properties":{"nombre":"Arroyo Los Pajaritos","tipo":"Arroyo"},"geometry":{"type":"LineString","coordinates":[[-71.0378,-36.9215],[-71.0294,-36.9198]]}},{"type":"Feature","properties":{"nombre":"Arroyo Ñireco","tipo":"Arroyo"},"geometry":{"type":"LineString","coordinates":[[-70.8607,-37.6507],[-70.8673,-37.6488],[-70.8715,-37.6423]]}},{"type":"Feature","properties":{"nombre":"Río Neuquén","tipo":"Río"},"geometry":{"type":"LineString","coordinates":[[-69.5496,-38.4519],[-69.5485,-38.461]]}},{"type":"Feature","properties":{"nombre":"Río Limay","tipo":"Río"},"geometry":{"type":"LineString","coordinates":[[-68.1708,-38.9765],[-68.1635,-38.9802],[-68.1562,-38.9782]]}},{"type":"Feature","properties":{"nombre":"Río Reñileuvú","tipo":"Río"},"geometry":{"type":"LineString","coordinates":[[-71.0,-37.3606],[-70.9794,-37.366]]}},{"type":"Feature","properties":{"nombre":"Río Neuquén","tipo":"Río"},"geometry":{"type":"LineString","coordinates":[[-70.6991,-36.9636],[-70.6953,-36.9675],[-70.6879,-36.9682]]}},{"type":"Feature","properties":{"nombre":"Arroyo Picún Leufú","tipo":"Arroyo"},"geometry":{"type":"LineString","coordinates":[[-69.969,-39.2791],[-69.9588,-39.2824]]}},{"type":"Feature","properties":{"nombre":"Río Colorado","tipo":"Río"},"geometry":{"type":"LineString","coordinates":[[-69.5129,-37.1675],[-69.5116,-37.1652],[-69.5,-37.1658]]}},{"type":"Feature","properties":{"nombre":"Arroyo de Méndez","tipo":"Arroyo"},"geometry":{"type":"LineString","coordinates":[[-70.8823,-36.4729],[-70.8705,-36.4801],[-70.8674,-36.4963],[-70.8718,-36.4981],[-70.8727,-36.505]]}},{"type":"Feature","properties":{"nombre":"Arroyo Huncal","tipo":"Arroyo"},"geometry":{"type":"LineString","coordinates":[[-70.328,-37.9654],[-70.3155,-37.9686]]}},{"type":"Feature","properties":{"nombre":"Río Limay","tipo":"Río"},"geometry":{"type":"LineString","coordinates":[[-69.3629,-39.7163],[-69.3651,-39.7119],[-69.3592,-39.7091]]}},{"type":"Feature","properties":{"nombre":"Río Neuquén","tipo":"Río"},"geometry":{"type":"LineString","coordinates":[[-69.5077,-38.4907],[-69.5141,-38.4872],[-69.5245,-38.4901]]}},{"type":"Feature","properties":{"nombre":"Arroyo Manzano","tipo":"Arroyo"},"geometry":{"type":"LineString","coordinates":[[-70.5233,-38.2868],[-70.5363,-38.2993],[-70.5379,-38.3113],[-70.535,-38.3186]]}},{"type":"Feature","properties":{"nombre":"Río Collón Curá","tipo":"Río"},"geometry":{"type":"LineString","coordinates":[[-70.7128,-40.1661],[-70.7023,-40.1716],[-70.6965,-40.1794]]}},{"type":"Feature","properties":{"nombre":"Río San Isidro","tipo":"Río"},"geometry":{"type":"LineString","coordinates":[[-71.2961,-40.473],[-71.2888,-40.4772],[-71.2852,-40.4838],[-71.2743,-40.487],[-71.2712,-40.4966]]}},{"type":"Feature","properties":{"nombre":"Río Neuquén","tipo":"Río"},"geometry":{"type":"LineString","coordinates":[[-70.578,-37.3724],[-70.5714,-37.3717],[-70.5682,-37.3772]]}},{"type":"Feature","properties":{"nombre":null,"tipo":null},"geometry":{"type":"LineString","coordinates":[[-70.5649,-37.1475],[-70.5843,-37.1439]]}},{"type":"Feature","properties":{"nombre":"Río Neuquén","tipo":"Río"},"geometry":{"type":"LineString","coordinates":[[-70.3032,-37.3723],[-70.2976,-37.3791],[-70.2865,-37.3824]]}},{"type":"Feature","properties":{"nombre":"Río Agrio","tipo":"Río"},"geometry":{"type":"LineString","coordinates":[[-70.5921,-37.9608],[-70.5868,-37.9628],[-70.5859,-37.972]]}},{"type":"Feature","properties":{"nombre":"Arroyo Casheu Malle-Hue","tipo":"Arroyo"},"geometry":{"type":"LineString","coordinates":[[-70.6479,-39.0165],[-70.6591,-39.0]]}},{"type":"Feature","properties":{"nombre":"Arroyo del Fortín 1° de Mayo","tipo":"Arroyo"},"geometry":{"type":"LineString","coordinates":[[-70.7015,-39.4209],[-70.698,-39.4259],[-70.6869,-39.426]]}},{"type":"Feature","properties":{"nombre":"Río Catán Lil","tipo":"Río"},"geometry":{"type":"LineString","coordinates":[[-70.5719,-39.6104],[-70.5728,-39.6182],[-70.5792,-39.6205],[-70.5738,-39.6233],[-70.5777,-39.6335]]}},{"type":"Feature","properties":{"nombre":"Arroyo Quilachanquil","tipo":"Arroyo"},"geometry":{"type":"LineString","coordinates":[[-70.8652,-39.086],[-70.8536,-39.0806]]}},{"type":"Feature","properties":{"nombre":"Río Neuquén","tipo":"Río"},"geometry":{"type":"LineString","coordinates":[[-68.8551,-38.3681],[-68.8404,-38.3719]]}},{"type":"Feature","properties":{"nombre":"Arroyo Trolón","tipo":"Arroyo"},"geometry":{"type":"LineString","coordinates":[[-70.7768,-37.7785],[-70.7608,-37.7692]]}},{"type":"Feature","properties":{"nombre":"Río Malleo","tipo":"Río"},"geometry":{"type":"LineString","coordinates":[[-70.9464,-39.8297],[-70.9375,-39.8359],[-70.9377,-39.8402]]}},{"type":"Feature","properties":{"nombre":"Arroyo Quebrada Honda","tipo":"Arroyo"},"geometry":{"type":"LineString","coordinates":[[-70.5066,-37.4287],[-70.5089,-37.4204],[-70.5147,-37.4172],[-70.5237,-37.4177]]}},{"type":"Feature","properties":{"nombre":"Río Colorado","tipo":"Río"},"geometry":{"type":"LineString","coordinates":[[-69.1259,-37.2037],[-69.1166,-37.2071]]}},{"type":"Feature","properties":{"nombre":"Río Varvarco","tipo":"Río"},"geometry":{"type":"LineString","coordinates":[[-70.6434,-36.6174],[-70.6459,-36.6213],[-70.6411,-36.634]]}},{"type":"Feature","properties":{"nombre":"Río Neuquén","tipo":"Río"},"geometry":{"type":"LineString","coordinates":[[-69.5822,-38.4474],[-69.5711,-38.4495]]}},{"type":"Feature","properties":{"nombre":"Arroyo Picún Leufú","tipo":"Arroyo"},"geometry":{"type":"LineString","coordinates":[[-69.3749,-39.527],[-69.3485,-39.5276]]}},{"type":"Feature","properties":{"nombre":"Río Lileo","tipo":"Río"},"geometry":{"type":"LineString","coordinates":[[-70.8655,-37.2242],[-70.8459,-37.2235],[-70.8378,-37.2201],[-70.8327,-37.2126],[-70.8183,-37.2084],[-70.8083,-37.2106],[-70.7971,-37.221],[-70.7724,-37.2256]]}},{"type":"Feature","properties":{"nombre":"Río Curi Leuvú","tipo":"Río"},"geometry":{"type":"LineString","coordinates":[[-70.408,-37.0056],[-70.4176,-37.0219],[-70.4167,-37.0252]]}},{"type":"Feature","properties":{"nombre":null,"tipo":null},"geometry":{"type":"LineString","coordinates":[[-70.5012,-36.3454],[-70.5137,-36.3375],[-70.5326,-36.3446]]}},{"type":"Feature","properties":{"nombre":null,"tipo":null},"geometry":{"type":"LineString","coordinates":[[-70.5,-37.2332],[-70.4884,-37.2455]]}},{"type":"Feature","properties":{"nombre":null,"tipo":null},"geometry":{"type":"LineString","coordinates":[[-70.9644,-37.0977],[-70.9776,-37.0951],[-70.9934,-37.0845]]}},{"type":"Feature","properties":{"nombre":"Río Hermoso","tipo":"Río"},"geometry":{"type":"LineString","coordinates":[[-71.3464,-40.3333],[-71.3395,-40.3404]]}},{"type":"Feature","properties":{"nombre":"Arroyo Candelero","tipo":"Arroyo"},"geometry":{"type":"LineString","coordinates":[[-70.3947,-38.1228],[-70.3883,-38.131]]}},{"type":"Feature","properties":{"nombre":"Arroyo Chacayquito","tipo":"Arroyo"},"geometry":{"type":"LineString","coordinates":[[-69.9767,-36.6299],[-69.9835,-36.6443],[-69.9733,-36.6558],[-69.9703,-36.6667]]}},{"type":"Feature","properties":{"nombre":"Arroyo de los Burros","tipo":"Arroyo"},"geometry":{"type":"LineString","coordinates":[[-70.9543,-38.1905],[-70.9319,-38.1964]]}},{"type":"Feature","properties":{"nombre":"Arroyo Mulichincó","tipo":"Arroyo"},"geometry":{"type":"LineString","coordinates":[[-70.4314,-38.0686],[-70.4336,-38.058]]}},{"type":"Feature","properties":{"nombre":"Arroyo Las Lecheras","tipo":"Arroyo"},"geometry":{"type":"LineString","coordinates":[[-71.01,-38.0468],[-71.0,-38.0486]]}},{"type":"Feature","properties":{"nombre":"Arroyo Baños","tipo":"Arroyo"},"geometry":{"type":"LineString","coordinates":[[-71.1845,-37.6621],[-71.1693,-37.6589],[-71.1608,-37.6602]]}},{"type":"Feature","properties":{"nombre":"Arroyo Trolón","tipo":"Arroyo"},"geometry":{"type":"LineString","coordinates":[[-70.937,-37.7483],[-70.9276,-37.7518]]}},{"type":"Feature","properties":{"nombre":"Río Aluminé","tipo":"Río"},"geometry":{"type":"LineString","coordinates":[[-70.9576,-39.0972],[-70.9589,-39.1019],[-70.9535,-39.108]]}},{"type":"Feature","properties":{"nombre":"Río Neuquén","tipo":"Río"},"geometry":{"type":"LineString","coordinates":[[-69.8395,-38.036],[-69.8236,-38.0435],[-69.8225,-38.0534]]}},{"type":"Feature","properties":{"nombre":"Río Neuquén","tipo":"Río"},"geometry":{"type":"LineString","coordinates":[[-70.6658,-37.3464],[-70.66,-37.3445],[-70.6523,-37.3496]]}},{"type":"Feature","properties":{"nombre":null,"tipo":null},"geometry":{"type":"LineString","coordinates":[[-70.9861,-37.1115],[-70.9971,-37.104],[-71.0,-37.0982]]}},{"type":"Feature","properties":{"nombre":"Río Limay","tipo":"Río"},"geometry":{"type":"LineString","coordinates":[[-68.5827,-39.1122],[-68.5778,-39.1098],[-68.5765,-39.1029],[-68.5617,-39.0914]]}},{"type":"Feature","properties":{"nombre":"Arroyo Pichi Neuquén","tipo":"Arroyo"},"geometry":{"type":"LineString","coordinates":[[-70.0278,-37.8169],[-70.0185,-37.8187],[-70.0186,-37.8232]]}},{"type":"Feature","properties":{"nombre":"Río Colorado","tipo":"Río"},"geometry":{"type":"LineString","coordinates":[[-69.0791,-37.2203],[-69.0692,-37.2217]]}},{"type":"Feature","properties":{"nombre":"Río Neuquén","tipo":"Río"},"geometry":{"type":"LineString","coordinates":[[-70.7941,-36.5714],[-70.7955,-36.5774],[-70.7897,-36.5825],[-70.788,-36.5898],[-70.7946,-36.6026]]}},{"type":"Feature","properties":{"nombre":"Arroyo Pichachén","tipo":"Arroyo"},"geometry":{"type":"LineString","coordinates":[[-71.0815,-37.3979],[-71.0747,-37.3837],[-71.0663,-37.3747],[-71.0541,-37.3713]]}},{"type":"Feature","properties":{"nombre":"Río Rucachoroi","tipo":"Río"},"geometry":{"type":"LineString","coordinates":[[-70.9957,-39.2081],[-70.9931,-39.2111],[-70.9866,-39.2101]]}},{"type":"Feature","properties":{"nombre":null,"tipo":null},"geometry":{"type":"LineString","coordinates":[[-70.9396,-37.1693],[-70.9553,-37.1727]]}},{"type":"Feature","properties":{"nombre":"Arroyo Los Molles","tipo":"Arroyo"},"geometry":{"type":"LineString","coordinates":[[-70.2997,-39.243],[-70.2953,-39.2373],[-70.2971,-39.2362],[-70.2929,-39.2356]]}},{"type":"Feature","properties":{"nombre":"Arroyo de los Burros","tipo":"Arroyo"},"geometry":{"type":"LineString","coordinates":[[-70.9657,-38.1878],[-70.9564,-38.1902]]}},{"type":"Feature","properties":{"nombre":"Río Nahueve","tipo":"Río"},"geometry":{"type":"LineString","coordinates":[[-70.985,-36.8636],[-70.9735,-36.866]]}},{"type":"Feature","properties":{"nombre":"Arroyo Ranquileo","tipo":"Arroyo"},"geometry":{"type":"LineString","coordinates":[[-70.7762,-36.8757],[-70.7718,-36.8664]]}},{"type":"Feature","properties":{"nombre":null,"tipo":null},"geometry":{"type":"LineString","coordinates":[[-70.9399,-36.6032],[-70.9323,-36.6101]]}},{"type":"Feature","properties":{"nombre":null,"tipo":null},"geometry":{"type":"LineString","coordinates":[[-69.5,-39.6528],[-69.4522,-39.65],[-69.4368,-39.6369],[-69.4242,-39.636]]}},{"type":"Feature","properties":{"nombre":"Río Curi Leuvú","tipo":"Río"},"geometry":{"type":"LineString","coordinates":[[-70.3489,-37.2346],[-70.3375,-37.2395]]}},{"type":"Feature","properties":{"nombre":"Arroyo La Llamada","tipo":"Arroyo"},"geometry":{"type":"LineString","coordinates":[[-70.6575,-37.5619],[-70.6503,-37.556],[-70.6382,-37.5544]]}},{"type":"Feature","properties":{"nombre":"Arroyo Ñireco","tipo":"Arroyo"},"geometry":{"type":"LineString","coordinates":[[-70.8527,-36.6976],[-70.8403,-36.7039],[-70.8328,-36.713],[-70.8265,-36.7147]]}},{"type":"Feature","properties":{"nombre":"Río Catán Lil","tipo":"Río"},"geometry":{"type":"LineString","coordinates":[[-70.6408,-39.3333],[-70.6476,-39.3384]]}},{"type":"Feature","properties":{"nombre":"Río Reñileuvú","tipo":"Río"},"geometry":{"type":"LineString","coordinates":[[-71.0541,-37.3713],[-71.0374,-37.3696]]}},{"type":"Feature","properties":{"nombre":"Arroyo Picún Leufú","tipo":"Arroyo"},"geometry":{"type":"LineString","coordinates":[[-70.4344,-39.1557],[-70.424,-39.1476]]}},{"type":"Feature","properties":{"nombre":"Arroyo Ñireco","tipo":"Arroyo"},"geometry":{"type":"LineString","coordinates":[[-70.4686,-39.07],[-70.4638,-39.0787]]}},{"type":"Feature","properties":{"nombre":"Arroyo Ñirequito","tipo":"Arroyo"},"geometry":{"type":"LineString","coordinates":[[-70.4514,-37.2116],[-70.4393,-37.2147]]}},{"type":"Feature","properties":{"nombre":"Río Colorado","tipo":"Río"},"geometry":{"type":"LineString","coordinates":[[-69.0441,-37.2805],[-69.0489,-37.2899]]}},{"type":"Feature","properties":{"nombre":"Arroyo Piedra Blanca","tipo":"Arroyo"},"geometry":{"type":"LineString","coordinates":[[-70.5839,-37.2196],[-70.617,-37.2203]]}},{"type":"Feature","properties":{"nombre":"Arroyo Ñorquín","tipo":"Arroyo"},"geometry":{"type":"LineString","coordinates":[[-70.594,-37.6956],[-70.6042,-37.6985],[-70.6095,-37.7054]]}},{"type":"Feature","properties":{"nombre":"Arroyo Curamileu","tipo":"Arroyo"},"geometry":{"type":"LineString","coordinates":[[-70.9398,-36.7712],[-70.9329,-36.7763],[-70.9244,-36.7774],[-70.9204,-36.7823]]}},{"type":"Feature","properties":{"nombre":"Río Aluminé","tipo":"Río"},"geometry":{"type":"LineString","coordinates":[[-70.8384,-39.9514],[-70.8467,-39.9533]]}},{"type":"Feature","properties":{"nombre":"Arroyo Coehue Melehue","tipo":"Arroyo"},"geometry":{"type":"LineString","coordinates":[[-69.6771,-36.32],[-69.6862,-36.3143],[-69.6861,-36.3107],[-69.7043,-36.3101],[-69.7192,-36.3155],[-69.7376,-36.3305]]}},{"type":"Feature","properties":{"nombre":"Río Neuquén","tipo":"Río"},"geometry":{"type":"LineString","coordinates":[[-68.5,-38.5387],[-68.4907,-38.5445],[-68.4834,-38.5432]]}},{"type":"Feature","properties":{"nombre":"Arroyo Curu Pehuén","tipo":"Arroyo"},"geometry":{"type":"LineString","coordinates":[[-70.7266,-39.0535],[-70.7099,-39.0746],[-70.7052,-39.0853]]}},{"type":"Feature","properties":{"nombre":"Arroyo Chapelco Chico","tipo":"Arroyo"},"geometry":{"type":"LineString","coordinates":[[-71.2631,-40.1254],[-71.2686,-40.1268],[-71.2809,-40.1234],[-71.2861,-40.1262]]}},{"type":"Feature","properties":{"nombre":"Río Agrio","tipo":"Río"},"geometry":{"type":"LineString","coordinates":[[-70.5949,-38.0138],[-70.5936,-38.0248]]}},{"type":"Feature","properties":{"nombre":"Río Aluminé","tipo":"Río"},"geometry":{"type":"LineString","coordinates":[[-70.9226,-39.7782],[-70.91,-39.7757]]}},{"type":"Feature","properties":{"nombre":"Arroyo Covunco","tipo":"Arroyo"},"geometry":{"type":"LineString","coordinates":[[-69.8569,-38.6324],[-69.8439,-38.6283]]}},{"type":"Feature","properties":{"nombre":"Arroyo Los Pajaritos","tipo":"Arroyo"},"geometry":{"type":"LineString","coordinates":[[-70.9547,-36.9075],[-70.944,-36.9187]]}},{"type":"Feature","properties":{"nombre":null,"tipo":null},"geometry":{"type":"LineString","coordinates":[[-70.9529,-37.2726],[-70.9431,-37.2766],[-70.9385,-37.2902]]}},{"type":"Feature","properties":{"nombre":"Arroyo Catrinao","tipo":"Arroyo"},"geometry":{"type":"LineString","coordinates":[[-70.8716,-36.5056],[-70.8548,-36.5104]]}},{"type":"Feature","properties":{"nombre":"Arroyo Tralalhue","tipo":"Arroyo"},"geometry":{"type":"LineString","coordinates":[[-70.2281,-37.6847],[-70.2229,-37.6997]]}},{"type":"Feature","properties":{"nombre":"Arroyo Manzano","tipo":"Arroyo"},"geometry":{"type":"LineString","coordinates":[[-70.8464,-38.1329],[-70.8108,-38.1317]]}},{"type":"Feature","properties":{"nombre":"Río Aluminé","tipo":"Río"},"geometry":{"type":"LineString","coordinates":[[-70.9697,-39.5647],[-70.9674,-39.5697],[-70.9592,-39.5726]]}},{"type":"Feature","properties":{"nombre":"Arroyo Trailathué","tipo":"Arroyo"},"geometry":{"type":"LineString","coordinates":[[-70.3856,-37.655],[-70.3724,-37.6547],[-70.3683,-37.6512]]}},{"type":"Feature","properties":{"nombre":"Arroyo Urrutia","tipo":"Arroyo"},"geometry":{"type":"LineString","coordinates":[[-70.7085,-36.4443],[-70.7026,-36.4485],[-70.7042,-36.458],[-70.6985,-36.4667]]}},{"type":"Feature","properties":{"nombre":null,"tipo":null},"geometry":{"type":"LineString","coordinates":[[-71.5594,-39.8157],[-71.5521,-39.8062]]}},{"type":"Feature","properties":{"nombre":"Arroyo El Cholar","tipo":"Arroyo"},"geometry":{"type":"LineString","coordinates":[[-70.7499,-37.5506],[-70.7405,-37.5339],[-70.7167,-37.529]]}},{"type":"Feature","properties":{"nombre":"Arroyo Pilunchaya","tipo":"Arroyo"},"geometry":{"type":"LineString","coordinates":[[-71.0569,-37.6916],[-71.0457,-37.6928]]}},{"type":"Feature","properties":{"nombre":"Río Lileo","tipo":"Río"},"geometry":{"type":"LineString","coordinates":[[-70.9327,-37.2039],[-70.9211,-37.2114]]}},{"type":"Feature","properties":{"nombre":"Río Colorado","tipo":"Río"},"geometry":{"type":"LineString","coordinates":[[-69.0416,-37.3333],[-69.0397,-37.342]]}},{"type":"Feature","properties":{"nombre":"Río Neuquén","tipo":"Río"},"geometry":{"type":"LineString","coordinates":[[-68.7469,-38.3752],[-68.737,-38.391]]}},{"type":"Feature","properties":{"nombre":"Río Filo Hua Hum","tipo":"Río"},"geometry":{"type":"LineString","coordinates":[[-71.2812,-40.4976],[-71.2726,-40.4995],[-71.2712,-40.4966]]}},{"type":"Feature","properties":{"nombre":"Río Catán Lil","tipo":"Río"},"geometry":{"type":"LineString","coordinates":[[-70.8104,-39.8729],[-70.8142,-39.8763],[-70.8128,-39.879]]}},{"type":"Feature","properties":{"nombre":"Arroyo Huanuco","tipo":"Arroyo"},"geometry":{"type":"LineString","coordinates":[[-70.9321,-37.8442],[-70.9009,-37.8401]]}},{"type":"Feature","properties":{"nombre":"Arroyo Vaca Lauquen","tipo":"Arroyo"},"geometry":{"type":"LineString","coordinates":[[-71.0645,-36.863],[-71.0497,-36.8646]]}},{"type":"Feature","properties":{"nombre":"Arroyo Chacay Melehué","tipo":"Arroyo"},"geometry":{"type":"LineString","coordinates":[[-70.5715,-37.2933],[-70.5681,-37.2849],[-70.5591,-37.2763]]}},{"type":"Feature","properties":{"nombre":"Río Catán Lil","tipo":"Río"},"geometry":{"type":"LineString","coordinates":[[-70.7452,-39.7797],[-70.7594,-39.7866],[-70.7596,-39.7924],[-70.7649,-39.7935],[-70.7702,-39.7904],[-70.7779,-39.7958]]}},{"type":"Feature","properties":{"nombre":"Río Malleo","tipo":"Río"},"geometry":{"type":"LineString","coordinates":[[-70.9377,-39.8402],[-70.9316,-39.8403],[-70.9277,-39.8363]]}},{"type":"Feature","properties":{"nombre":"Arroyo Chacal de Afuera","tipo":"Arroyo"},"geometry":{"type":"LineString","coordinates":[[-70.7275,-38.2132],[-70.716,-38.2189]]}},{"type":"Feature","properties":{"nombre":"Arroyo Cifuentes","tipo":"Arroyo"},"geometry":{"type":"LineString","coordinates":[[-71.0597,-37.2566],[-71.0612,-37.2619],[-71.0728,-37.2681],[-71.0702,-37.2773]]}},{"type":"Feature","properties":{"nombre":"Arroyo Rucu Leufú","tipo":"Arroyo"},"geometry":{"type":"LineString","coordinates":[[-71.5,-39.7008],[-71.5048,-39.7034],[-71.508,-39.7143]]}},{"type":"Feature","properties":{"nombre":null,"tipo":null},"geometry":{"type":"LineString","coordinates":[[-70.5611,-37.1731],[-70.5792,-37.1637]]}},{"type":"Feature","properties":{"nombre":"Arroyo Los Molles","tipo":"Arroyo"},"geometry":{"type":"LineString","coordinates":[[-70.3813,-39.2519],[-70.3601,-39.2564]]}},{"type":"Feature","properties":{"nombre":null,"tipo":null},"geometry":{"type":"LineString","coordinates":[[-70.9394,-37.3065],[-70.9346,-37.3149],[-70.9349,-37.3333]]}},{"type":"Feature","properties":{"nombre":"Arroyo Butalón","tipo":"Arroyo"},"geometry":{"type":"LineString","coordinates":[[-70.6033,-36.9696],[-70.6105,-36.9643]]}},{"type":"Feature","properties":{"nombre":"Arroyo Trolón","tipo":"Arroyo"},"geometry":{"type":"LineString","coordinates":[[-70.9481,-37.7392],[-70.9367,-37.7467]]}},{"type":"Feature","properties":{"nombre":"Río Rucachoroi","tipo":"Río"},"geometry":{"type":"LineString","coordinates":[[-70.935,-39.2044],[-70.9274,-39.203],[-70.9197,-39.2067]]}},{"type":"Feature","properties":{"nombre":"Arroyo Copulhue","tipo":"Arroyo"},"geometry":{"type":"LineString","coordinates":[[-71.029,-37.6553],[-71.0171,-37.6537]]}},{"type":"Feature","properties":{"nombre":"Arroyo Buta Mallín","tipo":"Arroyo"},"geometry":{"type":"LineString","coordinates":[[-70.9515,-38.0286],[-70.9509,-38.0257],[-70.945,-38.0255]]}},{"type":"Feature","properties":{"nombre":"Arroyo La Meche","tipo":"Arroyo"},"geometry":{"type":"LineString","coordinates":[[-70.8316,-37.0285],[-70.8254,-37.0242],[-70.8066,-37.0257]]}},{"type":"Feature","properties":{"nombre":"Arroyo Chenque Malal","tipo":"Arroyo"},"geometry":{"type":"LineString","coordinates":[[-70.5601,-37.0728],[-70.5875,-37.0748],[-70.6018,-37.0842]]}},{"type":"Feature","properties":{"nombre":"Arroyo Truqui-Có","tipo":"Arroyo"},"geometry":{"type":"LineString","coordinates":[[-70.3311,-37.4674],[-70.3194,-37.4518],[-70.297,-37.4424],[-70.2851,-37.4336],[-70.27,-37.4312],[-70.2657,-37.4268],[-70.2443,-37.4303],[-70.224,-37.4233],[-70.2154,-37.4301]]}},{"type":"Feature","properties":{"nombre":"Arroyo Azul","tipo":"Arroyo"},"geometry":{"type":"LineString","coordinates":[[-71.0483,-37.0399],[-71.038,-37.0302]]}},{"type":"Feature","properties":{"nombre":"Arroyo Trolón","tipo":"Arroyo"},"geometry":{"type":"LineString","coordinates":[[-70.9229,-37.7528],[-70.8912,-37.7619]]}},{"type":"Feature","properties":{"nombre":"Arroyo Butahuao","tipo":"Arroyo"},"geometry":{"type":"LineString","coordinates":[[-71.0108,-38.1192],[-71.0039,-38.1214],[-71.0,-38.1292]]}},{"type":"Feature","properties":{"nombre":"Río Agrio","tipo":"Río"},"geometry":{"type":"LineString","coordinates":[[-70.9075,-37.8096],[-70.8972,-37.812]]}},{"type":"Feature","properties":{"nombre":"Arroyo Panteón de los Indios","tipo":"Arroyo"},"geometry":{"type":"LineString","coordinates":[[-70.8489,-37.0904],[-70.82,-37.0855]]}},{"type":"Feature","properties":{"nombre":"Arroyo Ñireco","tipo":"Arroyo"},"geometry":{"type":"LineString","coordinates":[[-70.6022,-39.0435],[-70.5963,-39.0466],[-70.566,-39.0464]]}},{"type":"Feature","properties":{"nombre":"Arroyo Covunco","tipo":"Arroyo"},"geometry":{"type":"LineString","coordinates":[[-69.8135,-38.6128],[-69.7977,-38.6106],[-69.7971,-38.6071],[-69.7903,-38.6061]]}},{"type":"Feature","properties":{"nombre":"Arroyo Covunco","tipo":"Arroyo"},"geometry":{"type":"LineString","coordinates":[[-69.5619,-38.4705],[-69.5596,-38.4726],[-69.5583,-38.4691],[-69.5549,-38.4753],[-69.5448,-38.4783]]}},{"type":"Feature","properties":{"nombre":"Arroyo Palao","tipo":"Arroyo"},"geometry":{"type":"LineString","coordinates":[[-70.9629,-37.1662],[-70.9686,-37.1784]]}},{"type":"Feature","properties":{"nombre":null,"tipo":null},"geometry":{"type":"LineString","coordinates":[[-70.9914,-37.1643],[-70.9771,-37.1696],[-70.9689,-37.1766]]}},{"type":"Feature","properties":{"nombre":"Arroyo Chichahuay","tipo":"Arroyo"},"geometry":{"type":"LineString","coordinates":[[-70.9719,-40.2912],[-70.9455,-40.2998]]}},{"type":"Feature","properties":{"nombre":"Río Neuquén","tipo":"Río"},"geometry":{"type":"LineString","coordinates":[[-68.1082,-38.8133],[-68.1073,-38.8214]]}},{"type":"Feature","properties":{"nombre":"Arroyo Los Pinos","tipo":"Arroyo"},"geometry":{"type":"LineString","coordinates":[[-71.1787,-37.7053],[-71.1674,-37.7083]]}},{"type":"Feature","properties":{"nombre":"Arroyo Los Pajaritos","tipo":"Arroyo"},"geometry":{"type":"LineString","coordinates":[[-71.0,-36.9147],[-70.989,-36.9104],[-70.9773,-36.9009],[-70.9632,-36.905]]}},{"type":"Feature","properties":{"nombre":"Arroyo Yao Yao","tipo":"Arroyo"},"geometry":{"type":"LineString","coordinates":[[-70.6043,-39.2881],[-70.6109,-39.2899],[-70.6164,-39.2965],[-70.6159,-39.3044]]}},{"type":"Feature","properties":{"nombre":"Arroyo Donaire","tipo":"Arroyo"},"geometry":{"type":"LineString","coordinates":[[-71.1064,-37.1984],[-71.1028,-37.2041],[-71.1037,-37.2091],[-71.0916,-37.2188]]}},{"type":"Feature","properties":{"nombre":"Arroyo Manzano Escondido","tipo":"Arroyo"},"geometry":{"type":"LineString","coordinates":[[-70.4162,-37.5657],[-70.419,-37.5747]]}},{"type":"Feature","properties":{"nombre":"Arroyo Ranquilón","tipo":"Arroyo"},"geometry":{"type":"LineString","coordinates":[[-70.5849,-37.866],[-70.5855,-37.8783]]}},{"type":"Feature","properties":{"nombre":"Río Limay","tipo":"Río"},"geometry":{"type":"LineString","coordinates":[[-68.7579,-39.2657],[-68.7412,-39.2659]]}},{"type":"Feature","properties":{"nombre":"Arroyo Trohunco","tipo":"Arroyo"},"geometry":{"type":"LineString","coordinates":[[-70.8083,-37.1751],[-70.7912,-37.1733]]}},{"type":"Feature","properties":{"nombre":"Río Neuquén","tipo":"Río"},"geometry":{"type":"LineString","coordinates":[[-69.687,-38.3676],[-69.6818,-38.3766],[-69.6739,-38.3766]]}},{"type":"Feature","properties":{"nombre":"Arroyo Ecufué","tipo":"Arroyo"},"geometry":{"type":"LineString","coordinates":[[-71.5273,-39.7434],[-71.5462,-39.7465]]}},{"type":"Feature","properties":{"nombre":"Arroyo Cajón Almaza","tipo":"Arroyo"},"geometry":{"type":"LineString","coordinates":[[-70.4462,-38.1393],[-70.4541,-38.1448]]}},{"type":"Feature","properties":{"nombre":"Arroyo de la Punta Alta","tipo":"Arroyo"},"geometry":{"type":"LineString","coordinates":[[-70.0993,-38.2896],[-70.0814,-38.2698]]}},{"type":"Feature","properties":{"nombre":"Arroyo Ñireco","tipo":"Arroyo"},"geometry":{"type":"LineString","coordinates":[[-70.4315,-37.1232],[-70.4201,-37.1289]]}},{"type":"Feature","properties":{"nombre":"Río Agrio","tipo":"Río"},"geometry":{"type":"LineString","coordinates":[[-70.6178,-37.844],[-70.6084,-37.8518],[-70.6043,-37.8612],[-70.5978,-37.8631],[-70.5994,-37.8658],[-70.5901,-37.8718],[-70.5928,-37.876],[-70.5912,-37.8792],[-70.5855,-37.8783]]}},{"type":"Feature","properties":{"nombre":"Río Limay","tipo":"Río"},"geometry":{"type":"LineString","coordinates":[[-68.1012,-38.9867],[-68.096,-38.9857],[-68.0925,-38.9899]]}},{"type":"Feature","properties":{"nombre":"Río Aluminé","tipo":"Río"},"geometry":{"type":"LineString","coordinates":[[-70.9572,-39.531],[-70.9588,-39.5445]]}},{"type":"Feature","properties":{"nombre":"Arroyo Trailathué","tipo":"Arroyo"},"geometry":{"type":"LineString","coordinates":[[-70.3259,-37.6413],[-70.3164,-37.6394]]}},{"type":"Feature","properties":{"nombre":"Arroyo Trohunco","tipo":"Arroyo"},"geometry":{"type":"LineString","coordinates":[[-70.7912,-37.1733],[-70.7777,-37.1718]]}},{"type":"Feature","properties":{"nombre":"Arroyo La Llamada","tipo":"Arroyo"},"geometry":{"type":"LineString","coordinates":[[-70.6002,-37.4847],[-70.6034,-37.4716]]}},{"type":"Feature","properties":{"nombre":"Río Collón Curá","tipo":"Río"},"geometry":{"type":"LineString","coordinates":[[-70.7278,-40.1355],[-70.7279,-40.1426],[-70.7151,-40.145],[-70.7121,-40.1487],[-70.7139,-40.1513]]}},{"type":"Feature","properties":{"nombre":"Arroyo Chacay","tipo":"Arroyo"},"geometry":{"type":"LineString","coordinates":[[-70.6008,-36.8193],[-70.6116,-36.817],[-70.6116,-36.8142]]}},{"type":"Feature","properties":{"nombre":"Río Neuquén","tipo":"Río"},"geometry":{"type":"LineString","coordinates":[[-70.0376,-37.6474],[-70.0345,-37.6522],[-70.0245,-37.6561]]}},{"type":"Feature","properties":{"nombre":"Arroyo Yao Yao","tipo":"Arroyo"},"geometry":{"type":"LineString","coordinates":[[-70.5913,-39.2823],[-70.6021,-39.2873]]}},{"type":"Feature","properties":{"nombre":null,"tipo":null},"geometry":{"type":"LineString","coordinates":[[-70.5846,-37.2405],[-70.5982,-37.2404],[-70.6114,-37.2513]]}},{"type":"Feature","properties":{"nombre":null,"tipo":null},"geometry":{"type":"LineString","coordinates":[[-70.5645,-37.2135],[-70.5873,-37.2082],[-70.5906,-37.2058],[-70.5887,-37.2]]}},{"type":"Feature","properties":{"nombre":null,"tipo":null},"geometry":{"type":"LineString","coordinates":[[-70.6096,-37.0096],[-70.612,-37.0211]]}},{"type":"Feature","properties":{"nombre":"Río Neuquén","tipo":"Río"},"geometry":{"type":"LineString","coordinates":[[-70.6951,-36.8204],[-70.6899,-36.8208],[-70.685,-36.8257]]}},{"type":"Feature","properties":{"nombre":"Río Curi Leuvú","tipo":"Río"},"geometry":{"type":"LineString","coordinates":[[-70.2804,-37.3746],[-70.2732,-37.3629]]}},{"type":"Feature","properties":{"nombre":null,"tipo":null},"geometry":{"type":"LineString","coordinates":[[-71.1131,-36.8265],[-71.1045,-36.8226],[-71.1006,-36.8247]]}},{"type":"Feature","properties":{"nombre":null,"tipo":null},"geometry":{"type":"LineString","coordinates":[[-71.0262,-37.0037],[-71.0328,-37.011],[-71.0354,-37.0229]]}},{"type":"Feature","properties":{"nombre":"Arroyo Hualcupén","tipo":"Arroyo"},"geometry":{"type":"LineString","coordinates":[[-70.6105,-38.0],[-70.6045,-38.0022],[-70.5949,-38.0138]]}},{"type":"Feature","properties":{"nombre":"Arroyo Leuto Caballo","tipo":"Arroyo"},"geometry":{"type":"LineString","coordinates":[[-70.2608,-37.1541],[-70.2639,-37.1614],[-70.2753,-37.1689],[-70.2729,-37.1728]]}},{"type":"Feature","properties":{"nombre":"Arroyo Curamilio","tipo":"Arroyo"},"geometry":{"type":"LineString","coordinates":[[-70.5228,-36.2097],[-70.5,-36.2114]]}},{"type":"Feature","properties":{"nombre":"Arroyo Lumabia","tipo":"Arroyo"},"geometry":{"type":"LineString","coordinates":[[-70.9997,-36.8294],[-70.9975,-36.8383],[-70.9927,-36.8408]]}},{"type":"Feature","properties":{"nombre":"Arroyo Tilhué","tipo":"Arroyo"},"geometry":{"type":"LineString","coordinates":[[-70.1611,-37.3333],[-70.1647,-37.3428],[-70.1605,-37.346]]}},{"type":"Feature","properties":{"nombre":null,"tipo":null},"geometry":{"type":"LineString","coordinates":[[-70.2627,-37.3534],[-70.2787,-37.3561]]}},{"type":"Feature","properties":{"nombre":"Arroyo Los Cardos","tipo":"Arroyo"},"geometry":{"type":"LineString","coordinates":[[-70.8745,-37.1845],[-70.8583,-37.1894],[-70.8414,-37.2019]]}},{"type":"Feature","properties":{"nombre":"Arroyo Millaqueo","tipo":"Arroyo"},"geometry":{"type":"LineString","coordinates":[[-70.6492,-36.5307],[-70.6441,-36.5377],[-70.6352,-36.542]]}},{"type":"Feature","properties":{"nombre":"Río San Isidro","tipo":"Río"},"geometry":{"type":"LineString","coordinates":[[-71.3744,-40.4424],[-71.3534,-40.4503]]}},{"type":"Feature","properties":{"nombre":"Arroyo Trolope","tipo":"Arroyo"},"geometry":{"type":"LineString","coordinates":[[-71.0147,-37.7838],[-71.0308,-37.7754]]}},{"type":"Feature","properties":{"nombre":"Río Neuquén","tipo":"Río"},"geometry":{"type":"LineString","coordinates":[[-70.7653,-36.7062],[-70.7616,-36.7105],[-70.7622,-36.7154]]}},{"type":"Feature","properties":{"nombre":null,"tipo":null},"geometry":{"type":"LineString","coordinates":[[-70.6932,-37.6667],[-70.6817,-37.6745],[-70.6829,-37.6882],[-70.6772,-37.698]]}},{"type":"Feature","properties":{"nombre":"Río Agrio","tipo":"Río"},"geometry":{"type":"LineString","coordinates":[[-70.8711,-37.8151],[-70.8608,-37.8179]]}},{"type":"Feature","properties":{"nombre":"Río Neuquén","tipo":"Río"},"geometry":{"type":"LineString","coordinates":[[-70.0444,-37.5664],[-70.0474,-37.5634],[-70.0462,-37.5579]]}},{"type":"Feature","properties":{"nombre":"Arroyo El Durazno","tipo":"Arroyo"},"geometry":{"type":"LineString","coordinates":[[-70.5334,-37.6849],[-70.5364,-37.6803],[-70.5421,-37.6788]]}},{"type":"Feature","properties":{"nombre":null,"tipo":null},"geometry":{"type":"LineString","coordinates":[[-69.3086,-39.6535],[-69.294,-39.6338],[-69.2817,-39.6292],[-69.2839,-39.6205]]}},{"type":"Feature","properties":{"nombre":"Arroyo Copulhue","tipo":"Arroyo"},"geometry":{"type":"LineString","coordinates":[[-71.0654,-37.6369],[-71.0523,-37.6496]]}},{"type":"Feature","properties":{"nombre":"Río Neuquén","tipo":"Río"},"geometry":{"type":"LineString","coordinates":[[-68.0321,-38.9445],[-68.0222,-38.9459]]}},{"type":"Feature","properties":{"nombre":"Río Limay","tipo":"Río"},"geometry":{"type":"LineString","coordinates":[[-68.0324,-38.9985],[-68.0255,-38.99],[-68.0145,-38.9963],[-68.0055,-38.9927]]}},{"type":"Feature","properties":{"nombre":"Río Negro","tipo":"Río"},"geometry":{"type":"LineString","coordinates":[[-67.7895,-39.0512],[-67.7789,-39.0559]]}},{"type":"Feature","properties":{"nombre":null,"tipo":null},"geometry":{"type":"LineString","coordinates":[[-69.6314,-36.04],[-69.6423,-36.0406],[-69.657,-36.0553],[-69.6826,-36.0554],[-69.702,-36.0483],[-69.7156,-36.0521]]}},{"type":"Feature","properties":{"nombre":null,"tipo":null},"geometry":{"type":"LineString","coordinates":[[-69.3119,-39.6499],[-69.3221,-39.6528],[-69.3217,-39.6575]]}},{"type":"Feature","properties":{"nombre":"Río Negro","tipo":"Río"},"geometry":{"type":"LineString","coordinates":[[-67.7177,-39.0799],[-67.7167,-39.0869],[-67.7062,-39.0908]]}},{"type":"Feature","properties":{"nombre":"Río Negro","tipo":"Río"},"geometry":{"type":"LineString","coordinates":[[-67.717,-39.0798],[-67.7035,-39.0915]]}},{"type":"Feature","properties":{"nombre":"Río Negro","tipo":"Río"},"geometry":{"type":"LineString","coordinates":[[-67.8795,-39.0189],[-67.8735,-39.0205],[-67.8661,-39.0281]]}},{"type":"Feature","properties":{"nombre":"Río Negro","tipo":"Río"},"geometry":{"type":"LineString","coordinates":[[-67.8795,-39.0179],[-67.8682,-39.0165],[-67.8638,-39.0233]]}},{"type":"Feature","properties":{"nombre":"Río Negro","tipo":"Río"},"geometry":{"type":"LineString","coordinates":[[-67.5841,-39.1021],[-67.5763,-39.1005],[-67.5749,-39.0955],[-67.5654,-39.0899]]}},{"type":"Feature","properties":{"nombre":"Río Negro","tipo":"Río"},"geometry":{"type":"LineString","coordinates":[[-67.5646,-39.0941],[-67.5564,-39.0948],[-67.5555,-39.0998]]}}]}