{"type":"FeatureCollection","features":[{"type":"Feature","properties":{"ruta":"188","tipo":40,"jerarquia":"nacional"},"geometry":{"type":"LineString","coordinates":[[-67.867,-34.8574],[-67.8669,-34.8863],[-67.8636,-34.8883],[-67.8642,-35.009],[-67.8848,-35.018],[-67.9867,-35.12],[-68.0372,-35.1591],[-68.0825,-35.1826],[-68.2349,-35.2917],[-68.2416,-35.2882],[-68.2429,-35.2906],[-68.2569,-35.2955],[-68.2702,-35.2971],[-68.2939,-35.3136],[-68.3048,-35.3252],[-68.3218,-35.3357],[-68.3621,-35.3281],[-68.3733,-35.3277],[-68.3741,-35.3305],[-68.3809,-35.3247],[-68.3881,-35.3255],[-68.3912,-35.3207],[-68.4082,-35.3141],[-68.4424,-35.3202],[-68.4666,-35.3202],[-68.4786,-35.3194],[-68.4876,-35.3129],[-68.5021,-35.3114],[-68.522,-35.3206],[-68.5914,-35.3262],[-68.6559,-35.3501],[-68.7343,-35.3912],[-68.7883,-35.3923],[-68.8512,-35.3984],[-68.8726,-35.3955],[-68.8888,-35.3962],[-68.8941,-35.3995],[-68.8988,-35.3977],[-68.9117,-35.4023],[-68.9466,-35.4263],[-68.9571,-35.4289],[-68.9682,-35.4305],[-69.0284,-35.4282],[-69.0365,-35.4202],[-69.0387,-35.4062],[-69.0539,-35.3999],[-69.1816,-35.4012],[-69.1897,-35.4068],[-69.1903,-35.4245],[-69.2285,-35.4252],[-69.2585,-35.4423],[-69.2705,-35.4472],[-69.2768,-35.4471],[-69.3125,-35.4672],[-69.3827,-35.4699],[-69.3887,-35.4729],[-69.428,-35.4749],[-69.4414,-35.4701],[-69.4488,-35.4723],[-69.5342,-35.4749],[-69.5351,-35.4717],[-69.5562,-35.4729],[-69.5597,-35.4756],[-69.5664,-35.474],[-69.5852,-35.4746]]}},{"type":"Feature","properties":{"ruta":"145","tipo":40,"jerarquia":"nacional"},"geometry":{"type":"LineString","coordinates":[[-69.8078,-35.8629],[-69.8153,-35.8663],[-69.8324,-35.8675],[-69.8413,-35.8725],[-69.8594,-35.8685],[-69.875,-35.8743],[-69.8865,-35.8716],[-69.9123,-35.8741],[-69.9248,-35.868],[-69.9429,-35.8696],[-69.9615,-35.862],[-69.9803,-35.8434],[-70.0021,-35.838],[-70.0126,-35.8286],[-70.0214,-35.8275],[-70.0275,-35.8213],[-70.0445,-35.8259],[-70.0781,-35.8133],[-70.0895,-35.8006],[-70.0988,-35.7964],[-70.1207,-35.7987],[-70.1417,-35.7941],[-70.1472,-35.7957],[-70.1497,-35.8019],[-70.1703,-35.8183],[-70.1872,-35.8391],[-70.1882,-35.8532],[-70.196,-35.8563],[-70.1933,-35.8895],[-70.1981,-35.9007],[-70.2101,-35.9111],[-70.2152,-35.9302],[-70.2278,-35.9446],[-70.2265,-35.9519],[-70.2294,-35.9579],[-70.2371,-35.96],[-70.2405,-35.9582],[-70.2423,-35.9606],[-70.2659,-35.9557],[-70.285,-35.9591],[-70.2897,-35.9576],[-70.3057,-35.96],[-70.3129,-35.9655],[-70.3319,-35.9701],[-70.3555,-35.9688],[-70.3715,-35.9642],[-70.3798,-35.9678],[-70.3852,-35.9772],[-70.3943,-35.9819]]}},{"type":"Feature","properties":{"ruta":"144","tipo":40,"jerarquia":"nacional"},"geometry":{"type":"LineString","coordinates":[[-68.3793,-34.6523],[-68.4517,-34.6182],[-68.4691,-34.6404],[-68.5239,-34.6615],[-68.5455,-34.6659],[-68.5597,-34.6814],[-68.5558,-34.694],[-68.5678,-34.7072],[-68.5643,-34.7142],[-68.5657,-34.7178],[-68.583,-34.7323],[-68.64,-34.8129],[-68.6614,-34.8264],[-68.7214,-34.8839],[-68.7438,-34.8966],[-68.7759,-34.9103],[-68.8541,-34.9106],[-68.883,-34.9048],[-68.9396,-34.9157],[-69.3706,-35.0241],[-69.5668,-35.08],[-69.5826,-35.081]]}},{"type":"Feature","properties":{"ruta":"40","tipo":40,"jerarquia":"nacional"},"geometry":{"type":"MultiLineString","coordinates":[[[-71.3582,-40.1605],[-71.3575,-40.1677],[-71.3627,-40.174],[-71.3742,-40.1777],[-71.3936,-40.1745],[-71.3958,-40.1767],[-71.3952,-40.1815],[-71.3847,-40.1824],[-71.3824,-40.1882],[-71.3746,-40.193],[-71.3675,-40.2017],[-71.3609,-40.1951],[-71.3571,-40.1947],[-71.3602,-40.1987],[-71.355,-40.2038],[-71.3577,-40.2099],[-71.3649,-40.216],[-71.3639,-40.2198],[-71.372,-40.2265],[-71.3703,-40.2324],[-71.3723,-40.2417],[-71.3835,-40.2561],[-71.3886,-40.2697],[-71.3893,-40.2879],[-71.3842,-40.2934],[-71.3884,-40.3],[-71.3811,-40.3148],[-71.3843,-40.3252],[-71.4153,-40.3309],[-71.4248,-40.341],[-71.4425,-40.3457],[-71.4467,-40.3508],[-71.4502,-40.363],[-71.4582,-40.3712],[-71.4583,-40.3766],[-71.4665,-40.3895],[-71.4774,-40.3983],[-71.4867,-40.3999],[-71.5131,-40.428],[-71.529,-40.4312],[-71.5296,-40.4354],[-71.5435,-40.447],[-71.552,-40.4505],[-71.5757,-40.4529],[-71.5762,-40.457],[-71.5846,-40.4653],[-71.5805,-40.4811],[-71.5826,-40.4843],[-71.5848,-40.4832],[-71.5935,-40.4892],[-71.599,-40.4899],[-71.6092,-40.4851],[-71.6183,-40.4769],[-71.6272,-40.4764],[-71.6483,-40.4985],[-71.6495,-40.5385],[-71.657,-40.5657],[-71.6583,-40.5797],[-71.6547,-40.5954],[-71.6515,-40.598],[-71.648,-40.5974],[-71.646,-40.6007],[-71.6451,-40.6115],[-71.6497,-40.6243],[-71.6525,-40.6283],[-71.6588,-40.6268],[-71.6754,-40.6115],[-71.6868,-40.6088],[-71.7025,-40.6006],[-71.7103,-40.6087],[-71.705,-40.6122],[-71.7076,-40.6129],[-71.7049,-40.6224],[-71.7073,-40.6293],[-71.704,-40.6344],[-71.7049,-40.6433],[-71.7018,-40.646],[-71.7062,-40.6489],[-71.7031,-40.654],[-71.705,-40.661],[-71.6979,-40.6678],[-71.6951,-40.6805],[-71.6914,-40.6845],[-71.6921,-40.6896],[-71.696,-40.6918]],[[-71.3582,-40.1605],[-71.3491,-40.1575],[-71.3451,-40.1563],[-71.3457,-40.1552],[-71.3582,-40.1605]],[[-71.3457,-40.1552],[-71.3436,-40.1546]],[[-71.3436,-40.1546],[-71.3429,-40.1544],[-71.3422,-40.1542],[-71.3431,-40.1543],[-71.3436,-40.1546]],[[-71.3422,-40.1542],[-71.3213,-40.1514]],[[-71.3207,-40.1512],[-71.3197,-40.1506]],[[-71.3207,-40.1512],[-71.3205,-40.1514]],[[-71.3207,-40.1512],[-71.3205,-40.1514]],[[-71.3205,-40.1514],[-71.3194,-40.1508]],[[-71.3194,-40.1508],[-71.3197,-40.1506]],[[-71.3194,-40.1508],[-71.3197,-40.1506]],[[-71.3191,-40.1504],[-71.3166,-40.1485]],[[-71.3163,-40.1481],[-71.3161,-40.1479]],[[-71.3163,-40.1481],[-71.3161,-40.1482]],[[-71.3161,-40.1482],[-71.3163,-40.1481]],[[-71.3161,-40.1482],[-71.3159,-40.148]],[[-71.3159,-40.148],[-71.3161,-40.1479]],[[-71.3159,-40.148],[-71.3161,-40.1479]],[[-71.3155,-40.1477],[-71.3088,-40.1483]],[[-71.3083,-40.1481],[-71.308,-40.148]],[[-71.3082,-40.1483],[-71.3083,-40.1481]],[[-71.3083,-40.1481],[-71.3082,-40.1483]],[[-71.3082,-40.1483],[-71.3078,-40.1482]],[[-71.3078,-40.1482],[-71.308,-40.148]],[[-71.3078,-40.1482],[-71.308,-40.148]],[[-71.3075,-40.1478],[-71.3037,-40.144]],[[-71.3037,-40.144],[-71.3032,-40.1437],[-71.3008,-40.1425],[-71.3029,-40.1435],[-71.3037,-40.144]],[[-71.3008,-40.1425],[-71.2558,-40.1267],[-71.2403,-40.1241],[-71.2334,-40.119],[-71.2186,-40.128],[-71.2016,-40.1285],[-71.1898,-40.1259],[-71.1306,-40.0836],[-71.0782,-40.062],[-71.0768,-40.0592],[-71.0788,-40.0519],[-71.0918,-40.025],[-71.0845,-40.0114],[-71.0866,-39.9944],[-71.0772,-39.9539]],[[-71.0772,-39.9539],[-71.0766,-39.9525],[-71.0737,-39.9446],[-71.0743,-39.9461],[-71.0772,-39.9539]],[[-71.0737,-39.9446],[-71.0678,-39.9282],[-71.0749,-39.9207],[-71.0695,-39.9133],[-71.0576,-39.9195],[-71.0445,-39.919],[-71.0394,-39.9225],[-71.0248,-39.9253],[-71.0178,-39.9297],[-71.0073,-39.9262],[-70.9679,-39.9353],[-70.9599,-39.933],[-70.9444,-39.9387],[-70.9341,-39.9396],[-70.9226,-39.9487],[-70.9176,-39.9497],[-70.9111,-39.9589],[-70.8973,-39.9645],[-70.8872,-39.9745],[-70.8846,-39.9828],[-70.8765,-39.9918],[-70.8661,-39.994],[-70.8488,-39.9894],[-70.8403,-39.9991],[-70.8324,-39.9955],[-70.8274,-39.9993],[-70.8234,-39.9996],[-70.8135,-39.9986],[-70.7958,-40.0048],[-70.7743,-39.9961],[-70.7743,-39.9808],[-70.7574,-39.979],[-70.7523,-39.9754],[-70.7353,-39.9289],[-70.7119,-39.8992],[-70.7071,-39.8844],[-70.7014,-39.8753],[-70.6212,-39.8201],[-70.6081,-39.7945],[-70.6096,-39.7849],[-70.6172,-39.7784],[-70.6165,-39.769],[-70.6203,-39.7544],[-70.6179,-39.7503],[-70.6098,-39.7442],[-70.5867,-39.7401],[-70.5787,-39.7282],[-70.5791,-39.7227],[-70.5732,-39.7188],[-70.5652,-39.7197],[-70.5576,-39.714],[-70.5466,-39.7119],[-70.5291,-39.7127],[-70.5136,-39.7208],[-70.4655,-39.7307],[-70.4533,-39.7258],[-70.422,-39.7211],[-70.3974,-39.6893],[-70.398,-39.6596],[-70.4029,-39.6558],[-70.404,-39.6519],[-70.3907,-39.6249],[-70.3713,-39.6096],[-70.3673,-39.6008],[-70.3601,-39.5927],[-70.3551,-39.5806],[-70.336,-39.5572],[-70.3263,-39.5503],[-70.326,-39.5382],[-70.3148,-39.5251],[-70.2839,-39.5006],[-70.176,-39.4468],[-70.1761,-39.4434],[-70.1832,-39.4385],[-70.1857,-39.4334],[-70.1616,-39.4037],[-70.1617,-39.3987],[-70.1574,-39.3941],[-70.1575,-39.3892],[-70.1258,-39.3213],[-70.1009,-39.2863],[-70.0888,-39.2744],[-70.0819,-39.2591],[-70.0834,-39.2499],[-70.0596,-39.221],[-70.0652,-39.2143],[-70.0652,-39.1975],[-70.0504,-39.1599],[-70.045,-39.1542],[-70.0413,-39.141],[-70.0044,-39.0999],[-70.0077,-39.0849],[-70.0059,-39.0649],[-70.0221,-39.0266],[-70.0198,-39.0216],[-70.0121,-39.0228],[-70.0109,-39.0211],[-70.0184,-39.0178],[-70.0768,-39.0138],[-70.0808,-39.009],[-70.0881,-39.0061],[-70.0898,-38.9964],[-70.0966,-38.9942],[-70.1008,-38.99],[-70.0846,-38.9565],[-70.0759,-38.9504],[-70.0819,-38.9141],[-70.0743,-38.9046]],[[-70.369,-38.5265],[-70.3614,-38.5227],[-70.3614,-38.5227],[-70.369,-38.5264],[-70.369,-38.5265]],[[-70.1096,-38.8714],[-70.1501,-38.8304],[-70.1585,-38.8152],[-70.1755,-38.8046],[-70.1805,-38.7956],[-70.1913,-38.7937],[-70.1984,-38.7943],[-70.2063,-38.7996],[-70.2143,-38.7982],[-70.2405,-38.7794],[-70.3033,-38.7196],[-70.3245,-38.6587],[-70.3436,-38.6317],[-70.3526,-38.6138],[-70.3448,-38.6086],[-70.3423,-38.6024],[-70.325,-38.5916],[-70.3258,-38.5761],[-70.335,-38.5708],[-70.3427,-38.5574],[-70.3677,-38.5377],[-70.3659,-38.5309],[-70.3698,-38.5284],[-70.369,-38.5265]],[[-70.3614,-38.5226],[-70.3629,-38.5207],[-70.3585,-38.515],[-70.3511,-38.5161],[-70.3287,-38.5102],[-70.3062,-38.508],[-70.2798,-38.498],[-70.2626,-38.4959],[-70.2576,-38.4983],[-70.2576,-38.503],[-70.2552,-38.5048],[-70.2227,-38.506],[-70.1688,-38.493],[-70.1544,-38.4854],[-70.1104,-38.4439],[-70.1013,-38.3912],[-70.0944,-38.3819],[-70.0924,-38.3592],[-70.0743,-38.3387],[-70.0666,-38.2959],[-70.0674,-38.2909],[-70.0605,-38.2698],[-70.0621,-38.2646],[-70.0707,-38.2581],[-70.0941,-38.2301],[-70.0964,-38.2183],[-70.0933,-38.2113],[-70.1043,-38.2003],[-70.1102,-38.1852],[-70.0983,-38.1401],[-70.0995,-38.1223],[-70.076,-38.088],[-70.0578,-38.0151],[-70.0583,-37.9873],[-70.0753,-37.939],[-70.0708,-37.9345],[-70.0662,-37.9355],[-70.0544,-37.9324],[-70.0529,-37.9271],[-70.0548,-37.9211],[-70.0501,-37.9081],[-70.0541,-37.9014],[-70.0553,-37.8845],[-70.0626,-37.8717],[-70.061,-37.865],[-70.0718,-37.8355],[-70.0746,-37.8127],[-70.0803,-37.8048],[-70.0896,-37.7978],[-70.0964,-37.7853],[-70.1094,-37.7725],[-70.1372,-37.7318],[-70.1505,-37.7287],[-70.1537,-37.7256],[-70.1517,-37.7004],[-70.1585,-37.6596],[-70.1612,-37.6063],[-70.1907,-37.5282],[-70.1933,-37.4923],[-70.2134,-37.4728],[-70.2094,-37.4591],[-70.2128,-37.4473],[-70.2228,-37.4396],[-70.2289,-37.4247],[-70.2272,-37.4179],[-70.2329,-37.4103],[-70.2282,-37.4031],[-70.2633,-37.3812],[-70.2603,-37.3748],[-70.2611,-37.359],[-70.2698,-37.3501],[-70.2755,-37.3307],[-70.2674,-37.3254],[-70.2655,-37.3211],[-70.2608,-37.3216],[-70.2573,-37.3141],[-70.2345,-37.3048],[-70.2268,-37.3064],[-70.2216,-37.3105],[-70.2024,-37.3063],[-70.182,-37.3099],[-70.1676,-37.3198],[-70.1614,-37.3201],[-70.1557,-37.3276],[-70.1421,-37.336],[-70.0876,-37.3339],[-70.0746,-37.3369],[-70.0712,-37.3356],[-70.0679,-37.3386],[-70.0614,-37.3341],[-70.0606,-37.3304],[-70.0558,-37.3327],[-70.0526,-37.3294],[-70.0446,-37.3277],[-70.0427,-37.3316],[-70.0465,-37.3348],[-70.045,-37.3365],[-70.0361,-37.3349],[-70.0326,-37.3389],[-70.0246,-37.3349],[-70.0232,-37.3401],[-70.0076,-37.3407],[-69.9886,-37.3273],[-69.9745,-37.3224],[-69.9358,-37.3135],[-69.9186,-37.314],[-69.8911,-37.2999],[-69.8785,-37.2993],[-69.8757,-37.2953],[-69.8705,-37.2933],[-69.8503,-37.2957],[-69.8206,-37.2737],[-69.8064,-37.2662],[-69.7984,-37.2565],[-69.7949,-37.2225],[-69.7878,-37.2026],[-69.7886,-37.1915],[-69.7862,-37.1807],[-69.7891,-37.1744],[-69.7891,-37.1668],[-69.7958,-37.1532],[-69.7959,-37.1455],[-69.7985,-37.1429],[-69.8055,-37.1445],[-69.8075,-37.1428],[-69.7936,-37.1335],[-69.7928,-37.1309],[-69.7983,-37.1245],[-69.8069,-37.1242],[-69.8104,-37.1211],[-69.8177,-37.1067],[-69.8184,-37.1003],[-69.829,-37.0959],[-69.8293,-37.0831],[-69.839,-37.0719],[-69.8601,-37.057],[-69.8681,-37.0538],[-69.8705,-37.049],[-69.8768,-37.0472],[-69.8795,-37.0438],[-69.8742,-37.0327],[-69.8373,-37.0171],[-69.829,-37.0076],[-69.8201,-37.0022],[-69.8101,-36.9838],[-69.7955,-36.971],[-69.791,-36.9426],[-69.7943,-36.9368],[-69.7907,-36.9302],[-69.7986,-36.9187],[-69.8234,-36.9016],[-69.834,-36.8883],[-69.8439,-36.8695],[-69.8664,-36.8585],[-69.8766,-36.8491],[-69.8878,-36.8455],[-69.8985,-36.8322],[-69.9102,-36.8272],[-69.9119,-36.8209],[-69.9088,-36.8157],[-69.9014,-36.8124],[-69.8788,-36.8178],[-69.8615,-36.809],[-69.8528,-36.8],[-69.8677,-36.766],[-69.8658,-36.7554],[-69.86,-36.7484],[-69.863,-36.7402],[-69.8605,-36.7354],[-69.8621,-36.7322],[-69.856,-36.7182],[-69.8384,-36.7178],[-69.8327,-36.7082],[-69.8427,-36.6848],[-69.834,-36.6735],[-69.8293,-36.6714],[-69.8263,-36.6633],[-69.8348,-36.6553],[-69.8377,-36.6476],[-69.8467,-36.6432],[-69.8407,-36.6388],[-69.831,-36.6381],[-69.832,-36.6351],[-69.8379,-36.6334],[-69.8303,-36.6281],[-69.8317,-36.6206],[-69.8297,-36.6094],[-69.8267,-36.6068],[-69.8301,-36.6001],[-69.825,-36.5963],[-69.8255,-36.5941],[-69.8354,-36.5903],[-69.83,-36.5774],[-69.8271,-36.5756],[-69.8287,-36.5713],[-69.8178,-36.5705],[-69.8161,-36.5667],[-69.8108,-36.5663],[-69.8095,-36.563],[-69.7903,-36.5578],[-69.7823,-36.5593],[-69.7755,-36.5498],[-69.7699,-36.5492],[-69.7703,-36.5453],[-69.7534,-36.5428],[-69.7496,-36.5352],[-69.7473,-36.5215],[-69.7303,-36.5218],[-69.7265,-36.5147],[-69.7154,-36.5131],[-69.7053,-36.5002],[-69.6817,-36.5081],[-69.6705,-36.5161],[-69.6654,-36.515],[-69.6691,-36.4958],[-69.6461,-36.4766],[-69.6551,-36.4665],[-69.6555,-36.4545],[-69.6517,-36.449],[-69.6509,-36.438],[-69.6461,-36.4373],[-69.6459,-36.427],[-69.6503,-36.4228],[-69.6638,-36.4228],[-69.66,-36.4156],[-69.6748,-36.396],[-69.6737,-36.3746],[-69.6791,-36.3724],[-69.6906,-36.3478],[-69.6837,-36.3383],[-69.6718,-36.3355],[-69.6711,-36.3192],[-69.6654,-36.3134],[-69.671,-36.31],[-69.6726,-36.3055],[-69.6695,-36.3015],[-69.6689,-36.2806],[-69.6656,-36.2752],[-69.6801,-36.2602],[-69.684,-36.241],[-69.6684,-36.2185],[-69.6723,-36.1968],[-69.6801,-36.1934],[-69.6828,-36.1851],[-69.6994,-36.1694],[-69.7026,-36.1599],[-69.7114,-36.1492],[-69.7148,-36.1412],[-69.7121,-36.1329],[-69.7127,-36.1231],[-69.7156,-36.1094],[-69.7203,-36.1005],[-69.7247,-36.0641],[-69.7223,-36.0503],[-69.7321,-36.0318],[-69.7388,-36.0251],[-69.7377,-36.0158],[-69.7452,-36.0038],[-69.7439,-35.9694],[-69.7361,-35.9601],[-69.7335,-35.9532],[-69.7395,-35.9493],[-69.7679,-35.9069],[-69.7716,-35.8864],[-69.7857,-35.8726],[-69.8072,-35.8662],[-69.8071,-35.8565],[-69.7905,-35.852],[-69.7756,-35.8532]],[[-70.1089,-38.8718],[-70.1092,-38.8721]],[[-70.1089,-38.8718],[-70.1092,-38.8721]],[[-70.1092,-38.8721],[-70.1085,-38.8727]],[[-70.1082,-38.8725],[-70.1089,-38.8718]],[[-70.1085,-38.8727],[-70.1082,-38.8725]],[[-70.1085,-38.8727],[-70.1082,-38.8725]],[[-70.0863,-38.8949],[-70.1079,-38.8731]],[[-70.0803,-38.9009],[-70.0843,-38.897]],[[-70.08,-38.9012],[-70.0803,-38.9013]],[[-70.0803,-38.9013],[-70.0799,-38.9017]],[[-70.0796,-38.9015],[-70.0803,-38.9013]],[[-70.0799,-38.9017],[-70.0796,-38.9015]],[[-70.0799,-38.9017],[-70.0796,-38.9015]],[[-70.0744,-38.903],[-70.0791,-38.9018]],[[-70.0743,-38.9046],[-70.0732,-38.9033],[-70.0743,-38.9046]],[[-69.7747,-35.853],[-69.7746,-35.8533]],[[-69.7746,-35.8533],[-69.774,-35.8529]],[[-69.7744,-35.8528],[-69.7746,-35.8533]],[[-69.7744,-35.8528],[-69.7742,-35.8526],[-69.774,-35.8521],[-69.774,-35.8529],[-69.7744,-35.8528]],[[-69.774,-35.8521],[-69.7718,-35.847],[-69.756,-35.8416],[-69.7444,-35.841],[-69.7388,-35.8347],[-69.7266,-35.832],[-69.7229,-35.8285],[-69.7029,-35.8261],[-69.6823,-35.8193],[-69.6772,-35.8147],[-69.666,-35.7838],[-69.6614,-35.7773],[-69.6411,-35.7629],[-69.6276,-35.7579],[-69.6236,-35.752],[-69.6185,-35.7514],[-69.616,-35.7461],[-69.6011,-35.7501],[-69.5848,-35.7481],[-69.5788,-35.7513],[-69.5777,-35.7489],[-69.5822,-35.7476],[-69.5826,-35.7454],[-69.5674,-35.7518],[-69.5658,-35.755],[-69.5404,-35.7342],[-69.5351,-35.7156],[-69.5498,-35.6543],[-69.5479,-35.6467],[-69.5738,-35.5814],[-69.5814,-35.5691],[-69.581,-35.5626],[-69.5963,-35.5467],[-69.5859,-35.5012],[-69.5852,-35.4805]],[[-69.5857,-35.4632],[-69.5874,-35.3792],[-69.5821,-35.3462],[-69.5993,-35.3269],[-69.6665,-35.2235],[-69.6041,-35.1572],[-69.5885,-35.1075],[-69.6,-35.0882],[-69.5965,-35.0816],[-69.5826,-35.081]],[[-69.5852,-35.4805],[-69.5858,-35.4639],[-69.5857,-35.4632],[-69.5851,-35.4791],[-69.5852,-35.4805]],[[-69.4643,-35.0492],[-69.465,-35.0451],[-69.2693,-34.8305],[-69.2493,-34.818],[-69.2367,-34.7893],[-69.2093,-34.7456],[-69.1593,-34.6881],[-69.1581,-34.6822],[-69.1619,-34.6616],[-69.1563,-34.6474],[-69.1597,-34.645],[-69.1747,-34.6435],[-69.183,-34.6357],[-69.182,-34.6322],[-69.1704,-34.63],[-69.1678,-34.6262],[-69.1802,-34.6139],[-69.182,-34.5774],[-69.1729,-34.5674],[-69.1822,-34.5537],[-69.1671,-34.5515],[-69.1468,-34.5225],[-69.1274,-34.4487]],[[-69.1274,-34.4487],[-69.1072,-34.3678],[-69.109,-34.2967],[-69.1305,-34.2372],[-69.1232,-34.2222],[-69.1121,-34.1052],[-69.0928,-34.0419],[-69.0798,-33.9569],[-69.075,-33.9531]],[[-70.0859,-38.8952],[-70.0853,-38.8967],[-70.0843,-38.897],[-70.0848,-38.8962],[-70.0859,-38.8952]]]}},{"type":"Feature","properties":{"ruta":"22","tipo":47,"jerarquia":"nacional"},"geometry":{"type":"MultiLineString","coordinates":[[[-70.0731,-38.9036],[-70.0558,-38.8954],[-70.0732,-38.9033]],[[-68.2432,-38.9558],[-68.2928,-38.9561],[-68.3182,-38.9622],[-68.3565,-38.9792],[-68.4202,-39.0068],[-68.4114,-39.0013],[-68.3165,-38.9615],[-68.2878,-38.9553],[-68.2431,-38.9557]],[[-68.0188,-38.9472],[-68.0133,-38.9433],[-68.0106,-38.9425],[-68.0092,-38.9436],[-68.0131,-38.9435],[-68.0184,-38.9475]],[[-67.2652,-39.0754],[-67.1921,-39.0857],[-67.19,-39.0855],[-67.1882,-39.0848],[-67.1785,-39.0786],[-67.1604,-39.0821],[-67.1178,-39.0894],[-67.1159,-39.0896],[-67.1138,-39.0895],[-67.0981,-39.087],[-67.0893,-39.0898],[-67.087,-39.0959],[-67.0851,-39.098],[-67.0835,-39.0985],[-67.0819,-39.0987],[-67.0721,-39.0977],[-67.065,-39.0995],[-67.0619,-39.0999],[-67.0248,-39.1024],[-67.0073,-39.1077],[-66.9958,-39.11],[-66.9859,-39.1115],[-66.9803,-39.1119],[-66.9543,-39.1158],[-66.939,-39.1213],[-66.938,-39.1216],[-66.9365,-39.1218],[-66.9347,-39.1217],[-66.9334,-39.1213],[-66.9323,-39.1207],[-66.9315,-39.12],[-66.9237,-39.107],[-66.9184,-39.106],[-66.9087,-39.1061],[-66.9075,-39.106],[-66.9054,-39.1057],[-66.8971,-39.1036],[-66.8945,-39.1027],[-66.8928,-39.1019],[-66.8866,-39.0985],[-66.9055,-39.1056],[-66.9185,-39.1059],[-66.9238,-39.107],[-66.9314,-39.1197],[-66.9365,-39.1218],[-66.9542,-39.1157],[-66.9803,-39.1118],[-66.996,-39.1099],[-67.0248,-39.1022],[-67.0725,-39.0976],[-67.0835,-39.0984],[-67.0892,-39.0897],[-67.0981,-39.0869],[-67.117,-39.0894],[-67.1785,-39.0785],[-67.1924,-39.0856],[-67.1994,-39.0834],[-67.3627,-39.0632],[-67.2652,-39.0754]]]}},{"type":"Feature","properties":{"ruta":"22","tipo":40,"jerarquia":"nacional"},"geometry":{"type":"MultiLineString","coordinates":[[[-70.0558,-38.8954],[-70.0355,-38.8899]],[[-70.0355,-38.8899],[-70.0342,-38.8898],[-70.0328,-38.8894],[-70.0342,-38.8894],[-70.0355,-38.8899]],[[-70.0328,-38.8894],[-69.9863,-38.8819],[-69.9751,-38.8776],[-69.9318,-38.8783],[-69.9138,-38.8837],[-69.8717,-38.8905],[-69.8193,-38.8988],[-69.7992,-38.8996],[-69.7773,-38.9097],[-69.7043,-38.9205],[-69.6417,-38.9495],[-69.6079,-38.9555],[-69.4464,-38.9575],[-69.2405,-38.9311],[-69.2095,-38.9301]],[[-69.1941,-38.9308],[-69.2077,-38.9299],[-69.2095,-38.9301],[-69.2077,-38.9305],[-69.1941,-38.9308]],[[-69.1941,-38.9308],[-69.1673,-38.9324],[-69.1537,-38.9367],[-69.1349,-38.9465],[-69.1178,-38.9479],[-69.0407,-38.9647],[-68.9545,-38.9943],[-68.8971,-38.988],[-68.5927,-39.0762]],[[-68.4202,-39.0068],[-68.4574,-39.0191],[-68.5831,-39.0756]],[[-68.0092,-38.9436],[-68.0061,-38.9452]],[[-68.0026,-38.947],[-68.0048,-38.9458],[-68.0061,-38.9452],[-68.0039,-38.9464],[-68.0026,-38.947]],[[-67.9947,-38.951],[-68.0026,-38.947]],[[-67.9913,-38.9527],[-67.9934,-38.9516],[-67.9947,-38.951],[-67.992,-38.9525],[-67.9913,-38.9527]],[[-67.9913,-38.9527],[-67.9434,-38.9763]],[[-67.9331,-38.9812],[-67.9427,-38.9765],[-67.9434,-38.9763],[-67.9384,-38.9789],[-67.9331,-38.9812]],[[-67.9331,-38.9812],[-67.9215,-38.9865]],[[-67.9111,-38.9913],[-67.9208,-38.9866],[-67.9215,-38.9865],[-67.917,-38.9887],[-67.9111,-38.9913]],[[-67.9111,-38.9913],[-67.8534,-38.9993],[-67.8385,-39.0105],[-67.6169,-39.0388]],[[-67.6153,-39.0392],[-67.6169,-39.0388],[-67.6153,-39.0387]],[[-67.6138,-39.0389],[-67.6123,-39.0394],[-67.614,-39.0394]],[[-67.614,-39.0394],[-67.6138,-39.0389]],[[-67.6138,-39.0389],[-67.6155,-39.0389],[-67.614,-39.0394]],[[-67.5927,-39.0418],[-67.6123,-39.0394]],[[-67.5889,-39.0423],[-67.5892,-39.0422],[-67.5927,-39.0418],[-67.5923,-39.042],[-67.5889,-39.0423]],[[-67.5814,-39.0433],[-67.5889,-39.0423]],[[-67.5692,-39.0448],[-67.5764,-39.0439]],[[-67.5655,-39.0453],[-67.5672,-39.045],[-67.5692,-39.0448],[-67.5657,-39.0453],[-67.5655,-39.0453]],[[-67.3842,-39.0605],[-67.4236,-39.0557],[-67.4394,-39.063],[-67.5327,-39.0515],[-67.5655,-39.0453]],[[-67.3664,-39.0628],[-67.3726,-39.062],[-67.3842,-39.0605],[-67.3765,-39.0616],[-67.3664,-39.0628]],[[-67.3627,-39.0632],[-67.3664,-39.0628]],[[-66.5177,-39.0869],[-66.5542,-39.0863],[-66.6145,-39.0631],[-66.6377,-39.0599],[-66.7622,-39.0665],[-66.8866,-39.0985]],[[-65.6702,-39.2789],[-65.6723,-39.2757],[-65.6711,-39.2641],[-65.6773,-39.2488],[-65.7173,-39.2229],[-65.721,-39.2126],[-65.7341,-39.2076],[-65.7585,-39.1934],[-65.8198,-39.1849],[-65.8868,-39.1823],[-65.9177,-39.1788],[-65.9888,-39.189],[-66.0077,-39.1892],[-66.0918,-39.1624],[-66.1681,-39.1623],[-66.182,-39.1562],[-66.2261,-39.1223],[-66.2467,-39.1118],[-66.3065,-39.096],[-66.4205,-39.0862],[-66.5114,-39.0873]],[[-66.5114,-39.0873],[-66.515,-39.087],[-66.5177,-39.0869],[-66.5137,-39.0872],[-66.5114,-39.0873]],[[-68.5888,-39.0781],[-68.5851,-39.0765],[-68.5831,-39.0756],[-68.5927,-39.0762],[-68.5888,-39.0781]],[[-67.5781,-39.0441],[-67.5764,-39.0439],[-67.5814,-39.0433],[-67.5792,-39.0441],[-67.5781,-39.0441]]]}},{"type":"Feature","properties":{"ruta":"151","tipo":40,"jerarquia":"nacional"},"geometry":{"type":"MultiLineString","coordinates":[[[-68.1672,-38.7098],[-68.1173,-38.6087],[-68.107,-38.5979],[-68.0477,-38.4654],[-68.011,-38.3397],[-67.9761,-38.2082],[-67.9637,-38.1958],[-67.9323,-38.1256],[-67.9076,-37.9802],[-67.8635,-37.9037],[-67.8451,-37.8869]],[[-68.1663,-38.7131],[-68.1671,-38.7104],[-68.1672,-38.7098],[-68.1676,-38.7115],[-68.1663,-38.7131]],[[-68.1624,-38.7248],[-68.1663,-38.7131]],[[-68.1627,-38.7258],[-68.1622,-38.727]],[[-68.1627,-38.7258],[-68.162,-38.7259]],[[-68.162,-38.7259],[-68.1627,-38.7258]],[[-68.1616,-38.7266],[-68.1622,-38.727]],[[-68.1622,-38.727],[-68.1601,-38.7275],[-68.1616,-38.7266]],[[-68.1616,-38.7266],[-68.162,-38.7259]],[[-68.1032,-38.7555],[-68.1092,-38.7492],[-68.1425,-38.7281],[-68.1601,-38.7275]],[[-68.1012,-38.7585],[-68.1021,-38.7571],[-68.1032,-38.7555],[-68.1022,-38.7571],[-68.1012,-38.7585]],[[-68.0779,-38.8222],[-68.0804,-38.8146],[-68.078,-38.8066],[-68.0853,-38.7822],[-68.1012,-38.7585]],[[-68.0769,-38.8248],[-68.0776,-38.8236],[-68.0779,-38.8222],[-68.0769,-38.8236],[-68.0769,-38.8248]],[[-68.0741,-38.8307],[-68.0769,-38.8248]],[[-68.073,-38.8331],[-68.0734,-38.8318],[-68.0741,-38.8307],[-68.074,-38.832],[-68.073,-38.8331]],[[-68.0192,-38.9136],[-68.0257,-38.901],[-68.0606,-38.8616],[-68.073,-38.8331]],[[-68.0177,-38.917],[-68.0144,-38.923],[-68.0173,-38.9168]],[[-68.0144,-38.923],[-68.0114,-38.9417]],[[-68.011,-38.9427],[-68.0105,-38.9425]],[[-67.8451,-37.8869],[-67.8432,-37.8857],[-67.8421,-37.8844],[-67.8438,-37.8853],[-67.8451,-37.8869]],[[-67.8421,-37.8844],[-67.8103,-37.8568],[-67.7851,-37.8456],[-67.7552,-37.8217],[-67.7496,-37.8146],[-67.7437,-37.7905],[-67.7705,-37.7286],[-67.7694,-37.7248],[-67.7645,-37.7224]],[[-67.7645,-37.7224],[-67.763,-37.7213],[-67.7625,-37.7204],[-67.7628,-37.722],[-67.7645,-37.7224]],[[-67.7625,-37.7204],[-67.7565,-37.6967],[-67.7466,-37.6826],[-67.7473,-37.6678],[-67.758,-37.63],[-67.6932,-37.4404],[-67.6562,-37.3911],[-67.6202,-37.3372],[-67.4662,-36.8984],[-67.3138,-36.6599],[-67.2832,-36.5925],[-67.2384,-36.5502],[-67.2127,-36.5343],[-67.1607,-36.4171],[-67.0808,-36.3809]],[[-68.0178,-38.917],[-68.0173,-38.9163],[-68.0192,-38.9136],[-68.0186,-38.9165],[-68.0178,-38.917]]]}},{"type":"Feature","properties":{"ruta":"152","tipo":40,"jerarquia":"nacional"},"geometry":{"type":"MultiLineString","coordinates":[[[-67.1466,-38.159],[-67.1914,-38.2134]],[[-67.146,-38.1581],[-67.1464,-38.1586]],[[-67.1464,-38.1586],[-67.1461,-38.1587]],[[-67.1464,-38.1586],[-67.1461,-38.1587]],[[-67.1461,-38.1587],[-67.1458,-38.1583]],[[-67.1458,-38.1583],[-67.146,-38.1581]],[[-67.1458,-38.1583],[-67.146,-38.1581]],[[-67.1454,-38.1576],[-67.1371,-38.153],[-67.1227,-38.1562],[-67.0617,-38.1537],[-67.0512,-38.1553],[-67.0188,-38.1515],[-66.11,-38.1387],[-66.0992,-38.136],[-66.094,-38.1372],[-66.0885,-38.1422]]]}},{"type":"Feature","properties":{"ruta":"232","tipo":40,"jerarquia":"nacional"},"geometry":{"type":"MultiLineString","coordinates":[[[-66.5142,-39.0871],[-66.514,-39.0855],[-66.5143,-39.0871]],[[-66.514,-39.0855],[-66.503,-39.0739],[-66.5041,-39.0631],[-66.5013,-39.0561],[-66.5024,-39.0429],[-66.5003,-39.036],[-66.491,-39.0239],[-66.4696,-39.0155],[-66.4659,-39.0119],[-66.4637,-39.0026],[-66.4655,-38.9937],[-66.4547,-38.9578],[-66.4357,-38.917],[-66.4378,-38.9062],[-66.433,-38.8834],[-66.4306,-38.8411],[-66.4306,-38.7772],[-66.4352,-38.7549],[-66.4351,-38.741],[-66.4418,-38.7234],[-66.3689,-38.5662],[-66.3605,-38.5428],[-66.1911,-38.2026],[-66.1361,-38.1598],[-66.0885,-38.1422]]]}},{"type":"Feature","properties":{"ruta":"A022","tipo":47,"jerarquia":"nacional"},"geometry":{"type":"MultiLineString","coordinates":[[[-68.3451,-38.9422],[-68.3447,-38.9412]],[[-68.3384,-38.9569],[-68.3399,-38.9549]],[[-68.3294,-38.9682],[-68.3404,-38.9542],[-68.3464,-38.9416],[-68.2884,-38.9224],[-68.2656,-38.9229],[-68.2416,-38.9175],[-68.2047,-38.9143],[-68.1832,-38.9164],[-68.1678,-38.9129],[-68.1244,-38.9106],[-68.1012,-38.9175],[-68.078,-38.9162],[-68.0755,-38.9148],[-68.074,-38.9141],[-68.0662,-38.9107],[-68.0541,-38.9162],[-68.0249,-38.9162]],[[-68.1697,-38.9133],[-68.1653,-38.913]],[[-68.1396,-38.9116],[-68.1361,-38.9113]],[[-68.1265,-38.9107],[-68.1134,-38.9139]],[[-68.1215,-38.9122],[-68.121,-38.9124]],[[-68.1213,-38.9112],[-68.1205,-38.9113]],[[-68.0249,-38.9162],[-68.0186,-38.916]],[[-68.0249,-38.9162],[-68.0186,-38.9166]]]}},{"type":"Feature","properties":{"ruta":"237","tipo":40,"jerarquia":"nacional"},"geometry":{"type":"MultiLineString","coordinates":[[[-70.6431,-40.4361],[-70.6333,-40.4421],[-70.6299,-40.4355],[-70.6223,-40.4287],[-70.6151,-40.4273],[-70.6153,-40.4217],[-70.6067,-40.421],[-70.591,-40.4151],[-70.5807,-40.4134],[-70.5708,-40.418],[-70.5596,-40.4153],[-70.5563,-40.4165],[-70.5548,-40.4097],[-70.548,-40.403],[-70.5003,-40.4036],[-70.4816,-40.3953],[-70.475,-40.3885],[-70.4697,-40.3771],[-70.4613,-40.3736],[-70.4578,-40.3684],[-70.4413,-40.3557],[-70.4373,-40.3339],[-70.4326,-40.3297],[-70.4201,-40.3258],[-70.4055,-40.3174],[-70.3914,-40.2902],[-70.3814,-40.2806],[-70.3788,-40.2734],[-70.3494,-40.2482],[-70.3245,-40.2371],[-70.3114,-40.2255],[-70.2994,-40.2043],[-70.2779,-40.1871],[-70.2724,-40.1603],[-70.2433,-40.1423],[-70.2265,-40.1363],[-70.2087,-40.1222],[-70.1995,-40.1184],[-70.1971,-40.1109],[-70.1736,-40.0861],[-70.1415,-40.0801],[-70.1254,-40.0736]],[[-70.1254,-40.0736],[-70.121,-40.0714]],[[-70.121,-40.0714],[-70.1254,-40.0736]],[[-69.3063,-39.5416],[-69.3621,-39.6282],[-69.4315,-39.6638],[-69.5126,-39.7111],[-69.5831,-39.7328],[-69.6424,-39.7564],[-69.6491,-39.7618],[-69.6543,-39.7782],[-69.6592,-39.7836],[-69.9224,-39.911],[-69.935,-39.9217],[-70.0207,-39.9724],[-70.0424,-39.9811],[-70.0401,-39.9901],[-70.0438,-40.0007],[-70.0512,-40.0075],[-70.0462,-40.016],[-70.0502,-40.0282],[-70.0625,-40.0335],[-70.0877,-40.0575],[-70.121,-40.0714]],[[-69.3063,-39.5416],[-69.3049,-39.5393],[-69.3054,-39.5399],[-69.3063,-39.5416]],[[-69.296,-39.5196],[-69.298,-39.5281],[-69.3049,-39.5393]],[[-69.296,-39.5196],[-69.294,-39.5158]],[[-69.294,-39.5158],[-69.296,-39.5196]],[[-68.5909,-39.0791],[-68.7102,-39.1602],[-68.7296,-39.1877],[-68.7785,-39.227],[-68.7954,-39.2457],[-68.8325,-39.2583],[-68.8549,-39.26],[-68.8563,-39.2649],[-68.8545,-39.2738],[-68.8659,-39.2847],[-68.89,-39.2951],[-68.9198,-39.3015],[-68.9345,-39.3129],[-68.96,-39.3261],[-69.1339,-39.4061],[-69.18,-39.4231],[-69.1916,-39.433],[-69.2101,-39.437],[-69.244,-39.4594],[-69.2675,-39.4654],[-69.294,-39.5158]],[[-68.5909,-39.0791],[-68.5892,-39.0783]],[[-68.5904,-39.078],[-68.5909,-39.0791]]]}},{"type":"Feature","properties":{"ruta":"234","tipo":40,"jerarquia":"nacional"},"geometry":{"type":"MultiLineString","coordinates":[[[-70.8274,-39.9993],[-70.826,-40.0024],[-70.8234,-39.9996]],[[-70.6458,-40.4322],[-70.6541,-40.403],[-70.6617,-40.3945],[-70.6614,-40.3901],[-70.6539,-40.3782],[-70.6557,-40.3742],[-70.6631,-40.369],[-70.6631,-40.3409],[-70.6666,-40.3293],[-70.6628,-40.3234],[-70.6558,-40.3207],[-70.6459,-40.3074],[-70.6357,-40.2776],[-70.6333,-40.2276],[-70.6467,-40.2138],[-70.6556,-40.2094],[-70.6649,-40.1999],[-70.6646,-40.1815],[-70.6793,-40.1637],[-70.7232,-40.1322],[-70.7433,-40.122],[-70.7513,-40.1125],[-70.7531,-40.0922],[-70.7988,-40.0575],[-70.8101,-40.0555],[-70.8172,-40.0497],[-70.8276,-40.0322],[-70.8227,-40.0194],[-70.8266,-40.0105],[-70.826,-40.0024]],[[-70.6431,-40.4361],[-70.6458,-40.4322],[-70.6455,-40.4356]]]}},{"type":"Feature","properties":{"ruta":"242","tipo":40,"jerarquia":"nacional"},"geometry":{"type":"MultiLineString","coordinates":[[[-70.8405,-38.6683],[-70.8544,-38.6674],[-70.8676,-38.6739],[-70.8749,-38.6643],[-70.8751,-38.6587],[-70.8798,-38.6557],[-70.893,-38.6644],[-70.8969,-38.6634]],[[-70.8405,-38.6683],[-70.8393,-38.6677],[-70.839,-38.6673],[-70.8399,-38.6677],[-70.8405,-38.6683]],[[-70.3677,-38.5377],[-70.3805,-38.5278],[-70.4148,-38.5188],[-70.4347,-38.5073],[-70.4422,-38.5071],[-70.4523,-38.5106],[-70.4674,-38.506],[-70.5686,-38.5417],[-70.6383,-38.5366],[-70.6779,-38.5559],[-70.6839,-38.5758],[-70.7038,-38.5877],[-70.7064,-38.5917],[-70.7054,-38.5973],[-70.7104,-38.6055],[-70.7325,-38.6122],[-70.7304,-38.6165],[-70.7346,-38.6215],[-70.7407,-38.6245],[-70.7459,-38.6216],[-70.7536,-38.6248],[-70.7597,-38.6345],[-70.7674,-38.6393],[-70.7933,-38.6478],[-70.8095,-38.6489],[-70.818,-38.6553],[-70.8313,-38.6605],[-70.839,-38.6673]]]}},{"type":"Feature","properties":{"ruta":"34","tipo":40,"jerarquia":"provincial"},"geometry":{"type":"MultiLineString","coordinates":[[[-69.7973,-38.9001],[-69.7892,-38.8978],[-69.7404,-38.8623],[-69.7229,-38.8784],[-69.6943,-38.9248],[-69.653,-39.0154],[-69.6556,-39.0504],[-69.6589,-39.0543],[-69.6751,-39.062],[-69.6775,-39.0686],[-69.6757,-39.0727],[-69.6605,-39.0854],[-69.6511,-39.0902],[-69.6512,-39.1151],[-69.702,-39.1322],[-69.7162,-39.1416],[-69.7159,-39.1485],[-69.6954,-39.1769],[-69.6973,-39.2297],[-69.7173,-39.2862],[-69.7237,-39.2959],[-69.7267,-39.3146],[-69.736,-39.3258],[-69.7563,-39.3373],[-69.7504,-39.3437],[-69.7389,-39.3507]],[[-69.7809,-38.6127],[-69.7626,-38.6251],[-69.7554,-38.6378],[-69.7405,-38.6455],[-69.7322,-38.6569],[-69.7152,-38.6734],[-69.7064,-38.6892],[-69.7041,-38.6997],[-69.6975,-38.7086],[-69.6918,-38.7141],[-69.6817,-38.7179],[-69.6895,-38.7247],[-69.6923,-38.7421],[-69.7094,-38.7683],[-69.7117,-38.78],[-69.7078,-38.8016],[-69.7098,-38.8074],[-69.7217,-38.8235],[-69.7267,-38.8397],[-69.7389,-38.8561],[-69.7404,-38.8623]],[[-67.7632,-37.7222],[-67.7572,-37.7209],[-67.7249,-37.7296],[-67.7166,-37.7636]],[[-67.7621,-37.7218],[-67.7628,-37.7216]],[[-67.7166,-37.7636],[-67.7162,-37.7651]],[[-67.7155,-37.7649],[-67.7166,-37.7636]],[[-67.7159,-37.7655],[-67.7145,-37.7665]],[[-67.7145,-37.7665],[-67.7154,-37.765]],[[-67.7145,-37.7665],[-67.7139,-37.7673]],[[-67.7047,-37.7824],[-67.7048,-37.7824]],[[-67.7047,-37.7824],[-67.7064,-37.7772],[-67.7071,-37.7754],[-67.7074,-37.7748],[-67.7139,-37.7673],[-67.7074,-37.775],[-67.7048,-37.7824]],[[-67.7048,-37.7824],[-67.7046,-37.7825]],[[-67.7029,-37.7823],[-67.7047,-37.7824]],[[-67.7046,-37.7825],[-67.7047,-37.7824]],[[-67.7046,-37.7825],[-67.7029,-37.7823]],[[-67.7029,-37.7823],[-67.6619,-37.785],[-67.6573,-37.7878],[-67.6451,-37.8189],[-67.6371,-37.8907],[-67.6378,-37.8994],[-67.6506,-37.914],[-67.6547,-38.0326],[-67.6497,-38.0409],[-67.4318,-38.1359],[-67.3422,-38.0853],[-67.2916,-38.08],[-67.2794,-38.0809],[-67.2695,-38.098],[-67.2512,-38.1053],[-67.1677,-38.1248],[-67.1637,-38.1313],[-67.1331,-38.1531]],[[-67.1335,-38.1525],[-67.1338,-38.153]],[[-66.4406,-38.7206],[-66.4457,-38.7232],[-66.4621,-38.7179],[-66.4812,-38.7068],[-66.4907,-38.7105],[-66.4981,-38.7099],[-66.5299,-38.6932],[-66.5453,-38.6791],[-66.558,-38.6589],[-66.5638,-38.6337],[-66.5621,-38.6256],[-66.5549,-38.6191],[-66.5514,-38.5591],[-66.5638,-38.5439],[-66.6667,-38.4589],[-66.752,-38.4284],[-66.7828,-38.4267],[-66.8091,-38.4322],[-66.9197,-38.3885],[-67.1567,-38.2103],[-67.1573,-38.196],[-67.134,-38.1576],[-67.1295,-38.1544]],[[-65.8301,-38.7515],[-65.8625,-38.7413],[-65.8839,-38.7373],[-65.9037,-38.7384],[-65.9283,-38.7324],[-65.9469,-38.7206],[-66.0566,-38.7248],[-66.067,-38.7214],[-66.0789,-38.713],[-66.1412,-38.7063],[-66.2091,-38.704],[-66.2139,-38.7071],[-66.3689,-38.7237],[-66.4401,-38.7193]],[[-67.716,-37.7649],[-67.7161,-37.7653],[-67.7155,-37.7654],[-67.7155,-37.765],[-67.716,-37.7649]]]}},{"type":"Feature","properties":{"ruta":"7","tipo":40,"jerarquia":"provincial"},"geometry":{"type":"MultiLineString","coordinates":[[[-70.0138,-37.3406],[-70.0191,-37.3544],[-70.0178,-37.3583],[-69.985,-37.3609],[-69.9645,-37.3686],[-69.9546,-37.3751],[-69.9446,-37.3767],[-69.9355,-37.3748],[-69.9275,-37.3805],[-69.9271,-37.3886],[-69.8769,-37.4956],[-69.8335,-37.5531],[-69.8241,-37.5565],[-69.8104,-37.5677],[-69.7963,-37.5746],[-69.7891,-37.5829],[-69.7598,-37.596],[-69.7547,-37.5947],[-69.7512,-37.5889],[-69.7482,-37.5879],[-69.7194,-37.5932],[-69.6594,-37.6173],[-69.6448,-37.6256],[-69.5942,-37.6325],[-69.5865,-37.6381],[-69.5582,-37.6436],[-69.5244,-37.6453],[-69.4727,-37.656],[-69.4629,-37.6559],[-69.4504,-37.6627],[-69.4418,-37.679],[-69.4355,-37.6823],[-69.4318,-37.6885],[-69.4325,-37.6917],[-69.4435,-37.7004],[-69.4254,-37.7347],[-69.4271,-37.7384],[-69.4247,-37.7476],[-69.4124,-37.7571],[-69.3855,-37.8037],[-69.3843,-37.8187],[-69.3813,-37.8211],[-69.3815,-37.842],[-69.3664,-37.8572],[-69.2931,-37.8828],[-69.2652,-37.9191],[-69.2516,-37.9288],[-69.2275,-37.9378],[-69.2251,-37.9427],[-69.2106,-37.9532],[-69.2018,-37.9556],[-69.1793,-37.9688],[-69.1498,-37.9831],[-69.1152,-38.0042],[-69.1056,-38.0057],[-69.0914,-38.0136],[-69.0705,-38.0467],[-69.0678,-38.0616],[-69.0595,-38.0783],[-69.0597,-38.0981],[-69.0482,-38.112],[-69.0488,-38.1218],[-69.0361,-38.1661],[-69.028,-38.1728],[-69.0174,-38.1968],[-68.9986,-38.2016],[-68.9823,-38.2276],[-68.9516,-38.23],[-68.9424,-38.236],[-68.9056,-38.2472],[-68.8939,-38.2547],[-68.8894,-38.2652],[-68.8825,-38.2677],[-68.8142,-38.3383],[-68.7918,-38.35]],[[-68.7918,-38.35],[-68.7914,-38.3509],[-68.7905,-38.351],[-68.7914,-38.3504],[-68.7918,-38.35]],[[-68.7905,-38.351],[-68.7634,-38.3563],[-68.7291,-38.3696],[-68.705,-38.386],[-68.6345,-38.4201],[-68.6031,-38.4536],[-68.5084,-38.4913],[-68.4765,-38.5211],[-68.4566,-38.5336],[-68.4335,-38.5423],[-68.37,-38.5731],[-68.3544,-38.5887],[-68.3313,-38.6033],[-68.2894,-38.6362],[-68.25,-38.6601]],[[-68.1348,-38.8188],[-68.1578,-38.7595],[-68.1725,-38.7472],[-68.1812,-38.7346],[-68.1801,-38.7295],[-68.1733,-38.7262]],[[-68.1358,-38.9828],[-68.1419,-38.9913],[-68.1464,-39.0096],[-68.14,-39.0126],[-68.1211,-39.039],[-67.9881,-39.0402],[-67.9874,-39.0219],[-67.943,-39.0213],[-67.8909,-39.0393],[-67.8898,-39.0767],[-67.7402,-39.1003],[-67.7244,-39.0971],[-67.7209,-39.0986],[-67.7207,-39.1032],[-67.7071,-39.1056],[-67.7018,-39.1143],[-67.7027,-39.1205],[-67.692,-39.1304],[-67.6766,-39.1288]],[[-68.1348,-38.8188],[-68.1347,-38.8196]],[[-68.1344,-38.8196],[-68.1348,-38.8188]],[[-68.1344,-38.8196],[-68.1347,-38.8196]],[[-68.1347,-38.8196],[-68.1344,-38.8202]],[[-68.1344,-38.8202],[-68.1341,-38.8201]],[[-68.1344,-38.8202],[-68.1341,-38.8208]],[[-68.1341,-38.8201],[-68.1344,-38.8196]],[[-68.1341,-38.8208],[-68.1341,-38.8201]],[[-68.1312,-38.8276],[-68.1341,-38.8208]],[[-68.1312,-38.8276],[-68.1312,-38.8282],[-68.1309,-38.8281],[-68.1312,-38.8276]],[[-68.066,-38.9463],[-68.0663,-38.9594]],[[-65.8417,-39.3553],[-65.8506,-39.3409],[-65.8693,-39.319],[-65.8952,-39.2964],[-65.9366,-39.2791],[-65.9541,-39.2751],[-65.9659,-39.269],[-66.0118,-39.2533],[-66.051,-39.2609],[-66.1168,-39.2263],[-66.2003,-39.216],[-66.2342,-39.2084],[-66.2404,-39.1992],[-66.2927,-39.1663],[-66.3773,-39.1397],[-66.3901,-39.1401],[-66.4181,-39.1336],[-66.4817,-39.1393],[-66.5223,-39.1387],[-66.5408,-39.1426],[-66.5551,-39.1424],[-66.5866,-39.1297],[-66.5985,-39.1272],[-66.6385,-39.1272],[-66.6525,-39.1334],[-66.691,-39.1416],[-66.7163,-39.1524],[-66.7479,-39.1536],[-66.7586,-39.1512],[-66.784,-39.1513],[-66.8133,-39.1555],[-66.8144,-39.16],[-66.8196,-39.1628],[-66.8439,-39.1673],[-66.8423,-39.1766],[-66.8478,-39.1935],[-66.8464,-39.2056],[-66.8579,-39.211],[-66.9165,-39.2026],[-66.9506,-39.2057],[-66.9746,-39.2027],[-67.0565,-39.2104],[-67.0979,-39.2061],[-67.1241,-39.2054],[-67.1397,-39.2091],[-67.1792,-39.2098],[-67.2124,-39.2041],[-67.2423,-39.1975],[-67.2435,-39.1934],[-67.258,-39.1901],[-67.2929,-39.167],[-67.3142,-39.1848],[-67.4055,-39.1818],[-67.4162,-39.1872],[-67.4252,-39.188],[-67.4365,-39.175],[-67.441,-39.1576],[-67.4523,-39.1604],[-67.4761,-39.1595],[-67.4968,-39.1497],[-67.5053,-39.148],[-67.5217,-39.15],[-67.5482,-39.1399],[-67.5867,-39.1421],[-67.6888,-39.1557]]]}},{"type":"Feature","properties":{"ruta":"7","tipo":47,"jerarquia":"provincial"},"geometry":{"type":"MultiLineString","coordinates":[[[-68.1312,-38.8282],[-68.1272,-38.8358]],[[-68.127,-38.8357],[-68.1309,-38.8281]],[[-68.1272,-38.8358],[-68.127,-38.8362]],[[-68.1267,-38.8361],[-68.1272,-38.8358]],[[-68.127,-38.8362],[-68.1267,-38.8361]],[[-68.127,-38.8362],[-68.1123,-38.8585],[-68.1079,-38.8699],[-68.1012,-38.8769],[-68.0799,-38.9125],[-68.0755,-38.9266],[-68.0678,-38.9361],[-68.0662,-38.946]],[[-68.0653,-38.9458],[-68.0676,-38.9361],[-68.0753,-38.9268],[-68.0803,-38.9113],[-68.101,-38.877],[-68.1078,-38.87],[-68.1122,-38.8586],[-68.1267,-38.8361]],[[-68.0662,-38.946],[-68.0653,-38.9458]],[[-68.0653,-38.9458],[-68.0662,-38.946]]]}},{"type":"Feature","properties":{"ruta":"51","tipo":40,"jerarquia":"provincial"},"geometry":{"type":"MultiLineString","coordinates":[[[-68.4105,-38.6161],[-68.4148,-38.6149],[-68.4695,-38.5826],[-68.4703,-38.5673],[-68.4744,-38.5621],[-68.4814,-38.5634],[-68.4924,-38.5611],[-68.5448,-38.5349],[-68.5693,-38.5288],[-68.604,-38.5152],[-68.6321,-38.5083],[-68.6442,-38.4987],[-68.665,-38.4995],[-68.6779,-38.4978],[-68.6837,-38.4946],[-68.6887,-38.4892],[-68.6909,-38.4824],[-68.6887,-38.4784],[-68.6895,-38.4727],[-68.706,-38.4471],[-68.7039,-38.4438],[-68.7064,-38.44],[-68.7377,-38.4399],[-68.7418,-38.4375],[-68.7428,-38.4319],[-68.753,-38.428],[-68.7707,-38.4288],[-68.7764,-38.427],[-68.7885,-38.4297],[-68.8089,-38.4243],[-68.8574,-38.4246],[-68.8949,-38.4414],[-68.9111,-38.4617],[-68.9217,-38.4615],[-68.9296,-38.4517]],[[-68.4105,-38.6161],[-68.3845,-38.6234],[-68.3334,-38.6483],[-68.2419,-38.7093],[-68.2058,-38.7382]],[[-68.2056,-38.7379],[-68.2418,-38.7092],[-68.3334,-38.648],[-68.3846,-38.6232],[-68.4105,-38.6161]],[[-68.2056,-38.7379],[-68.2058,-38.7382]],[[-68.2058,-38.7382],[-68.2056,-38.7384]],[[-68.2053,-38.7382],[-68.2056,-38.7379]],[[-68.2056,-38.7384],[-68.2053,-38.7382]],[[-68.2056,-38.7384],[-68.1864,-38.7498]],[[-68.1863,-38.7496],[-68.1933,-38.7472],[-68.2053,-38.7382]],[[-68.1863,-38.7496],[-68.1864,-38.7498]],[[-68.1864,-38.7498],[-68.1861,-38.75]],[[-68.1859,-38.7497],[-68.1863,-38.7496]],[[-68.1861,-38.75],[-68.1859,-38.7497]],[[-68.1861,-38.75],[-68.1672,-38.7562]],[[-68.1672,-38.7562],[-68.1859,-38.7497]],[[-68.1672,-38.7562],[-68.1621,-38.7555]]]}},{"type":"Feature","properties":{"ruta":"6","tipo":40,"jerarquia":"provincial"},"geometry":{"type":"MultiLineString","coordinates":[[[-70.6477,-37.4411],[-70.656,-37.4414],[-70.6567,-37.4316],[-70.6596,-37.4258],[-70.6589,-37.4103],[-70.6648,-37.4077],[-70.6624,-37.4039],[-70.6719,-37.3879],[-70.676,-37.3867],[-70.6752,-37.374],[-70.6878,-37.3725],[-70.6979,-37.3813],[-70.7174,-37.384],[-70.719,-37.3786],[-70.7116,-37.3729],[-70.7138,-37.3688],[-70.7134,-37.3611],[-70.7184,-37.3525],[-70.7191,-37.3473],[-70.7165,-37.3464],[-70.7234,-37.3354],[-70.7328,-37.3343],[-70.7479,-37.3419],[-70.7576,-37.3404],[-70.7584,-37.3404],[-70.7646,-37.3405],[-70.7714,-37.3448],[-70.7826,-37.3437],[-70.79,-37.3499],[-70.7951,-37.3507],[-70.8105,-37.3455],[-70.8205,-37.3476],[-70.8362,-37.3443],[-70.8451,-37.3498],[-70.8572,-37.3503],[-70.8834,-37.3435],[-70.902,-37.3477],[-70.9126,-37.3476],[-70.9171,-37.3529],[-70.9303,-37.3603],[-70.9474,-37.3596],[-70.9681,-37.3653],[-70.9795,-37.3713],[-71.009,-37.3663],[-71.0167,-37.3704],[-71.0252,-37.3695],[-71.0323,-37.376],[-71.0385,-37.3758],[-71.0442,-37.3787],[-71.0531,-37.3778],[-71.0666,-37.3842],[-71.0744,-37.3934],[-71.0754,-37.3999],[-71.0969,-37.4322],[-71.0957,-37.4373],[-71.1036,-37.4417],[-71.1037,-37.4442],[-71.1133,-37.4469],[-71.1003,-37.446],[-71.0997,-37.4482],[-71.11,-37.449],[-71.1168,-37.4537],[-71.1241,-37.4537]],[[-70.6477,-37.4411],[-70.6442,-37.4404],[-70.6424,-37.4425]],[[-70.6424,-37.4425],[-70.6442,-37.4403],[-70.6477,-37.4411]],[[-70.6424,-37.4425],[-70.6282,-37.4431],[-70.6273,-37.4336],[-70.6202,-37.4218],[-70.6112,-37.4201],[-70.6064,-37.4152],[-70.5853,-37.4126],[-70.5827,-37.4095],[-70.5705,-37.406],[-70.5709,-37.3939],[-70.5665,-37.3958],[-70.5644,-37.3883],[-70.5536,-37.3798],[-70.5521,-37.3804],[-70.5548,-37.383],[-70.5503,-37.3856],[-70.5489,-37.3907],[-70.5441,-37.3909],[-70.5459,-37.3882],[-70.5431,-37.3852],[-70.537,-37.3857],[-70.5285,-37.3761],[-70.5116,-37.3849],[-70.5126,-37.3791],[-70.5156,-37.3768],[-70.5142,-37.3746],[-70.4952,-37.3776],[-70.491,-37.3731],[-70.4773,-37.3748],[-70.4727,-37.3777],[-70.4721,-37.374],[-70.4668,-37.3734],[-70.4568,-37.3812],[-70.4524,-37.3777],[-70.4524,-37.3696],[-70.4437,-37.3721],[-70.4459,-37.3819],[-70.4411,-37.3807],[-70.4387,-37.3828],[-70.4344,-37.3822],[-70.433,-37.3847],[-70.4269,-37.3833],[-70.4199,-37.3902],[-70.4075,-37.3959],[-70.3906,-37.4185],[-70.3854,-37.4191],[-70.3784,-37.425],[-70.3631,-37.421],[-70.3436,-37.4215],[-70.3199,-37.4361],[-70.3055,-37.4403],[-70.2575,-37.4309],[-70.2437,-37.4309],[-70.2289,-37.4247]],[[-69.8696,-37.3116],[-69.8685,-37.3116]],[[-69.8685,-37.3116],[-69.8686,-37.3108]],[[-69.8685,-37.3116],[-69.8569,-37.3181],[-69.8279,-37.3203],[-69.7406,-37.3185],[-69.733,-37.3156],[-69.713,-37.2995],[-69.6848,-37.2909],[-69.6555,-37.2741],[-69.6438,-37.2524],[-69.6332,-37.2533],[-69.6162,-37.2504],[-69.5637,-37.2327],[-69.5285,-37.2154],[-69.5205,-37.2169],[-69.5145,-37.2093],[-69.4129,-37.1901],[-69.404,-37.1912],[-69.3938,-37.1833],[-69.3947,-37.1783],[-69.3901,-37.1741],[-69.3702,-37.1731],[-69.3254,-37.1594],[-69.3003,-37.1589],[-69.29,-37.1513],[-69.2687,-37.1593],[-69.2512,-37.1622],[-69.2323,-37.1721],[-69.2068,-37.1858],[-69.1349,-37.2337]],[[-69.1349,-37.2337],[-69.1315,-37.228],[-69.1159,-37.2158],[-69.1138,-37.2077]],[[-69.1349,-37.2337],[-69.0927,-37.251],[-69.071,-37.271],[-69.0652,-37.2818],[-69.0627,-37.295],[-69.0562,-37.3091],[-69.0544,-37.3268],[-69.0457,-37.3466],[-69.0233,-37.3687],[-68.9936,-37.3861],[-68.9764,-37.3881],[-68.932,-37.3844],[-68.9182,-37.3882],[-68.9093,-37.3982],[-68.8751,-37.4064],[-68.8656,-37.4126],[-68.8589,-37.4208],[-68.8595,-37.4342],[-68.8522,-37.4464],[-68.849,-37.465],[-68.8363,-37.4767],[-68.7916,-37.4864],[-68.6783,-37.5412],[-68.6413,-37.5646],[-68.6296,-37.5685],[-68.613,-37.5863],[-68.5745,-37.6168],[-68.5483,-37.625],[-68.531,-37.635],[-68.5031,-37.6593],[-68.4525,-37.6857]],[[-68.905,-37.399],[-68.9071,-37.3986]],[[-67.6148,-39.0406],[-67.6278,-39.104],[-67.6256,-39.1191],[-67.6761,-39.1283],[-67.6824,-39.1506],[-67.6856,-39.1536],[-67.7374,-39.1872],[-67.7598,-39.2048],[-67.7697,-39.2057],[-67.7698,-39.2144],[-67.7808,-39.2464],[-67.8305,-39.3037],[-67.898,-39.3646],[-67.9021,-39.3717],[-67.9251,-39.3892],[-67.9491,-39.5026],[-68.0015,-39.572],[-68.0124,-39.6015],[-68.03,-39.6229],[-68.0802,-39.6312],[-68.0869,-39.6345],[-68.1192,-39.6699],[-68.1387,-39.686],[-68.1801,-39.7384],[-68.189,-39.7442],[-68.198,-39.7545],[-68.2154,-39.7844],[-68.2447,-39.8513],[-68.3048,-39.8997],[-68.3397,-39.9209],[-68.3521,-39.9339],[-68.3591,-40.0102],[-68.4005,-40.0694],[-68.4074,-40.0895],[-68.4302,-40.13],[-68.4813,-40.1542]],[[-68.4537,-37.6871],[-68.4525,-37.6857]],[[-68.4525,-37.6857],[-68.4207,-37.6792],[-68.3942,-37.687],[-68.3917,-37.6826],[-68.301,-37.6227],[-68.25,-37.6408]],[[-68.2807,-37.6302],[-68.2611,-37.6068],[-68.2559,-37.5924],[-68.25,-37.5937]],[[-67.6153,-39.0392],[-67.6148,-39.0406]],[[-67.6143,-39.0379],[-67.6149,-39.0386]],[[-67.6148,-39.0406],[-67.614,-39.0394]],[[-67.6143,-39.0379],[-67.6128,-39.0298],[-67.6092,-39.0135],[-67.6005,-39.0077]],[[-67.6138,-39.0389],[-67.6143,-39.0379]],[[-67.6001,-39.0071],[-67.5996,-39.0074]],[[-67.5992,-39.0069],[-67.5997,-39.0066]],[[-67.5989,-39.0063],[-67.5958,-39.0025],[-67.5934,-38.989],[-67.5947,-38.975],[-67.6021,-38.9663],[-67.6045,-38.9563],[-67.5994,-38.9468],[-67.5831,-38.9296],[-67.5812,-38.9139],[-67.5887,-38.6616],[-67.5951,-38.6437],[-67.5921,-38.6333],[-67.5917,-38.5606],[-67.573,-38.5429],[-67.5599,-38.5372],[-67.5131,-38.4987],[-67.4676,-38.4685],[-67.4462,-38.458],[-67.4263,-38.4526],[-67.4152,-38.4422],[-67.3959,-38.4297],[-67.3598,-38.3857],[-67.3403,-38.3711],[-67.3183,-38.3452],[-67.3054,-38.3347],[-67.295,-38.3186],[-67.2707,-38.2937],[-67.2357,-38.2662],[-67.235,-38.2607],[-67.2429,-38.2552],[-67.2454,-38.2502],[-67.243,-38.2429],[-67.2251,-38.2331],[-67.2047,-38.2263],[-67.1914,-38.2134]],[[-67.5998,-39.0067],[-67.6001,-39.0072],[-67.5994,-39.0073],[-67.5993,-39.0068],[-67.5998,-39.0067]]]}},{"type":"Feature","properties":{"ruta":"67","tipo":40,"jerarquia":"provincial"},"geometry":{"type":"MultiLineString","coordinates":[[[-68.1674,-38.9123],[-68.169,-38.9076],[-68.1804,-38.9038],[-68.1963,-38.7791],[-68.1954,-38.769],[-68.1863,-38.75]],[[-68.1674,-38.9123],[-68.1678,-38.9129]],[[-68.1668,-38.9128],[-68.1674,-38.9123]]]}},{"type":"Feature","properties":{"ruta":"65","tipo":40,"jerarquia":"provincial"},"geometry":{"type":"MultiLineString","coordinates":[[[-67.973,-38.947],[-67.9356,-38.9546]],[[-67.9356,-38.9546],[-67.9327,-38.9552]],[[-67.9327,-38.9552],[-67.9356,-38.9546]],[[-67.9327,-38.9552],[-67.8416,-38.9736]],[[-67.8413,-38.9742],[-67.8448,-38.9909],[-67.8341,-38.9923]],[[-67.8332,-38.9924],[-67.8332,-38.9924]],[[-67.833,-38.9925],[-67.833,-38.9924]],[[-67.8322,-38.9925],[-67.7373,-39.0047],[-67.7279,-39.0079],[-67.7293,-39.0151],[-67.6128,-39.0298],[-67.6018,-39.0312]],[[-67.1601,-39.0811],[-67.1991,-39.074],[-67.4998,-39.0364],[-67.5377,-39.0318],[-67.5446,-39.0339],[-67.5639,-39.0314]],[[-67.8409,-38.9739],[-67.8409,-38.9737],[-67.8416,-38.9736],[-67.8413,-38.9742],[-67.8409,-38.9739]],[[-67.8331,-38.9923],[-67.833,-38.9924],[-67.8331,-38.9925],[-67.8332,-38.9924],[-67.8331,-38.9923]],[[-67.5993,-39.0315],[-67.6005,-39.0313],[-67.6018,-39.0312],[-67.6005,-39.0314],[-67.5993,-39.0315]]]}},{"type":"Feature","properties":{"ruta":"57","tipo":40,"jerarquia":"provincial"},"geometry":{"type":"MultiLineString","coordinates":[[[-70.7584,-37.3404],[-70.7579,-37.3401]],[[-70.7576,-37.3404],[-70.7438,-37.3378],[-70.7449,-37.3344],[-70.742,-37.3314],[-70.7271,-37.3264],[-70.7251,-37.3215],[-70.7474,-37.3048],[-70.7529,-37.2922],[-70.7542,-37.2939],[-70.7529,-37.2879],[-70.7494,-37.2852],[-70.7532,-37.2788],[-70.7676,-37.2729],[-70.7646,-37.2715],[-70.7678,-37.2686],[-70.7632,-37.2635],[-70.7517,-37.2591],[-70.7458,-37.2527],[-70.7498,-37.2512],[-70.7484,-37.2362],[-70.75,-37.2322],[-70.7454,-37.2278],[-70.7617,-37.2234],[-70.7424,-37.2128],[-70.7418,-37.2086]],[[-70.7418,-37.2082],[-70.7418,-37.2086]],[[-70.7418,-37.2086],[-70.7415,-37.2083]],[[-68.25,-37.5937],[-68.146,-37.6238],[-68.1211,-37.6305],[-68.0292,-37.6225],[-68.0085,-37.6263],[-68.0038,-37.6344],[-67.9786,-37.6451],[-67.9641,-37.6486],[-67.9074,-37.6593],[-67.8707,-37.661],[-67.8695,-37.7059],[-67.8063,-37.706],[-67.7701,-37.7296]],[[-67.9131,-38.0109],[-67.8522,-38.0722],[-67.808,-38.0826],[-67.7778,-38.1045],[-67.7664,-38.1169],[-67.7741,-38.1358],[-67.7155,-38.1889],[-67.7026,-38.1935],[-67.7019,-38.198],[-67.7089,-38.201],[-67.7026,-38.2008],[-67.6658,-38.2346],[-67.668,-38.2406],[-67.6663,-38.2578],[-67.6852,-38.2964],[-67.681,-38.3041],[-67.6287,-38.3063],[-67.5814,-38.3038],[-67.5628,-38.2954],[-67.5536,-38.2977],[-67.5407,-38.2962],[-67.5162,-38.3153],[-67.4897,-38.3145],[-67.4596,-38.3014],[-67.4495,-38.3009],[-67.4068,-38.2761],[-67.3946,-38.2806],[-67.3754,-38.2795],[-67.3464,-38.2855],[-67.3398,-38.2895],[-67.3309,-38.3013],[-67.295,-38.3186],[-67.2559,-38.3444],[-67.1808,-38.3456],[-67.0898,-38.4295],[-67.0656,-38.4315],[-67.0579,-38.4395],[-66.8974,-38.4732],[-66.8717,-38.4931],[-66.8147,-38.5094],[-66.7651,-38.5459],[-66.7519,-38.5512],[-66.6923,-38.5859],[-66.6454,-38.6083],[-66.6322,-38.6888],[-66.6165,-38.7072],[-66.5955,-38.7074],[-66.4999,-38.7436],[-66.4352,-38.7491]]]}},{"type":"Feature","properties":{"ruta":"68","tipo":40,"jerarquia":"provincial"},"geometry":{"type":"MultiLineString","coordinates":[[[-70.6287,-36.7112],[-70.6192,-36.7083],[-70.6162,-36.7119],[-70.6024,-36.7103],[-70.5916,-36.7122],[-70.5789,-36.7084],[-70.5771,-36.7032],[-70.5669,-36.705],[-70.552,-36.699],[-70.538,-36.6996],[-70.5365,-36.6956],[-70.5324,-36.703],[-70.5231,-36.7093],[-70.5227,-36.7112],[-70.5248,-36.711],[-70.5235,-36.7136],[-70.5153,-36.717],[-70.5153,-36.7215],[-70.4986,-36.7285],[-70.4899,-36.7384]],[[-70.3339,-37.0368],[-70.3247,-37.0242],[-70.3269,-37.0231],[-70.3216,-37.0108],[-70.3242,-37.0041],[-70.3155,-37.0012],[-70.3159,-36.9993],[-70.3101,-36.9946],[-70.3109,-36.9925],[-70.3063,-36.9888],[-70.3149,-36.9821],[-70.3203,-36.9655],[-70.3316,-36.9596],[-70.339,-36.9586],[-70.339,-36.9548],[-70.346,-36.9572],[-70.3524,-36.9523],[-70.3559,-36.9394],[-70.3648,-36.9435],[-70.3741,-36.9373],[-70.3739,-36.9232],[-70.3717,-36.923],[-70.3741,-36.9112],[-70.3849,-36.8976],[-70.3843,-36.893],[-70.3862,-36.8941],[-70.3868,-36.892],[-70.3823,-36.8852],[-70.3846,-36.8774],[-70.3783,-36.8662],[-70.3803,-36.8596],[-70.3746,-36.8563],[-70.3763,-36.8528],[-70.3741,-36.8518],[-70.378,-36.8481],[-70.3791,-36.8424],[-70.3814,-36.8419],[-70.3823,-36.8329],[-70.3851,-36.831],[-70.3827,-36.8296],[-70.3829,-36.8277],[-70.3843,-36.8297],[-70.3849,-36.8206],[-70.3932,-36.8166],[-70.3934,-36.8147],[-70.3884,-36.8129],[-70.387,-36.8121],[-70.387,-36.8119],[-70.3996,-36.8083],[-70.4073,-36.7941],[-70.4115,-36.7928],[-70.4147,-36.7806],[-70.4241,-36.7758],[-70.4275,-36.7697],[-70.431,-36.7681],[-70.4324,-36.7733],[-70.4428,-36.7637],[-70.4489,-36.7611],[-70.4567,-36.7618],[-70.4563,-36.7641],[-70.4592,-36.764]],[[-68.7977,-39.2475],[-68.7991,-39.2474]],[[-68.7983,-39.2471],[-68.7848,-39.2565],[-68.7641,-39.2623]],[[-68.7974,-39.2478],[-68.7971,-39.2466]],[[-68.7641,-39.2623],[-68.7637,-39.2623]],[[-68.7637,-39.2623],[-68.7641,-39.2623]],[[-68.7637,-39.2623],[-68.7579,-39.263],[-68.7569,-39.2702],[-68.7523,-39.2766],[-68.7439,-39.2873],[-68.7081,-39.297],[-68.6329,-39.31],[-68.6132,-39.3092],[-68.5965,-39.3008],[-68.5852,-39.2999],[-68.5596,-39.3028],[-68.5461,-39.2966],[-68.4969,-39.3447],[-68.4712,-39.3666],[-68.4655,-39.3671],[-68.4455,-39.3511]],[[-68.4455,-39.3511],[-68.4424,-39.3487],[-68.4321,-39.3404],[-68.415,-39.3378],[-68.3053,-39.3433],[-68.2779,-39.3384],[-68.2604,-39.3456],[-68.241,-39.3471],[-68.1965,-39.3284],[-68.1241,-39.3242],[-68.1184,-39.3246],[-68.0406,-39.3527],[-67.9824,-39.3527],[-67.9679,-39.3474],[-67.9543,-39.3468],[-67.9417,-39.3497],[-67.8722,-39.3413]],[[-68.4455,-39.3511],[-68.4433,-39.3518]],[[-68.4421,-39.3471],[-68.4438,-39.3498]]]}},{"type":"Feature","properties":{"ruta":"74","tipo":40,"jerarquia":"provincial"},"geometry":{"type":"MultiLineString","coordinates":[[[-68.4424,-39.3487],[-68.4433,-39.3518],[-68.466,-39.4457],[-68.4626,-39.4572],[-68.4633,-39.4786],[-68.4606,-39.4923],[-68.4686,-39.5271],[-68.4762,-39.5353],[-68.4773,-39.588],[-68.4876,-39.611],[-68.4873,-39.6148],[-68.4765,-39.6219],[-68.4684,-39.635],[-68.4656,-39.6501],[-68.4593,-39.6526],[-68.4658,-39.6579],[-68.4553,-39.6641],[-68.4485,-39.6813],[-68.4738,-39.7058],[-68.4755,-39.7102],[-68.4934,-39.7244],[-68.512,-39.7271],[-68.5771,-39.7561],[-68.6309,-39.7657],[-68.6606,-39.7819],[-68.7128,-39.835],[-68.7652,-39.8992],[-68.7754,-39.9145],[-68.7775,-39.9285],[-68.7811,-39.9325],[-68.8238,-39.9447],[-68.8695,-39.9803],[-68.8747,-39.9807],[-68.8901,-39.9911],[-68.8923,-39.9957],[-68.8926,-40.0072],[-68.8981,-40.0189],[-68.9131,-40.0364],[-68.9274,-40.0811],[-68.9774,-40.2799],[-68.9678,-40.2971],[-68.9786,-40.3121],[-68.9804,-40.3226]],[[-68.1464,-39.0096],[-68.1461,-39.0099]]]}},{"type":"Feature","properties":{"ruta":"69","tipo":40,"jerarquia":"provincial"},"geometry":{"type":"MultiLineString","coordinates":[[[-68.25,-38.6601],[-68.1816,-38.7046],[-68.1689,-38.7107]],[[-68.1689,-38.7107],[-68.1674,-38.7119]],[[-68.1676,-38.711],[-68.1689,-38.7107]]]}},{"type":"Feature","properties":{"ruta":"70","tipo":40,"jerarquia":"provincial"},"geometry":{"type":"MultiLineString","coordinates":[[[-68.0747,-38.8293],[-68.0583,-38.8191],[-68.0597,-38.8159],[-68.0578,-38.8108],[-68.0454,-38.8064],[-68.0359,-38.7671],[-68.0385,-38.7334],[-68.0424,-38.718],[-68.0354,-38.7055],[-68.0302,-38.7019]],[[-68.0302,-38.7019],[-68.0262,-38.7006],[-68.0243,-38.6976],[-68.0266,-38.7001],[-68.0302,-38.7019]]]}},{"type":"Feature","properties":{"ruta":"20","tipo":41,"jerarquia":"provincial"},"geometry":{"type":"MultiLineString","coordinates":[[[-70.5954,-39.284],[-70.5839,-39.2831],[-70.5755,-39.2857],[-70.5612,-39.3093],[-70.5486,-39.3214],[-70.5233,-39.3249],[-70.515,-39.3236],[-70.51,-39.3349],[-70.4756,-39.3669],[-70.4575,-39.3753],[-70.4471,-39.376],[-70.4386,-39.3865],[-70.4253,-39.3874],[-70.4129,-39.3928],[-70.404,-39.3897],[-70.4025,-39.386],[-70.3844,-39.3717],[-70.3689,-39.3629],[-70.3576,-39.3418],[-70.3399,-39.3244],[-70.3364,-39.316],[-70.3091,-39.2981],[-70.3028,-39.2909],[-70.2915,-39.2926],[-70.2915,-39.2898],[-70.2892,-39.2893],[-70.2752,-39.2934],[-70.2668,-39.2986],[-70.2514,-39.2988],[-70.2451,-39.3025],[-70.236,-39.2958],[-70.2266,-39.2937],[-70.1715,-39.3018],[-70.1537,-39.3153],[-70.1367,-39.318],[-70.1267,-39.3232]],[[-70.0838,-39.2635],[-70.0665,-39.2692],[-70.058,-39.2748],[-70.0347,-39.2811],[-70.0072,-39.2936],[-69.9886,-39.2932],[-69.9607,-39.3027],[-69.9445,-39.3033],[-69.9313,-39.3119],[-69.9036,-39.3221],[-69.8909,-39.3292],[-69.8117,-39.3421],[-69.7972,-39.3392],[-69.7675,-39.3413],[-69.7389,-39.3507],[-69.7229,-39.3603],[-69.6858,-39.3712],[-69.6542,-39.3838],[-69.6457,-39.3918],[-69.5896,-39.4056],[-69.5838,-39.4109],[-69.5833,-39.4184],[-69.5785,-39.4229],[-69.5721,-39.4246],[-69.5617,-39.4381],[-69.5554,-39.4412],[-69.558,-39.4478],[-69.5478,-39.4539],[-69.5519,-39.4616],[-69.5454,-39.4719],[-69.529,-39.4777],[-69.5235,-39.4851],[-69.511,-39.4939],[-69.4545,-39.524],[-69.433,-39.522],[-69.31,-39.5457]],[[-69.31,-39.5457],[-69.3088,-39.5456]],[[-69.31,-39.5457],[-69.3094,-39.5465]],[[-68.108,-37.5859],[-68.0716,-37.5824],[-68.0652,-37.5685],[-68.0398,-37.5492],[-68.0153,-37.5502],[-67.9855,-37.5592],[-67.9527,-37.5618],[-67.8796,-37.5937],[-67.7504,-37.6596]],[[-67.7504,-37.6596],[-67.7496,-37.6604],[-67.7482,-37.6603]],[[-67.7482,-37.6603],[-67.7496,-37.6601],[-67.7504,-37.6596]],[[-66.6593,-37.6103],[-66.6839,-37.6181],[-67.2569,-37.6657],[-67.3934,-37.6591],[-67.7482,-37.6603]]]}},{"type":"Feature","properties":{"ruta":"19","tipo":40,"jerarquia":"provincial"},"geometry":{"type":"MultiLineString","coordinates":[[[-71.3637,-40.2193],[-71.3409,-40.2078],[-71.3323,-40.2006],[-71.3221,-40.2],[-71.3201,-40.1979],[-71.3216,-40.1935],[-71.3179,-40.191],[-71.3292,-40.1901],[-71.3206,-40.1783],[-71.3231,-40.1746],[-71.3212,-40.1731],[-71.3246,-40.172],[-71.3259,-40.1675],[-71.3324,-40.1717],[-71.338,-40.1718],[-71.3381,-40.1655],[-71.3412,-40.163],[-71.3466,-40.1634],[-71.3395,-40.1577],[-71.3429,-40.1565],[-71.3524,-40.164],[-71.3566,-40.1631]],[[-66.6413,-38.4799],[-66.643,-38.3199],[-66.6443,-38.2887],[-66.6482,-38.2862],[-66.6447,-38.2815],[-66.6476,-38.1923],[-66.6587,-38.1812],[-66.661,-38.174],[-66.6573,-38.168],[-66.6487,-38.1655],[-66.6491,-38.1465]]]}},{"type":"Feature","properties":{"ruta":"62","tipo":40,"jerarquia":"provincial"},"geometry":{"type":"MultiLineString","coordinates":[[[-71.3235,-40.1421],[-71.322,-40.1337],[-71.3197,-40.1316],[-71.3228,-40.1305],[-71.321,-40.1267],[-71.3059,-40.1179],[-71.3055,-40.1149],[-71.3087,-40.1111],[-71.3077,-40.1043],[-71.2955,-40.0879],[-71.3177,-40.073],[-71.3191,-40.0673],[-71.317,-40.0625],[-71.3315,-40.0538],[-71.3343,-40.0445],[-71.3374,-40.0416],[-71.3339,-40.0367],[-71.3414,-40.0305],[-71.3425,-40.027],[-71.3313,-40.0133],[-71.3199,-40.0071],[-71.3059,-39.9941],[-71.295,-39.9911],[-71.284,-39.9843],[-71.2734,-39.9841],[-71.2583,-39.975],[-71.2515,-39.9666],[-71.2671,-39.9526],[-71.2644,-39.9454],[-71.2595,-39.9427],[-71.2751,-39.9216],[-71.2936,-39.9199],[-71.3056,-39.9114],[-71.3252,-39.9071],[-71.3379,-39.9074],[-71.3444,-39.9111],[-71.3567,-39.9119],[-71.3706,-39.8972],[-71.3742,-39.8984],[-71.3758,-39.895],[-71.3935,-39.8899],[-71.398,-39.8863],[-71.4207,-39.8858],[-71.4403,-39.8814],[-71.4474,-39.8771],[-71.4552,-39.8792],[-71.4532,-39.8765],[-71.4539,-39.8705],[-71.4684,-39.8581],[-71.469,-39.8528],[-71.4723,-39.8496],[-71.4869,-39.846],[-71.4924,-39.8484],[-71.5029,-39.8459],[-71.5151,-39.8411],[-71.5239,-39.8339],[-71.5408,-39.8321],[-71.5422,-39.8273],[-71.555,-39.8236],[-71.559,-39.8162],[-71.5641,-39.8172],[-71.5661,-39.8124],[-71.5898,-39.8137],[-71.6013,-39.8115],[-71.6055,-39.8127],[-71.607,-39.819],[-71.6127,-39.8205],[-71.6164,-39.8247],[-71.6203,-39.824],[-71.6259,-39.8274],[-71.6388,-39.8267],[-71.6418,-39.8252],[-71.6407,-39.823],[-71.6427,-39.8213],[-71.6399,-39.8208],[-71.65,-39.8096],[-71.6499,-39.8004],[-71.6529,-39.7975],[-71.6686,-39.791],[-71.6813,-39.7889]],[[-71.3235,-40.1421],[-71.3236,-40.1423]],[[-71.3236,-40.1423],[-71.3235,-40.1424]],[[-71.3234,-40.1423],[-71.3236,-40.1423]],[[-71.3234,-40.1423],[-71.3235,-40.1421]],[[-71.3235,-40.1424],[-71.3234,-40.1424]],[[-71.3235,-40.1424],[-71.3233,-40.1425]],[[-71.3234,-40.1424],[-71.3234,-40.1423]],[[-71.3233,-40.1425],[-71.3234,-40.1424]],[[-71.3165,-40.1477],[-71.3233,-40.1425]],[[-71.3165,-40.1477],[-71.3163,-40.1481]],[[-71.3161,-40.1479],[-71.3165,-40.1477]],[[-66.4966,-39.8118],[-66.4849,-39.3046],[-66.4656,-39.2798],[-66.4644,-39.1376]]]}},{"type":"Feature","properties":{"ruta":"48","tipo":40,"jerarquia":"provincial"},"geometry":{"type":"MultiLineString","coordinates":[[[-71.6724,-40.1004],[-71.6682,-40.1035],[-71.6641,-40.1127]],[[-71.6641,-40.1127],[-71.6628,-40.1143]],[[-71.6641,-40.1127],[-71.6628,-40.1143]],[[-71.3302,-40.1464],[-71.3383,-40.1448],[-71.3443,-40.1463],[-71.3434,-40.1431],[-71.3364,-40.1402],[-71.3427,-40.1357],[-71.3456,-40.1368],[-71.3506,-40.1335],[-71.3612,-40.1329],[-71.3887,-40.1251],[-71.395,-40.1204],[-71.431,-40.1114],[-71.4535,-40.122],[-71.4535,-40.1262],[-71.457,-40.1301],[-71.4633,-40.1318],[-71.4675,-40.1389],[-71.4706,-40.1394],[-71.4693,-40.1417],[-71.4728,-40.1396],[-71.4774,-40.1406],[-71.4836,-40.1461],[-71.5027,-40.1499],[-71.5018,-40.1523],[-71.5215,-40.1584],[-71.5197,-40.1605],[-71.5258,-40.1635],[-71.5358,-40.1592],[-71.5453,-40.1604],[-71.5675,-40.1507],[-71.5768,-40.1529],[-71.5934,-40.1513],[-71.6022,-40.1542],[-71.6137,-40.1463],[-71.6365,-40.1412],[-71.6486,-40.1233],[-71.6597,-40.1194],[-71.6628,-40.1143]],[[-71.3302,-40.1463],[-71.3339,-40.1469]],[[-71.33,-40.1463],[-71.3302,-40.1463]],[[-71.3302,-40.1463],[-71.3302,-40.1464]],[[-71.3302,-40.1464],[-71.33,-40.1464]],[[-71.33,-40.1464],[-71.3299,-40.1464]],[[-71.33,-40.1464],[-71.33,-40.1463]],[[-71.3299,-40.1464],[-71.33,-40.1463]],[[-71.3299,-40.1464],[-71.3255,-40.147]],[[-71.3255,-40.147],[-71.3207,-40.1512]],[[-71.3203,-40.151],[-71.3255,-40.147]]]}},{"type":"Feature","properties":{"ruta":"49","tipo":40,"jerarquia":"provincial"},"geometry":{"type":"MultiLineString","coordinates":[[[-71.0794,-40.0628],[-71.0748,-40.0648]],[[-71.0748,-40.0648],[-71.0768,-40.0591]],[[-71.0748,-40.0648],[-71.0596,-40.0787],[-71.0191,-40.0963],[-70.9639,-40.1125],[-70.9279,-40.117],[-70.912,-40.1128],[-70.8942,-40.1049],[-70.8918,-40.0919],[-70.8878,-40.0918],[-70.883,-40.0873],[-70.8725,-40.0862],[-70.8676,-40.0817],[-70.87,-40.0893],[-70.8769,-40.0939],[-70.8804,-40.0995],[-70.8734,-40.1015],[-70.8694,-40.1082],[-70.8632,-40.111],[-70.8355,-40.1117],[-70.7722,-40.1196],[-70.7567,-40.1362],[-70.7523,-40.1446],[-70.7464,-40.1483],[-70.7489,-40.16],[-70.7571,-40.17],[-70.7481,-40.1723],[-70.7356,-40.1708],[-70.7249,-40.1757],[-70.7229,-40.1865],[-70.7036,-40.1871],[-70.6998,-40.19],[-70.6884,-40.2128],[-70.6933,-40.2164],[-70.7235,-40.2229],[-70.7282,-40.2294],[-70.7202,-40.2337],[-70.7117,-40.2332],[-70.7066,-40.2392],[-70.7358,-40.2576],[-70.7714,-40.2664],[-70.788,-40.2744],[-70.8153,-40.2726],[-70.8422,-40.3019],[-70.8309,-40.3208],[-70.7975,-40.3381],[-70.7841,-40.356],[-70.782,-40.364],[-70.7704,-40.3766],[-70.7664,-40.3935],[-70.7632,-40.3949],[-70.7439,-40.3916],[-70.7402,-40.3932],[-70.7367,-40.402],[-70.7331,-40.4029],[-70.7292,-40.4097],[-70.7239,-40.4106],[-70.725,-40.4172],[-70.7087,-40.4095],[-70.6989,-40.4113],[-70.6908,-40.4253],[-70.6845,-40.4295],[-70.6852,-40.4358],[-70.6811,-40.4418],[-70.6637,-40.4437]]]}},{"type":"Feature","properties":{"ruta":"63","tipo":40,"jerarquia":"provincial"},"geometry":{"type":"LineString","coordinates":[[-71.3826,-40.3177],[-71.3757,-40.3225],[-71.3675,-40.3211],[-71.3617,-40.3253],[-71.3554,-40.3248],[-71.3472,-40.3317],[-71.3445,-40.346],[-71.3269,-40.3601],[-71.3104,-40.364],[-71.301,-40.3707],[-71.2713,-40.3822],[-71.2499,-40.384],[-71.245,-40.3889],[-71.2397,-40.3975],[-71.2396,-40.4214],[-71.2359,-40.4247],[-71.2346,-40.4338],[-71.2375,-40.4362],[-71.2291,-40.4485],[-71.2328,-40.4725],[-71.2358,-40.4757],[-71.2334,-40.4803],[-71.235,-40.4843],[-71.2074,-40.4978],[-71.1743,-40.5019],[-71.1819,-40.5128],[-71.1779,-40.5219],[-71.177,-40.5458],[-71.174,-40.5511],[-71.1609,-40.5582],[-71.1548,-40.5649],[-71.1548,-40.5737],[-71.1501,-40.5785],[-71.1478,-40.5852],[-71.1467,-40.5842],[-71.1476,-40.5882],[-71.1455,-40.5898],[-71.147,-40.5917],[-71.1443,-40.5926],[-71.1431,-40.6065],[-71.144,-40.6105],[-71.1458,-40.61],[-71.1442,-40.6121],[-71.1465,-40.6205],[-71.1513,-40.6231],[-71.1509,-40.6332],[-71.155,-40.6377],[-71.1496,-40.6457],[-71.1546,-40.6521],[-71.1501,-40.6574],[-71.149,-40.6637],[-71.154,-40.67],[-71.1527,-40.6748],[-71.1566,-40.6799],[-71.154,-40.6899],[-71.1367,-40.7002],[-71.1311,-40.7112],[-71.1216,-40.7142],[-71.1062,-40.713],[-71.0873,-40.7229]]}},{"type":"Feature","properties":{"ruta":"52","tipo":40,"jerarquia":"provincial"},"geometry":{"type":"LineString","coordinates":[[-71.0848,-39.9864],[-71.0975,-39.9838],[-71.1026,-39.9785],[-71.1453,-39.9631],[-71.1644,-39.9655],[-71.2044,-39.9553],[-71.2325,-39.9558],[-71.257,-39.9445],[-71.2611,-39.9447]]}},{"type":"Feature","properties":{"ruta":"64","tipo":40,"jerarquia":"provincial"},"geometry":{"type":"MultiLineString","coordinates":[[[-71.3067,-40.5025],[-71.299,-40.4991],[-71.2889,-40.5025],[-71.2618,-40.4989],[-71.2498,-40.4931],[-71.2353,-40.4904],[-71.2318,-40.4865]],[[-71.2323,-40.4863],[-71.2324,-40.4868]]]}},{"type":"Feature","properties":{"ruta":"50","tipo":40,"jerarquia":"provincial"},"geometry":{"type":"MultiLineString","coordinates":[[[-70.6726,-40.1714],[-70.661,-40.1741],[-70.6563,-40.1732],[-70.6543,-40.17],[-70.6536,-40.1719],[-70.6365,-40.1588],[-70.6336,-40.1529],[-70.6088,-40.1453],[-70.6006,-40.1457],[-70.5723,-40.1327],[-70.5629,-40.1222],[-70.5553,-40.1199],[-70.5507,-40.1147],[-70.5402,-40.1154],[-70.5383,-40.1125],[-70.5189,-40.1118],[-70.5097,-40.1131],[-70.4983,-40.1192],[-70.4703,-40.1164],[-70.4192,-40.1228],[-70.4114,-40.1217],[-70.4048,-40.1176],[-70.3904,-40.1169],[-70.3779,-40.1111],[-70.3661,-40.0999],[-70.3437,-40.0886],[-70.3246,-40.0895],[-70.3157,-40.0842],[-70.2995,-40.0805],[-70.2723,-40.065],[-70.2458,-40.0626],[-70.1934,-40.0688],[-70.1901,-40.0768],[-70.1847,-40.0806],[-70.1769,-40.0815],[-70.1725,-40.0856]],[[-70.6704,-40.1723],[-70.671,-40.1734]]]}},{"type":"Feature","properties":{"ruta":"56","tipo":40,"jerarquia":"provincial"},"geometry":{"type":"MultiLineString","coordinates":[[[-70.5654,-39.6192],[-70.5579,-39.6177],[-70.5416,-39.6046],[-70.5386,-39.5914],[-70.5342,-39.5875],[-70.5332,-39.5812],[-70.5272,-39.5789],[-70.5385,-39.5629],[-70.5311,-39.561],[-70.5224,-39.5561],[-70.5192,-39.5511],[-70.509,-39.5473],[-70.5101,-39.5392],[-70.5071,-39.5332],[-70.498,-39.5348],[-70.4888,-39.529],[-70.4802,-39.5305],[-70.4647,-39.5234],[-70.4571,-39.5236],[-70.4457,-39.5286],[-70.4235,-39.5315],[-70.4057,-39.5375],[-70.3905,-39.5357],[-70.3573,-39.5445],[-70.3419,-39.5437],[-70.3343,-39.5462],[-70.3305,-39.5455],[-70.3274,-39.5411]],[[-70.3274,-39.5411],[-70.3263,-39.541]],[[-70.3274,-39.5411],[-70.3264,-39.5397]]]}},{"type":"Feature","properties":{"ruta":"181","tipo":40,"jerarquia":"provincial"},"geometry":{"type":"MultiLineString","coordinates":[[[-69.7738,-35.8537],[-69.7743,-35.8534]],[[-69.7739,-35.8532],[-69.7738,-35.8537]],[[-69.4425,-35.7525],[-69.4402,-35.7716],[-69.4635,-35.7937],[-69.4863,-35.8041],[-69.4936,-35.8198],[-69.5046,-35.8306],[-69.5064,-35.8382],[-69.5043,-35.8546],[-69.5004,-35.8643],[-69.5001,-35.8754],[-69.4952,-35.8856],[-69.4701,-35.8937],[-69.452,-35.913],[-69.4186,-35.9364],[-69.4132,-35.9361],[-69.4118,-35.9396],[-69.4109,-35.9457],[-69.4158,-35.9561],[-69.4158,-35.9627],[-69.4044,-35.9873],[-69.4052,-35.9908],[-69.3957,-35.9999],[-69.3927,-36.0084],[-69.3979,-36.0201],[-69.4052,-36.0247],[-69.4186,-36.0431],[-69.4156,-36.0484],[-69.4188,-36.0784],[-69.4177,-36.0957],[-69.4261,-36.104],[-69.433,-36.1228],[-69.4294,-36.1291],[-69.4307,-36.1334],[-69.4198,-36.144],[-69.4099,-36.1486],[-69.4067,-36.1628],[-69.3984,-36.1751],[-69.4023,-36.1821],[-69.3971,-36.1895],[-69.3961,-36.2043],[-69.4039,-36.2114],[-69.4207,-36.2163],[-69.4319,-36.21],[-69.4334,-36.2054],[-69.4395,-36.1996],[-69.4539,-36.1991],[-69.4758,-36.2076],[-69.4777,-36.2091],[-69.4762,-36.2108],[-69.4832,-36.2118],[-69.5005,-36.2238],[-69.5087,-36.2246],[-69.5081,-36.2227],[-69.5149,-36.2143],[-69.5187,-36.2137],[-69.5264,-36.2158],[-69.5331,-36.2233],[-69.5469,-36.2304],[-69.5564,-36.2307],[-69.5584,-36.2282],[-69.605,-36.2289],[-69.5932,-36.2034],[-69.597,-36.2017],[-69.5945,-36.1985],[-69.6024,-36.1853],[-69.6066,-36.1822],[-69.619,-36.1881],[-69.6234,-36.188],[-69.6344,-36.1641],[-69.6341,-36.1608],[-69.6369,-36.1588],[-69.646,-36.1386],[-69.6263,-36.129],[-69.643,-36.0891],[-69.6492,-36.088],[-69.6434,-36.0697],[-69.6445,-36.063],[-69.6265,-36.0573],[-69.6246,-36.0484],[-69.6286,-36.0458],[-69.6405,-36.0457],[-69.6318,-36.0393],[-69.6452,-36.0391],[-69.6617,-36.0325],[-69.666,-36.0221],[-69.673,-36.0148],[-69.6725,-36.0062],[-69.6747,-36.0044],[-69.6805,-36.0049],[-69.6845,-36.0],[-69.698,-35.9998],[-69.7082,-35.9927],[-69.7202,-35.9654],[-69.7183,-35.9602],[-69.745,-35.908],[-69.7446,-35.8984],[-69.7509,-35.8802],[-69.7738,-35.8537]]]}},{"type":"Feature","properties":{"ruta":"2","tipo":40,"jerarquia":"provincial"},"geometry":{"type":"MultiLineString","coordinates":[[[-70.4176,-37.0357],[-70.3966,-37.0265],[-70.3825,-37.0269],[-70.3743,-37.0335],[-70.3535,-37.0335],[-70.335,-37.0369]],[[-70.3347,-37.0368],[-70.335,-37.0369]],[[-70.335,-37.0369],[-70.3347,-37.037]],[[-70.3347,-37.0368],[-70.3347,-37.037]],[[-70.3347,-37.037],[-70.3343,-37.0374]],[[-70.334,-37.0373],[-70.3347,-37.0368]],[[-70.3343,-37.0374],[-70.334,-37.0373]],[[-70.3343,-37.0374],[-70.3328,-37.0414]],[[-70.3326,-37.0413],[-70.334,-37.0373]],[[-70.3326,-37.0413],[-70.3328,-37.0414]],[[-70.3328,-37.0414],[-70.3326,-37.0417]],[[-70.3326,-37.0417],[-70.3324,-37.0415]],[[-70.3326,-37.0417],[-70.3322,-37.0417]],[[-70.3324,-37.0415],[-70.3326,-37.0413]],[[-70.3322,-37.0417],[-70.3324,-37.0415]],[[-70.3322,-37.0417],[-70.3256,-37.0431],[-70.3282,-37.0464],[-70.3231,-37.0555],[-70.3196,-37.0573],[-70.3197,-37.0656],[-70.316,-37.0694],[-70.3163,-37.0725],[-70.3063,-37.0724],[-70.3009,-37.0751],[-70.296,-37.0817],[-70.2949,-37.0952],[-70.2788,-37.1113],[-70.2767,-37.1184],[-70.2644,-37.1223],[-70.2569,-37.13],[-70.2452,-37.1501],[-70.2443,-37.1564],[-70.2494,-37.1687],[-70.246,-37.17],[-70.246,-37.1756],[-70.2486,-37.1826],[-70.2543,-37.1855],[-70.2506,-37.1995],[-70.2537,-37.2031],[-70.2489,-37.2064],[-70.2398,-37.2209],[-70.2381,-37.2438],[-70.233,-37.2399],[-70.2309,-37.2408],[-70.2336,-37.2457],[-70.2274,-37.268],[-70.2313,-37.284],[-70.2517,-37.312]]]}},{"type":"Feature","properties":{"ruta":"13","tipo":40,"jerarquia":"provincial"},"geometry":{"type":"MultiLineString","coordinates":[[[-71.268,-38.8336],[-71.2615,-38.8337],[-71.2528,-38.8487],[-71.2456,-38.8464],[-71.2422,-38.8476],[-71.243,-38.8546],[-71.2262,-38.8525],[-71.2219,-38.8532],[-71.2202,-38.8561],[-71.2172,-38.8552],[-71.2155,-38.8604],[-71.2114,-38.8608],[-71.2081,-38.8655],[-71.1991,-38.8667],[-71.188,-38.879]],[[-71.1863,-38.8793],[-71.188,-38.879]],[[-71.188,-38.879],[-71.1863,-38.8793]],[[-71.1863,-38.8793],[-71.1847,-38.8793]],[[-71.1831,-38.8793],[-71.1847,-38.8793]],[[-71.1847,-38.8793],[-71.1831,-38.8793]],[[-70.0859,-38.8964],[-70.1875,-38.8954],[-70.256,-38.8828],[-70.2728,-38.8829],[-70.3388,-38.8669],[-70.3516,-38.8658],[-70.4066,-38.8856],[-70.4107,-38.8904],[-70.4281,-38.8967],[-70.4359,-38.8849],[-70.4559,-38.8782],[-70.4643,-38.8721],[-70.4636,-38.8696],[-70.4578,-38.8685],[-70.4581,-38.8665],[-70.4742,-38.8586],[-70.4777,-38.8545],[-70.4896,-38.8528],[-70.5099,-38.854],[-70.5107,-38.8574],[-70.5224,-38.8644],[-70.5331,-38.8598],[-70.5431,-38.8597],[-70.5581,-38.8658],[-70.5777,-38.8683],[-70.5767,-38.8715],[-70.5798,-38.8724],[-70.5835,-38.8742],[-70.5883,-38.8716],[-70.5944,-38.8724],[-70.6027,-38.8762],[-70.6082,-38.873],[-70.6157,-38.8774],[-70.632,-38.8799],[-70.6381,-38.8884],[-70.6568,-38.8928],[-70.6632,-38.8902],[-70.681,-38.8925],[-70.7039,-38.9062],[-70.7079,-38.9047],[-70.7109,-38.9079],[-70.7245,-38.9109],[-70.7286,-38.9048],[-70.7409,-38.9025],[-70.7495,-38.9062],[-70.7533,-38.9056],[-70.7639,-38.9021],[-70.7652,-38.8981],[-70.7741,-38.8952],[-70.7879,-38.8994],[-70.7892,-38.9027],[-70.8023,-38.8988],[-70.8126,-38.9026],[-70.8198,-38.899],[-70.8157,-38.9043],[-70.82,-38.9115],[-70.8258,-38.9049],[-70.8332,-38.9069],[-70.8382,-38.8998],[-70.8682,-38.9049],[-70.8789,-38.8978],[-70.8949,-38.895],[-70.9001,-38.8887],[-70.9176,-38.8842],[-70.984,-38.8869],[-70.993,-38.883],[-71.0133,-38.8655],[-71.0217,-38.8634],[-71.0315,-38.869],[-71.0341,-38.8863],[-71.0443,-38.8999],[-71.0567,-38.9014],[-71.0596,-38.9078],[-71.0647,-38.9024],[-71.0753,-38.8981],[-71.0927,-38.9013],[-71.1067,-38.8957],[-71.1215,-38.8984],[-71.1334,-38.8877],[-71.1443,-38.8913],[-71.1526,-38.8909],[-71.159,-38.8879],[-71.1616,-38.8837],[-71.1736,-38.8794],[-71.1831,-38.8793]],[[-71.0615,-38.907],[-71.0611,-38.9071]],[[-70.0854,-38.8963],[-70.0859,-38.8964]],[[-70.0859,-38.8964],[-70.0853,-38.8967]]]}},{"type":"Feature","properties":{"ruta":"16","tipo":40,"jerarquia":"provincial"},"geometry":{"type":"MultiLineString","coordinates":[[[-69.9893,-38.7972],[-69.9881,-38.7974]],[[-69.9884,-38.7984],[-69.9881,-38.7974]],[[-69.9881,-38.7974],[-69.9786,-38.7905],[-69.9575,-38.7808],[-69.9371,-38.7753],[-69.9123,-38.7558],[-69.8997,-38.749],[-69.8817,-38.7444],[-69.8686,-38.7454],[-69.8655,-38.7436],[-69.86,-38.7315],[-69.8567,-38.7082],[-69.865,-38.6832],[-69.8646,-38.6674],[-69.8316,-38.6341],[-69.8049,-38.6177],[-69.7915,-38.6177],[-69.7686,-38.6063],[-69.7577,-38.5812],[-69.7537,-38.5529],[-69.7354,-38.5327],[-69.7333,-38.5272],[-69.721,-38.5194],[-69.7097,-38.5178],[-69.6978,-38.5195],[-69.6492,-38.5075],[-69.6497,-38.5032],[-69.6445,-38.4968],[-69.6339,-38.4973],[-69.6216,-38.4839]],[[-67.5266,-37.0716],[-67.7834,-37.0733],[-67.7928,-37.0845],[-67.8008,-37.0816],[-67.8112,-37.0843],[-67.8364,-37.0771],[-67.8502,-37.0779],[-67.8803,-37.072],[-67.9073,-37.0741],[-67.93,-37.0697],[-67.9518,-37.0749],[-67.9637,-37.0742],[-67.9638,-37.0806],[-67.9934,-37.0829],[-68.0355,-37.0721],[-68.0466,-37.0725],[-68.0576,-37.076],[-68.0671,-37.073],[-68.1218,-37.0747],[-68.1294,-37.0723],[-68.189,-37.0678],[-68.2145,-37.076],[-68.25,-37.082]]]}},{"type":"Feature","properties":{"ruta":"21","tipo":40,"jerarquia":"provincial"},"geometry":{"type":"MultiLineString","coordinates":[[[-70.4721,-38.506],[-70.4905,-38.5059],[-70.4978,-38.5005],[-70.4983,-38.4951],[-70.4915,-38.4834],[-70.4896,-38.4701],[-70.5023,-38.4572],[-70.5089,-38.4025],[-70.525,-38.3813],[-70.546,-38.3611],[-70.5542,-38.3411],[-70.565,-38.3311],[-70.5854,-38.3215],[-70.5996,-38.3112],[-70.6103,-38.298],[-70.6126,-38.2838],[-70.6201,-38.2633],[-70.6305,-38.2487],[-70.6316,-38.2414],[-70.628,-38.2282],[-70.6105,-38.2056],[-70.6098,-38.195],[-70.5929,-38.1811],[-70.5926,-38.1765],[-70.5987,-38.1642],[-70.6017,-38.15],[-70.5994,-38.1442],[-70.5925,-38.1396],[-70.5861,-38.1303],[-70.586,-38.1214],[-70.5928,-38.108],[-70.6054,-38.1],[-70.6171,-38.0883],[-70.6177,-38.0838],[-70.613,-38.0752],[-70.6063,-38.0607],[-70.6072,-38.0569],[-70.6141,-38.0527],[-70.6241,-38.0553],[-70.6339,-38.054],[-70.6368,-38.0513],[-70.6343,-38.0443],[-70.6441,-38.0077],[-70.6357,-37.9948],[-70.6264,-37.9914],[-70.6303,-37.9885],[-70.629,-37.9843],[-70.6353,-37.9815],[-70.6446,-37.971],[-70.6616,-37.914],[-70.6931,-37.8685],[-70.707,-37.8614],[-70.6949,-37.8574],[-70.6948,-37.8461],[-70.6902,-37.8413],[-70.6727,-37.7905],[-70.6621,-37.7741],[-70.6555,-37.7543],[-70.6313,-37.7328],[-70.6076,-37.7168],[-70.6147,-37.7097],[-70.6167,-37.7028],[-70.6122,-37.6934],[-70.611,-37.6807],[-70.587,-37.6509],[-70.5864,-37.6458],[-70.5901,-37.6492],[-70.5919,-37.6482],[-70.5882,-37.6398],[-70.5946,-37.6292],[-70.5914,-37.6247],[-70.5911,-37.6192],[-70.6046,-37.6165],[-70.6128,-37.6197],[-70.6264,-37.6133],[-70.6268,-37.6104],[-70.6214,-37.6057],[-70.6217,-37.5917],[-70.6283,-37.5815],[-70.6413,-37.5699],[-70.6428,-37.5643],[-70.642,-37.5572],[-70.6375,-37.5547],[-70.6355,-37.5503],[-70.636,-37.5437],[-70.6308,-37.5252],[-70.625,-37.5178],[-70.6106,-37.5066],[-70.6104,-37.5014],[-70.6046,-37.4947],[-70.6079,-37.4729],[-70.6205,-37.4515],[-70.631,-37.4426]],[[-70.6112,-38.0702],[-70.6106,-38.069]],[[-70.4717,-38.5072],[-70.4721,-38.506]],[[-70.4679,-38.506],[-70.4721,-38.506]]]}},{"type":"Feature","properties":{"ruta":"17","tipo":40,"jerarquia":"provincial"},"geometry":{"type":"MultiLineString","coordinates":[[[-69.2953,-39.5176],[-69.2951,-39.5178]],[[-69.1954,-38.9404],[-69.1974,-38.9628],[-69.233,-39.0334],[-69.2332,-39.0395],[-69.229,-39.0493],[-69.221,-39.0589],[-69.2206,-39.0675],[-69.27,-39.1338],[-69.2908,-39.19],[-69.3324,-39.2405],[-69.3527,-39.2724],[-69.3771,-39.3134],[-69.3761,-39.3248],[-69.3847,-39.3444],[-69.4033,-39.3694],[-69.4022,-39.3884],[-69.4048,-39.3914],[-69.4007,-39.3929],[-69.3959,-39.4044],[-69.3341,-39.4452],[-69.3458,-39.4604],[-69.3447,-39.4809],[-69.3029,-39.5146],[-69.295,-39.5177]],[[-69.2076,-38.928],[-69.2081,-38.9299]],[[-69.2076,-38.928],[-69.2057,-38.924],[-69.1736,-38.903],[-69.1733,-38.895],[-69.1628,-38.8614],[-69.1295,-38.7961],[-69.1291,-38.7834],[-69.1198,-38.7665],[-69.1161,-38.744],[-69.1044,-38.7273],[-69.0929,-38.7171],[-69.0848,-38.7039],[-69.0681,-38.6345],[-69.0619,-38.6241],[-69.0622,-38.6185],[-69.0583,-38.6127],[-69.0506,-38.6086],[-69.0503,-38.6006],[-69.0197,-38.5567],[-69.0114,-38.5305],[-69.0036,-38.5221],[-68.9639,-38.4995],[-68.9579,-38.4911],[-68.9463,-38.4817],[-68.9459,-38.4706],[-68.9403,-38.4592],[-68.9251,-38.4495],[-68.945,-38.4433],[-68.9624,-38.442],[-68.9044,-38.3805],[-68.8746,-38.3639],[-68.8332,-38.354],[-68.7933,-38.3508]],[[-69.2074,-38.9299],[-69.2076,-38.928]],[[-69.1954,-38.9404],[-69.1949,-38.9326]],[[-69.1949,-38.9326],[-69.1954,-38.9404]],[[-69.1947,-38.9308],[-69.1949,-38.9326]],[[-68.8051,-38.3423],[-68.806,-38.3427]],[[-68.8051,-38.3423],[-68.8053,-38.343]],[[-68.3735,-38.2509],[-68.4592,-38.3208],[-68.529,-38.3368],[-68.5441,-38.3586],[-68.5606,-38.3758],[-68.5769,-38.3745],[-68.5884,-38.3785],[-68.6622,-38.3647],[-68.6929,-38.3548],[-68.7804,-38.346],[-68.7955,-38.3394],[-68.8051,-38.3423]],[[-68.7933,-38.3508],[-68.7921,-38.3496]],[[-68.7933,-38.3508],[-68.7913,-38.3509]],[[-68.3721,-38.2491],[-68.3735,-38.2509]],[[-68.3735,-38.2509],[-68.3722,-38.2519]]]}},{"type":"Feature","properties":{"ruta":"1","tipo":40,"jerarquia":"provincial"},"geometry":{"type":"MultiLineString","coordinates":[[[-69.7598,-37.596],[-69.7409,-37.6163],[-69.7399,-37.6263],[-69.748,-37.6514],[-69.7395,-37.6823],[-69.7393,-37.6966],[-69.7332,-37.7064],[-69.7286,-37.732],[-69.7286,-37.737],[-69.7356,-37.7496],[-69.7344,-37.7683],[-69.7255,-37.7877],[-69.7185,-37.7959],[-69.7099,-37.8009],[-69.7023,-37.8177],[-69.6928,-37.8256],[-69.6907,-37.8405],[-69.6865,-37.8438],[-69.6819,-37.8529],[-69.6682,-37.9018],[-69.6598,-37.9072],[-69.6576,-37.922],[-69.6614,-37.9427],[-69.6613,-37.9566],[-69.6549,-37.9618],[-69.6407,-37.9666],[-69.6275,-37.9849],[-69.6142,-37.9951],[-69.5864,-38.0257],[-69.5773,-38.0314],[-69.5759,-38.039],[-69.5573,-38.054],[-69.5433,-38.0694],[-69.5337,-38.0904],[-69.5228,-38.0999],[-69.5293,-38.1092],[-69.5276,-38.1146],[-69.5219,-38.1231],[-69.4952,-38.1458],[-69.4963,-38.1489],[-69.4922,-38.1577],[-69.5082,-38.1863],[-69.5088,-38.2049],[-69.5032,-38.218],[-69.4907,-38.2198],[-69.4843,-38.2238],[-69.4811,-38.2392],[-69.4838,-38.2414],[-69.4805,-38.2457],[-69.4818,-38.2583],[-69.4757,-38.2682],[-69.4716,-38.2858],[-69.4599,-38.3106],[-69.4632,-38.3246],[-69.4602,-38.3322],[-69.4621,-38.346],[-69.454,-38.3572],[-69.4595,-38.3751],[-69.4706,-38.3907],[-69.4721,-38.3964],[-69.4705,-38.4019],[-69.449,-38.4321],[-69.4163,-38.4521],[-69.3688,-38.5243]],[[-69.4047,-38.5314],[-69.4128,-38.5314],[-69.416,-38.5428],[-69.4224,-38.5447],[-69.423,-38.5513],[-69.4349,-38.5625],[-69.4311,-38.5776]],[[-69.3688,-38.5243],[-69.3623,-38.536],[-69.3617,-38.547],[-69.3724,-38.5536],[-69.3791,-38.5526],[-69.3816,-38.5572],[-69.387,-38.5568],[-69.3984,-38.5435],[-69.4024,-38.5318]],[[-69.3688,-38.5243],[-69.2174,-38.5255],[-69.1498,-38.5507],[-69.1039,-38.5449],[-69.0732,-38.5343],[-69.0607,-38.5213],[-69.0596,-38.5166],[-69.0486,-38.5069],[-69.0292,-38.5024],[-68.9898,-38.4797],[-68.9819,-38.4643],[-68.9624,-38.442]]]}},{"type":"Feature","properties":{"ruta":"11","tipo":40,"jerarquia":"provincial"},"geometry":{"type":"MultiLineString","coordinates":[[[-70.9557,-39.1059],[-70.963,-39.0954],[-70.9793,-39.1003],[-70.9856,-39.0937],[-70.9892,-39.0935],[-71.0019,-39.107],[-71.0253,-39.1176],[-71.0296,-39.1155],[-71.0392,-39.1216],[-71.0442,-39.1192],[-71.0473,-39.1127],[-71.0565,-39.1155],[-71.0662,-39.123],[-71.0789,-39.1221],[-71.0842,-39.1181],[-71.0961,-39.1182],[-71.1076,-39.125],[-71.1203,-39.1368],[-71.1287,-39.1323],[-71.1382,-39.1383],[-71.1446,-39.1384],[-71.1481,-39.1299],[-71.153,-39.1285],[-71.1669,-39.1311],[-71.2038,-39.145],[-71.214,-39.143],[-71.2288,-39.1456],[-71.2304,-39.1431],[-71.235,-39.1425],[-71.2449,-39.1491],[-71.2673,-39.1414],[-71.2706,-39.131],[-71.276,-39.1291],[-71.283,-39.1313],[-71.2896,-39.1303],[-71.3032,-39.1213],[-71.3225,-39.1133],[-71.323,-39.091],[-71.3272,-39.086],[-71.3314,-39.0684],[-71.3352,-39.0637],[-71.3575,-39.0509],[-71.366,-39.041],[-71.3885,-39.0286],[-71.3843,-39.0038],[-71.3861,-38.9886],[-71.3752,-38.982],[-71.3728,-38.975],[-71.3537,-38.9696],[-71.3462,-38.9574],[-71.3286,-38.9479],[-71.3276,-38.9437],[-71.3296,-38.9406],[-71.3228,-38.9341],[-71.3207,-38.9283],[-71.3052,-38.9207],[-71.2889,-38.8952],[-71.2756,-38.8875],[-71.2738,-38.8806],[-71.278,-38.8788],[-71.2793,-38.8735],[-71.2753,-38.8673],[-71.2668,-38.8601],[-71.259,-38.86],[-71.2465,-38.854],[-71.243,-38.8546]],[[-70.955,-39.1068],[-70.9557,-39.1059]],[[-70.9557,-39.1059],[-70.9547,-39.106]]]}},{"type":"Feature","properties":{"ruta":"14","tipo":40,"jerarquia":"provincial"},"geometry":{"type":"MultiLineString","coordinates":[[[-70.0241,-38.751],[-70.0265,-38.7455],[-70.0291,-38.7428],[-70.0215,-38.7237],[-70.0383,-38.6521],[-70.0383,-38.6416],[-70.0331,-38.6174],[-70.0354,-38.6014],[-70.0297,-38.5803],[-70.0224,-38.567],[-70.0149,-38.5573],[-69.996,-38.5441],[-69.9896,-38.4693],[-69.9939,-38.4478],[-70.0042,-38.4345],[-70.0066,-38.4261],[-70.0254,-38.4116],[-70.0261,-38.3988],[-70.0384,-38.3758],[-70.0332,-38.3655],[-70.0429,-38.3668],[-70.0541,-38.3815],[-70.0877,-38.3748],[-70.0936,-38.3708]],[[-70.0684,-38.8982],[-70.0679,-38.8977]],[[-70.0683,-38.8976],[-70.0684,-38.8982]],[[-70.0678,-38.8994],[-70.0684,-38.8982]],[[-70.0674,-38.8969],[-70.068,-38.8973]],[[-70.0678,-38.8994],[-70.0676,-38.9004]],[[-70.0667,-38.9001],[-70.0678,-38.8994]],[[-70.0678,-38.8975],[-70.0674,-38.8969]],[[-70.0674,-38.8969],[-70.0547,-38.883]],[[-70.0659,-38.2618],[-70.0615,-38.2646],[-70.0598,-38.2749],[-70.0526,-38.2877],[-70.059,-38.2942],[-70.0538,-38.2991],[-70.0559,-38.3031],[-70.0515,-38.3062],[-70.0437,-38.3055],[-70.0369,-38.3096],[-70.0321,-38.3224],[-70.0118,-38.3389],[-70.0128,-38.3574],[-70.0163,-38.3626],[-70.032,-38.3632],[-70.0332,-38.3655]],[[-70.0547,-38.883],[-70.054,-38.8826]],[[-70.0545,-38.8824],[-70.0547,-38.883]],[[-70.0535,-38.8817],[-70.0542,-38.882]],[[-70.054,-38.8826],[-70.0537,-38.8822],[-70.0544,-38.8821],[-70.0545,-38.8824],[-70.054,-38.8826]],[[-70.0537,-38.8823],[-70.0535,-38.8817]],[[-70.0535,-38.8817],[-70.0574,-38.8755],[-70.0378,-38.8352],[-70.0144,-38.8175],[-69.9943,-38.807],[-69.9883,-38.7997],[-70.0037,-38.7794],[-70.019,-38.7667],[-70.019,-38.7581],[-70.0239,-38.7513]],[[-70.0679,-38.8977],[-70.0678,-38.8974],[-70.0683,-38.8975],[-70.0682,-38.8977],[-70.0679,-38.8977]]]}},{"type":"Feature","properties":{"ruta":"43","tipo":40,"jerarquia":"provincial"},"geometry":{"type":"MultiLineString","coordinates":[[[-70.7494,-36.9917],[-70.7674,-37.0085],[-70.7661,-37.015]],[[-70.7661,-37.015],[-70.7655,-37.0176]],[[-70.7655,-37.0176],[-70.7661,-37.015]],[[-70.7655,-37.0176],[-70.7617,-37.0295],[-70.7733,-37.0568],[-70.7723,-37.065],[-70.7678,-37.0685],[-70.766,-37.076],[-70.7704,-37.084],[-70.7696,-37.0882],[-70.753,-37.1067],[-70.7529,-37.1125],[-70.7561,-37.1168],[-70.7624,-37.126],[-70.754,-37.1327],[-70.7523,-37.1399],[-70.7484,-37.1436],[-70.7169,-37.1404],[-70.7082,-37.1363],[-70.7044,-37.1393],[-70.696,-37.1387],[-70.6928,-37.141],[-70.6864,-37.1386],[-70.6801,-37.1394],[-70.6749,-37.1459],[-70.6634,-37.1457],[-70.6561,-37.1514],[-70.6509,-37.1519],[-70.656,-37.1563],[-70.65,-37.1684],[-70.6594,-37.1766]],[[-70.7494,-36.9917],[-70.7491,-36.9916]],[[-70.7492,-36.9915],[-70.7494,-36.9917]],[[-70.7492,-36.9914],[-70.7492,-36.9915]],[[-70.7492,-36.9915],[-70.7491,-36.9916]],[[-70.6783,-36.8552],[-70.6761,-36.8576],[-70.6805,-36.859],[-70.6761,-36.8612],[-70.6766,-36.8644],[-70.6816,-36.8637],[-70.6886,-36.8711],[-70.6919,-36.8711],[-70.6962,-36.8857],[-70.7039,-36.8917],[-70.7022,-36.9235],[-70.7037,-36.928],[-70.7122,-36.9339],[-70.7063,-36.9515],[-70.7097,-36.9545],[-70.709,-36.9592],[-70.7137,-36.9708],[-70.723,-36.9702],[-70.7327,-36.9746],[-70.7448,-36.983],[-70.7492,-36.991]],[[-70.7492,-36.991],[-70.7492,-36.9914]],[[-70.749,-36.9913],[-70.7492,-36.991]],[[-70.749,-36.9913],[-70.7492,-36.9914]],[[-70.7491,-36.9916],[-70.749,-36.9913]],[[-70.6783,-36.8552],[-70.678,-36.8538],[-70.6764,-36.8454],[-70.6771,-36.8481],[-70.6783,-36.8552]],[[-70.6764,-36.8454],[-70.6735,-36.8438],[-70.6731,-36.8228],[-70.6686,-36.8115],[-70.658,-36.8111],[-70.6423,-36.8161],[-70.643,-36.8029],[-70.6399,-36.7985],[-70.6438,-36.7965],[-70.6309,-36.787],[-70.6301,-36.78],[-70.6196,-36.7709],[-70.6204,-36.7476],[-70.6225,-36.7474],[-70.6226,-36.7397],[-70.6278,-36.7375],[-70.625,-36.7275],[-70.6289,-36.7238],[-70.6221,-36.7191],[-70.6182,-36.7193],[-70.6218,-36.7172],[-70.6186,-36.7147],[-70.6287,-36.7112],[-70.6349,-36.712],[-70.6331,-36.7052],[-70.6371,-36.7066],[-70.6306,-36.6988],[-70.6183,-36.6949],[-70.6114,-36.6901],[-70.6131,-36.6856],[-70.6103,-36.6832],[-70.6123,-36.6817],[-70.6078,-36.6797],[-70.6099,-36.6777],[-70.6068,-36.6731],[-70.6112,-36.6701],[-70.6094,-36.668],[-70.612,-36.6652],[-70.6117,-36.657],[-70.615,-36.6585],[-70.6161,-36.6564],[-70.6159,-36.6466],[-70.6132,-36.6438],[-70.6197,-36.6388],[-70.6106,-36.636],[-70.6058,-36.6262],[-70.6216,-36.626],[-70.6202,-36.6195],[-70.6255,-36.6148],[-70.6264,-36.6105],[-70.6309,-36.611],[-70.6324,-36.6015],[-70.6353,-36.599],[-70.6341,-36.5963],[-70.6374,-36.5971],[-70.6376,-36.5943],[-70.6495,-36.5822],[-70.6491,-36.5708],[-70.6514,-36.5675],[-70.6439,-36.5549],[-70.6347,-36.5471],[-70.633,-36.5416],[-70.6211,-36.5258],[-70.6067,-36.5133],[-70.6045,-36.5081],[-70.5831,-36.4849],[-70.5807,-36.4746],[-70.5746,-36.4722],[-70.5744,-36.467],[-70.5797,-36.466],[-70.579,-36.4626],[-70.5872,-36.458],[-70.5924,-36.4579],[-70.5957,-36.4524],[-70.6022,-36.4516],[-70.6036,-36.4485],[-70.6205,-36.4379],[-70.622,-36.4327],[-70.6189,-36.4209]],[[-70.6606,-37.1765],[-70.6601,-37.1765]],[[-70.6603,-37.1762],[-70.6606,-37.1765]],[[-70.2522,-37.3891],[-70.2629,-37.3867],[-70.2775,-37.3748],[-70.2737,-37.372],[-70.2814,-37.3657],[-70.2876,-37.3705],[-70.3316,-37.3585],[-70.3362,-37.3507],[-70.3455,-37.3423],[-70.3483,-37.3059],[-70.3575,-37.3009],[-70.3769,-37.2828],[-70.4064,-37.2628],[-70.438,-37.2535],[-70.465,-37.2586],[-70.4778,-37.2519],[-70.4907,-37.2602],[-70.4964,-37.2593],[-70.4988,-37.2623],[-70.4999,-37.2594],[-70.5068,-37.2588],[-70.5083,-37.2643],[-70.5419,-37.2691],[-70.5628,-37.282],[-70.5676,-37.28],[-70.5757,-37.2822],[-70.5814,-37.2751],[-70.5908,-37.2737],[-70.6109,-37.2608],[-70.626,-37.2573],[-70.6261,-37.2537],[-70.6206,-37.2469],[-70.6234,-37.2453],[-70.623,-37.2424],[-70.6195,-37.2385],[-70.6249,-37.2267],[-70.6221,-37.2159],[-70.6289,-37.2053],[-70.6329,-37.2038],[-70.6337,-37.1994],[-70.6384,-37.2004],[-70.6384,-37.2034],[-70.6423,-37.2068],[-70.6497,-37.206],[-70.6519,-37.2018],[-70.6568,-37.1996],[-70.6562,-37.1918],[-70.6625,-37.1964],[-70.6674,-37.1947],[-70.6761,-37.1984],[-70.6798,-37.1975],[-70.6772,-37.193],[-70.6728,-37.1929],[-70.6692,-37.1886],[-70.6747,-37.1813],[-70.674,-37.1765],[-70.6606,-37.1765]],[[-70.6601,-37.1765],[-70.6603,-37.1762]],[[-70.6603,-37.1762],[-70.6601,-37.1765]],[[-70.6599,-37.1765],[-70.6594,-37.1766]],[[-70.6594,-37.1766],[-70.6597,-37.1763]],[[-70.2519,-37.3891],[-70.2522,-37.3891]],[[-70.2522,-37.3891],[-70.2511,-37.3896]]]}},{"type":"Feature","properties":{"ruta":"15","tipo":40,"jerarquia":"provincial"},"geometry":{"type":"LineString","coordinates":[[-70.9562,-39.0944],[-70.9525,-39.095],[-70.9519,-39.0907],[-70.9482,-39.0896],[-70.9486,-39.0839],[-70.9375,-39.0825],[-70.9357,-39.0801],[-70.9288,-39.0827],[-70.9256,-39.0812],[-70.9236,-39.0876],[-70.9199,-39.0894],[-70.894,-39.0953],[-70.8878,-39.0924],[-70.8803,-39.082],[-70.8804,-39.0586],[-70.8764,-39.0561],[-70.8817,-39.0491],[-70.8719,-39.0337],[-70.8748,-39.0299],[-70.873,-39.0029],[-70.8669,-38.9911],[-70.8541,-38.9755],[-70.857,-38.9705],[-70.854,-38.9699],[-70.8533,-38.9673],[-70.8481,-38.9674],[-70.8471,-38.9627],[-70.8276,-38.9652],[-70.8251,-38.9582],[-70.8193,-38.9567],[-70.8191,-38.9528],[-70.8107,-38.9434],[-70.8,-38.9396],[-70.7984,-38.9366],[-70.8003,-38.9242],[-70.8133,-38.9192],[-70.8107,-38.9157],[-70.8117,-38.9026]]}},{"type":"Feature","properties":{"ruta":"12","tipo":40,"jerarquia":"provincial"},"geometry":{"type":"LineString","coordinates":[[-71.0647,-38.9024],[-71.062,-38.8962],[-71.0562,-38.8959],[-71.0664,-38.8856],[-71.0656,-38.8724],[-71.0599,-38.862],[-71.0608,-38.8459],[-71.0581,-38.837],[-71.0547,-38.8354],[-71.0579,-38.8331],[-71.0566,-38.8261],[-71.0598,-38.8232],[-71.0565,-38.8202],[-71.0593,-38.7888],[-71.0772,-38.7665]]}},{"type":"Feature","properties":{"ruta":"23","tipo":40,"jerarquia":"provincial"},"geometry":{"type":"MultiLineString","coordinates":[[[-71.0707,-39.9138],[-71.0703,-39.9122]],[[-71.0623,-38.9054],[-71.0599,-38.92],[-71.0519,-38.9263],[-71.0478,-38.9395],[-71.0499,-38.9554],[-71.0436,-38.9723],[-71.0453,-38.9797],[-71.0507,-38.9844],[-71.0298,-38.995],[-71.0264,-39.0048],[-71.0093,-39.0109],[-71.0071,-39.029],[-70.9983,-39.0369],[-71.0,-39.0492],[-70.9852,-39.0469],[-70.9818,-39.0519],[-70.9728,-39.0555],[-70.9699,-39.0574],[-70.9641,-39.0716],[-70.9656,-39.0802],[-70.955,-39.0887],[-70.9562,-39.0958],[-70.9531,-39.1048],[-70.955,-39.1068],[-70.9464,-39.1213],[-70.9512,-39.128],[-70.9522,-39.1379],[-70.937,-39.1426],[-70.9398,-39.1507],[-70.9392,-39.1569],[-70.934,-39.1709],[-70.9275,-39.1746],[-70.9281,-39.1777],[-70.9441,-39.1816],[-70.9468,-39.1877],[-70.9318,-39.1975],[-70.9214,-39.1997],[-70.9206,-39.2098],[-70.9097,-39.219],[-70.9128,-39.2281],[-70.9124,-39.2408],[-70.9156,-39.2419],[-70.9203,-39.2532],[-70.9164,-39.2769],[-70.9201,-39.2897],[-70.9169,-39.3017],[-70.9204,-39.3064],[-70.9198,-39.3103],[-70.9239,-39.3141],[-70.9227,-39.3178],[-70.9247,-39.3227],[-70.9214,-39.3298],[-70.9225,-39.3361],[-70.9169,-39.3406],[-70.9216,-39.351],[-70.9287,-39.3552],[-70.9347,-39.3632],[-70.9337,-39.3707],[-70.9297,-39.3709],[-70.9233,-39.3871],[-70.9243,-39.389],[-70.918,-39.3964],[-70.9211,-39.3993],[-70.9305,-39.4],[-70.9345,-39.4126],[-70.9317,-39.4213],[-70.9452,-39.4296],[-70.9394,-39.4455],[-70.9508,-39.4553],[-70.9462,-39.463],[-70.9474,-39.4665],[-70.9555,-39.4713],[-70.9479,-39.4768],[-70.9472,-39.485],[-70.944,-39.4866],[-70.9462,-39.4882],[-70.9446,-39.492],[-70.9468,-39.4994],[-70.9687,-39.5047],[-70.973,-39.5092],[-70.9747,-39.5169],[-70.972,-39.5235],[-70.9635,-39.5169],[-70.9586,-39.5178],[-70.9559,-39.5214],[-70.9547,-39.5364],[-70.9578,-39.5433],[-70.9532,-39.5495],[-70.9594,-39.5565],[-70.9701,-39.5586],[-70.9679,-39.5678],[-70.9567,-39.5718],[-70.9539,-39.5747],[-70.9547,-39.582],[-70.9479,-39.5812],[-70.9431,-39.5832],[-70.938,-39.5866],[-70.934,-39.5942],[-70.9344,-39.5983],[-70.9383,-39.5999],[-70.936,-39.609],[-70.9413,-39.6207],[-70.9369,-39.6305],[-70.9468,-39.6459],[-70.9397,-39.6574],[-70.9521,-39.6612],[-70.9572,-39.66],[-70.9597,-39.6564],[-70.9712,-39.6664],[-70.9733,-39.6708],[-70.9706,-39.6678],[-70.9611,-39.6665],[-70.96,-39.6691],[-70.9624,-39.6738],[-70.969,-39.6752],[-70.9573,-39.6769],[-70.9556,-39.6805],[-70.9677,-39.6803],[-70.9745,-39.6836],[-70.9894,-39.6858],[-70.9998,-39.6936],[-71.0046,-39.7033],[-71.002,-39.7074],[-70.9925,-39.7109],[-70.9861,-39.717],[-70.9844,-39.7307],[-70.9917,-39.7391],[-71.0084,-39.7468],[-71.0133,-39.7462],[-71.0185,-39.7509],[-71.0216,-39.7623],[-71.0256,-39.7662],[-71.0234,-39.7763],[-71.0259,-39.7799],[-71.0319,-39.7772],[-71.038,-39.7792],[-71.0331,-39.7892],[-71.0343,-39.7976],[-71.0299,-39.8105],[-71.033,-39.8379],[-71.0318,-39.8422],[-71.0466,-39.8731],[-71.0628,-39.8912],[-71.0703,-39.9122]],[[-71.0684,-39.9135],[-71.0703,-39.9122]],[[-71.0618,-38.9074],[-71.0615,-38.907]],[[-70.8324,-38.6615],[-70.8336,-38.6669],[-70.8419,-38.6725],[-70.8444,-38.6794],[-70.8408,-38.6819],[-70.8412,-38.69],[-70.8344,-38.6984],[-70.8371,-38.7049],[-70.8359,-38.7126],[-70.8406,-38.7167],[-70.8626,-38.7225],[-70.862,-38.7261],[-70.8728,-38.7434],[-70.8724,-38.7556],[-70.8783,-38.765],[-70.8837,-38.7682],[-70.8855,-38.772],[-70.9121,-38.7825],[-70.9192,-38.7912],[-70.9446,-38.7982],[-70.9699,-38.8129],[-70.9907,-38.8196],[-70.996,-38.8279],[-71.0071,-38.836],[-71.0126,-38.859],[-71.0219,-38.8616],[-71.0321,-38.8689],[-71.0326,-38.8728]],[[-67.1039,-38.2488],[-67.1062,-38.0977],[-67.1024,-38.0913],[-67.1063,-38.0877],[-67.1123,-37.6539],[-67.1126,-37.5974],[-67.1321,-37.5565],[-67.1582,-37.4877],[-67.2104,-37.4442],[-67.2161,-37.4317],[-67.2147,-37.4197],[-67.2207,-37.4122],[-67.2242,-37.3992],[-67.2097,-37.3677],[-67.2207,-37.3492],[-67.2248,-37.3362],[-67.2297,-37.2452],[-67.2566,-37.2199],[-67.262,-37.189]]]}},{"type":"Feature","properties":{"ruta":"18","tipo":40,"jerarquia":"provincial"},"geometry":{"type":"LineString","coordinates":[[-71.1776,-39.2338],[-71.1769,-39.2298],[-71.1619,-39.2198],[-71.1539,-39.2212],[-71.1432,-39.2193],[-71.1359,-39.2138],[-71.1276,-39.213],[-71.1105,-39.2041],[-71.0901,-39.2012],[-71.0904,-39.1979],[-71.0632,-39.1995],[-71.057,-39.1971],[-71.0215,-39.2036],[-71.0148,-39.2062],[-71.0152,-39.2083],[-70.9939,-39.2159],[-70.9816,-39.2176],[-70.9716,-39.2228],[-70.951,-39.2186],[-70.9423,-39.2328],[-70.9266,-39.238]]}},{"type":"Feature","properties":{"ruta":"24","tipo":40,"jerarquia":"provincial"},"geometry":{"type":"MultiLineString","coordinates":[[[-70.6783,-39.3968],[-70.6626,-39.408],[-70.6528,-39.4299],[-70.6408,-39.44],[-70.6339,-39.4532],[-70.6241,-39.4602],[-70.6227,-39.465],[-70.627,-39.4875],[-70.6231,-39.4932],[-70.6248,-39.5015],[-70.6069,-39.5275],[-70.6048,-39.5355],[-70.607,-39.5445],[-70.5973,-39.5555]],[[-70.5938,-39.559],[-70.5909,-39.5664],[-70.5916,-39.5755],[-70.584,-39.5865],[-70.579,-39.6114],[-70.5761,-39.6164],[-70.5647,-39.6209],[-70.573,-39.6401],[-70.5702,-39.6511],[-70.5737,-39.6618],[-70.5714,-39.675],[-70.5756,-39.6935],[-70.5748,-39.7033],[-70.5772,-39.7055],[-70.5752,-39.7167],[-70.5766,-39.7208]],[[-70.5753,-39.7194],[-70.5742,-39.7194]]]}},{"type":"Feature","properties":{"ruta":"27","tipo":40,"jerarquia":"provincial"},"geometry":{"type":"MultiLineString","coordinates":[[[-71.0151,-37.8321],[-71.0173,-37.832]],[[-70.7065,-37.8625],[-70.7303,-37.8543],[-70.7561,-37.8372],[-70.7614,-37.8301],[-70.7763,-37.8181],[-70.8122,-37.8026],[-70.8227,-37.8025],[-70.8285,-37.8104],[-70.8471,-37.8143],[-70.8567,-37.8227],[-70.8685,-37.8236],[-70.8855,-37.8196],[-70.8999,-37.8193],[-70.9149,-37.8227],[-70.9492,-37.8234],[-70.9669,-37.8293],[-70.9693,-37.8271],[-70.9905,-37.8313],[-71.0167,-37.8329]]]}},{"type":"Feature","properties":{"ruta":"26","tipo":40,"jerarquia":"provincial"},"geometry":{"type":"MultiLineString","coordinates":[[[-71.0958,-37.824],[-71.0934,-37.8328]],[[-71.095,-37.8176],[-71.0897,-37.8166],[-71.0956,-37.8234],[-71.0973,-37.8301],[-71.085,-37.8387],[-71.0802,-37.8381],[-71.0771,-37.8322],[-71.0585,-37.8249],[-71.0489,-37.8287],[-71.0419,-37.8255],[-71.0288,-37.8265],[-71.0167,-37.8329],[-71.0196,-37.8371],[-71.0191,-37.8445],[-71.022,-37.8491],[-71.0384,-37.8638],[-71.0473,-37.8627],[-71.0509,-37.8691],[-71.0505,-37.875],[-71.0551,-37.8789],[-71.0477,-37.8871],[-71.0314,-37.8935],[-71.0162,-37.8939],[-70.9976,-37.8983],[-70.9928,-37.9033],[-70.9911,-37.9093],[-70.9851,-37.912],[-70.9775,-37.9117],[-70.9701,-37.9155],[-70.963,-37.9234],[-70.9366,-37.9385],[-70.9358,-37.9428],[-70.9257,-37.948],[-70.9103,-37.944],[-70.9059,-37.9465],[-70.895,-37.9457],[-70.8692,-37.95],[-70.8456,-37.9495],[-70.8205,-37.9539],[-70.8131,-37.9583],[-70.7815,-37.9637],[-70.7674,-37.9752],[-70.7414,-37.9848],[-70.7198,-38.0087],[-70.7119,-38.0249],[-70.6967,-38.0361],[-70.6537,-38.0545],[-70.6343,-38.0548]],[[-70.6339,-38.054],[-70.6343,-38.0548]],[[-70.6343,-38.0548],[-70.6317,-38.055]],[[-67.6371,-37.8907],[-67.5806,-37.889],[-67.5727,-37.884],[-67.1496,-37.8789],[-67.1095,-37.8807],[-66.6546,-37.8764]]]}},{"type":"Feature","properties":{"ruta":"29","tipo":40,"jerarquia":"provincial"},"geometry":{"type":"LineString","coordinates":[[-70.2395,-37.6562],[-70.2415,-37.6521],[-70.2578,-37.6467],[-70.2616,-37.6418],[-70.2666,-37.64],[-70.2715,-37.6307],[-70.2969,-37.6188],[-70.3018,-37.6102],[-70.3067,-37.5896],[-70.2982,-37.5815],[-70.275,-37.5448],[-70.2604,-37.5373],[-70.2553,-37.5242],[-70.2389,-37.5095],[-70.2368,-37.5003],[-70.2118,-37.4751]]}},{"type":"Feature","properties":{"ruta":"3","tipo":40,"jerarquia":"provincial"},"geometry":{"type":"MultiLineString","coordinates":[[[-70.1913,-38.7937],[-70.1817,-38.7932],[-70.1636,-38.7834],[-70.1371,-38.7864],[-70.1308,-38.7846],[-70.1097,-38.7863],[-70.0948,-38.7791],[-70.0876,-38.7813],[-70.0829,-38.7789],[-70.0681,-38.7796],[-70.0556,-38.775],[-70.0442,-38.7666]],[[-70.19,-38.7934],[-70.1902,-38.7938]],[[-70.0442,-38.7666],[-70.0347,-38.7592]],[[-70.0442,-38.7666],[-70.0347,-38.7592]],[[-70.0347,-38.7592],[-70.0241,-38.7513]],[[-69.8623,-38.6642],[-69.8856,-38.6813],[-69.8934,-38.6806],[-69.9228,-38.6896],[-69.9309,-38.6955],[-69.9375,-38.6943],[-69.9502,-38.6976],[-69.9648,-38.7064],[-69.9768,-38.7056],[-70.0011,-38.7219],[-70.0125,-38.739],[-70.0105,-38.7408],[-70.0238,-38.7511]],[[-70.024,-38.751],[-70.0238,-38.7512],[-70.024,-38.7514],[-70.0241,-38.7512],[-70.024,-38.751]]]}},{"type":"Feature","properties":{"ruta":"53","tipo":40,"jerarquia":"provincial"},"geometry":{"type":"LineString","coordinates":[[-69.9319,-36.8424],[-69.9486,-36.8428],[-69.9613,-36.8366],[-69.9619,-36.8285],[-69.9694,-36.8167],[-69.9602,-36.8093],[-69.967,-36.8043],[-69.9582,-36.7886],[-69.9614,-36.7802],[-69.9721,-36.776],[-69.9909,-36.7739],[-69.9885,-36.7711],[-69.9949,-36.7618],[-69.9893,-36.7569],[-69.9942,-36.751],[-69.9928,-36.7488],[-69.9959,-36.7477],[-70.0066,-36.7504],[-70.005,-36.7487],[-70.0071,-36.7484],[-70.0117,-36.7527],[-70.0094,-36.7456],[-70.0143,-36.7497],[-70.0189,-36.7491],[-70.0171,-36.7509],[-70.0207,-36.7499],[-70.0183,-36.7463],[-70.0232,-36.7483],[-70.0281,-36.7423],[-70.0328,-36.7254],[-70.0402,-36.7336],[-70.0399,-36.7301],[-70.043,-36.7331],[-70.0432,-36.7232],[-70.0598,-36.7141],[-70.0667,-36.7027],[-70.0626,-36.6998],[-70.0622,-36.6949],[-70.0661,-36.6923],[-70.0682,-36.6838],[-70.0605,-36.6722],[-70.0602,-36.6671],[-70.064,-36.6607],[-70.063,-36.6561],[-70.0548,-36.6476],[-70.0587,-36.6416],[-70.059,-36.6352],[-70.0713,-36.6263],[-70.073,-36.6136],[-70.0781,-36.6059],[-70.0915,-36.5971],[-70.0937,-36.5889],[-70.1043,-36.5885],[-70.1095,-36.5798],[-70.1236,-36.5703],[-70.1237,-36.5539],[-70.1341,-36.5453],[-70.1423,-36.5264],[-70.1513,-36.5223],[-70.1569,-36.5118],[-70.163,-36.5077],[-70.169,-36.5067],[-70.1765,-36.5001],[-70.1814,-36.5023],[-70.1808,-36.4983],[-70.1845,-36.4933],[-70.1942,-36.4916],[-70.1892,-36.4881],[-70.1921,-36.4806],[-70.1917,-36.4723],[-70.1962,-36.4731],[-70.2079,-36.4696],[-70.1955,-36.4673],[-70.2059,-36.4637],[-70.2021,-36.4594],[-70.2023,-36.4561],[-70.2057,-36.4533],[-70.2042,-36.4505],[-70.2085,-36.4486],[-70.2037,-36.4472],[-70.2124,-36.4415],[-70.2119,-36.4383],[-70.206,-36.4345],[-70.2059,-36.4315],[-70.2001,-36.4254],[-70.1998,-36.4198],[-70.2002,-36.4164],[-70.208,-36.4088],[-70.2075,-36.3981],[-70.2151,-36.3878],[-70.209,-36.3804],[-70.2126,-36.3707],[-70.2221,-36.3674],[-70.225,-36.3704],[-70.2278,-36.3699],[-70.2273,-36.3714],[-70.2306,-36.3711],[-70.2409,-36.3618],[-70.252,-36.3575],[-70.2664,-36.3553],[-70.2764,-36.3582],[-70.2919,-36.3527],[-70.3042,-36.3519],[-70.3005,-36.3478],[-70.3012,-36.3453],[-70.3081,-36.3459],[-70.314,-36.3381],[-70.3179,-36.3383],[-70.3197,-36.3418],[-70.3221,-36.3397],[-70.3359,-36.3398],[-70.3457,-36.3361],[-70.3481,-36.327],[-70.3556,-36.3215],[-70.3566,-36.3141],[-70.3651,-36.2986],[-70.3627,-36.2969],[-70.3758,-36.2926],[-70.3747,-36.2941],[-70.383,-36.293],[-70.382,-36.2944],[-70.3882,-36.2968],[-70.3888,-36.299],[-70.4072,-36.2961],[-70.424,-36.3026],[-70.4315,-36.3017],[-70.4509,-36.3115],[-70.468,-36.3089],[-70.5017,-36.3155],[-70.5091,-36.3205],[-70.5095,-36.324],[-70.5062,-36.3258],[-70.5112,-36.3311],[-70.5077,-36.339],[-70.5162,-36.3492],[-70.5152,-36.3532],[-70.5284,-36.3562],[-70.5296,-36.3603],[-70.5384,-36.359],[-70.5399,-36.3624],[-70.5494,-36.3671],[-70.5482,-36.4066],[-70.5464,-36.4093],[-70.553,-36.4202],[-70.5636,-36.4263],[-70.5709,-36.4342],[-70.5863,-36.436],[-70.6088,-36.4295],[-70.6158,-36.4214],[-70.6189,-36.4209]]}},{"type":"Feature","properties":{"ruta":"33","tipo":40,"jerarquia":"provincial"},"geometry":{"type":"LineString","coordinates":[[-70.0952,-38.2259],[-70.1053,-38.225],[-70.1284,-38.2149],[-70.1389,-38.1993],[-70.1404,-38.1922],[-70.1667,-38.1611],[-70.1953,-38.1577],[-70.2243,-38.1604],[-70.2309,-38.1596],[-70.2401,-38.1533],[-70.2507,-38.15],[-70.2566,-38.1516],[-70.2782,-38.1494],[-70.2955,-38.1502],[-70.3078,-38.156],[-70.3155,-38.1655],[-70.3375,-38.1517],[-70.3594,-38.1565],[-70.3675,-38.1525],[-70.3678,-38.1499],[-70.379,-38.1505],[-70.3799,-38.1454],[-70.3871,-38.1394],[-70.3971,-38.1224],[-70.4097,-38.1169],[-70.416,-38.1165],[-70.4316,-38.1223],[-70.4381,-38.1291],[-70.4378,-38.1336],[-70.4409,-38.139],[-70.4513,-38.1446],[-70.4628,-38.1571],[-70.4706,-38.1612],[-70.4847,-38.1606],[-70.5051,-38.1553],[-70.5147,-38.1486],[-70.5388,-38.1423],[-70.5534,-38.1481],[-70.5604,-38.1471],[-70.5754,-38.1514],[-70.5807,-38.1491]]}},{"type":"Feature","properties":{"ruta":"9","tipo":40,"jerarquia":"provincial"},"geometry":{"type":"MultiLineString","coordinates":[[[-69.9779,-37.6676],[-69.971,-37.6722],[-69.9846,-37.6721],[-69.9843,-37.6792],[-69.9898,-37.69],[-70.0006,-37.7011],[-70.0091,-37.7233],[-70.0143,-37.7295],[-70.0206,-37.7322],[-70.0599,-37.7307],[-70.0723,-37.735],[-70.0797,-37.7502],[-70.1082,-37.7738]],[[-69.9207,-37.4018],[-69.9331,-37.4446],[-69.9527,-37.4669],[-69.9847,-37.5668],[-69.9796,-37.5751],[-69.9877,-37.6155],[-69.983,-37.6476],[-69.9777,-37.6551],[-69.9778,-37.667]],[[-69.9269,-37.3805],[-69.9277,-37.3803]],[[-69.8453,-37.2922],[-69.8995,-37.3365],[-69.9051,-37.3438],[-69.9209,-37.3789],[-69.9272,-37.3811]]]}},{"type":"Feature","properties":{"ruta":"37","tipo":40,"jerarquia":"provincial"},"geometry":{"type":"LineString","coordinates":[[-70.2376,-37.2392],[-70.2288,-37.2258],[-70.23,-37.2168],[-70.2268,-37.2131],[-70.2183,-37.2234],[-70.2159,-37.2233],[-70.2108,-37.1965],[-70.1863,-37.187],[-70.1717,-37.1781],[-70.1633,-37.1697],[-70.1536,-37.1525],[-70.1399,-37.1191],[-70.1389,-37.1115],[-70.1422,-37.1017],[-70.1364,-37.0904],[-70.1048,-37.0826],[-70.0882,-37.0729],[-70.0824,-37.0747],[-70.0778,-37.0709],[-70.0793,-37.0661],[-70.0644,-37.0624],[-70.0506,-37.0554],[-70.0408,-37.039],[-70.035,-37.0347],[-70.0353,-37.0282],[-70.0443,-37.016],[-70.0409,-37.0015],[-70.0359,-36.9979],[-70.0219,-37.0003],[-70.0079,-36.9917],[-69.9987,-36.9897],[-70.0003,-36.9884],[-69.9979,-36.9879],[-69.9987,-36.9843],[-70.0036,-36.9795],[-70.0017,-36.9656],[-69.9826,-36.9509],[-69.9805,-36.9455],[-69.9708,-36.9379],[-69.9694,-36.9346],[-69.9744,-36.9314],[-69.9753,-36.9278],[-69.9696,-36.9206],[-69.9652,-36.919],[-69.9625,-36.9126],[-69.9539,-36.9115],[-69.9487,-36.9075],[-69.9515,-36.8973],[-69.9497,-36.8917],[-69.9317,-36.8889],[-69.9329,-36.8809],[-69.9279,-36.8735],[-69.9246,-36.8733],[-69.9214,-36.8769],[-69.909,-36.8758],[-69.9105,-36.8658],[-69.9254,-36.8588],[-69.928,-36.85],[-69.9348,-36.8472],[-69.935,-36.8447],[-69.9319,-36.8424],[-69.9043,-36.842],[-69.8999,-36.8311]]}},{"type":"Feature","properties":{"ruta":"39","tipo":40,"jerarquia":"provincial"},"geometry":{"type":"MultiLineString","coordinates":[[[-70.6784,-36.8582],[-70.6735,-36.8604],[-70.6741,-36.8663],[-70.6867,-36.8936],[-70.6831,-36.8966],[-70.6819,-36.9019],[-70.684,-36.906],[-70.682,-36.911],[-70.6794,-36.9095],[-70.679,-36.9121],[-70.6732,-36.9133],[-70.6702,-36.9185],[-70.6716,-36.9271],[-70.6682,-36.9298],[-70.6757,-36.929],[-70.6862,-36.9334],[-70.6892,-36.9436],[-70.6851,-36.9451],[-70.695,-36.9553],[-70.6936,-36.9647],[-70.6892,-36.9658],[-70.687,-36.9629],[-70.6865,-36.9678],[-70.6826,-36.9714],[-70.69,-36.9854],[-70.6895,-37.0],[-70.6829,-37.0079],[-70.6783,-37.008],[-70.6721,-37.0155],[-70.6662,-37.017],[-70.6685,-37.0173],[-70.6688,-37.0254],[-70.66,-37.0333],[-70.6633,-37.0438],[-70.6599,-37.056],[-70.6551,-37.0576],[-70.6586,-37.0588],[-70.6585,-37.0615],[-70.6505,-37.0627],[-70.6437,-37.0662],[-70.6442,-37.0697],[-70.6412,-37.0695],[-70.6448,-37.0722],[-70.6437,-37.0747],[-70.6479,-37.077],[-70.6471,-37.081],[-70.6389,-37.084],[-70.6319,-37.0826],[-70.6317,-37.085],[-70.6252,-37.0837],[-70.6281,-37.0885],[-70.6272,-37.0951],[-70.6177,-37.0959],[-70.6269,-37.1011],[-70.6236,-37.1034],[-70.6253,-37.1056],[-70.623,-37.1071],[-70.6259,-37.1173],[-70.6248,-37.121],[-70.6276,-37.12],[-70.6174,-37.1265],[-70.6172,-37.1358],[-70.6134,-37.1463],[-70.6165,-37.1499],[-70.6122,-37.1559],[-70.6178,-37.1555],[-70.6162,-37.1601],[-70.6178,-37.1609],[-70.6203,-37.1586],[-70.6293,-37.1618]],[[-70.6297,-37.162],[-70.6311,-37.1682],[-70.6424,-37.1698],[-70.6584,-37.1787],[-70.6642,-37.1779],[-70.6659,-37.1808]],[[-70.6659,-37.1808],[-70.6661,-37.1809],[-70.6661,-37.1814],[-70.6656,-37.1813],[-70.6659,-37.1808]],[[-70.6297,-37.162],[-70.6293,-37.1618]],[[-70.6293,-37.1618],[-70.6297,-37.162]]]}},{"type":"Feature","properties":{"ruta":"4","tipo":40,"jerarquia":"provincial"},"geometry":{"type":"LineString","coordinates":[[-70.5872,-37.6514],[-70.5816,-37.6489],[-70.5777,-37.6545],[-70.5658,-37.659],[-70.5626,-37.6573],[-70.5452,-37.6688],[-70.512,-37.7077],[-70.502,-37.7101],[-70.4969,-37.714],[-70.4944,-37.7201],[-70.4971,-37.7263],[-70.4916,-37.7245],[-70.4833,-37.7258],[-70.4811,-37.7351],[-70.4715,-37.7513],[-70.4692,-37.7655],[-70.4653,-37.7712],[-70.4449,-37.7785],[-70.4331,-37.7743],[-70.4106,-37.7758],[-70.3897,-37.7715],[-70.3729,-37.7737],[-70.3639,-37.768],[-70.3426,-37.7697],[-70.3273,-37.7675],[-70.3119,-37.7604],[-70.306,-37.7487],[-70.2776,-37.7439],[-70.2802,-37.7376],[-70.2736,-37.7399],[-70.2754,-37.7311],[-70.2801,-37.731],[-70.2766,-37.7159],[-70.265,-37.7006],[-70.2563,-37.6978],[-70.257,-37.6889],[-70.2466,-37.6752],[-70.2382,-37.6537],[-70.2306,-37.6533],[-70.213,-37.6358],[-70.2067,-37.6359],[-70.1914,-37.6451],[-70.1766,-37.6366],[-70.1597,-37.6366]]}},{"type":"Feature","properties":{"ruta":"41","tipo":40,"jerarquia":"provincial"},"geometry":{"type":"LineString","coordinates":[[-70.4008,-37.2663],[-70.3977,-37.2597],[-70.3845,-37.2474],[-70.3699,-37.2433],[-70.3716,-37.2338],[-70.3825,-37.2152],[-70.382,-37.2098],[-70.3898,-37.196],[-70.3983,-37.1654],[-70.3913,-37.1456],[-70.3954,-37.1328],[-70.4013,-37.1266],[-70.3972,-37.1218],[-70.3976,-37.1055],[-70.3955,-37.0993],[-70.3852,-37.0879],[-70.3843,-37.0831],[-70.392,-37.0802],[-70.4003,-37.0699],[-70.3992,-37.0653],[-70.4176,-37.0357],[-70.4215,-37.0257],[-70.4189,-37.0184],[-70.4136,-37.007],[-70.4084,-37.0019],[-70.4091,-36.9982],[-70.4034,-36.9905],[-70.3952,-36.9651],[-70.3908,-36.9639]]}},{"type":"Feature","properties":{"ruta":"54","tipo":40,"jerarquia":"provincial"},"geometry":{"type":"LineString","coordinates":[[-70.6876,-36.8703],[-70.6874,-36.862],[-70.6983,-36.856],[-70.6971,-36.8322],[-70.7082,-36.8265],[-70.707,-36.8222],[-70.6981,-36.8189],[-70.6991,-36.8142],[-70.722,-36.808],[-70.727,-36.802],[-70.7297,-36.8019],[-70.7342,-36.7916],[-70.7487,-36.7786],[-70.7664,-36.755],[-70.7659,-36.7471],[-70.7663,-36.7351],[-70.7687,-36.7324],[-70.7652,-36.733],[-70.7645,-36.7281],[-70.767,-36.7233],[-70.7637,-36.7113],[-70.7681,-36.7013],[-70.7896,-36.6759],[-70.7977,-36.6701],[-70.7999,-36.6418],[-70.7982,-36.6367],[-70.8014,-36.634],[-70.8013,-36.6291],[-70.8078,-36.6233],[-70.7991,-36.5998],[-70.8026,-36.5954],[-70.7993,-36.5842],[-70.8037,-36.5781],[-70.7996,-36.5718],[-70.8061,-36.5654],[-70.8063,-36.5575],[-70.8105,-36.5519],[-70.8101,-36.5479],[-70.8044,-36.5443],[-70.8064,-36.541],[-70.8006,-36.5408],[-70.8122,-36.5278],[-70.8104,-36.5213],[-70.8129,-36.5141],[-70.804,-36.5009],[-70.8064,-36.4955],[-70.8062,-36.4828],[-70.8038,-36.4798],[-70.8068,-36.4791],[-70.806,-36.4727],[-70.7994,-36.4635],[-70.7856,-36.4563],[-70.7702,-36.4585],[-70.7593,-36.4639],[-70.7491,-36.4629],[-70.7431,-36.465],[-70.7293,-36.4623],[-70.7163,-36.4708],[-70.6994,-36.4694],[-70.6974,-36.466],[-70.6915,-36.4672],[-70.6781,-36.4601],[-70.6724,-36.4489],[-70.6674,-36.4477],[-70.6647,-36.4391],[-70.6652,-36.4285],[-70.6448,-36.4222],[-70.6348,-36.4044],[-70.631,-36.4108],[-70.6209,-36.4168],[-70.6216,-36.4208],[-70.6189,-36.4209]]}},{"type":"Feature","properties":{"ruta":"10","tipo":40,"jerarquia":"provincial"},"geometry":{"type":"MultiLineString","coordinates":[[[-70.3588,-38.5151],[-70.358,-38.5108],[-70.3749,-38.512],[-70.389,-38.5081],[-70.3887,-38.5101],[-70.3955,-38.5097],[-70.415,-38.501],[-70.4236,-38.4893],[-70.4317,-38.4841],[-70.4253,-38.4819],[-70.4208,-38.4749],[-70.4348,-38.4668],[-70.4377,-38.4566],[-70.4479,-38.4481],[-70.4543,-38.4471],[-70.4518,-38.4425],[-70.4619,-38.4435],[-70.4873,-38.4265],[-70.4893,-38.4227],[-70.4874,-38.4148],[-70.4891,-38.3971],[-70.512,-38.368],[-70.5235,-38.3611],[-70.538,-38.3477],[-70.5384,-38.3422],[-70.543,-38.3342],[-70.542,-38.315],[-70.5436,-38.3131],[-70.5807,-38.3074],[-70.5995,-38.2888],[-70.6007,-38.2674],[-70.6158,-38.2525],[-70.6158,-38.2358],[-70.6119,-38.2208],[-70.6062,-38.2134],[-70.605,-38.2069],[-70.6,-38.1991],[-70.5968,-38.1989],[-70.596,-38.1929],[-70.5848,-38.183],[-70.5839,-38.1646],[-70.5877,-38.1579],[-70.5807,-38.1491],[-70.5857,-38.1459],[-70.5789,-38.1298],[-70.5769,-38.1159],[-70.5791,-38.1092],[-70.597,-38.0926],[-70.6011,-38.0779]],[[-70.3579,-38.5296],[-70.2481,-38.537],[-70.239,-38.5393],[-70.2015,-38.5304],[-70.1524,-38.537],[-70.1441,-38.5278],[-70.14,-38.5099],[-70.1327,-38.5063],[-70.1286,-38.5078],[-70.1287,-38.5043],[-70.1164,-38.4996],[-70.1027,-38.4883],[-70.0848,-38.4803],[-70.0812,-38.4727],[-70.0826,-38.4677],[-70.0883,-38.4612],[-70.0791,-38.4524],[-70.0736,-38.4399],[-70.0752,-38.432],[-70.0698,-38.4267],[-70.0681,-38.4199],[-70.0508,-38.4121],[-70.0372,-38.4117],[-70.0333,-38.407],[-70.0256,-38.4095]],[[-70.0066,-38.4261],[-70.0007,-38.4245],[-69.9842,-38.3966],[-69.9658,-38.3772],[-69.9646,-38.3708],[-69.9669,-38.3621],[-69.9644,-38.3558],[-69.9645,-38.3463],[-69.9551,-38.3429],[-69.9368,-38.3509],[-69.9274,-38.3451],[-69.9135,-38.3432],[-69.9058,-38.3348],[-69.9016,-38.3228],[-69.8879,-38.3115],[-69.8799,-38.3095],[-69.8711,-38.3135],[-69.839,-38.3157],[-69.8174,-38.326],[-69.7851,-38.3284],[-69.774,-38.3321],[-69.7701,-38.3382],[-69.764,-38.3393],[-69.7586,-38.3445],[-69.7482,-38.3489],[-69.7534,-38.3761],[-69.7585,-38.3793],[-69.7562,-38.381],[-69.7598,-38.3907],[-69.7657,-38.396],[-69.7685,-38.4126],[-69.7711,-38.4134],[-69.7702,-38.4169],[-69.762,-38.4181],[-69.7514,-38.4143],[-69.7397,-38.4166],[-69.7245,-38.4154],[-69.7121,-38.4198],[-69.693,-38.4192],[-69.6744,-38.4361],[-69.6631,-38.4392],[-69.6605,-38.4587],[-69.6572,-38.4647],[-69.6373,-38.4786],[-69.6216,-38.4839],[-69.5932,-38.4816],[-69.574,-38.4756],[-69.5641,-38.4755],[-69.5557,-38.4861],[-69.5337,-38.5007],[-69.5081,-38.5073],[-69.4925,-38.5077],[-69.4796,-38.5133],[-69.4647,-38.5248],[-69.4539,-38.5257],[-69.4533,-38.5354],[-69.4571,-38.5411],[-69.448,-38.5497],[-69.4499,-38.5516],[-69.4488,-38.5606],[-69.4284,-38.5823],[-69.3896,-38.6136],[-69.358,-38.6322],[-69.3532,-38.6417],[-69.345,-38.6496],[-69.317,-38.7056],[-69.3178,-38.7122],[-69.3049,-38.7576],[-69.2923,-38.7674],[-69.2539,-38.8141],[-69.2511,-38.8298],[-69.2428,-38.8397],[-69.246,-38.849],[-69.2393,-38.8594],[-69.2357,-38.8832],[-69.226,-38.9054],[-69.2336,-38.9204],[-69.2303,-38.9299]],[[-70.0011,-38.4249],[-70.0053,-38.431]],[[-69.2312,-38.9274],[-69.2312,-38.9275]],[[-69.2311,-38.9272],[-69.2311,-38.9274]],[[-69.2048,-38.9235],[-69.226,-38.9054]]]}},{"type":"Feature","properties":{"ruta":"38","tipo":40,"jerarquia":"provincial"},"geometry":{"type":"MultiLineString","coordinates":[[[-71.1205,-37.2119],[-71.1095,-37.2172],[-71.1109,-37.2136],[-71.1032,-37.2195],[-71.1062,-37.213],[-71.0975,-37.2129],[-71.0771,-37.2208],[-71.061,-37.2163],[-71.0519,-37.2181],[-71.0379,-37.2105],[-71.0319,-37.2099],[-71.0308,-37.205],[-71.0064,-37.2008],[-71.0033,-37.1963],[-70.9921,-37.1924],[-70.9871,-37.1944],[-70.9613,-37.1928],[-70.9484,-37.1955],[-70.9221,-37.2124],[-70.9151,-37.2133],[-70.904,-37.2255],[-70.8937,-37.2256],[-70.8867,-37.2223],[-70.8599,-37.2237],[-70.847,-37.2209],[-70.8409,-37.2164],[-70.8361,-37.2162],[-70.8367,-37.2095],[-70.8283,-37.2046],[-70.8079,-37.2063],[-70.8031,-37.2096],[-70.7824,-37.2043],[-70.7687,-37.2077],[-70.7425,-37.2078]],[[-70.7425,-37.2078],[-70.742,-37.2076]],[[-70.7425,-37.2078],[-70.742,-37.2081]],[[-70.7412,-37.2081],[-70.7408,-37.208]],[[-70.7412,-37.2081],[-70.7411,-37.2078]],[[-70.7411,-37.2078],[-70.7418,-37.2082],[-70.7415,-37.2083],[-70.7412,-37.2081]],[[-70.7408,-37.208],[-70.7411,-37.2078]],[[-70.6599,-37.176],[-70.6723,-37.1718],[-70.6798,-37.1731],[-70.6822,-37.177],[-70.681,-37.187],[-70.6844,-37.1882],[-70.6882,-37.1863],[-70.6885,-37.1885],[-70.6921,-37.1891],[-70.694,-37.1962],[-70.6982,-37.1975],[-70.6961,-37.1992],[-70.6974,-37.2037],[-70.7022,-37.2064],[-70.7138,-37.2069],[-70.7156,-37.2114],[-70.7259,-37.2136],[-70.7408,-37.208]],[[-70.6603,-37.1757],[-70.6602,-37.1762]]]}},{"type":"Feature","properties":{"ruta":"45","tipo":40,"jerarquia":"provincial"},"geometry":{"type":"LineString","coordinates":[[-70.766,-37.0163],[-70.7697,-37.0124],[-70.7842,-37.0151],[-70.8056,-37.014],[-70.8287,-37.0012],[-70.8521,-36.9951],[-70.8555,-36.992],[-70.8564,-36.9868],[-70.867,-36.979],[-70.8771,-36.9772],[-70.8838,-36.9733],[-70.8917,-36.9589],[-70.912,-36.9444],[-70.9185,-36.9346],[-70.9174,-36.9211],[-70.938,-36.8973],[-70.9512,-36.8902],[-70.9611,-36.874],[-70.9734,-36.8596],[-71.0073,-36.8439],[-71.0254,-36.828],[-71.0351,-36.8263],[-71.0498,-36.8165],[-71.06,-36.8218],[-71.0796,-36.818]]}},{"type":"Feature","properties":{"ruta":"46","tipo":40,"jerarquia":"provincial"},"geometry":{"type":"MultiLineString","coordinates":[[[-70.9336,-39.3713],[-70.9333,-39.3761],[-70.9432,-39.3783],[-70.9681,-39.3706],[-70.9726,-39.3735],[-70.9747,-39.3784],[-70.9868,-39.3781],[-71.0125,-39.3717],[-71.0167,-39.3682],[-71.0211,-39.371],[-71.0305,-39.3713],[-71.0409,-39.3651],[-71.0506,-39.3711],[-71.068,-39.3712],[-71.0891,-39.3808],[-71.1172,-39.383],[-71.1338,-39.3786],[-71.1544,-39.3828],[-71.178,-39.3796],[-71.1835,-39.377],[-71.1834,-39.3741],[-71.1978,-39.3728],[-71.2128,-39.3619],[-71.2296,-39.364],[-71.2334,-39.3683],[-71.2321,-39.3694]],[[-70.9337,-39.3707],[-70.9336,-39.3713]],[[-70.9331,-39.371],[-70.9336,-39.3713]],[[-70.9307,-39.3706],[-70.9291,-39.3689],[-70.9089,-39.373],[-70.8894,-39.3797],[-70.873,-39.3758],[-70.8648,-39.3791],[-70.8609,-39.3838],[-70.8549,-39.3832],[-70.8481,-39.3861],[-70.8433,-39.3916],[-70.8381,-39.3904],[-70.8409,-39.3959],[-70.8337,-39.3944],[-70.8285,-39.3964],[-70.8295,-39.3987],[-70.8192,-39.3977],[-70.8194,-39.4005],[-70.818,-39.3967],[-70.8178,-39.4],[-70.8163,-39.3967],[-70.8161,-39.4001],[-70.8152,-39.3969],[-70.8139,-39.3999],[-70.8133,-39.3936],[-70.8084,-39.3973],[-70.7873,-39.3972],[-70.7829,-39.4008],[-70.779,-39.4007],[-70.7581,-39.392],[-70.7529,-39.3935],[-70.7507,-39.3907],[-70.7365,-39.3907],[-70.735,-39.3879],[-70.7313,-39.3875],[-70.7159,-39.3911],[-70.6989,-39.3893],[-70.6858,-39.3956],[-70.6743,-39.3963],[-70.6759,-39.374],[-70.6699,-39.3597],[-70.6595,-39.3563],[-70.6609,-39.3541],[-70.658,-39.3505],[-70.6585,-39.3461],[-70.6509,-39.3448],[-70.6445,-39.3347],[-70.6269,-39.3261],[-70.625,-39.3174],[-70.6168,-39.3098],[-70.6148,-39.2971],[-70.6105,-39.2905],[-70.6015,-39.2889],[-70.5837,-39.2756],[-70.5814,-39.2671],[-70.5829,-39.2619],[-70.5755,-39.2489],[-70.5662,-39.2399],[-70.5655,-39.2299],[-70.5615,-39.2217],[-70.551,-39.2179],[-70.5392,-39.207],[-70.5403,-39.2002],[-70.5514,-39.1934],[-70.5504,-39.1873],[-70.5347,-39.1815],[-70.5287,-39.1838],[-70.5088,-39.1753],[-70.4968,-39.1763],[-70.493,-39.1718],[-70.4868,-39.1698],[-70.4663,-39.1686],[-70.4493,-39.1628],[-70.4474,-39.1563],[-70.4338,-39.1509],[-70.4285,-39.1457],[-70.4242,-39.1389],[-70.4294,-39.1337],[-70.4141,-39.1143],[-70.4041,-39.1089],[-70.4008,-39.1028],[-70.382,-39.0958],[-70.3784,-39.0871],[-70.367,-39.0821],[-70.3519,-39.0616],[-70.3203,-39.0414],[-70.2815,-39.049],[-70.2665,-39.0488],[-70.2527,-39.0398],[-70.2398,-39.0367],[-70.2148,-39.045],[-70.1738,-39.0316],[-70.1536,-39.0161],[-70.1008,-38.989]],[[-70.1012,-38.9895],[-70.1009,-38.9895]]]}},{"type":"Feature","properties":{"ruta":"47","tipo":40,"jerarquia":"provincial"},"geometry":{"type":"LineString","coordinates":[[-70.1821,-39.4505],[-70.1602,-39.4595],[-70.1489,-39.4691],[-70.1354,-39.4699],[-70.1004,-39.4793],[-70.094,-39.4786],[-70.0557,-39.4936],[-70.0381,-39.505],[-70.0212,-39.5271],[-69.999,-39.5449],[-69.9894,-39.5656],[-69.9841,-39.5916],[-69.9811,-39.5961],[-69.9836,-39.6045],[-69.9944,-39.6117],[-70.001,-39.6298],[-69.9945,-39.6326],[-69.9868,-39.6419],[-69.9894,-39.6468],[-69.9886,-39.6565],[-70.0121,-39.6947],[-70.0315,-39.7109],[-70.0342,-39.7264],[-70.0984,-39.8193],[-70.0954,-39.8277],[-70.0343,-39.854],[-70.0139,-39.8569],[-70.0055,-39.875],[-70.0063,-39.8841],[-70.0041,-39.8878],[-69.9899,-39.8957],[-69.9847,-39.9061],[-69.9709,-39.9206],[-69.9711,-39.9422]]}},{"type":"Feature","properties":{"ruta":"5","tipo":40,"jerarquia":"provincial"},"geometry":{"type":"MultiLineString","coordinates":[[[-68.9066,-37.3995],[-68.9233,-37.4257],[-68.935,-37.4554],[-68.9751,-37.4851],[-68.9823,-37.4929],[-69.0355,-37.5226],[-69.0418,-37.5387],[-69.0487,-37.5436],[-69.0536,-37.5525],[-69.0713,-37.5673],[-69.1026,-37.6188],[-69.1148,-37.6594],[-69.1155,-37.6816],[-69.1209,-37.6897],[-69.1356,-37.7317],[-69.1311,-37.7518],[-69.1321,-37.7575],[-69.1469,-37.7695],[-69.1745,-37.8033],[-69.1787,-37.8199],[-69.1825,-37.8252],[-69.1769,-37.8483],[-69.1759,-37.8631],[-69.1844,-37.8784],[-69.1779,-37.8945],[-69.1776,-37.9012],[-69.1733,-37.9066],[-69.1767,-37.9096],[-69.1712,-37.9109],[-69.1774,-37.9143],[-69.1773,-37.9307],[-69.1796,-37.936],[-69.1741,-37.9403],[-69.1793,-37.9688]],[[-68.9066,-37.399],[-68.9066,-37.3995]],[[-68.9066,-37.3995],[-68.9062,-37.3992]]]}},{"type":"Feature","properties":{"ruta":"28","tipo":40,"jerarquia":"provincial"},"geometry":{"type":"LineString","coordinates":[[-70.9575,-37.6656],[-70.9549,-37.6687],[-70.9468,-37.6691],[-70.893,-37.6486],[-70.867,-37.6517],[-70.8562,-37.6496],[-70.85,-37.6565],[-70.8332,-37.6677],[-70.8248,-37.6836],[-70.8198,-37.7023],[-70.8066,-37.7242],[-70.802,-37.728],[-70.78,-37.7326],[-70.7728,-37.7376],[-70.7613,-37.7376],[-70.7377,-37.7435],[-70.7349,-37.7408],[-70.7236,-37.7391],[-70.6557,-37.7548]]}},{"type":"Feature","properties":{"ruta":"60","tipo":40,"jerarquia":"provincial"},"geometry":{"type":"LineString","coordinates":[[-71.038,-39.7792],[-71.0479,-39.7718],[-71.065,-39.7727],[-71.0686,-39.7659],[-71.0844,-39.7618],[-71.0865,-39.7573],[-71.1039,-39.7502],[-71.1112,-39.7499],[-71.12,-39.7555],[-71.1297,-39.7546],[-71.1623,-39.7172],[-71.1878,-39.6998],[-71.192,-39.6921],[-71.2112,-39.6789],[-71.2413,-39.6638],[-71.2569,-39.6627],[-71.2634,-39.6585],[-71.2731,-39.6564],[-71.2812,-39.6458],[-71.3249,-39.6227],[-71.3351,-39.6194],[-71.3741,-39.6031],[-71.3869,-39.607],[-71.4042,-39.6085],[-71.4307,-39.5888],[-71.4357,-39.5893],[-71.4496,-39.583],[-71.4618,-39.5825]]}},{"type":"Feature","properties":{"ruta":"61","tipo":40,"jerarquia":"provincial"},"geometry":{"type":"LineString","coordinates":[[-71.0734,-39.9181],[-71.0799,-39.9143],[-71.0898,-39.9171],[-71.1052,-39.9174],[-71.1211,-39.914],[-71.1255,-39.9087],[-71.1493,-39.8935],[-71.1746,-39.8727],[-71.1883,-39.857],[-71.1869,-39.8465],[-71.1909,-39.8325],[-71.1966,-39.827],[-71.1969,-39.8159],[-71.2055,-39.8111],[-71.2096,-39.8035],[-71.2063,-39.7961],[-71.2131,-39.7953],[-71.2307,-39.7809],[-71.2413,-39.7766],[-71.2551,-39.761],[-71.2663,-39.7558],[-71.2952,-39.7467],[-71.3107,-39.7479],[-71.3302,-39.7449],[-71.3543,-39.7358],[-71.368,-39.7415],[-71.3653,-39.747],[-71.3743,-39.7486],[-71.3859,-39.7573],[-71.4048,-39.7549],[-71.4138,-39.7577],[-71.4432,-39.7565],[-71.4732,-39.7453],[-71.497,-39.7488],[-71.5057,-39.7459],[-71.5198,-39.746],[-71.5226,-39.7429],[-71.5202,-39.7339],[-71.5164,-39.7318],[-71.5209,-39.7294],[-71.5246,-39.7221],[-71.5361,-39.7204],[-71.5441,-39.7144]]}},{"type":"Feature","properties":{"ruta":"8","tipo":40,"jerarquia":"provincial"},"geometry":{"type":"LineString","coordinates":[[-68.4148,-38.6149],[-68.4097,-38.6059],[-68.3935,-38.604],[-68.39,-38.5959],[-68.3892,-38.5781],[-68.3856,-38.5735],[-68.37,-38.5731],[-68.3665,-38.549],[-68.3695,-38.5434],[-68.3694,-38.5366],[-68.3643,-38.5239],[-68.3583,-38.5189],[-68.3574,-38.512],[-68.3734,-38.4602],[-68.3778,-38.4244],[-68.394,-38.39],[-68.3921,-38.3559],[-68.3852,-38.3424],[-68.3782,-38.3345],[-68.368,-38.1888],[-68.3661,-38.1841],[-68.3686,-38.1813],[-68.3583,-38.1666],[-68.3709,-38.1125],[-68.3948,-38.1057],[-68.4158,-38.0807],[-68.4285,-38.0271],[-68.416,-38.0116],[-68.4099,-37.9951],[-68.4486,-37.9308],[-68.4475,-37.9235],[-68.4394,-37.9163],[-68.4324,-37.9058],[-68.4326,-37.8763],[-68.4418,-37.8599],[-68.4473,-37.834],[-68.4329,-37.7939],[-68.4533,-37.735],[-68.4547,-37.6857]]}},{"type":"Feature","properties":{"ruta":"30","tipo":40,"jerarquia":"provincial"},"geometry":{"type":"LineString","coordinates":[[-70.2943,-37.4374],[-70.3177,-37.45],[-70.338,-37.4692],[-70.331,-37.4686],[-70.3245,-37.4908],[-70.3263,-37.5342],[-70.3128,-37.5364],[-70.3035,-37.5406],[-70.2958,-37.5478],[-70.2947,-37.5565],[-70.2836,-37.5575]]}},{"type":"Feature","properties":{"ruta":"42","tipo":40,"jerarquia":"provincial"},"geometry":{"type":"MultiLineString","coordinates":[[[-70.3926,-37.128],[-70.3964,-37.1316]],[[-70.3272,-37.0487],[-70.3314,-37.0534],[-70.3293,-37.0562],[-70.3447,-37.0535],[-70.3625,-37.0613],[-70.362,-37.0786],[-70.3883,-37.1105],[-70.3884,-37.1242],[-70.3922,-37.1287]]]}},{"type":"Feature","properties":{"ruta":"44","tipo":40,"jerarquia":"provincial"},"geometry":{"type":"MultiLineString","coordinates":[[[-70.7414,-37.2072],[-70.7393,-37.2013],[-70.7479,-37.198],[-70.7468,-37.1879],[-70.7578,-37.1741],[-70.766,-37.1694],[-70.7764,-37.17],[-70.7714,-37.1635],[-70.7831,-37.1593],[-70.7772,-37.152],[-70.7816,-37.1483],[-70.7808,-37.1379],[-70.7826,-37.134],[-70.7768,-37.1286],[-70.775,-37.1233],[-70.7645,-37.1174],[-70.7629,-37.1038],[-70.7742,-37.0862],[-70.7772,-37.086],[-70.7702,-37.077],[-70.7706,-37.0736],[-70.7772,-37.0683],[-70.776,-37.056]],[[-70.7414,-37.2072],[-70.7417,-37.2075]],[[-70.7414,-37.2072],[-70.7414,-37.2076]]]}},{"type":"Feature","properties":{"ruta":"31","tipo":40,"jerarquia":"provincial"},"geometry":{"type":"LineString","coordinates":[[-70.075,-38.0845],[-70.1449,-38.0691],[-70.1729,-38.0525],[-70.1964,-38.0568],[-70.2122,-38.0547],[-70.2186,-38.0582],[-70.2265,-38.0546],[-70.2275,-38.0475],[-70.2558,-38.0246],[-70.2598,-38.0154],[-70.2689,-38.0063],[-70.2803,-37.9994],[-70.2849,-37.9902],[-70.2997,-37.9781],[-70.3183,-37.9684],[-70.3468,-37.9607],[-70.3555,-37.9656],[-70.3621,-37.9838],[-70.3815,-37.9847],[-70.3846,-37.9918],[-70.3919,-37.9931],[-70.4042,-37.9925],[-70.41,-37.9875],[-70.4188,-37.9858],[-70.4342,-37.9936],[-70.4345,-37.9986],[-70.4404,-38.0037],[-70.4431,-38.0184],[-70.4511,-38.0195],[-70.4546,-38.0234],[-70.4651,-38.0263],[-70.4707,-38.0273],[-70.4725,-38.024],[-70.483,-38.0198],[-70.5054,-38.0146],[-70.521,-38.0144],[-70.5322,-38.0103],[-70.5568,-38.0126],[-70.5693,-38.0103],[-70.5892,-38.013],[-70.5871,-38.017],[-70.5897,-38.0211],[-70.5874,-38.0237],[-70.5951,-38.0397],[-70.5917,-38.058],[-70.5881,-38.0633],[-70.5979,-38.0701],[-70.6009,-38.078],[-70.613,-38.0752]]}},{"type":"Feature","properties":{"ruta":"78","tipo":40,"jerarquia":"provincial"},"geometry":{"type":"LineString","coordinates":[[-69.507,-39.8299],[-69.5128,-39.8251],[-69.5358,-39.8299],[-69.5552,-39.8288],[-69.5671,-39.8322],[-69.5818,-39.8535],[-69.5914,-39.8578],[-69.6279,-39.8623],[-69.6392,-39.8719],[-69.6431,-39.8838],[-69.6487,-39.892],[-69.6666,-39.9495],[-69.6804,-39.9597],[-69.6844,-39.9684],[-69.6857,-40.0109],[-69.6732,-40.0306],[-69.6508,-40.0495],[-69.6656,-40.0832],[-69.6733,-40.0893],[-69.6812,-40.1056],[-69.691,-40.1163],[-69.6964,-40.1397],[-69.6907,-40.148],[-69.6839,-40.1675],[-69.6714,-40.175],[-69.667,-40.186],[-69.6538,-40.2035],[-69.641,-40.2121],[-69.6057,-40.2283],[-69.5936,-40.2386],[-69.5873,-40.2699],[-69.5754,-40.2884],[-69.5607,-40.306],[-69.5412,-40.3156],[-69.5302,-40.325],[-69.5205,-40.3395],[-69.5236,-40.3513],[-69.5287,-40.3557],[-69.5272,-40.3587]]}},{"type":"Feature","properties":{"ruta":"73","tipo":40,"jerarquia":"provincial"},"geometry":{"type":"LineString","coordinates":[[-68.8924,-40.0019],[-68.9416,-39.96],[-68.9823,-39.939],[-69.0006,-39.9354],[-69.0113,-39.9353],[-69.0312,-39.9395],[-69.0544,-39.9367],[-69.0817,-39.943],[-69.1038,-39.9365],[-69.1204,-39.9371],[-69.1472,-39.9335],[-69.1569,-39.9281],[-69.1577,-39.921],[-69.1619,-39.9192],[-69.1828,-39.9208],[-69.24,-39.9111],[-69.2489,-39.911],[-69.2569,-39.9165],[-69.2627,-39.9166],[-69.2759,-39.9111],[-69.297,-39.9092],[-69.3119,-39.9037],[-69.3267,-39.9017],[-69.3452,-39.8896],[-69.3481,-39.8849],[-69.367,-39.8741],[-69.377,-39.8715],[-69.3877,-39.8631],[-69.4112,-39.8629],[-69.4259,-39.8541],[-69.4409,-39.8538],[-69.4683,-39.861],[-69.4679,-39.8644],[-69.4747,-39.8707],[-69.4816,-39.8498],[-69.4867,-39.8423],[-69.507,-39.8299]]}},{"type":"Feature","properties":{"ruta":"186","tipo":40,"jerarquia":"provincial"},"geometry":{"type":"MultiLineString","coordinates":[[[-69.5485,-35.6586],[-69.5482,-35.6583],[-69.5487,-35.6579]],[[-69.5486,-35.6583],[-69.5039,-35.6694],[-69.4924,-35.6693],[-69.4749,-35.6938],[-69.466,-35.7074],[-69.4557,-35.7146],[-69.4466,-35.7339],[-69.4481,-35.7384],[-69.4465,-35.7463],[-69.4419,-35.7528],[-69.3712,-35.7695],[-69.3466,-35.7715],[-69.3228,-35.7633],[-69.3087,-35.7534],[-69.2961,-35.7402],[-69.2635,-35.7237],[-69.2506,-35.7216],[-69.1983,-35.7321],[-69.1828,-35.7418],[-69.1708,-35.7632],[-69.1764,-35.7895],[-69.1753,-35.8013],[-69.1836,-35.8137],[-69.1879,-35.8156],[-69.1857,-35.826],[-69.1751,-35.8291],[-69.168,-35.8343],[-69.1612,-35.8349],[-69.154,-35.8425],[-69.1445,-35.8436],[-69.1366,-35.8489],[-69.1223,-35.869],[-69.0992,-35.8926],[-69.1012,-35.9211],[-69.0963,-35.9249],[-69.0729,-35.9325],[-69.0604,-35.9403],[-69.0427,-35.9643],[-69.0349,-35.9675],[-68.9641,-35.9877],[-68.8877,-35.9872],[-68.8685,-35.9986],[-68.8402,-35.9985],[-68.8355,-36.0004],[-68.8284,-36.0097],[-68.8143,-36.0093],[-68.7836,-36.0121],[-68.7749,-36.0095],[-68.7693,-36.0043],[-68.7701,-35.996],[-68.7655,-35.9827],[-68.7608,-35.978],[-68.7186,-35.9724],[-68.7016,-35.9605],[-68.6765,-35.9482],[-68.6659,-35.9449],[-68.6393,-35.9428],[-68.6197,-35.9449]],[[-68.8191,-36.0095],[-68.8162,-36.0102]]]}},{"type":"Feature","properties":{"ruta":"180","tipo":40,"jerarquia":"provincial"},"geometry":{"type":"MultiLineString","coordinates":[[[-68.5434,-36.5842],[-68.5437,-36.5903],[-68.5461,-36.593],[-68.5733,-36.6016],[-68.5937,-36.6104],[-68.6671,-36.6581],[-68.7368,-36.6916],[-68.7627,-36.6986],[-68.803,-36.7272],[-68.9025,-36.7764],[-68.985,-36.8178],[-69.0719,-36.8554],[-69.118,-36.8563],[-69.118,-36.9001],[-69.1123,-36.9176],[-69.084,-36.9417],[-69.0826,-36.9464],[-69.0863,-36.9478],[-69.0897,-36.9449],[-69.0911,-36.9473],[-69.105,-36.9487],[-69.1155,-36.9537],[-69.1181,-36.958],[-69.1124,-36.9675],[-69.1017,-36.9749],[-69.0934,-36.985],[-69.0865,-36.9954],[-69.0876,-37.0],[-69.1097,-37.0263],[-69.1308,-37.0405],[-69.1593,-37.0474],[-69.1694,-37.0416],[-69.1829,-37.0499],[-69.2124,-37.1317],[-69.2142,-37.1417],[-69.2125,-37.1498],[-69.2167,-37.1541],[-69.2101,-37.159],[-69.1834,-37.1579],[-69.1765,-37.1648],[-69.1471,-37.1718],[-69.1091,-37.1924],[-69.1138,-37.2077]],[[-68.8143,-36.0093],[-68.8162,-36.0102],[-68.8081,-36.0172],[-68.8047,-36.0405],[-68.781,-36.063],[-68.738,-36.0919],[-68.7095,-36.1337],[-68.6775,-36.1639],[-68.6514,-36.1976],[-68.6341,-36.2057],[-68.6106,-36.2222],[-68.5905,-36.2388],[-68.5882,-36.2487]]]}},{"type":"Feature","properties":{"ruta":"183","tipo":40,"jerarquia":"provincial"},"geometry":{"type":"LineString","coordinates":[[-69.0297,-35.4277],[-69.0328,-35.43],[-69.0351,-35.4414],[-69.0309,-35.491],[-69.03,-35.5384],[-69.0303,-35.545],[-69.0348,-35.5521],[-69.0293,-35.564],[-69.0318,-35.5708],[-69.038,-35.5775],[-69.0444,-35.5993],[-69.0463,-35.6151],[-69.0634,-35.6393],[-69.058,-35.6653],[-69.0505,-35.6775],[-69.0435,-35.7048],[-69.0422,-35.7273],[-69.0382,-35.7349],[-69.0357,-35.7491],[-69.036,-35.7649],[-69.0328,-35.7849],[-69.038,-35.8034],[-69.0523,-35.8154],[-69.0501,-35.821],[-69.0513,-35.8279],[-69.0655,-35.8397],[-69.0747,-35.8582],[-69.0757,-35.8655],[-69.0699,-35.872],[-69.0679,-35.8782],[-69.0687,-35.908],[-69.0741,-35.9166],[-69.0963,-35.9249],[-69.1112,-35.9362],[-69.1194,-35.949],[-69.1468,-35.9619],[-69.17,-35.9803],[-69.1767,-35.9816],[-69.2,-36.0022],[-69.2171,-36.0462],[-69.2759,-36.0491],[-69.2872,-36.0449],[-69.2921,-36.0455],[-69.3053,-36.0718],[-69.3155,-36.0866],[-69.3321,-36.1421],[-69.3473,-36.1701],[-69.3709,-36.1777],[-69.3744,-36.1861],[-69.3961,-36.2043],[-69.398,-36.2182],[-69.4111,-36.2408],[-69.405,-36.2517],[-69.4104,-36.2602],[-69.4069,-36.2753],[-69.4089,-36.2882],[-69.4071,-36.2892],[-69.4124,-36.2997],[-69.4131,-36.3134],[-69.4169,-36.3221],[-69.416,-36.3405],[-69.3974,-36.3884],[-69.3837,-36.3994],[-69.3806,-36.4047],[-69.3845,-36.435],[-69.3826,-36.4405],[-69.3836,-36.4505],[-69.3759,-36.464],[-69.3767,-36.4779],[-69.3602,-36.5048],[-69.3632,-36.5263],[-69.3618,-36.5323],[-69.3646,-36.54],[-69.361,-36.5503],[-69.3828,-36.5635],[-69.392,-36.5642],[-69.3945,-36.5676],[-69.3956,-36.5797],[-69.3908,-36.6063],[-69.3995,-36.6539],[-69.4401,-36.6634],[-69.4479,-36.6704],[-69.4552,-36.6842],[-69.4698,-36.6891],[-69.4907,-36.7064],[-69.5017,-36.7117],[-69.5133,-36.7223],[-69.5269,-36.7299],[-69.5369,-36.7459],[-69.5461,-36.7678],[-69.5378,-36.7791],[-69.546,-36.7923],[-69.5376,-36.8007],[-69.5357,-36.8426],[-69.5208,-36.8512],[-69.5368,-36.8499],[-69.5596,-36.9158],[-69.5881,-36.9103],[-69.589,-36.9291],[-69.5962,-36.9348],[-69.6024,-36.9456],[-69.6088,-36.947],[-69.6104,-36.9527],[-69.5951,-36.9575],[-69.5966,-36.9595],[-69.5949,-36.962],[-69.6011,-36.9728],[-69.5931,-36.9777],[-69.5837,-36.9887],[-69.5946,-37.0403],[-69.6417,-37.097],[-69.6332,-37.0994]]}},{"type":"Feature","properties":{"ruta":"221","tipo":40,"jerarquia":"provincial"},"geometry":{"type":"LineString","coordinates":[[-69.7203,-36.1006],[-69.7288,-36.1022],[-69.7362,-36.107],[-69.7586,-36.1078],[-69.7599,-36.1112],[-69.773,-36.1183],[-69.7746,-36.1266],[-69.7842,-36.1396],[-69.789,-36.1582],[-69.7858,-36.1645],[-69.7854,-36.1788],[-69.782,-36.18],[-69.7983,-36.1883],[-69.8277,-36.2157],[-69.8603,-36.2286],[-69.8669,-36.2333],[-69.8677,-36.2376],[-69.8657,-36.2391],[-69.8681,-36.2422],[-69.8579,-36.2543],[-69.8345,-36.2568],[-69.8342,-36.2789],[-69.8285,-36.2839],[-69.8219,-36.2798],[-69.8033,-36.2761],[-69.7996,-36.2764],[-69.7965,-36.2815],[-69.7955,-36.2758],[-69.7914,-36.277],[-69.7839,-36.2874],[-69.7867,-36.2983],[-69.7985,-36.3001],[-69.8072,-36.3099],[-69.807,-36.3148],[-69.8045,-36.3167],[-69.8066,-36.3205],[-69.8112,-36.3208],[-69.8109,-36.3236],[-69.8073,-36.3248],[-69.8063,-36.3305],[-69.8102,-36.3353],[-69.8074,-36.3344],[-69.8072,-36.3378],[-69.8011,-36.3408],[-69.8024,-36.351],[-69.8092,-36.3572],[-69.8033,-36.3626],[-69.8011,-36.3699],[-69.8076,-36.381],[-69.8017,-36.3792],[-69.8053,-36.3845],[-69.8006,-36.3841],[-69.8102,-36.3916],[-69.8049,-36.3914],[-69.8027,-36.3941],[-69.8034,-36.3988],[-69.8005,-36.399],[-69.7948,-36.4077],[-69.7992,-36.4127],[-69.7974,-36.4158],[-69.8052,-36.4323],[-69.8071,-36.4447],[-69.8096,-36.4453],[-69.8073,-36.4491],[-69.803,-36.4507],[-69.8011,-36.4603],[-69.8048,-36.4663],[-69.8144,-36.4686],[-69.8117,-36.4708],[-69.8209,-36.4809],[-69.8196,-36.4999],[-69.8278,-36.5159],[-69.8222,-36.5246],[-69.8301,-36.5317],[-69.8312,-36.5359],[-69.8297,-36.5432],[-69.8322,-36.5512],[-69.8297,-36.557],[-69.8273,-36.5572],[-69.8299,-36.5634],[-69.828,-36.5704]]}},{"type":"Feature","properties":{"ruta":"189","tipo":40,"jerarquia":"provincial"},"geometry":{"type":"MultiLineString","coordinates":[[[-69.6654,-36.5149],[-69.6469,-36.5208],[-69.6379,-36.5308],[-69.6225,-36.5399],[-69.6045,-36.5324],[-69.5927,-36.5236],[-69.5875,-36.523],[-69.5496,-36.5251],[-69.5432,-36.5308],[-69.5414,-36.5362],[-69.5351,-36.5326],[-69.5235,-36.5337],[-69.5128,-36.5264],[-69.4894,-36.5264],[-69.4698,-36.5396],[-69.4656,-36.5547],[-69.4688,-36.5663],[-69.4933,-36.5772],[-69.4948,-36.5798],[-69.4871,-36.605],[-69.4909,-36.6167],[-69.4912,-36.6431],[-69.4853,-36.6514],[-69.4728,-36.6829],[-69.4641,-36.6874]],[[-69.3995,-36.6538],[-69.3565,-36.6444],[-69.3382,-36.6519],[-69.2934,-36.6565],[-69.2488,-36.6849],[-69.2111,-36.6843],[-69.2004,-36.6901],[-69.1827,-36.7122],[-69.1671,-36.7227],[-69.1565,-36.7189],[-69.1355,-36.7192],[-69.1274,-36.7134],[-69.127,-36.6978],[-69.1202,-36.6764],[-69.1144,-36.6728],[-69.1044,-36.6793],[-69.0982,-36.6783],[-69.0826,-36.6826],[-69.0403,-36.7032],[-69.0256,-36.7128],[-68.9942,-36.7459],[-68.9515,-36.7543],[-68.93,-36.762],[-68.9025,-36.7764],[-68.8639,-36.7946],[-68.8574,-36.7993],[-68.8556,-36.8086],[-68.8501,-36.8063],[-68.8425,-36.8134],[-68.7692,-36.8143],[-68.7381,-36.8257],[-68.7251,-36.8371],[-68.7174,-36.8398],[-68.6891,-36.8596],[-68.6606,-36.8741],[-68.6453,-36.8779],[-68.6324,-36.8868],[-68.6082,-36.8967],[-68.5999,-36.9045],[-68.5565,-36.9279],[-68.4738,-36.9601],[-68.4606,-36.9832],[-68.4597,-37.0035],[-68.4555,-37.0066],[-68.4534,-37.0171],[-68.4452,-37.0328],[-68.4365,-37.0593],[-68.4393,-37.0743],[-68.456,-37.07],[-68.4538,-37.0787],[-68.4458,-37.0852],[-68.44,-37.1313],[-68.4129,-37.1613],[-68.4095,-37.172],[-68.4037,-37.1821],[-68.4007,-37.1836]]]}},{"type":"Feature","properties":{"ruta":"25","tipo":40,"jerarquia":"provincial"},"geometry":{"type":"LineString","coordinates":[[-67.6171,-37.3284],[-67.6267,-37.3335],[-67.6717,-37.3337],[-67.6805,-37.3309],[-67.6831,-37.0731],[-67.6864,-37.0047],[-67.6827,-36.9893],[-67.6896,-36.9693],[-67.6906,-36.9559],[-67.6852,-36.8955],[-67.6905,-36.8867],[-67.6883,-36.877],[-67.6906,-36.8732],[-67.6881,-36.8556],[-67.6895,-36.8504],[-67.6853,-36.8415],[-67.6817,-36.8215],[-67.6847,-36.8096],[-67.6862,-36.7127]]}},{"type":"Feature","properties":{"ruta":"104","tipo":40,"jerarquia":"provincial"},"geometry":{"type":"LineString","coordinates":[[-67.262,-37.189],[-67.2741,-37.1942],[-67.3603,-37.1922],[-67.416,-37.2084],[-67.438,-37.2174],[-67.4499,-37.2269],[-67.4945,-37.2515],[-67.536,-37.279],[-67.6139,-37.3194]]}},{"type":"Feature","properties":{"ruta":"66","tipo":40,"jerarquia":"provincial"},"geometry":{"type":"LineString","coordinates":[[-67.2579,-40.5023],[-67.2639,-40.4999],[-67.2646,-40.4951],[-67.2639,-40.4837],[-67.259,-40.4786],[-67.2624,-40.3758],[-67.2828,-40.3562],[-67.2809,-40.3521],[-67.277,-40.265],[-67.2636,-40.2573],[-67.2527,-40.2223],[-67.255,-40.176],[-67.2716,-40.1252],[-67.2796,-40.0917],[-67.2843,-40.0467],[-67.2784,-40.0039],[-67.2799,-39.9619],[-67.2832,-39.944],[-67.292,-39.932],[-67.2929,-39.9219],[-67.2954,-39.9202],[-67.2918,-39.9187],[-67.227,-39.712],[-67.1797,-39.5491],[-67.1572,-39.5066],[-67.1485,-39.4972],[-67.1307,-39.4852],[-67.1284,-39.4775],[-67.1226,-39.4741],[-67.1202,-39.469],[-67.1096,-39.4094],[-67.1075,-39.3486],[-67.0906,-39.302],[-67.0847,-39.2719],[-67.092,-39.2178],[-67.0979,-39.2061]]}},{"type":"Feature","properties":{"ruta":"101","tipo":40,"jerarquia":"provincial"},"geometry":{"type":"LineString","coordinates":[[-69.5826,-35.081],[-69.5786,-35.0762],[-69.5654,-35.0698],[-69.5489,-35.0291],[-69.5302,-35.0018],[-69.5324,-34.9971],[-69.5308,-34.9918],[-69.5094,-34.9676],[-69.5078,-34.9622],[-69.5016,-34.9582],[-69.4984,-34.9493],[-69.505,-34.944],[-69.5013,-34.9245],[-69.4835,-34.931],[-69.4776,-34.9252],[-69.4739,-34.9264],[-69.4447,-34.9157],[-69.4215,-34.8955],[-69.4045,-34.8688],[-69.3898,-34.855],[-69.3948,-34.8366],[-69.3494,-34.769],[-69.3437,-34.7668],[-69.3505,-34.7667],[-69.3454,-34.7602],[-69.3447,-34.7446],[-69.3358,-34.7335],[-69.334,-34.7108],[-69.3409,-34.7005],[-69.3351,-34.6888],[-69.3218,-34.6772],[-69.3198,-34.6712],[-69.3154,-34.6675],[-69.3179,-34.6637],[-69.3105,-34.6601],[-69.3188,-34.653],[-69.319,-34.6418],[-69.305,-34.6144],[-69.3072,-34.6045],[-69.302,-34.5993],[-69.3047,-34.5969],[-69.2944,-34.5957],[-69.2904,-34.5919],[-69.2933,-34.5881],[-69.2922,-34.5851],[-69.2963,-34.5836],[-69.2946,-34.5756],[-69.2968,-34.5735],[-69.2863,-34.5752],[-69.2811,-34.5736],[-69.265,-34.5645],[-69.2613,-34.5574],[-69.2643,-34.5451],[-69.2627,-34.5441],[-69.2689,-34.5314],[-69.2832,-34.5265],[-69.2761,-34.5257],[-69.2876,-34.5198],[-69.2788,-34.5206],[-69.2831,-34.483],[-69.2898,-34.4796],[-69.2918,-34.4753],[-69.2814,-34.4773],[-69.2159,-34.3102],[-69.2044,-34.3041],[-69.1935,-34.2807],[-69.194,-34.2514],[-69.1895,-34.2473],[-69.1808,-34.1922],[-69.1689,-34.1636],[-69.1505,-34.1486],[-69.1445,-34.1283],[-69.1304,-34.1075],[-69.1317,-34.1015],[-69.1364,-34.0978],[-69.1344,-34.0652],[-69.1307,-34.0544],[-69.1285,-34.0307],[-69.1203,-34.0071],[-69.102,-33.972],[-69.0876,-33.9519],[-69.0788,-33.9508],[-69.078,-33.9471]]}},{"type":"Feature","properties":{"ruta":"222","tipo":40,"jerarquia":"provincial"},"geometry":{"type":"MultiLineString","coordinates":[[[-70.2917,-35.3604],[-70.2796,-35.3575],[-70.2815,-35.3529],[-70.2753,-35.3274],[-70.2775,-35.3236],[-70.276,-35.3193],[-70.2847,-35.3118],[-70.2838,-35.3051],[-70.287,-35.2997],[-70.2817,-35.2843]],[[-69.6693,-35.2208],[-69.7012,-35.213],[-69.7227,-35.2147],[-69.7567,-35.2084],[-69.763,-35.1984],[-69.775,-35.1991],[-69.7738,-35.2007],[-69.7891,-35.197],[-69.7932,-35.1924],[-69.7939,-35.1875],[-69.8116,-35.1822],[-69.813,-35.1795],[-69.8401,-35.1773],[-69.8709,-35.1658],[-69.8994,-35.1675],[-69.9105,-35.1651],[-69.9293,-35.1663],[-69.9499,-35.1643],[-69.9653,-35.1706],[-69.9779,-35.1802],[-70.0014,-35.1863],[-70.0072,-35.192],[-70.0433,-35.1983],[-70.054,-35.1975],[-70.0643,-35.1915],[-70.07,-35.1817],[-70.0729,-35.1731],[-70.0738,-35.1457],[-70.0798,-35.1472],[-70.0811,-35.1457],[-70.0781,-35.1427],[-70.0775,-35.1324],[-70.0828,-35.1141],[-70.0929,-35.1081],[-70.0999,-35.1069],[-70.1079,-35.0947],[-70.1206,-35.0909],[-70.1289,-35.0908],[-70.1357,-35.094],[-70.1385,-35.1061],[-70.1426,-35.1087],[-70.1533,-35.1076],[-70.1805,-35.1202],[-70.1837,-35.1263],[-70.1884,-35.1275],[-70.1878,-35.1309],[-70.1896,-35.1279],[-70.1912,-35.1312],[-70.193,-35.1299],[-70.1916,-35.1368],[-70.1949,-35.1369],[-70.2001,-35.1422],[-70.2099,-35.1612],[-70.2225,-35.1722],[-70.2238,-35.178],[-70.2271,-35.1797],[-70.2336,-35.1918],[-70.248,-35.2014],[-70.2477,-35.206],[-70.2513,-35.2118],[-70.2614,-35.2156],[-70.26,-35.225],[-70.2743,-35.2336],[-70.28,-35.2337],[-70.28,-35.2458],[-70.2829,-35.2532],[-70.2883,-35.2588]],[[-69.6693,-35.2208],[-69.6648,-35.22]],[[-69.6661,-35.2253],[-69.6693,-35.2208]]]}},{"type":"Feature","properties":{"ruta":"220","tipo":40,"jerarquia":"provincial"},"geometry":{"type":"MultiLineString","coordinates":[[[-69.6358,-35.0106],[-69.6549,-34.9825],[-69.6847,-34.9626],[-69.6925,-34.954],[-69.7175,-34.9478],[-69.7276,-34.9421],[-69.7615,-34.9331],[-69.7744,-34.9274],[-69.8042,-34.9095],[-69.8221,-34.903],[-69.8315,-34.8926],[-69.8524,-34.8855],[-69.8769,-34.8666],[-69.8866,-34.8652],[-69.8959,-34.8669],[-69.9003,-34.8562],[-69.9117,-34.8524],[-69.9304,-34.8397],[-69.9307,-34.8366],[-69.9711,-34.8233],[-69.9845,-34.8154],[-69.9862,-34.8118],[-69.9978,-34.8112],[-70.0197,-34.8036],[-70.0221,-34.7965],[-70.0376,-34.79],[-70.046,-34.7891],[-70.0508,-34.7836],[-70.0516,-34.776],[-70.0927,-34.7363],[-70.0937,-34.7274],[-70.0902,-34.7167],[-70.0895,-34.712],[-70.092,-34.7093],[-70.0902,-34.7067]],[[-69.6358,-35.0106],[-69.6324,-35.0134]],[[-69.6324,-35.0134],[-69.6358,-35.0106]],[[-69.5829,-35.0775],[-69.5937,-35.0761],[-69.6006,-35.0695],[-69.6324,-35.0134]],[[-69.5829,-35.0775],[-69.581,-35.0783]],[[-69.581,-35.0783],[-69.5829,-35.0775]]]}},{"type":"Feature","properties":{"ruta":"226","tipo":40,"jerarquia":"provincial"},"geometry":{"type":"LineString","coordinates":[[-70.1416,-35.794],[-70.1423,-35.7922],[-70.1382,-35.7911],[-70.1235,-35.796],[-70.1152,-35.7929],[-70.1108,-35.7945],[-70.1032,-35.7924],[-70.1017,-35.7899],[-70.1045,-35.787],[-70.1053,-35.7804],[-70.0998,-35.7773],[-70.1084,-35.774],[-70.1048,-35.7727],[-70.1047,-35.7684],[-70.1104,-35.7542],[-70.1387,-35.7297],[-70.154,-35.7258],[-70.1681,-35.7284],[-70.1747,-35.7245],[-70.1892,-35.7056],[-70.1846,-35.7003],[-70.1848,-35.688],[-70.19,-35.6823],[-70.2012,-35.6775],[-70.2038,-35.6734],[-70.1997,-35.6625],[-70.2019,-35.6502],[-70.1825,-35.6438],[-70.1777,-35.6379],[-70.1814,-35.6277],[-70.1802,-35.6211],[-70.1772,-35.6189],[-70.1809,-35.6138],[-70.179,-35.6061],[-70.198,-35.6035],[-70.2033,-35.595],[-70.2099,-35.5946],[-70.2066,-35.5897],[-70.2131,-35.5896],[-70.2235,-35.5671],[-70.2333,-35.56],[-70.2322,-35.5377],[-70.2442,-35.4925],[-70.2485,-35.4866],[-70.2413,-35.4583],[-70.2461,-35.449],[-70.2459,-35.4447],[-70.25,-35.4409],[-70.257,-35.4392],[-70.2569,-35.4352],[-70.2599,-35.4359],[-70.2633,-35.4228],[-70.2666,-35.4206],[-70.2677,-35.416],[-70.2766,-35.4095],[-70.2762,-35.4054],[-70.2815,-35.3985],[-70.2977,-35.3372],[-70.319,-35.3206],[-70.3349,-35.321],[-70.3481,-35.3175],[-70.3567,-35.3179],[-70.3703,-35.3066],[-70.3773,-35.3051],[-70.3903,-35.3076],[-70.4154,-35.2967],[-70.4283,-35.3019],[-70.4291,-35.3049],[-70.4346,-35.3075],[-70.4465,-35.3048],[-70.4574,-35.3083],[-70.4758,-35.3088],[-70.489,-35.3058],[-70.5011,-35.2962],[-70.5136,-35.2956],[-70.4988,-35.2869],[-70.4964,-35.2819],[-70.5021,-35.259],[-70.5001,-35.2552],[-70.5021,-35.251],[-70.4983,-35.2459],[-70.505,-35.2457],[-70.5038,-35.236],[-70.515,-35.2263],[-70.5203,-35.2057]]}},{"type":"Feature","properties":{"ruta":"98","tipo":40,"jerarquia":"provincial"},"geometry":{"type":"LineString","coordinates":[[-69.8011,-34.2226],[-69.7739,-34.2246],[-69.7494,-34.2209],[-69.7264,-34.2113],[-69.7077,-34.2074],[-69.7014,-34.1928],[-69.6853,-34.1939],[-69.6682,-34.1825],[-69.6558,-34.1783]]}},{"type":"Feature","properties":{"ruta":"103","tipo":40,"jerarquia":"provincial"},"geometry":{"type":"LineString","coordinates":[[-69.1161,-34.2798],[-69.105,-34.3002],[-69.07,-34.3954],[-69.0573,-34.4065],[-69.0476,-34.4247],[-69.0387,-34.5509],[-69.0404,-34.5564],[-69.0528,-34.573],[-69.0492,-34.5776],[-69.0352,-34.5824],[-69.0368,-34.5854],[-69.0333,-34.5893],[-69.0366,-34.5912],[-69.03,-34.5908],[-69.0279,-34.5929],[-69.0067,-34.6332],[-69.0102,-34.6857],[-68.932,-34.9142]]}}]}